record_id,business_id,month,year,electricity_bill,diesel_cost,petrol_cost,generator_hours,grid_hours,outage_hours,energy_consumption_kwh,fuel_consumption_liters,maintenance_cost,weather_avg_temp,occupancy_rate,total_energy_cost
REC-000001,BIZ-0001,1,2024,16742753.83,1659251.45,50382.13,43.21,358.71,48.01,176239.51,1343.52,635656.58,26.76,70.06,18452387.41
REC-000002,BIZ-0001,2,2024,17751684.82,2786617.97,84613.91,63.09,310.38,70.1,186859.84,2256.37,705957.29,28.91,74.3,20622916.7
REC-000003,BIZ-0001,3,2024,14261402.39,2454864.79,74540.43,81.97,315.65,91.07,150120.03,1987.74,655624.36,29.04,83.96,16790807.61
REC-000004,BIZ-0001,4,2024,18084045.54,2690764.59,81703.38,79.27,305.52,88.08,190358.37,2178.76,750289.33,29.72,63.92,20856513.51
REC-000005,BIZ-0001,5,2024,13516194.94,2606196.1,79135.51,82.91,314.6,92.12,142275.74,2110.28,638089.37,29.52,57.99,16201526.55
REC-000006,BIZ-0001,6,2024,17632925.78,2768303.14,84057.79,71.39,314.28,79.32,185609.75,2241.54,721073.68,29.28,57.1,20485286.71
REC-000007,BIZ-0001,7,2024,19041319.03,2809713.09,85315.17,62.65,337.11,69.61,200434.94,2275.07,738906.39,29.04,85.58,21936347.29
REC-000008,BIZ-0001,8,2024,12608682.49,1478364.21,44889.6,42.53,359.47,47.25,132722.97,1197.06,525366.47,26.92,65.07,14131936.3
REC-000009,BIZ-0001,9,2024,17282318.02,2088302.73,63410.0,58.06,329.09,64.51,181919.14,1690.93,682523.64,25.92,71.88,19434030.75
REC-000010,BIZ-0001,10,2024,11900614.27,2274638.6,69067.97,63.03,336.68,70.04,125269.62,1841.81,551849.04,24.91,64.75,14244320.84
REC-000011,BIZ-0001,11,2024,16097968.48,2649105.06,80438.41,71.07,314.63,78.97,169452.3,2145.02,679994.88,26.14,76.76,18827511.95
REC-000012,BIZ-0001,12,2024,10775915.61,2185131.0,66350.13,53.22,347.59,59.13,113430.69,1769.34,500652.0,26.21,79.27,13027396.74
REC-000013,BIZ-0001,1,2025,11630729.6,1731944.22,52589.4,45.02,356.69,50.03,122428.73,1402.38,505126.49,27.76,67.29,13415263.22
REC-000014,BIZ-0001,2,2025,18812535.81,1476235.43,44824.96,41.78,320.94,46.42,198026.69,1195.33,686984.35,26.97,80.93,20333596.2
REC-000015,BIZ-0001,3,2025,11694565.38,1682472.17,51087.21,55.63,344.91,61.81,123100.69,1362.33,530144.66,28.95,70.88,13428124.76
REC-000016,BIZ-0001,4,2025,18481237.49,1871659.82,56831.78,45.8,342.71,50.89,194539.34,1515.51,687111.73,31.22,75.87,20409729.09
REC-000017,BIZ-0001,5,2025,13584828.56,2334474.88,70884.86,62.71,337.04,69.68,142998.2,1890.26,595463.94,29.42,57.86,15990188.3
REC-000018,BIZ-0001,6,2025,14442223.91,1441855.82,43781.05,57.75,329.44,64.16,152023.41,1167.49,607099.48,29.96,62.54,15927860.78
REC-000019,BIZ-0001,7,2025,15113676.97,1534136.99,46583.11,55.43,345.13,61.59,159091.34,1242.22,619675.27,29.68,75.76,16694397.07
REC-000020,BIZ-0001,8,2025,11599683.64,3935309.72,119493.21,95.56,300.55,106.17,122101.93,3186.49,615476.75,29.16,56.92,15654486.57
REC-000021,BIZ-0001,9,2025,11057710.95,2213120.54,67200.02,67.34,318.78,74.82,116396.96,1792.0,539130.0,27.38,65.13,13338031.51
REC-000022,BIZ-0001,10,2025,12262039.85,2757616.15,83733.28,71.2,327.61,79.11,129074.1,2232.89,579324.35,24.94,73.64,15103389.28
REC-000023,BIZ-0001,11,2025,16266522.45,2132096.45,64739.77,63.48,323.06,70.54,171226.55,1726.39,667726.42,25.15,68.9,18463358.67
REC-000024,BIZ-0001,12,2025,13588958.7,2338739.7,71014.36,61.48,338.41,68.31,143041.67,1893.72,592857.19,24.82,65.96,15998712.76
REC-000025,BIZ-0002,1,2024,2207424.96,767994.44,49230.41,33.7,639.47,56.17,23236.05,656.41,158303.59,26.24,30.13,3024649.81
REC-000026,BIZ-0002,2,2024,1837030.02,569709.26,36519.82,44.03,577.37,73.39,19337.16,486.93,164186.21,27.9,37.24,2443259.1
REC-000027,BIZ-0002,3,2024,1602870.8,1244968.85,79805.7,60.95,594.06,101.58,16872.32,1064.08,182449.75,29.1,30.01,2927645.35
REC-000028,BIZ-0002,4,2024,1656085.18,925771.66,59344.34,51.7,587.04,86.16,17432.48,791.26,170725.51,29.5,39.48,2641201.18
REC-000029,BIZ-0002,5,2024,1852684.71,1239244.5,79438.75,64.37,588.36,107.28,19501.94,1059.18,193023.27,29.77,39.41,3171367.96
REC-000030,BIZ-0002,6,2024,1681351.97,455461.51,29196.25,33.77,616.92,56.28,17698.44,389.28,146209.62,29.32,22.57,2166009.73
REC-000031,BIZ-0002,7,2024,2146139.12,881933.68,56534.21,51.49,609.82,85.82,22590.94,753.79,181786.07,29.87,21.88,3084607.01
REC-000032,BIZ-0002,8,2024,2043247.96,1180290.13,75659.62,61.4,593.31,102.33,21507.87,1008.79,193277.15,28.15,34.49,3299197.71
REC-000033,BIZ-0002,9,2024,2194959.04,662512.87,42468.77,39.33,607.65,65.55,23104.83,566.25,165891.81,27.92,28.08,2899940.68
REC-000034,BIZ-0002,10,2024,2132022.15,791920.21,50764.12,50.07,612.2,83.44,22442.34,676.85,179464.66,25.76,35.78,2974706.48
REC-000035,BIZ-0002,11,2024,1577838.34,623144.74,39945.18,41.38,604.23,68.97,16608.82,532.6,154472.49,24.48,31.54,2240928.26
REC-000036,BIZ-0002,12,2024,1686257.48,812661.62,52093.69,50.17,612.02,83.62,17750.08,694.58,169286.93,26.18,44.43,2551012.79
REC-000037,BIZ-0002,1,2025,2149481.29,638803.75,40948.96,28.6,647.97,47.67,22626.12,545.99,149817.3,26.94,43.86,2829234.0
REC-000038,BIZ-0002,2,2025,1923543.23,1066320.27,68353.86,46.55,550.73,77.59,20247.82,911.38,169719.87,28.17,24.71,3058217.36
REC-000039,BIZ-0002,3,2025,2201312.02,828603.7,53115.62,65.31,586.78,108.86,23171.71,708.21,202416.0,29.13,40.27,3083031.34
REC-000040,BIZ-0002,4,2025,1980145.85,1170617.12,75039.56,65.65,563.79,109.41,20843.64,1000.53,197763.85,30.52,20.98,3225802.53
REC-000041,BIZ-0002,5,2025,2184478.13,874240.08,56041.03,42.11,625.46,70.18,22994.51,747.21,169540.86,30.76,29.1,3114759.24
REC-000042,BIZ-0002,6,2025,1931516.04,623093.75,39941.91,40.05,606.45,66.75,20331.75,532.56,160801.7,30.59,21.31,2594551.7
REC-000043,BIZ-0002,7,2025,1721618.98,1383867.31,88709.44,60.21,595.29,100.35,18122.31,1182.79,184164.59,29.39,29.66,3194195.73
REC-000044,BIZ-0002,8,2025,1565909.37,1185902.92,76019.42,52.88,607.51,88.13,16483.26,1013.59,170296.39,28.25,23.76,2827831.71
REC-000045,BIZ-0002,9,2025,2042395.08,640369.56,41049.33,32.03,619.82,53.38,21498.9,547.32,152138.33,26.29,36.4,2723813.97
REC-000046,BIZ-0002,10,2025,2012533.43,525308.12,33673.6,39.81,629.29,66.35,21184.56,448.98,162340.86,24.84,33.97,2571515.15
REC-000047,BIZ-0002,11,2025,2333815.18,800680.95,51325.7,62.59,568.89,104.31,24566.48,684.34,201665.91,25.99,43.68,3185821.83
REC-000048,BIZ-0002,12,2025,1570806.83,891363.58,57138.69,39.05,630.56,65.08,16534.81,761.85,151040.67,26.24,32.71,2519309.1
REC-000049,BIZ-0003,1,2024,459160.34,34156.99,10610.9,7.0,390.66,70.0,5456.07,40.42,33084.03,26.37,80.28,503928.23
REC-000050,BIZ-0003,2,2024,535081.53,36207.07,11247.76,4.93,381.65,49.29,6255.24,42.85,32833.13,27.51,81.01,582536.36
REC-000051,BIZ-0003,3,2024,622903.04,35639.08,11071.31,5.28,407.85,52.81,7179.67,42.18,34466.31,29.31,76.84,669613.43
REC-000052,BIZ-0003,4,2024,549156.11,42696.32,13263.65,5.31,392.69,53.11,6403.39,50.53,33323.02,29.34,60.97,605116.08
REC-000053,BIZ-0003,5,2024,476146.92,47749.96,14833.57,5.74,403.28,57.38,5634.87,56.51,32469.0,31.03,56.44,538730.45
REC-000054,BIZ-0003,6,2024,614188.86,18601.75,5778.65,3.55,410.27,35.53,7087.95,22.01,33119.03,30.43,79.83,638569.26
REC-000055,BIZ-0003,7,2024,645022.95,23917.94,7430.13,3.37,426.93,33.73,7412.52,28.31,33479.92,30.37,80.88,676371.02
REC-000056,BIZ-0003,8,2024,575922.43,38108.58,11838.46,6.0,400.64,60.02,6685.14,45.1,34228.8,28.17,69.54,625869.47
REC-000057,BIZ-0003,9,2024,430248.98,41315.92,12834.83,5.22,393.59,52.21,5151.74,48.89,31382.29,26.55,60.35,484399.73
REC-000058,BIZ-0003,10,2024,485876.66,48476.73,15059.34,6.7,393.62,67.04,5737.29,57.37,33298.96,24.76,70.86,549412.73
REC-000059,BIZ-0003,11,2024,402677.97,19725.87,6127.86,3.22,413.59,32.21,4861.52,23.34,29547.26,25.54,59.11,428531.7
REC-000060,BIZ-0003,12,2024,438584.08,50637.83,15730.69,6.6,394.69,65.97,5239.47,59.93,32477.3,25.87,82.42,504952.6
REC-000061,BIZ-0003,1,2025,521042.25,24868.81,7725.52,4.28,417.82,42.84,6107.46,29.43,32160.01,27.67,85.71,553636.58
REC-000062,BIZ-0003,2,2025,431637.07,18268.41,5675.1,3.93,376.74,39.34,5166.35,21.62,30503.38,27.73,57.69,455580.58
REC-000063,BIZ-0003,3,2025,435490.65,21648.82,6725.23,2.67,433.94,26.72,5206.91,25.62,29681.02,29.77,66.06,463864.7
REC-000064,BIZ-0003,4,2025,611119.48,31469.34,9775.98,4.61,399.69,46.11,7055.64,37.24,33811.15,30.1,82.43,652364.8
REC-000065,BIZ-0003,5,2025,443340.61,26009.2,8079.78,3.17,428.93,31.73,5289.54,30.78,30155.3,31.47,55.63,477429.59
REC-000066,BIZ-0003,6,2025,590673.16,16918.19,5255.65,3.57,410.11,35.69,6840.41,20.02,32759.19,30.43,68.97,612847.0
REC-000067,BIZ-0003,7,2025,557125.16,21593.24,6707.96,2.78,432.83,27.83,6487.28,25.55,31678.76,28.62,76.09,585426.36
REC-000068,BIZ-0003,8,2025,549186.37,36941.12,11475.79,5.09,409.78,50.88,6403.71,43.72,33166.96,28.0,72.69,597603.28
REC-000069,BIZ-0003,9,2025,455583.97,25423.06,7897.69,5.07,395.12,50.68,5418.42,30.09,31675.22,26.25,55.05,488904.72
REC-000070,BIZ-0003,10,2025,485779.86,44298.3,13761.31,6.79,392.76,67.9,5736.27,52.42,33357.63,26.24,72.27,543839.47
REC-000071,BIZ-0003,11,2025,406487.48,28349.4,8806.77,6.43,381.5,64.3,4901.62,33.55,31853.42,26.19,71.75,443643.65
REC-000072,BIZ-0003,12,2025,565510.93,18524.02,5754.5,4.11,419.59,41.07,6575.55,21.92,32738.17,25.56,67.32,589789.45
REC-000073,BIZ-0004,1,2024,5766765.37,2973241.27,90280.61,72.66,480.68,80.73,60702.79,2407.48,411608.78,26.13,78.0,8830287.25
REC-000074,BIZ-0004,2,2024,6551976.91,3269480.77,99275.73,76.5,440.19,85.0,68968.18,2647.35,440711.92,27.12,67.33,9920733.41
REC-000075,BIZ-0004,3,2024,7767368.38,1213719.39,36853.83,47.48,508.65,52.76,81761.77,982.77,408868.16,29.69,89.33,9017941.6
REC-000076,BIZ-0004,4,2024,5828585.71,2034228.08,61768.06,48.7,489.19,54.11,61353.53,1647.15,360524.35,30.68,88.03,7924581.85
REC-000077,BIZ-0004,5,2024,6672553.47,2588335.84,78593.19,61.09,493.53,67.88,70237.4,2095.82,409987.37,31.43,66.05,9339482.5
REC-000078,BIZ-0004,6,2024,7747929.22,2351427.9,71399.63,54.02,483.27,60.03,81557.15,1903.99,422747.84,30.1,56.28,10170756.75
REC-000079,BIZ-0004,7,2024,6500974.75,2851793.14,86592.91,86.36,465.46,95.95,68431.31,2309.14,461067.14,28.16,77.95,9439360.8
REC-000080,BIZ-0004,8,2024,9186474.52,1539775.35,46754.31,57.36,497.68,63.73,96699.73,1246.78,467939.81,27.76,70.39,10773004.18
REC-000081,BIZ-0004,9,2024,8457775.12,1281565.24,38913.92,52.8,484.63,58.67,89029.21,1037.7,438740.52,27.21,67.86,9778254.28
REC-000082,BIZ-0004,10,2024,9338144.19,1396716.66,42410.43,47.37,508.78,52.63,98296.25,1130.94,449951.91,25.65,70.07,10777271.28
REC-000083,BIZ-0004,11,2024,6358240.94,2560905.2,77760.28,64.09,472.09,71.21,66928.85,2073.61,408326.05,24.55,66.48,8996906.42
REC-000084,BIZ-0004,12,2024,7068995.68,3659801.47,111127.57,81.79,470.53,90.88,74410.48,2963.4,465962.68,25.03,70.54,10839924.72
REC-000085,BIZ-0004,1,2025,7862602.8,2030382.84,61651.3,85.86,466.01,95.4,82764.24,1644.03,495809.43,27.03,70.22,9954636.94
REC-000086,BIZ-0004,2,2025,7350210.67,2179455.94,66177.81,83.24,414.59,92.49,77370.64,1764.74,476562.46,28.41,69.22,9595844.42
REC-000087,BIZ-0004,3,2025,8390748.79,1612249.17,48954.93,63.6,490.74,70.67,88323.67,1305.46,460739.93,28.12,84.7,10051952.89
REC-000088,BIZ-0004,4,2025,6985441.66,2206644.43,67003.37,95.82,436.84,106.46,73530.96,1786.76,494623.55,29.53,77.58,9259089.46
REC-000089,BIZ-0004,5,2025,6891335.01,1543492.58,46867.18,63.97,490.33,71.08,72540.37,1249.79,422080.91,29.67,70.75,8481694.77
REC-000090,BIZ-0004,6,2025,6562986.99,2461224.57,74733.54,53.56,483.79,59.51,69084.07,1992.89,390536.59,29.3,67.84,9098945.1
REC-000091,BIZ-0004,7,2025,7169969.6,2351804.95,71411.08,93.55,457.46,103.95,75473.36,1904.3,494500.4,28.11,61.51,9593185.63
REC-000092,BIZ-0004,8,2025,6319471.9,2935063.64,89121.37,74.55,478.58,82.83,66520.76,2376.57,430308.07,28.66,79.64,9343656.91
REC-000093,BIZ-0004,9,2025,5621665.07,1077410.78,32714.9,40.67,498.12,45.18,59175.42,872.4,337402.17,27.95,62.01,6731790.75
REC-000094,BIZ-0004,10,2025,9089855.35,4518010.57,137186.56,96.96,453.68,107.73,95682.69,3658.31,552510.71,26.35,89.9,13745052.48
REC-000095,BIZ-0004,11,2025,7710188.69,1609181.2,48861.78,54.29,482.97,60.33,81159.88,1302.98,422343.91,25.9,79.83,9368231.67
REC-000096,BIZ-0004,12,2025,8353677.04,1463460.89,44437.07,46.97,509.22,52.19,87933.44,1184.99,423162.62,25.01,79.83,9861575.0
REC-000097,BIZ-0005,1,2024,5205609.37,1203756.28,36551.3,46.6,677.43,66.57,54795.89,974.7,273471.91,26.09,97.61,6445916.95
REC-000098,BIZ-0005,2,2024,4461107.8,1624574.38,49329.18,83.17,577.19,118.81,46959.03,1315.44,323619.71,27.67,86.88,6135011.36
REC-000099,BIZ-0005,3,2024,4369197.27,1792945.49,54441.66,70.13,643.81,100.19,45991.55,1451.78,298216.64,30.17,73.71,6216584.42
REC-000100,BIZ-0005,4,2024,4795523.8,936838.79,28446.52,41.14,661.23,58.77,50479.2,758.57,255012.22,29.95,82.65,5760809.11
REC-000101,BIZ-0005,5,2024,4661614.13,1305718.23,39647.31,41.29,685.02,58.98,49069.62,1057.26,252458.36,29.48,84.11,6006979.67
REC-000102,BIZ-0005,6,2024,5262264.59,1073748.1,32603.69,41.32,660.97,59.03,55392.26,869.43,265165.22,30.29,87.28,6368616.38
REC-000103,BIZ-0005,7,2024,4859823.06,1002553.64,30441.91,49.9,672.71,71.29,51156.03,811.78,272135.85,30.13,93.62,5892818.61
REC-000104,BIZ-0005,8,2024,5308535.49,1341529.25,40734.69,60.43,657.68,86.32,55879.32,1086.26,300525.43,29.04,77.86,6690799.43
REC-000105,BIZ-0005,9,2024,5193247.85,1361228.68,41332.85,48.45,650.79,69.21,54665.77,1102.21,276538.11,25.74,77.1,6595809.38
REC-000106,BIZ-0005,10,2024,4602141.87,1749042.31,53108.57,64.0,652.57,91.43,48443.6,1416.23,292084.7,26.11,74.43,6404292.75
REC-000107,BIZ-0005,11,2024,5267562.44,1714576.72,52062.05,51.54,646.37,73.63,55448.03,1388.32,283674.1,24.71,88.24,7034201.21
REC-000108,BIZ-0005,12,2024,3845782.52,2494960.31,75757.9,81.48,627.6,116.4,40481.92,2020.21,307625.68,24.73,94.46,6416500.73
REC-000109,BIZ-0005,1,2025,4523419.65,1163004.9,35313.91,65.29,650.73,93.27,47614.94,941.7,292747.05,26.19,77.48,5721738.46
REC-000110,BIZ-0005,2,2025,4864879.43,1071948.38,32549.04,49.8,600.85,71.15,51209.26,867.97,272063.21,28.93,86.19,5969376.85
REC-000111,BIZ-0005,3,2025,4571873.59,1376436.87,41794.64,68.74,645.8,98.2,48124.99,1114.52,299985.69,29.99,82.56,5990105.1
REC-000112,BIZ-0005,4,2025,4377815.8,1353053.1,41084.61,42.04,659.94,60.06,46082.27,1095.59,247836.12,29.96,84.08,5771953.51
REC-000113,BIZ-0005,5,2025,4572532.5,1660213.24,50411.33,54.54,666.09,77.91,48131.92,1344.3,274430.65,30.07,97.69,6283157.07
REC-000114,BIZ-0005,6,2025,4099670.35,1027693.68,31205.27,41.0,661.42,58.58,43154.42,832.14,240115.28,30.2,74.76,5158569.3
REC-000115,BIZ-0005,7,2025,5159021.58,1896440.76,57584.23,77.34,633.51,110.49,54305.49,1535.58,327830.23,28.39,73.32,7113046.57
REC-000116,BIZ-0005,8,2025,5341060.06,2403097.41,72968.54,80.75,628.64,115.36,56221.68,1945.83,337800.26,29.11,95.46,7817126.01
REC-000117,BIZ-0005,9,2025,5247711.59,1880279.09,57093.49,57.87,637.32,82.68,55239.07,1522.49,294651.23,26.01,76.14,7185084.17
REC-000118,BIZ-0005,10,2025,4169319.92,1231448.45,37392.16,57.4,661.99,82.01,43887.58,997.12,271102.9,25.83,74.34,5438160.53
REC-000119,BIZ-0005,11,2025,3961498.21,2048094.96,62189.12,64.28,628.17,91.83,41699.98,1658.38,279101.12,25.7,73.27,6071782.29
REC-000120,BIZ-0005,12,2025,3552190.85,789471.14,23971.8,40.27,686.48,57.52,37391.48,639.25,227264.21,26.25,79.43,4365633.79
REC-000121,BIZ-0006,1,2024,2619254.66,146639.08,21149.87,16.87,680.78,37.49,34414.7,141.0,87323.9,26.18,74.07,2787043.61
REC-000122,BIZ-0006,2,2024,2470583.41,293584.8,42343.96,25.31,615.68,56.25,32849.74,282.29,93466.22,28.15,73.96,2806512.17
REC-000123,BIZ-0006,3,2024,3173927.61,285784.1,41218.86,30.87,649.66,68.61,40253.36,274.79,107633.69,29.37,89.24,3500930.57
REC-000124,BIZ-0006,4,2024,3503718.81,324576.31,46813.89,29.56,629.42,65.68,43724.85,312.09,110548.34,29.2,74.32,3875109.01
REC-000125,BIZ-0006,5,2024,2792840.68,144073.41,20779.82,16.75,681.06,37.21,36241.92,138.53,89399.3,29.65,81.88,2957693.91
REC-000126,BIZ-0006,6,2024,3099201.49,288084.54,41550.65,19.44,651.91,43.19,39466.77,277.0,95824.6,30.68,88.53,3428836.68
REC-000127,BIZ-0006,7,2024,2704855.71,326294.97,47061.77,25.48,661.66,56.61,35315.77,313.75,96580.76,28.39,92.74,3078212.45
REC-000128,BIZ-0006,8,2024,2889916.68,337153.8,48627.95,28.37,655.24,63.03,37263.78,324.19,101663.68,28.82,81.59,3275698.43
REC-000129,BIZ-0006,9,2024,2123124.52,218357.62,31493.89,23.95,641.88,53.22,29192.28,209.96,87781.51,26.9,77.67,2372976.03
REC-000130,BIZ-0006,10,2024,3270524.93,481652.39,69469.09,37.33,635.3,82.97,41270.18,463.13,114991.94,25.63,72.15,3821646.41
REC-000131,BIZ-0006,11,2024,2926451.42,498850.82,71949.64,39.81,606.64,88.46,37648.35,479.66,112996.01,25.73,70.76,3497251.88
REC-000132,BIZ-0006,12,2024,2618560.27,389800.92,56221.29,28.72,654.44,63.83,34407.39,374.81,98577.38,25.18,63.69,3064582.48
REC-000133,BIZ-0006,1,2025,3193969.73,271550.4,39165.92,21.74,669.95,48.32,40464.33,261.11,99214.35,27.41,74.55,3504686.05
REC-000134,BIZ-0006,2,2025,2641022.87,295785.49,42661.37,26.11,590.73,58.03,34643.84,284.41,96381.68,28.48,68.3,2979469.73
REC-000135,BIZ-0006,3,2025,2985634.66,397517.78,57334.3,27.42,657.33,60.94,38271.33,382.23,101976.72,28.54,78.56,3440486.74
REC-000136,BIZ-0006,4,2025,3065211.66,461853.45,66613.48,29.63,629.25,65.85,39108.99,444.09,105081.13,30.71,85.29,3593678.59
REC-000137,BIZ-0006,5,2025,3554011.9,330977.01,47737.07,27.13,657.99,60.28,44254.25,318.25,108875.44,30.45,74.44,3932725.98
REC-000138,BIZ-0006,6,2025,3536324.77,461939.44,66625.88,32.6,622.66,72.44,44068.07,444.17,113850.22,30.28,84.3,4064890.09
REC-000139,BIZ-0006,7,2025,3470644.75,237724.87,34287.24,22.66,667.92,50.35,43376.7,228.58,103574.68,28.68,77.98,3742656.86
REC-000140,BIZ-0006,8,2025,3427648.93,443002.83,63894.64,33.2,644.5,73.77,42924.12,425.96,113045.42,29.06,94.41,3934546.4
REC-000141,BIZ-0006,9,2025,2872728.83,527725.93,76114.32,38.88,608.7,86.4,37082.85,507.43,111434.01,26.72,77.83,3476569.08
REC-000142,BIZ-0006,10,2025,2881221.05,424408.88,61212.82,37.92,634.0,84.27,37172.24,408.09,110630.76,25.33,80.92,3366842.75
REC-000143,BIZ-0006,11,2025,2388427.9,256479.44,36992.23,16.79,657.79,37.31,31984.95,246.61,84333.52,25.13,87.51,2681899.57
REC-000144,BIZ-0006,12,2025,3164014.34,338282.16,48790.7,34.25,642.17,76.1,40149.01,325.27,110713.11,24.82,92.49,3551087.2
REC-000145,BIZ-0007,1,2024,1641347.42,159321.43,22979.05,17.48,551.46,49.94,17277.34,153.19,67337.59,27.54,70.95,1823647.9
REC-000146,BIZ-0007,2,2024,1323234.79,295646.71,42641.35,29.67,477.81,84.79,13928.79,284.28,74905.6,28.58,69.9,1661522.85
REC-000147,BIZ-0007,3,2024,1483305.41,283425.65,40878.7,21.34,540.42,60.98,15613.74,272.52,69013.08,28.61,65.31,1807609.76
REC-000148,BIZ-0007,4,2024,2088412.29,199891.86,28830.56,15.29,538.31,43.69,21983.29,192.2,70905.79,29.29,93.83,2317134.71
REC-000149,BIZ-0007,5,2024,1839478.9,279032.06,40245.01,26.8,524.82,76.58,19362.94,268.3,78696.75,31.41,77.7,2158755.97
REC-000150,BIZ-0007,6,2024,1787515.7,248329.54,35816.76,24.81,511.12,70.88,18815.95,238.78,76145.56,29.65,63.95,2071662.0
REC-000151,BIZ-0007,7,2024,1426543.88,340733.31,49144.23,29.99,515.72,85.68,15016.25,327.63,76508.4,29.82,90.06,1816421.42
REC-000152,BIZ-0007,8,2024,1411837.75,398454.21,57469.36,28.35,520.41,80.99,14861.45,383.13,74763.31,28.81,92.82,1867761.32
REC-000153,BIZ-0007,9,2024,1928568.33,153142.11,22087.8,17.82,531.08,50.92,20300.72,147.25,71291.99,26.0,86.72,2103798.24
REC-000154,BIZ-0007,10,2024,1938687.03,217432.16,31360.41,18.7,547.97,53.43,20407.23,209.07,72253.26,25.35,81.89,2187479.6
REC-000155,BIZ-0007,11,2024,1898131.09,177861.77,25653.14,14.83,539.62,42.38,19980.33,171.02,68068.07,25.84,79.3,2101646.0
REC-000156,BIZ-0007,12,2024,1573895.06,343252.84,49507.62,26.32,526.19,75.21,16567.32,330.05,74888.62,25.29,88.69,1966655.52
REC-000157,BIZ-0007,1,2025,1458551.38,237197.09,34211.12,17.93,550.17,51.23,15353.17,228.07,65456.56,27.27,62.46,1729959.59
REC-000158,BIZ-0007,2,2025,1748270.89,229310.33,33073.61,20.06,485.9,57.3,18402.85,220.49,71136.33,27.26,82.16,2010654.83
REC-000159,BIZ-0007,3,2025,1380402.15,367411.02,52991.97,31.15,512.41,88.99,14530.55,353.28,77026.73,28.84,75.23,1800805.14
REC-000160,BIZ-0007,4,2025,1572347.55,213995.03,30864.67,20.85,522.43,59.57,16551.03,205.76,69668.41,31.21,62.23,1817207.25
REC-000161,BIZ-0007,5,2025,1763904.1,189054.25,27267.44,17.28,552.01,49.39,18567.41,181.78,68701.55,30.09,81.22,1980225.79
REC-000162,BIZ-0007,6,2025,1687758.26,204040.48,29428.92,15.32,538.22,43.78,17765.88,196.19,65877.37,29.53,84.04,1921227.66
REC-000163,BIZ-0007,7,2025,1961401.2,331224.39,47772.75,25.54,528.43,72.97,20646.33,318.48,79036.78,30.27,91.3,2340398.34
REC-000164,BIZ-0007,8,2025,1463921.8,362050.16,52218.77,30.68,513.75,87.65,15409.7,348.13,77636.87,29.06,74.13,1878190.73
REC-000165,BIZ-0007,9,2025,1630427.43,385537.86,55606.42,25.76,508.39,73.61,17162.39,370.71,75069.11,26.64,94.63,2071571.71
REC-000166,BIZ-0007,10,2025,1906869.21,357250.4,51526.5,26.92,524.5,76.9,20072.31,343.51,79656.78,26.45,88.47,2315646.11
REC-000167,BIZ-0007,11,2025,1701967.79,245554.84,35416.56,22.42,517.95,64.05,17915.45,236.11,72795.01,25.73,87.98,1982939.19
REC-000168,BIZ-0007,12,2025,1783275.15,290133.96,41846.24,29.63,516.74,84.66,18771.32,278.97,80674.65,26.84,65.7,2115255.35
REC-000169,BIZ-0008,1,2024,10146878.29,2491727.49,75659.74,63.84,367.41,70.93,106809.25,2017.59,507462.21,26.84,60.76,12714265.52
REC-000170,BIZ-0008,2,2024,10797931.71,1512213.02,45917.4,64.07,338.88,71.18,113662.44,1224.46,525100.0,28.52,72.11,12356062.13
REC-000171,BIZ-0008,3,2024,9026980.35,2766096.28,83990.78,71.2,359.22,79.12,95020.85,2239.75,494201.41,28.37,69.54,11877067.41
REC-000172,BIZ-0008,4,2024,7285846.54,999283.46,30342.62,36.19,383.99,40.21,76693.12,809.14,371350.75,29.7,55.76,8315472.62
REC-000173,BIZ-0008,5,2024,9843419.99,1662494.92,50480.62,70.09,360.46,77.88,103614.95,1346.15,513242.63,29.48,69.83,11556395.53
REC-000174,BIZ-0008,6,2024,9392133.15,1442792.25,43809.48,54.09,364.1,60.1,98864.56,1168.25,466152.17,31.11,89.51,10878734.88
REC-000175,BIZ-0008,7,2024,10089602.95,3044613.29,92447.77,96.72,330.88,107.46,106206.35,2465.27,578296.13,28.38,77.45,13226664.01
REC-000176,BIZ-0008,8,2024,10897001.85,1447458.77,43951.18,59.78,371.92,66.42,114705.28,1172.03,518284.2,28.94,70.7,12388411.8
REC-000177,BIZ-0008,9,2024,7189404.08,2269404.63,68909.05,90.2,323.98,100.22,75677.94,1837.57,487630.56,27.86,85.61,9527717.76
REC-000178,BIZ-0008,10,2024,6808026.71,4184724.55,127066.54,97.66,329.83,108.51,71663.44,3388.44,494009.8,27.02,68.76,11119817.8
REC-000179,BIZ-0008,11,2024,8999478.69,2659090.25,80741.61,81.3,333.86,90.34,94731.35,2153.11,515694.81,26.11,89.25,11739310.55
REC-000180,BIZ-0008,12,2024,8306999.67,1230618.98,37366.97,45.77,387.48,50.86,87442.1,996.45,419305.08,25.55,63.04,9574985.62
REC-000181,BIZ-0008,1,2025,6591309.09,2903401.26,88159.96,77.59,352.13,86.21,69382.2,2350.93,444158.9,27.65,81.79,9582870.31
REC-000182,BIZ-0008,2,2025,7858120.77,1484848.08,45086.48,40.24,351.21,44.71,82717.06,1202.31,395319.17,29.05,86.12,9388055.33
REC-000183,BIZ-0008,3,2025,10949451.57,1199209.74,36413.25,51.42,381.21,57.13,115257.38,971.02,501263.62,29.12,78.52,12185074.56
REC-000184,BIZ-0008,4,2025,10307244.65,2180990.18,66224.4,84.89,329.88,94.32,108497.31,1765.98,558005.7,30.02,73.89,12554459.23
REC-000185,BIZ-0008,5,2025,10990808.33,2638305.05,80110.48,72.29,358.01,80.33,115692.72,2136.28,548280.69,31.68,63.2,13709223.86
REC-000186,BIZ-0008,6,2025,7945252.16,4247992.33,128987.62,91.2,322.86,101.34,83634.23,3439.67,509734.99,30.82,83.64,12322232.11
REC-000187,BIZ-0008,7,2025,7673164.9,2618635.15,79513.21,71.07,359.37,78.97,80770.16,2120.35,458286.52,29.3,69.47,10371313.26
REC-000188,BIZ-0008,8,2025,9373477.96,1660985.47,50434.78,71.02,359.43,78.91,98668.19,1344.93,502911.37,28.56,61.13,11084898.21
REC-000189,BIZ-0008,9,2025,8279253.01,2722211.81,82658.25,69.04,347.49,76.71,87150.03,2204.22,469765.66,26.38,77.52,11084123.07
REC-000190,BIZ-0008,10,2025,7016538.55,1969619.35,59806.26,69.89,360.69,77.65,73858.3,1594.83,438402.61,25.61,65.5,9045964.16
REC-000191,BIZ-0008,11,2025,7235876.37,1541500.13,46806.68,65.17,351.79,72.41,76167.12,1248.18,433793.09,24.84,85.01,8824183.18
REC-000192,BIZ-0008,12,2025,8820398.01,1725123.3,52382.29,60.47,371.15,67.19,92846.29,1396.86,465150.62,25.63,69.58,10597903.6
REC-000193,BIZ-0009,1,2024,2761049.31,1179781.5,75627.02,65.66,636.44,69.12,29063.68,1008.36,215869.74,26.34,21.98,4016457.83
REC-000194,BIZ-0009,2,2024,2686513.26,974316.26,62456.17,80.11,575.72,84.32,28279.09,832.75,234363.6,28.79,21.29,3723285.69
REC-000195,BIZ-0009,3,2024,3092650.43,1199103.52,76865.61,84.21,616.92,88.64,32554.22,1024.87,249516.17,28.22,40.12,4368619.56
REC-000196,BIZ-0009,4,2024,2817099.36,1401941.09,89868.02,98.88,578.72,104.08,29653.68,1198.24,263670.64,29.47,42.68,4308908.47
REC-000197,BIZ-0009,5,2024,3263826.5,2000897.66,128262.67,89.33,611.53,94.03,34356.07,1710.17,260645.24,29.76,38.54,5392986.83
REC-000198,BIZ-0009,6,2024,2880724.33,889560.08,57023.08,57.53,622.24,60.56,30323.41,760.31,207251.67,30.63,37.59,3827307.49
REC-000199,BIZ-0009,7,2024,3074014.19,983026.31,63014.51,61.8,640.51,65.05,32358.04,840.19,217700.8,28.73,31.66,4120055.01
REC-000200,BIZ-0009,8,2024,3239194.46,1800562.28,115420.66,87.36,613.6,91.96,34096.78,1538.94,257315.58,28.92,31.65,5155177.4
REC-000201,BIZ-0009,9,2024,2650202.83,993936.13,63713.85,45.57,634.83,47.97,27896.87,849.52,185175.22,26.32,25.08,3707852.81
REC-000202,BIZ-0009,10,2024,2850784.26,1586063.34,101670.73,78.81,622.6,82.96,30008.26,1355.61,236357.72,26.41,20.41,4538518.33
REC-000203,BIZ-0009,11,2024,2562900.57,1135898.58,72814.01,77.93,600.76,82.04,26977.9,970.85,228459.69,25.01,24.9,3771613.16
REC-000204,BIZ-0009,12,2024,2851159.18,1565558.95,100356.34,89.89,610.94,94.62,30012.2,1338.08,251869.37,25.96,43.59,4517074.47
REC-000205,BIZ-0009,1,2025,2936357.53,1392179.79,89242.29,88.0,612.93,92.63,30909.03,1189.9,251198.02,27.29,38.49,4417779.61
REC-000206,BIZ-0009,2,2025,2593507.79,2274379.81,145793.58,97.67,534.47,102.81,27300.08,1943.91,256795.74,27.14,33.66,5013681.18
REC-000207,BIZ-0009,3,2025,3308178.66,1006945.87,64547.81,47.34,655.73,49.83,34822.93,860.64,202886.32,30.35,33.1,4379672.34
REC-000208,BIZ-0009,4,2025,2433641.84,1020807.73,65436.39,81.7,596.8,86.0,25617.28,872.49,230732.18,29.08,20.16,3519885.96
REC-000209,BIZ-0009,5,2025,2816003.06,890676.57,57094.65,46.48,656.63,48.93,29642.14,761.26,190288.62,29.66,25.47,3763774.28
REC-000210,BIZ-0009,6,2025,3228225.5,783789.21,50242.9,43.72,636.78,46.02,33981.32,669.91,195968.92,31.21,42.82,4062257.61
REC-000211,BIZ-0009,7,2025,3032068.6,1141591.74,73178.96,75.83,625.74,79.82,31916.51,975.72,236380.88,29.04,20.42,4246839.3
REC-000212,BIZ-0009,8,2025,2893383.15,1390465.71,89132.42,100.78,599.48,106.08,30456.66,1188.43,268092.76,28.01,37.45,4372981.28
REC-000213,BIZ-0009,9,2025,2649101.37,1187231.29,76104.57,81.02,597.51,85.29,27885.28,1014.73,234777.66,27.75,33.11,3912437.23
REC-000214,BIZ-0009,10,2025,2534589.53,1740939.83,111598.71,101.99,598.21,107.35,26679.89,1487.98,261477.05,25.49,39.87,4387128.07
REC-000215,BIZ-0009,11,2025,2752227.02,1186981.12,76088.53,93.88,583.98,98.82,28970.81,1014.51,255171.75,24.88,37.43,4015296.67
REC-000216,BIZ-0009,12,2025,2452762.8,1092065.77,70004.22,67.78,634.22,71.34,25818.56,933.39,211687.13,27.01,36.25,3614832.79
REC-000217,BIZ-0010,1,2024,3443040.62,815704.23,52288.73,37.78,645.89,50.37,37674.13,697.18,195776.42,26.69,35.92,4311033.58
REC-000218,BIZ-0010,2,2024,3677771.74,1800674.74,115427.87,81.22,543.04,108.3,40144.99,1539.04,262033.53,28.35,28.28,5593874.35
REC-000219,BIZ-0010,3,2024,3575893.51,1237349.92,79317.3,67.5,606.26,90.0,39072.58,1057.56,240458.32,30.26,25.74,4892560.73
REC-000220,BIZ-0010,4,2024,3525584.73,856062.26,54875.79,47.42,610.58,63.22,38543.02,731.68,211180.1,29.62,43.1,4436522.78
REC-000221,BIZ-0010,5,2024,3506487.3,487457.67,31247.29,34.51,650.24,46.02,38341.99,416.63,192671.05,30.88,24.48,4025192.26
REC-000222,BIZ-0010,6,2024,3659409.81,1201418.01,77013.98,79.03,568.42,105.38,39951.7,1026.85,258539.46,29.31,40.52,4937841.8
REC-000223,BIZ-0010,7,2024,3613999.54,1203239.06,77130.71,66.76,607.25,89.01,39473.7,1028.41,240299.78,29.4,34.17,4894369.31
REC-000224,BIZ-0010,8,2024,3581661.76,849844.7,54477.22,67.35,606.45,89.81,39133.3,726.36,240388.71,27.72,38.49,4485983.68
REC-000225,BIZ-0010,9,2024,2638936.39,567367.35,36369.7,45.07,613.71,60.09,29209.88,484.93,187355.56,27.34,28.65,3242673.44
REC-000226,BIZ-0010,10,2024,3306330.19,1256772.44,80562.34,80.98,588.28,107.98,36235.08,1074.16,253095.99,26.09,35.35,4643664.97
REC-000227,BIZ-0010,11,2024,3178233.28,815343.93,52265.64,44.87,613.97,59.83,34886.69,696.88,199571.16,25.82,39.59,4045842.85
REC-000228,BIZ-0010,12,2024,3169019.76,1083962.1,69484.75,52.28,626.56,69.7,34789.7,926.46,209727.31,25.54,24.64,4322466.61
REC-000229,BIZ-0010,1,2025,2586474.44,755852.97,48452.11,46.81,633.84,62.42,28657.65,646.03,188585.91,26.26,26.16,3390779.52
REC-000230,BIZ-0010,2,2025,2937983.76,655577.42,42024.19,51.33,560.43,68.45,32357.74,560.32,203054.83,28.68,23.86,3635585.37
REC-000231,BIZ-0010,3,2025,3479075.72,492747.06,31586.35,38.73,644.61,51.65,38053.45,421.15,197944.88,30.31,31.12,4003409.13
REC-000232,BIZ-0010,4,2025,3209422.56,494458.9,31696.08,38.79,622.09,51.71,35215.0,422.61,191772.73,30.0,33.92,3735577.54
REC-000233,BIZ-0010,5,2025,3558364.47,898470.78,57594.28,75.86,595.12,101.14,38888.07,767.92,251752.52,30.63,34.92,4514429.53
REC-000234,BIZ-0010,6,2025,3534951.21,1422850.53,91208.37,61.03,592.43,81.37,38641.61,1216.11,230449.92,29.96,39.48,5049010.11
REC-000235,BIZ-0010,7,2025,3393381.21,623742.9,39983.52,42.01,640.24,56.02,37151.4,533.11,200551.58,28.63,33.03,4057107.63
REC-000236,BIZ-0010,8,2025,2671142.65,717822.95,46014.29,47.2,633.32,62.94,29548.89,613.52,191091.96,27.44,23.65,3434979.89
REC-000237,BIZ-0010,9,2025,3644574.83,1205703.56,77288.69,68.89,581.94,91.86,39795.55,1030.52,244001.59,27.43,29.03,4927567.08
REC-000238,BIZ-0010,10,2025,2711245.55,556511.15,35673.79,34.08,650.82,45.44,29971.03,475.65,173648.13,26.11,31.45,3303430.49
REC-000239,BIZ-0010,11,2025,3553532.37,924131.08,59239.17,55.21,600.19,73.61,38837.2,789.86,222737.06,26.32,29.5,4536902.62
REC-000240,BIZ-0010,12,2025,3315791.73,907795.58,58192.02,48.4,631.73,64.53,36334.67,775.89,207690.98,26.61,36.28,4281779.33
REC-000241,BIZ-0011,1,2024,8294693.4,1420963.87,43146.68,62.3,666.12,77.88,93029.36,1150.58,378201.27,27.22,84.45,9758803.95
REC-000242,BIZ-0011,2,2024,11793561.11,1920862.92,58325.8,83.79,591.26,104.74,129859.55,1555.35,490542.11,28.56,88.46,13772749.83
REC-000243,BIZ-0011,3,2024,9435505.04,1912558.9,58073.65,92.2,628.76,115.24,105037.91,1548.63,456028.18,28.72,92.43,11406137.59
REC-000244,BIZ-0011,4,2024,11244418.44,1239554.11,37638.28,41.51,668.12,51.88,124079.1,1003.69,402871.34,31.36,76.68,12521610.83
REC-000245,BIZ-0011,5,2024,11450131.53,1599974.89,48582.23,86.55,635.81,108.19,126244.5,1295.53,488282.21,31.56,77.45,13098688.65
REC-000246,BIZ-0011,6,2024,11299079.46,1076607.21,32690.5,47.79,660.26,59.74,124654.48,871.75,415338.21,31.0,92.67,12408377.17
REC-000247,BIZ-0011,7,2024,9186345.01,1531109.39,46491.18,61.11,667.61,76.39,102415.17,1239.76,394831.01,28.66,76.01,10763945.58
REC-000248,BIZ-0011,8,2024,9876879.86,2964800.71,90024.31,91.72,629.36,114.64,109683.96,2400.65,464456.28,28.24,87.14,12931704.88
REC-000249,BIZ-0011,9,2024,11098548.3,2484569.23,75442.39,79.29,620.89,99.11,122543.62,2011.8,467811.98,26.55,72.96,13658559.92
REC-000250,BIZ-0011,10,2024,8301326.91,1551406.73,47107.49,53.9,676.62,67.38,93099.19,1256.2,363220.06,26.06,95.77,9899841.13
REC-000251,BIZ-0011,11,2024,9965390.72,2167353.38,65810.33,76.12,624.85,95.15,110615.65,1754.94,438250.44,24.7,87.93,12198554.43
REC-000252,BIZ-0011,12,2024,10677884.6,872491.08,26492.64,45.93,686.58,57.42,118115.59,706.47,398910.38,26.96,80.62,11576868.32
REC-000253,BIZ-0011,1,2025,10049982.21,1657458.01,50327.67,78.51,645.86,98.14,111506.09,1342.07,444328.75,26.08,91.42,11757767.89
REC-000254,BIZ-0011,2,2025,10318494.41,1565138.56,47524.45,78.66,573.67,98.33,114332.53,1267.32,450261.14,27.7,84.04,11931157.42
REC-000255,BIZ-0011,3,2025,9276560.89,1718811.46,52190.63,91.55,629.56,114.44,103364.81,1391.75,451520.81,30.44,84.55,11047562.98
REC-000256,BIZ-0011,4,2025,9802149.27,1826683.67,55466.1,59.21,645.99,74.01,108897.32,1479.1,404375.76,30.96,90.98,11684299.04
REC-000257,BIZ-0011,5,2025,8358223.81,2019865.17,61331.94,80.43,643.46,100.54,93698.1,1635.52,412173.2,30.55,81.06,10439420.92
REC-000258,BIZ-0011,6,2025,10358310.96,958242.88,29096.44,41.26,668.42,51.58,114751.65,775.91,383779.88,29.13,73.16,11345650.28
REC-000259,BIZ-0011,7,2025,11722088.11,2135385.86,64839.65,81.47,642.17,101.83,129107.2,1729.06,484855.74,28.31,92.8,13922313.62
REC-000260,BIZ-0011,8,2025,9219899.56,2047606.66,62174.29,65.88,661.66,82.34,102768.37,1657.98,404111.81,28.12,80.61,11329680.51
REC-000261,BIZ-0011,9,2025,10001206.46,1867030.0,56691.19,62.15,642.31,77.69,110992.66,1511.77,413860.02,27.06,76.85,11924927.65
REC-000262,BIZ-0011,10,2025,9294984.81,845387.19,25669.65,40.25,693.69,50.31,103558.75,684.52,359566.06,26.75,83.69,10166041.65
REC-000263,BIZ-0011,11,2025,10998421.54,2250478.05,68334.35,72.33,629.59,90.41,121489.66,1822.25,453175.99,24.97,90.3,13317233.94
REC-000264,BIZ-0011,12,2025,8296739.75,1339795.22,40682.04,46.38,686.02,57.98,93050.9,1084.85,349588.47,25.92,81.51,9677217.01
REC-000265,BIZ-0012,1,2024,6688165.28,1931011.05,58633.94,60.48,443.99,67.2,70401.74,1563.57,409069.75,26.72,88.81,8677810.27
REC-000266,BIZ-0012,2,2024,6852344.63,1821696.72,55314.68,46.87,426.13,52.08,72129.94,1475.06,383437.17,27.07,67.32,8729356.03
REC-000267,BIZ-0012,3,2024,8019877.27,2347599.94,71283.4,78.34,424.14,87.05,84419.76,1900.89,483403.86,29.97,87.15,10438760.61
REC-000268,BIZ-0012,4,2024,6465092.36,1429122.27,43394.4,44.91,444.8,49.9,68053.6,1157.18,368926.3,29.54,59.09,7937609.03
REC-000269,BIZ-0012,5,2024,7099283.99,2366655.78,71862.02,66.66,437.12,74.07,74729.31,1916.32,433475.75,30.73,75.12,9537801.79
REC-000270,BIZ-0012,6,2024,6297690.92,1365804.05,41471.78,46.51,443.02,51.68,66291.48,1105.91,368056.27,31.17,87.57,7704966.75
REC-000271,BIZ-0012,7,2024,7944262.67,4140791.09,125732.52,90.53,410.6,100.59,83623.82,3352.87,508220.93,28.5,84.47,12210786.28
REC-000272,BIZ-0012,8,2024,6444849.17,2738182.93,83143.21,71.38,431.88,79.31,67840.52,2217.15,426636.57,27.96,61.83,9266175.31
REC-000273,BIZ-0012,9,2024,7983109.5,1686129.98,51198.28,63.96,423.63,71.07,84032.73,1365.29,450799.68,26.53,72.21,9720437.76
REC-000274,BIZ-0012,10,2024,6182633.23,1057439.23,32108.48,38.06,468.9,42.29,65080.35,856.23,346432.41,25.99,82.86,7272180.94
REC-000275,BIZ-0012,11,2024,7621747.6,2918104.44,88606.41,84.67,400.62,94.08,80228.92,2362.84,486847.41,24.99,82.33,10628458.45
REC-000276,BIZ-0012,12,2024,6235140.29,3279428.86,99577.8,70.22,433.17,78.02,65633.06,2655.41,418557.16,25.86,75.04,9614146.95
REC-000277,BIZ-0012,1,2025,8416768.1,1762833.87,53527.34,63.81,440.29,70.9,88597.56,1427.4,461867.31,26.85,81.49,10233129.31
REC-000278,BIZ-0012,2,2025,7954372.21,2261789.2,68677.81,51.59,404.39,57.33,83730.23,1831.41,422833.47,27.82,80.76,10284839.22
REC-000279,BIZ-0012,3,2025,8405960.13,1808635.86,54918.09,41.48,465.1,46.09,88483.79,1464.48,412465.32,28.13,64.2,10269514.08
REC-000280,BIZ-0012,4,2025,6239948.36,3237064.42,98291.43,82.47,403.07,91.63,65683.67,2621.1,445642.33,29.25,83.42,9575304.21
REC-000281,BIZ-0012,5,2025,7200385.59,3113589.53,94542.19,74.82,428.06,83.13,75793.53,2521.13,454082.39,31.37,76.36,10408517.31
REC-000282,BIZ-0012,6,2025,7927947.44,2570826.35,78061.53,69.53,417.44,77.26,83452.08,2081.64,461604.31,30.92,83.19,10576835.32
REC-000283,BIZ-0012,7,2025,6644059.27,3298070.91,100143.85,72.08,431.1,80.09,69937.47,2670.5,433424.82,28.45,89.27,10042274.03
REC-000284,BIZ-0012,8,2025,8779606.49,1815416.9,55123.99,44.54,461.7,49.49,92416.91,1469.97,429034.9,28.03,86.51,10650147.38
REC-000285,BIZ-0012,9,2025,5934503.83,3058468.75,92868.48,77.32,408.79,85.91,62468.46,2476.49,426278.38,26.54,57.08,9085841.06
REC-000286,BIZ-0012,10,2025,6167639.26,2222022.08,67470.31,51.6,453.86,57.33,64922.52,1799.21,375817.38,24.95,60.12,8457131.65
REC-000287,BIZ-0012,11,2025,7381709.47,2379649.49,72256.56,75.55,410.75,83.95,77702.2,1926.84,460470.37,25.24,59.98,9833615.52
REC-000288,BIZ-0012,12,2025,8486992.68,2501225.94,75948.16,61.38,442.99,68.2,89336.77,2025.28,458377.03,24.82,82.81,11064166.78
REC-000289,BIZ-0013,1,2024,1076459.42,1065041.08,68271.86,57.54,636.9,76.72,13185.15,910.29,169566.37,27.22,41.93,2209772.36
REC-000290,BIZ-0013,2,2024,909157.95,1552060.76,99491.07,81.14,559.39,108.19,11424.08,1326.55,198732.24,28.89,41.18,2560709.78
REC-000291,BIZ-0013,3,2024,1238442.04,1223629.21,78437.77,53.14,642.77,70.85,14890.23,1045.84,167152.62,29.72,41.25,2540509.02
REC-000292,BIZ-0013,4,2024,987488.24,861278.54,55210.16,47.58,627.17,63.43,12248.61,736.14,153552.18,30.94,32.37,1903976.94
REC-000293,BIZ-0013,5,2024,1234827.24,1594625.71,102219.6,77.34,610.5,103.12,14852.18,1362.93,200950.85,29.61,41.31,2931672.55
REC-000294,BIZ-0013,6,2024,1227878.42,779802.44,49987.34,34.54,644.54,46.06,14779.04,666.5,140875.08,29.08,35.65,2057668.2
REC-000295,BIZ-0013,7,2024,1274274.13,1275011.07,81731.48,54.61,640.81,72.81,15267.41,1089.75,170035.61,28.43,31.41,2631016.68
REC-000296,BIZ-0013,8,2024,1009643.51,1676970.79,107498.13,76.38,611.78,101.84,12481.83,1433.31,194389.41,28.98,42.05,2794112.43
REC-000297,BIZ-0013,9,2024,857381.62,1276082.84,81800.18,66.14,602.41,88.19,10879.07,1090.67,176536.68,25.77,29.01,2215264.64
REC-000298,BIZ-0013,10,2024,1173100.38,1180031.01,75643.01,70.57,619.53,94.09,14202.43,1008.57,190039.93,24.76,35.64,2428774.4
REC-000299,BIZ-0013,11,2024,890133.25,700150.1,44881.42,37.55,640.53,50.07,11223.82,598.42,137261.73,24.52,22.38,1635164.77
REC-000300,BIZ-0013,12,2024,831831.14,662092.87,42441.85,50.5,646.29,67.33,10610.12,565.89,154041.19,25.88,31.13,1536365.86
REC-000301,BIZ-0013,1,2025,1067759.0,572400.53,36692.34,44.91,653.74,59.88,13093.57,489.23,151681.47,27.61,37.35,1676851.87
REC-000302,BIZ-0013,2,2025,960161.27,782015.53,50129.2,48.34,580.11,64.45,11960.96,668.39,153988.29,28.73,22.58,1792306.0
REC-000303,BIZ-0013,3,2025,1170732.5,834533.17,53495.72,66.76,624.61,89.01,14177.5,713.28,184655.11,30.0,41.86,2058761.39
REC-000304,BIZ-0013,4,2025,924532.61,721990.83,46281.46,50.87,622.77,67.83,11585.92,617.09,156707.59,30.32,35.26,1692804.9
REC-000305,BIZ-0013,5,2025,1168292.82,787800.39,50500.02,55.32,639.87,73.75,14151.82,673.33,168576.7,31.1,43.0,2006593.23
REC-000306,BIZ-0013,6,2025,864825.5,1096438.65,70284.53,69.34,598.15,92.45,10957.43,937.13,181179.46,31.12,23.5,2031548.68
REC-000307,BIZ-0013,7,2025,976020.0,951790.34,61012.2,65.18,626.72,86.9,12127.89,813.5,177926.72,29.08,39.78,1988822.54
REC-000308,BIZ-0013,8,2025,983354.23,956750.98,61330.19,79.64,607.44,106.18,12205.1,817.74,198343.52,28.24,38.03,2001435.4
REC-000309,BIZ-0013,9,2025,960886.0,880847.59,56464.59,63.34,606.15,84.45,11968.59,752.86,175003.66,27.58,41.9,1898198.18
REC-000310,BIZ-0013,10,2025,1201726.61,1050497.9,67339.61,72.45,617.02,96.6,14503.75,897.86,193333.61,25.58,36.15,2319564.12
REC-000311,BIZ-0013,11,2025,1090254.94,822310.0,52712.18,37.21,640.98,49.62,13330.37,702.83,141423.38,25.23,26.03,1965277.12
REC-000312,BIZ-0013,12,2025,961157.58,1131920.92,72559.03,52.61,643.48,70.14,11971.45,967.45,159988.9,24.66,29.03,2165637.53
REC-000313,BIZ-0014,1,2024,573332.23,425037.97,61303.55,27.41,608.07,60.91,11076.28,408.69,69328.76,26.56,80.03,1059673.75
REC-000314,BIZ-0014,2,2024,500255.84,317111.75,45737.27,21.09,578.95,46.87,10307.05,304.92,62403.62,26.98,81.38,863104.86
REC-000315,BIZ-0014,3,2024,658027.49,464239.49,66957.62,33.39,594.79,74.19,11967.81,446.38,76079.56,30.33,75.13,1189224.6
REC-000316,BIZ-0014,4,2024,826803.87,274051.21,39526.62,29.06,582.83,64.57,13744.4,263.51,74097.4,29.98,75.28,1140381.7
REC-000317,BIZ-0014,5,2024,907414.78,376762.89,54340.8,39.86,580.39,88.59,14592.93,362.27,85382.56,29.5,64.61,1338518.47
REC-000318,BIZ-0014,6,2024,906832.08,413904.8,59697.81,31.83,576.66,70.74,14586.8,397.99,77746.01,29.75,81.35,1380434.69
REC-000319,BIZ-0014,7,2024,956389.22,218724.32,31546.78,21.66,620.85,48.13,15108.45,210.31,68703.61,28.79,76.44,1206660.32
REC-000320,BIZ-0014,8,2024,755131.01,225348.39,32502.17,17.11,630.95,38.03,12989.95,216.68,61844.3,29.02,65.83,1012981.57
REC-000321,BIZ-0014,9,2024,460430.35,160876.73,23203.37,19.15,604.85,42.55,9887.84,154.69,60054.09,27.13,67.8,644510.45
REC-000322,BIZ-0014,10,2024,716325.48,368556.09,53157.13,36.11,588.74,80.24,12581.47,354.38,79399.45,25.83,73.44,1138038.7
REC-000323,BIZ-0014,11,2024,940373.14,311093.15,44869.2,33.89,572.09,75.31,14939.86,299.13,80123.49,25.19,86.74,1296335.49
REC-000324,BIZ-0014,12,2024,673242.67,293881.17,42386.71,28.72,605.17,63.81,12127.96,282.58,71833.18,26.79,73.06,1009510.55
REC-000325,BIZ-0014,1,2025,739544.21,247679.06,35722.94,28.39,605.89,63.09,12825.88,238.15,72363.31,27.89,82.71,1022946.21
REC-000326,BIZ-0014,2,2025,542659.2,517426.66,74628.84,34.89,526.71,77.53,10753.4,497.53,76049.48,28.86,67.51,1134714.7
REC-000327,BIZ-0014,3,2025,830586.61,230423.58,33234.17,15.81,633.84,35.14,13784.22,221.56,61563.95,29.67,65.81,1094244.36
REC-000328,BIZ-0014,4,2025,629355.82,370725.58,53470.04,38.53,561.79,85.61,11666.0,356.47,80598.52,28.99,63.52,1053551.44
REC-000329,BIZ-0014,5,2025,894387.82,437611.82,63117.09,33.42,594.71,74.27,14455.81,420.78,79097.88,31.6,63.17,1395116.73
REC-000330,BIZ-0014,6,2025,929111.28,339245.21,48929.6,23.67,594.8,52.6,14821.32,326.2,70270.56,29.5,70.19,1317286.09
REC-000331,BIZ-0014,7,2025,793391.18,169594.78,24460.79,17.05,631.08,37.9,13392.69,163.07,62272.18,29.42,65.94,987446.75
REC-000332,BIZ-0014,8,2025,627629.36,547776.48,79006.22,37.46,585.75,83.23,11647.82,526.71,79560.15,28.04,63.52,1254412.06
REC-000333,BIZ-0014,9,2025,508192.47,297754.25,42945.32,27.05,587.28,60.12,10390.59,286.3,68170.46,27.41,72.25,848892.04
REC-000334,BIZ-0014,10,2025,878753.7,239315.94,34516.72,21.75,620.64,48.34,14291.24,230.11,67815.74,25.33,87.89,1152586.36
REC-000335,BIZ-0014,11,2025,924809.92,416669.62,60096.58,33.88,572.11,75.29,14776.04,400.64,79915.79,26.63,94.93,1401576.12
REC-000336,BIZ-0014,12,2025,886199.05,200390.23,28902.44,16.34,632.66,36.32,14369.61,192.68,62768.22,26.55,66.97,1115491.72
REC-000337,BIZ-0015,1,2024,1529513.13,106729.07,26389.05,12.28,214.47,35.08,23354.14,117.28,43435.4,27.08,82.19,1662631.25
REC-000338,BIZ-0015,2,2024,2065804.41,101477.18,25090.51,10.23,204.22,29.23,28999.31,111.51,46826.94,27.7,83.62,2192372.1
REC-000339,BIZ-0015,3,2024,3358467.7,56173.78,13889.12,9.24,223.14,26.41,42606.29,61.73,57168.34,29.06,90.76,3428530.6
REC-000340,BIZ-0015,4,2024,2871304.89,127491.33,31522.58,13.51,202.91,38.59,37478.26,140.1,55410.71,29.07,67.41,3030318.8
REC-000341,BIZ-0015,5,2024,2614373.63,120120.71,29700.18,14.96,206.81,42.74,34773.72,132.0,54047.25,30.4,83.93,2764194.52
REC-000342,BIZ-0015,6,2024,1635187.12,91764.1,22688.93,17.43,191.69,49.81,24466.5,100.84,47161.62,29.91,78.94,1749640.15
REC-000343,BIZ-0015,7,2024,3223988.44,119916.71,29649.74,13.19,211.87,37.68,41190.72,131.78,58206.53,28.75,87.23,3373554.89
REC-000344,BIZ-0015,8,2024,765834.16,115713.93,28610.59,21.86,187.09,62.46,15315.41,127.16,42275.87,27.58,33.52,910158.68
REC-000345,BIZ-0015,9,2024,1567102.85,88210.11,21810.19,14.08,201.27,40.23,23749.82,96.93,44744.23,27.4,63.49,1677123.15
REC-000346,BIZ-0015,10,2024,2757000.24,99951.47,24713.28,14.12,209.21,40.34,36275.06,109.84,54784.78,24.92,71.47,2881664.99
REC-000347,BIZ-0015,11,2024,2729005.63,99020.38,24483.06,11.79,207.81,33.69,35980.38,108.81,53269.56,26.35,62.89,2852509.07
REC-000348,BIZ-0015,12,2024,1352435.35,78730.58,19466.35,9.34,222.88,26.67,21490.16,86.52,40326.98,26.08,30.1,1450632.28
REC-000349,BIZ-0015,1,2025,1534706.61,105684.82,26130.86,11.71,216.1,33.45,23408.81,116.14,43165.75,27.87,72.68,1666522.29
REC-000350,BIZ-0015,2,2025,3108317.26,119017.52,29427.41,15.76,180.38,45.02,39973.13,130.79,58644.45,27.22,90.47,3256762.19
REC-000351,BIZ-0015,3,2025,2717543.24,43554.74,10769.03,8.91,224.08,25.47,35859.72,47.86,51589.86,28.28,63.26,2771867.01
REC-000352,BIZ-0015,4,2025,1803632.5,110427.69,27303.55,13.31,203.47,38.03,26239.61,121.35,46311.72,30.84,67.11,1941363.74
REC-000353,BIZ-0015,5,2025,2445708.95,106377.29,26302.08,21.45,188.27,61.28,32998.3,116.9,56195.87,31.55,62.69,2578388.32
REC-000354,BIZ-0015,6,2025,2579863.07,99763.1,24666.7,19.75,185.08,56.42,34410.45,109.63,56388.91,31.36,66.33,2704292.87
REC-000355,BIZ-0015,7,2025,1795481.34,105414.81,26064.1,21.84,187.15,62.4,26153.8,115.84,50935.55,30.08,85.88,1926960.25
REC-000356,BIZ-0015,8,2025,1261048.87,98360.49,24319.9,14.81,207.22,42.33,20528.2,108.09,42570.25,29.02,33.24,1383729.26
REC-000357,BIZ-0015,9,2025,2990776.8,79149.3,19569.88,11.33,209.13,32.37,38735.86,86.98,55220.72,26.57,71.33,3089495.98
REC-000358,BIZ-0015,10,2025,2574744.23,125072.88,30924.61,17.19,200.42,49.13,34356.57,137.44,54942.31,24.99,79.65,2730741.72
REC-000359,BIZ-0015,11,2025,1619478.64,89129.49,22037.51,13.03,204.26,37.24,24301.14,97.94,44608.78,26.42,75.33,1730645.64
REC-000360,BIZ-0015,12,2025,806158.56,170342.66,42117.69,22.66,184.82,64.73,15739.88,187.19,43053.18,26.18,38.48,1018618.91
REC-000361,BIZ-0016,1,2024,169252.24,1190844.85,76336.21,57.13,634.03,76.18,9849.2,1017.82,161656.71,25.6,29.56,1436433.3
REC-000362,BIZ-0016,2,2024,58521.02,563436.57,36117.73,46.93,601.81,62.58,8683.61,481.57,144811.18,27.63,34.14,658075.32
REC-000363,BIZ-0016,3,2024,174384.64,1004005.42,64359.32,47.45,646.95,63.26,9903.23,858.12,148210.76,29.48,20.73,1242749.38
REC-000364,BIZ-0016,4,2024,132061.95,611860.61,39221.83,45.1,627.17,60.13,9457.73,522.96,143943.01,30.1,28.94,783144.39
REC-000365,BIZ-0016,5,2024,106620.45,1469860.21,94221.81,72.32,613.78,96.43,9189.92,1256.29,181469.76,29.89,26.03,1670702.47
REC-000366,BIZ-0016,6,2024,177620.7,1326446.59,85028.63,81.65,578.43,108.87,9937.29,1133.72,196178.9,30.8,43.7,1589095.92
REC-000367,BIZ-0016,7,2024,45046.16,698275.88,44761.27,45.28,649.83,60.38,8541.77,596.82,142186.51,30.29,44.79,788083.31
REC-000368,BIZ-0016,8,2024,130471.35,1076083.54,68979.71,68.04,619.49,90.72,9440.98,919.73,176030.82,28.57,28.97,1275534.6
REC-000369,BIZ-0016,9,2024,222283.1,1578861.65,101209.08,74.54,587.91,99.39,10407.42,1349.45,187250.89,26.91,23.55,1902353.83
REC-000370,BIZ-0016,10,2024,10099.38,439924.14,28200.27,35.6,662.74,47.47,8173.91,376.0,127823.63,26.96,33.55,478223.79
REC-000371,BIZ-0016,11,2024,67699.39,942796.39,60435.67,49.92,620.74,66.56,8780.23,805.81,149207.34,25.74,20.5,1070931.45
REC-000372,BIZ-0016,12,2024,0.0,1592763.14,102100.2,72.87,613.05,97.16,8038.66,1361.34,179700.52,26.57,28.52,1694863.34
REC-000373,BIZ-0016,1,2025,147413.58,528431.75,33873.83,40.66,656.0,54.21,9619.32,451.65,138080.3,25.69,23.69,709719.16
REC-000374,BIZ-0016,2,2025,0.0,1324269.58,84889.08,68.1,550.69,90.79,7708.89,1131.85,172294.27,28.06,29.12,1409158.66
REC-000375,BIZ-0016,3,2025,46149.97,1648300.96,105660.32,81.32,601.78,108.43,8553.39,1408.8,192669.95,29.46,28.41,1800111.25
REC-000376,BIZ-0016,4,2025,122527.62,983073.63,63017.54,49.22,621.68,65.62,9357.36,840.23,149490.79,30.01,35.98,1168618.79
REC-000377,BIZ-0016,5,2025,185269.4,996653.1,63888.02,51.15,642.02,68.19,10017.8,851.84,153642.51,30.65,42.24,1245810.52
REC-000378,BIZ-0016,6,2025,183676.2,662885.22,42492.64,48.11,623.16,64.14,10001.03,566.57,149353.08,30.92,29.46,889054.06
REC-000379,BIZ-0016,7,2025,149859.88,1558552.99,99907.24,75.22,609.91,100.3,9645.07,1332.1,186533.32,28.05,37.55,1808320.11
REC-000380,BIZ-0016,8,2025,30699.65,1379661.72,88439.85,73.18,612.64,97.57,8390.75,1179.2,180910.73,28.16,24.55,1498801.22
REC-000381,BIZ-0016,9,2025,79628.02,629186.0,40332.44,49.89,620.77,66.53,8905.79,537.77,149444.98,27.09,22.6,749146.46
REC-000382,BIZ-0016,10,2025,139877.12,1719997.67,110256.26,80.7,602.61,107.6,9539.99,1470.08,193968.16,25.47,27.99,1970131.05
REC-000383,BIZ-0016,11,2025,74708.04,485536.76,31124.15,34.31,641.56,45.74,8854.0,414.99,127506.55,25.91,38.23,591368.95
REC-000384,BIZ-0016,12,2025,189829.63,844577.2,54139.56,68.87,618.38,91.83,10065.81,721.86,178563.0,26.3,28.76,1088546.39
REC-000385,BIZ-0017,1,2024,5701309.09,2569722.29,78028.0,78.98,665.02,78.98,60013.78,2080.75,342193.97,26.6,82.91,8349059.38
REC-000386,BIZ-0017,2,2024,7419555.81,2870640.61,87165.2,105.21,590.79,105.21,78100.59,2324.41,425581.15,27.64,81.76,10377361.62
REC-000387,BIZ-0017,3,2024,6616939.66,1892969.56,57478.83,105.94,638.06,105.94,69652.0,1532.77,410002.51,29.87,77.87,8567388.05
REC-000388,BIZ-0017,4,2024,5593998.25,2413135.75,73273.35,73.93,646.07,73.93,58884.19,1953.96,330836.22,29.01,78.79,8080407.35
REC-000389,BIZ-0017,5,2024,7817853.56,2740422.04,83211.2,118.46,625.54,118.46,82293.2,2218.97,457819.62,29.69,73.95,10641486.8
REC-000390,BIZ-0017,6,2024,7915634.61,2292815.82,69619.91,80.19,639.81,80.19,83322.47,1856.53,390991.68,31.33,95.22,10278070.34
REC-000391,BIZ-0017,7,2024,5589948.6,2498055.81,75851.9,73.18,670.82,73.18,58841.56,2022.72,329401.05,29.51,83.29,8163856.31
REC-000392,BIZ-0017,8,2024,7778597.48,2521142.65,76552.91,87.81,656.19,87.81,81879.97,2041.41,401815.75,27.78,86.41,10376293.04
REC-000393,BIZ-0017,9,2024,6141692.86,2280788.09,69254.7,88.48,631.52,88.48,64649.4,1846.79,368556.29,26.26,74.49,8491735.65
REC-000394,BIZ-0017,10,2024,5319478.97,3025371.56,91863.51,107.67,636.33,107.67,55994.52,2449.69,385800.09,24.77,72.1,8436714.04
REC-000395,BIZ-0017,11,2024,5664905.72,3236250.0,98266.7,94.67,625.33,94.67,59630.59,2620.45,369673.2,25.45,74.52,8999422.42
REC-000396,BIZ-0017,12,2024,7158725.18,2718171.57,82535.57,82.97,661.03,82.97,75355.0,2200.95,380049.0,25.77,75.0,9959432.32
REC-000397,BIZ-0017,1,2025,6390183.21,1814591.99,55098.95,75.97,668.03,75.97,67265.09,1469.31,351278.76,26.19,88.69,8259874.15
REC-000398,BIZ-0017,2,2025,6236725.08,2173804.26,66006.2,68.44,603.56,68.44,65649.74,1760.17,334487.98,27.25,73.16,8476535.54
REC-000399,BIZ-0017,3,2025,7165525.74,1637345.92,49716.98,56.77,687.23,56.77,75426.59,1325.79,333037.7,29.4,75.93,8852588.64
REC-000400,BIZ-0017,4,2025,7714600.51,1209371.54,36721.81,65.93,654.07,65.93,81206.32,979.25,361079.25,30.9,82.76,8960693.86
REC-000401,BIZ-0017,5,2025,8252034.96,3284181.92,99722.12,98.09,645.91,98.09,86863.53,2659.26,430297.61,30.23,85.59,11635939.0
REC-000402,BIZ-0017,6,2025,6271954.79,2488602.24,75564.85,77.64,642.36,77.64,66020.58,2015.06,351786.5,30.34,78.13,8836121.88
REC-000403,BIZ-0017,7,2025,6720105.72,3085501.07,93689.3,90.0,654.0,90.0,70737.95,2498.38,383483.07,28.13,86.85,9899296.09
REC-000404,BIZ-0017,8,2025,6706301.58,2349676.76,71346.46,116.43,627.57,116.43,70592.65,1902.57,430767.04,27.15,96.68,9127324.8
REC-000405,BIZ-0017,9,2025,5282583.62,1614705.45,49029.52,55.49,664.51,55.49,55606.14,1307.45,291086.72,26.06,77.01,6946318.59
REC-000406,BIZ-0017,10,2025,5826863.66,2091388.77,63503.71,91.65,652.35,91.65,61335.41,1693.43,367646.82,25.12,93.39,7981756.14
REC-000407,BIZ-0017,11,2025,5655392.9,2386853.85,72475.32,88.95,631.05,88.95,59530.45,1932.68,359162.79,26.05,92.99,8114722.07
REC-000408,BIZ-0017,12,2025,7736025.38,1495451.08,45408.43,50.87,693.13,50.87,81431.85,1210.89,334421.53,26.69,85.51,9276884.89
REC-000409,BIZ-0018,1,2024,838346.39,21004.22,6524.98,3.17,423.04,31.73,11333.9,24.86,39222.22,26.96,80.8,865875.59
REC-000410,BIZ-0018,2,2024,853375.92,22370.45,6949.4,2.98,395.68,29.75,11492.1,26.47,39320.91,28.2,86.84,882695.77
REC-000411,BIZ-0018,3,2024,1270542.19,34452.09,10702.57,6.45,390.26,64.51,15883.33,40.77,48340.36,29.94,83.63,1315696.85
REC-000412,BIZ-0018,4,2024,1027613.61,19412.18,6030.41,3.27,407.35,32.75,13326.19,22.97,42281.71,30.54,73.88,1053056.2
REC-000413,BIZ-0018,5,2024,1007431.28,33985.66,10557.68,4.28,411.96,42.81,13113.74,40.22,42667.36,30.78,77.47,1051974.62
REC-000414,BIZ-0018,6,2024,963698.28,21504.72,6680.46,3.71,403.01,37.09,12653.39,25.45,41576.13,30.62,56.63,991883.46
REC-000415,BIZ-0018,7,2024,951011.67,49405.11,15347.74,6.29,391.84,62.93,12519.85,58.47,43184.74,28.86,81.19,1015764.52
REC-000416,BIZ-0018,8,2024,923474.18,28379.77,8816.2,3.85,416.25,38.52,12229.98,33.59,41041.48,28.44,87.09,960670.15
REC-000417,BIZ-0018,9,2024,1089869.44,24034.75,7466.42,5.22,387.88,52.22,13981.51,28.44,44627.95,27.41,65.59,1121370.61
REC-000418,BIZ-0018,10,2024,1004310.37,29986.24,9315.25,4.68,407.97,46.8,13080.89,35.49,42897.38,25.7,85.14,1043611.86
REC-000419,BIZ-0018,11,2024,1083613.14,20190.09,6272.07,2.8,412.15,27.95,13915.65,23.89,42830.17,25.2,56.85,1110075.3
REC-000420,BIZ-0018,12,2024,1048071.39,25087.91,7793.58,5.06,404.18,50.59,13541.53,29.69,43853.61,25.6,80.76,1080952.88
REC-000421,BIZ-0018,1,2025,750872.66,11757.09,3652.35,2.65,428.28,26.49,10413.12,13.91,37473.86,27.65,61.62,766282.1
REC-000422,BIZ-0018,2,2025,900069.19,27084.55,8413.84,4.59,364.87,45.89,11983.61,32.05,41187.71,27.66,61.57,935567.58
REC-000423,BIZ-0018,3,2025,918726.07,28713.19,8919.78,4.7,407.77,47.0,12180.0,33.98,41559.68,30.27,77.48,956359.04
REC-000424,BIZ-0018,4,2025,1064258.17,31437.72,9766.16,4.05,399.61,40.49,13711.92,37.2,43402.26,31.27,70.66,1105462.05
REC-000425,BIZ-0018,5,2025,852748.99,11634.75,3614.35,2.62,428.53,26.24,11485.51,13.77,39064.73,29.92,82.42,867998.09
REC-000426,BIZ-0018,6,2025,924040.43,18096.05,5621.55,3.5,405.14,34.96,12235.94,21.42,40801.17,31.01,80.73,947758.03
REC-000427,BIZ-0018,7,2025,1033242.58,53115.25,16500.3,6.39,390.86,63.91,13385.44,62.86,44551.74,28.55,76.5,1102858.13
REC-000428,BIZ-0018,8,2025,820401.66,24951.84,7751.31,3.28,421.98,32.79,11145.01,29.53,39013.09,28.44,70.65,853104.81
REC-000429,BIZ-0018,9,2025,1236242.6,41218.81,12804.66,5.71,383.03,57.07,15522.28,48.78,47278.55,26.09,75.08,1290266.07
REC-000430,BIZ-0018,10,2025,1231189.27,23498.28,7299.76,4.57,409.12,45.65,15469.09,27.81,46399.47,25.3,84.55,1261987.31
REC-000431,BIZ-0018,11,2025,1064752.53,21834.32,6782.85,5.13,388.8,51.3,13717.12,25.84,44166.82,25.03,72.18,1093369.7
REC-000432,BIZ-0018,12,2025,1234932.04,33847.27,10514.69,5.03,404.5,50.27,15508.48,40.06,46781.32,27.03,86.89,1279294.0
REC-000433,BIZ-0019,1,2024,1758870.94,568068.79,17249.05,25.74,670.46,73.54,33500.03,459.97,193330.17,26.23,89.79,2344188.78
REC-000434,BIZ-0019,2,2024,1878466.29,1165813.96,35399.21,40.83,579.35,116.65,34758.93,943.98,223009.34,27.58,79.2,3079679.46
REC-000435,BIZ-0019,3,2024,1444614.84,606645.7,18420.42,18.89,690.03,53.97,30192.07,491.21,174387.91,28.5,85.45,2069680.96
REC-000436,BIZ-0019,4,2024,1674819.84,371060.83,11267.03,20.93,660.2,59.8,32615.28,300.45,182901.46,30.91,82.51,2057147.7
REC-000437,BIZ-0019,5,2024,2394030.62,823150.43,24994.45,27.41,665.68,78.32,40185.92,666.52,209714.66,30.49,79.69,3242175.5
REC-000438,BIZ-0019,6,2024,2463726.19,767490.54,23304.37,25.91,645.98,74.02,40919.56,621.45,208472.79,30.36,97.86,3254521.1
REC-000439,BIZ-0019,7,2024,1858334.44,952369.86,28918.11,40.55,628.15,115.85,34547.02,771.15,222077.49,29.7,88.6,2839622.41
REC-000440,BIZ-0019,8,2024,1853022.79,697416.45,21176.61,31.18,654.92,89.08,34491.1,564.71,205100.94,27.52,76.42,2571615.85
REC-000441,BIZ-0019,9,2024,2085859.95,1031638.44,31325.05,31.2,630.87,89.13,36942.02,835.33,210037.34,26.68,91.26,3148823.44
REC-000442,BIZ-0019,10,2024,2035222.57,485321.96,14736.5,22.95,678.44,65.56,36409.0,392.97,194119.37,26.91,95.39,2535281.03
REC-000443,BIZ-0019,11,2024,2205139.15,729396.67,22147.67,26.61,643.98,76.02,38197.59,590.6,204286.38,26.39,82.93,2956683.49
REC-000444,BIZ-0019,12,2024,1098106.01,902846.52,27414.37,33.04,649.59,94.41,26544.61,731.05,192566.12,25.75,75.06,2028366.9
REC-000445,BIZ-0019,1,2025,1345829.78,593840.32,18031.59,20.44,685.61,58.39,29152.23,480.84,175088.34,27.04,84.28,1957701.69
REC-000446,BIZ-0019,2,2025,2188684.23,730086.92,22168.63,21.19,611.45,60.55,38024.38,591.16,194198.09,28.07,82.74,2940939.78
REC-000447,BIZ-0019,3,2025,2443052.14,823721.08,25011.77,41.67,624.93,119.07,40701.94,666.98,236415.11,28.87,97.67,3291784.99
REC-000448,BIZ-0019,4,2025,1315363.97,881032.29,26751.99,25.65,646.72,73.28,28831.54,713.39,183832.03,31.03,76.69,2223148.25
REC-000449,BIZ-0019,5,2025,1708494.94,693934.63,21070.89,22.63,679.34,64.66,32969.76,561.89,186673.28,30.05,73.51,2423500.46
REC-000450,BIZ-0019,6,2025,2184483.72,714780.75,21703.87,36.6,615.42,104.58,37980.17,578.77,221847.41,30.35,76.12,2920968.34
REC-000451,BIZ-0019,7,2025,1705075.62,507161.14,15399.63,29.2,660.58,83.42,32933.76,410.66,198420.88,29.09,83.16,2227636.39
REC-000452,BIZ-0019,8,2025,2379325.26,1195417.82,36298.11,39.35,631.56,112.44,40031.13,967.95,230899.74,28.08,91.0,3611041.19
REC-000453,BIZ-0019,9,2025,1018024.85,752109.23,22837.32,35.47,618.65,101.35,25701.65,609.0,195255.21,26.82,72.47,1792971.4
REC-000454,BIZ-0019,10,2025,1197577.64,673682.21,20455.94,29.83,658.77,85.23,27591.68,545.49,188880.5,26.74,80.11,1891715.79
REC-000455,BIZ-0019,11,2025,2176407.06,753618.62,22883.16,28.67,638.09,81.91,37895.15,610.22,207396.65,24.46,73.19,2952908.84
REC-000456,BIZ-0019,12,2025,1957065.28,717110.65,21774.61,20.78,684.63,59.37,35586.29,580.66,188572.69,25.89,83.28,2695950.54
REC-000457,BIZ-0020,1,2024,364659.53,352678.04,109559.75,46.07,257.21,65.81,3838.52,417.37,58004.8,26.73,79.75,826897.32
REC-000458,BIZ-0020,2,2024,476887.32,104280.4,32394.8,24.15,267.68,34.5,5019.87,123.41,44436.54,26.85,62.4,613562.52
REC-000459,BIZ-0020,3,2024,434028.21,246654.13,76623.33,42.45,262.37,60.65,4568.72,291.9,56569.48,29.26,59.06,757305.67
REC-000460,BIZ-0020,4,2024,453840.66,160318.41,49803.06,36.21,260.87,51.73,4777.27,189.73,52511.93,30.5,80.45,663962.13
REC-000461,BIZ-0020,5,2024,353343.09,129046.13,40088.29,21.15,292.81,30.21,3719.4,152.72,40382.27,29.56,82.59,522477.51
REC-000462,BIZ-0020,6,2024,438400.41,170742.38,53041.27,23.97,278.35,34.25,4614.74,202.06,43703.27,29.26,63.34,662184.06
REC-000463,BIZ-0020,7,2024,342729.85,232358.93,72182.51,33.89,274.61,48.41,3607.68,274.98,49134.34,28.07,68.89,647271.29
REC-000464,BIZ-0020,8,2024,474684.26,229750.38,71372.16,33.61,275.0,48.02,4996.68,271.89,51025.46,28.48,68.82,775806.8
REC-000465,BIZ-0020,9,2024,422154.47,275562.35,85603.69,36.68,260.19,52.41,4443.73,326.11,52344.09,26.23,80.9,783320.51
REC-000466,BIZ-0020,10,2024,405851.35,149074.28,46310.06,30.41,279.58,43.44,4272.12,176.42,47693.3,26.63,87.11,601235.69
REC-000467,BIZ-0020,11,2024,459916.53,170247.98,52887.69,32.64,265.97,46.63,4841.23,201.48,50110.48,25.62,85.04,683052.2
REC-000468,BIZ-0020,12,2024,332466.76,224638.62,69784.19,35.59,272.18,50.84,3499.65,265.84,50159.54,24.67,57.94,626889.57
REC-000469,BIZ-0020,1,2025,350534.34,324262.89,100732.55,40.29,265.46,57.56,3689.84,383.74,53739.61,27.83,80.72,775529.78
REC-000470,BIZ-0020,2,2025,488780.07,114552.45,35585.82,25.82,254.87,36.89,5145.05,135.57,45791.54,28.35,70.07,638918.34
REC-000471,BIZ-0020,3,2025,496011.57,204360.23,63484.69,28.85,281.81,41.21,5221.17,241.85,48024.49,30.0,83.85,763856.49
REC-000472,BIZ-0020,4,2025,459388.66,194285.43,60354.94,45.54,247.54,65.06,4835.67,229.92,59134.44,29.99,58.82,714029.03
REC-000473,BIZ-0020,5,2025,394629.93,377308.64,117211.26,45.68,257.77,65.25,4154.0,446.52,58205.33,29.63,76.36,889149.83
REC-000474,BIZ-0020,6,2025,405403.97,133158.18,41365.71,28.3,272.18,40.42,4267.41,157.58,46208.15,29.61,79.19,579927.86
REC-000475,BIZ-0020,7,2025,468607.88,245026.34,76117.65,39.23,266.97,56.05,4932.71,289.97,54861.42,29.01,70.07,789751.87
REC-000476,BIZ-0020,8,2025,369841.16,158092.88,49111.69,21.67,292.06,30.96,3893.06,187.09,41011.48,27.81,84.24,577045.73
REC-000477,BIZ-0020,9,2025,357626.69,289433.54,89912.79,46.2,246.59,66.01,3764.49,342.52,57989.29,27.91,82.86,736973.02
REC-000478,BIZ-0020,10,2025,426418.54,286232.89,88918.5,42.04,262.96,60.06,4488.62,338.74,56163.5,26.0,69.46,801569.93
REC-000479,BIZ-0020,11,2025,465233.45,285670.78,88743.88,45.59,247.47,65.13,4897.19,338.07,59259.16,26.37,84.04,839648.11
REC-000480,BIZ-0020,12,2025,416653.12,136314.77,42346.3,19.5,295.17,27.85,4385.82,161.32,40225.29,25.81,84.29,595314.19
REC-000481,BIZ-0021,1,2024,145276.15,42578.32,13226.99,5.85,364.38,58.46,5600.82,50.39,32493.65,25.58,83.65,201081.46
REC-000482,BIZ-0021,2,2024,223808.0,34493.96,10715.58,4.84,347.2,48.36,6427.47,40.82,33026.37,27.34,86.54,269017.54
REC-000483,BIZ-0021,3,2024,172021.48,32817.01,10194.63,4.67,376.15,46.69,5882.35,38.84,32091.61,29.53,69.28,215033.12
REC-000484,BIZ-0021,4,2024,181208.39,44391.95,13790.4,6.51,344.06,65.14,5979.06,52.53,33528.58,30.5,59.91,239390.74
REC-000485,BIZ-0021,5,2024,151652.56,29146.13,9054.27,4.61,376.72,46.12,5667.94,34.49,31730.17,29.33,85.83,189852.96
REC-000486,BIZ-0021,6,2024,103296.21,21541.6,6691.92,3.99,369.31,39.89,5158.93,25.49,30530.71,29.36,79.8,131529.73
REC-000487,BIZ-0021,7,2024,105196.61,28154.97,8746.37,6.18,361.07,61.77,5178.93,33.32,32092.27,29.27,73.17,142097.95
REC-000488,BIZ-0021,8,2024,40643.47,26373.08,8192.82,4.74,375.41,47.43,4499.43,31.21,30069.28,27.87,73.91,75209.37
REC-000489,BIZ-0021,9,2024,33352.72,18886.22,5867.02,4.32,366.05,43.15,4422.68,22.35,29654.86,27.9,79.59,58105.96
REC-000490,BIZ-0021,10,2024,199119.37,47283.57,14688.68,6.83,354.5,68.34,6167.59,55.96,34035.38,25.95,82.25,261091.62
REC-000491,BIZ-0021,11,2024,156049.4,25792.88,8012.58,4.55,363.67,45.53,5714.23,30.52,31758.39,26.44,73.56,189854.86
REC-000492,BIZ-0021,12,2024,209603.94,29823.61,9264.73,3.99,382.9,39.94,6277.96,35.29,32212.65,26.62,81.95,248692.28
REC-000493,BIZ-0021,1,2025,103922.22,21033.78,6534.16,4.54,377.48,45.36,5165.52,24.89,30923.75,26.99,78.65,131490.16
REC-000494,BIZ-0021,2,2025,69626.27,40696.0,12642.25,5.35,328.41,53.51,4804.51,48.16,30952.79,28.38,55.07,122964.52
REC-000495,BIZ-0021,3,2025,41597.2,41212.31,12802.64,6.54,357.48,65.36,4509.47,48.77,31339.36,29.36,67.34,95612.15
REC-000496,BIZ-0021,4,2025,129459.76,18413.81,5720.27,3.64,372.76,36.44,5434.33,21.79,30702.51,30.94,79.5,153593.84
REC-000497,BIZ-0021,5,2025,86791.29,31240.0,9704.73,6.21,360.74,62.1,4985.19,36.97,31825.13,29.59,83.12,127736.02
REC-000498,BIZ-0021,6,2025,47410.21,37793.72,11740.65,5.35,355.7,53.5,4570.65,44.73,30600.69,29.78,79.99,96944.58
REC-000499,BIZ-0021,7,2025,134034.99,32741.68,10171.23,5.15,371.32,51.52,5482.49,38.75,31830.09,28.35,84.43,176947.9
REC-000500,BIZ-0021,8,2025,147466.03,30204.67,9383.11,4.99,372.94,49.9,5623.87,35.75,31928.47,29.11,55.14,187053.81
REC-000501,BIZ-0021,9,2025,202461.2,47146.43,14646.08,6.6,343.24,65.96,6202.77,55.79,33921.23,26.95,85.5,264253.71
REC-000502,BIZ-0021,10,2025,54220.48,37043.9,11507.72,5.46,368.25,54.59,4642.34,43.84,30784.71,25.05,81.9,102772.1
REC-000503,BIZ-0021,11,2025,123550.02,37473.97,11641.32,5.24,356.8,52.4,5372.13,44.35,31726.52,25.07,84.09,172665.31
REC-000504,BIZ-0021,12,2025,84437.95,29157.35,9057.76,3.82,384.6,38.24,4960.42,34.51,30117.28,25.23,68.13,122653.06
REC-000505,BIZ-0022,1,2024,8281806.07,2286269.03,69421.12,53.1,457.34,75.86,102005.31,1851.23,471838.63,25.88,76.09,10637496.22
REC-000506,BIZ-0022,2,2024,7342012.49,1521373.36,46195.55,55.13,420.05,78.75,92112.74,1231.88,451557.95,28.11,65.99,8909581.4
REC-000507,BIZ-0022,3,2024,7537645.68,1865540.47,56645.97,73.14,428.72,104.48,94172.04,1510.56,496334.57,28.55,80.0,9459832.12
REC-000508,BIZ-0022,4,2024,5536722.39,2071983.48,62914.48,54.58,438.03,77.97,73109.69,1677.72,402854.8,30.67,89.13,7671620.35
REC-000509,BIZ-0022,5,2024,7249450.67,2574160.6,78162.77,56.56,452.4,80.8,91138.41,2084.34,452272.53,31.0,81.63,9901774.04
REC-000510,BIZ-0022,6,2024,8702589.04,2377878.05,72202.77,54.16,438.63,77.37,106434.6,1925.41,485241.22,30.67,78.6,11152669.86
REC-000511,BIZ-0022,7,2024,4436569.36,1098471.59,33354.4,46.66,466.54,66.66,61529.13,889.45,356480.65,29.06,55.45,5568395.35
REC-000512,BIZ-0022,8,2024,7498726.6,2979891.92,90482.55,76.19,424.35,108.85,93762.36,2412.87,502030.7,26.94,64.34,10569101.07
REC-000513,BIZ-0022,9,2024,7294956.04,1352543.31,41069.13,38.0,461.72,54.28,91617.41,1095.18,412634.82,25.9,57.17,8688568.48
REC-000514,BIZ-0022,10,2024,6922353.44,2206260.93,66991.73,61.1,445.91,87.29,87695.28,1786.45,453659.9,25.5,70.84,9195606.1
REC-000515,BIZ-0022,11,2024,6059824.17,2222799.92,67493.92,53.04,440.24,75.76,78616.02,1799.84,413217.48,24.84,77.65,8350118.01
REC-000516,BIZ-0022,12,2024,4530040.53,1518566.28,46110.31,46.7,466.49,66.71,62513.04,1229.61,359017.2,26.31,79.25,6094717.12
REC-000517,BIZ-0022,1,2025,8729155.58,1243792.67,37766.98,30.64,489.43,43.77,106714.25,1007.12,434185.5,27.44,78.98,10010715.23
REC-000518,BIZ-0022,2,2025,8431682.54,1381993.67,41963.37,49.71,410.59,71.01,103582.95,1119.02,468319.67,27.29,85.41,9855639.58
REC-000519,BIZ-0022,3,2025,6151469.63,2299929.63,69835.92,56.83,452.01,81.19,79580.71,1862.29,423979.72,29.57,79.83,8521235.18
REC-000520,BIZ-0022,4,2025,5337245.06,2325689.48,70618.1,49.99,444.58,71.42,71009.93,1883.15,387507.07,29.44,80.37,7733552.64
REC-000521,BIZ-0022,5,2025,8101496.78,786420.94,23879.18,33.85,484.85,48.35,100107.31,636.78,424734.62,29.48,88.69,8911796.9
REC-000522,BIZ-0022,6,2025,4884737.55,1553662.29,47175.98,69.45,416.78,99.22,66246.69,1258.03,418417.06,29.63,64.25,6485575.82
REC-000523,BIZ-0022,7,2025,4733077.55,2717614.32,82518.65,73.5,428.2,105.0,64650.27,2200.5,423331.8,29.17,87.81,7533210.52
REC-000524,BIZ-0022,8,2025,8183203.78,1784691.21,54191.03,42.76,472.12,61.08,100967.39,1445.09,446482.96,28.66,76.89,10022086.02
REC-000525,BIZ-0022,9,2025,6977028.84,2465124.55,74851.96,53.74,439.22,76.78,88270.81,1996.05,438914.61,26.87,57.55,9517005.35
REC-000526,BIZ-0022,10,2025,5107325.42,1758166.13,53385.61,54.61,455.18,78.02,68589.72,1423.62,391618.34,25.88,82.52,6918877.16
REC-000527,BIZ-0022,11,2025,7525875.38,1303729.13,39586.92,44.22,452.83,63.17,94048.14,1055.65,432409.32,25.14,85.92,8869191.43
REC-000528,BIZ-0022,12,2025,6427900.04,2265047.9,68776.76,55.51,453.91,79.29,82490.51,1834.05,428338.14,26.92,76.64,8761724.7
REC-000529,BIZ-0023,1,2024,798098.81,219324.22,31633.3,16.88,612.7,48.22,8401.04,210.89,56114.11,27.11,65.79,1049056.33
REC-000530,BIZ-0023,2,2024,715825.5,325112.74,46891.26,29.3,534.57,83.71,7535.01,312.61,66876.02,29.0,70.05,1087829.5
REC-000531,BIZ-0023,3,2024,794666.38,222581.78,32103.14,26.19,586.1,74.82,8364.91,214.02,64915.09,29.96,65.74,1049351.3
REC-000532,BIZ-0023,4,2024,948907.2,261518.69,37719.04,22.04,576.62,62.98,9988.5,251.46,62927.2,30.21,87.43,1248144.93
REC-000533,BIZ-0023,5,2024,862805.95,124773.17,17996.13,13.84,621.39,39.53,9082.17,119.97,54041.99,30.01,83.5,1005575.25
REC-000534,BIZ-0023,6,2024,974367.21,239646.02,34564.33,24.32,570.12,69.48,10256.5,230.43,65410.34,31.3,87.52,1248577.56
REC-000535,BIZ-0023,7,2024,948676.08,278169.15,40120.55,28.34,579.96,80.96,9986.06,267.47,68903.0,29.56,69.03,1266965.78
REC-000536,BIZ-0023,8,2024,1019682.27,294283.13,42444.68,20.63,601.98,58.94,10733.5,282.96,62477.11,28.79,91.0,1356410.08
REC-000537,BIZ-0023,9,2024,728664.72,223918.46,32295.93,26.05,565.17,74.43,7670.15,215.31,63951.41,25.72,84.64,984879.11
REC-000538,BIZ-0023,10,2024,771039.94,194584.84,28065.12,13.61,622.05,38.87,8116.21,187.1,52665.16,24.81,67.87,993689.9
REC-000539,BIZ-0023,11,2024,858818.99,212846.91,30699.07,20.04,582.36,57.24,9040.2,204.66,59882.08,26.49,75.45,1102364.97
REC-000540,BIZ-0023,12,2024,682645.73,229303.74,33072.65,26.12,586.3,74.62,7185.74,220.48,63432.62,25.57,65.9,945022.12
REC-000541,BIZ-0023,1,2025,962106.92,229258.51,33066.13,19.14,606.25,54.67,10127.44,220.44,60331.87,27.34,63.5,1224431.56
REC-000542,BIZ-0023,2,2025,938495.15,266209.8,38395.64,17.67,546.48,50.48,9878.9,255.97,58640.43,27.5,84.63,1243100.59
REC-000543,BIZ-0023,3,2025,753689.35,151381.03,21833.8,15.26,617.32,43.6,7933.57,145.56,54016.55,28.97,89.13,926904.18
REC-000544,BIZ-0023,4,2025,1088401.04,231918.3,33449.76,17.93,588.38,51.22,11456.85,223.0,60780.14,30.76,88.29,1353769.1
REC-000545,BIZ-0023,5,2025,1127895.54,377322.62,54421.53,28.94,578.23,82.69,11872.58,362.81,71742.41,30.02,91.27,1559639.69
REC-000546,BIZ-0023,6,2025,1024458.33,129115.38,18622.41,14.97,596.82,42.78,10783.77,124.15,57163.4,31.26,62.37,1172196.12
REC-000547,BIZ-0023,7,2025,914251.83,136792.3,19729.66,13.89,621.24,39.68,9623.7,131.53,54742.7,29.42,75.0,1070773.79
REC-000548,BIZ-0023,8,2025,807754.7,430961.14,62157.86,29.68,576.11,84.81,8502.68,414.39,68402.39,28.58,85.96,1300873.7
REC-000549,BIZ-0023,9,2025,896551.77,156681.0,22598.22,17.12,590.7,48.9,9437.39,150.65,57584.38,25.89,68.07,1075830.99
REC-000550,BIZ-0023,10,2025,731214.03,414708.41,59813.71,26.71,584.61,76.31,7696.99,398.76,64608.56,26.25,80.72,1205736.15
REC-000551,BIZ-0023,11,2025,743466.95,255450.65,36843.84,25.18,567.66,71.94,7825.97,245.63,63312.11,25.62,83.27,1035761.44
REC-000552,BIZ-0023,12,2025,1051900.28,252583.34,36430.29,19.12,606.28,54.64,11072.63,242.87,61455.83,25.11,81.16,1340913.91
REC-000553,BIZ-0024,1,2024,3023955.25,1008085.8,30609.89,29.45,400.3,53.54,31831.11,816.26,244367.1,26.11,64.98,4062650.94
REC-000554,BIZ-0024,2,2024,4633952.36,1009670.36,30658.01,27.87,373.89,50.67,48778.45,817.55,283253.97,27.59,78.08,5674280.73
REC-000555,BIZ-0024,3,2024,3571500.08,1418064.26,43058.63,34.06,391.91,61.93,37594.74,1148.23,268916.14,29.99,88.55,5032622.97
REC-000556,BIZ-0024,4,2024,3749724.16,1398328.43,42459.37,35.84,374.04,65.16,39470.78,1132.25,277525.42,30.67,77.43,5190511.96
REC-000557,BIZ-0024,5,2024,4066397.07,1775551.72,53913.51,51.83,359.61,94.23,42804.18,1437.69,321033.21,30.1,71.8,5895862.3
REC-000558,BIZ-0024,6,2024,3218005.33,1398853.97,42475.32,32.8,379.56,59.64,33873.74,1132.68,256852.52,29.23,77.59,4659334.62
REC-000559,BIZ-0024,7,2024,4619144.28,1854098.43,56298.54,46.12,369.98,83.86,48622.57,1501.29,323031.05,30.19,61.88,6529541.25
REC-000560,BIZ-0024,8,2024,4627271.47,1946503.03,59104.34,53.29,356.96,96.88,48708.12,1576.12,339001.11,28.94,84.74,6632878.84
REC-000561,BIZ-0024,9,2024,2924812.77,1419461.04,43101.04,32.03,380.96,58.24,30787.5,1149.36,247442.96,27.4,62.45,4387374.85
REC-000562,BIZ-0024,10,2024,3332959.52,1642114.6,49861.78,37.11,386.37,67.47,35083.78,1329.65,269354.07,25.93,77.89,5024935.9
REC-000563,BIZ-0024,11,2024,3367831.01,1010308.72,30677.39,41.29,364.12,75.08,35450.85,818.06,279472.26,25.72,85.0,4408817.12
REC-000564,BIZ-0024,12,2024,3309572.09,2747724.07,83432.92,59.11,346.36,107.48,34837.6,2224.88,317144.82,25.51,55.37,6140729.08
REC-000565,BIZ-0024,1,2025,3349025.09,1018843.44,30936.54,28.13,402.69,51.15,35252.9,824.97,250018.38,27.19,81.5,4398805.07
REC-000566,BIZ-0024,2,2025,3409482.38,2279657.1,69220.36,50.18,318.68,91.24,35889.29,1845.88,300124.0,28.16,85.53,5758359.84
REC-000567,BIZ-0024,3,2025,3577005.59,901307.15,27367.63,32.18,395.34,58.5,37652.69,729.8,264922.77,28.15,81.65,4505680.37
REC-000568,BIZ-0024,4,2025,4943575.85,1658757.61,50367.13,36.94,372.03,67.17,52037.64,1343.12,311365.59,30.57,73.13,6652700.59
REC-000569,BIZ-0024,5,2025,4407553.65,1198720.68,36398.4,25.97,406.61,47.23,46395.3,970.62,273131.41,31.42,56.4,5642672.73
REC-000570,BIZ-0024,6,2025,4694061.12,1607840.01,48821.05,44.28,358.7,80.5,49411.17,1301.89,320938.01,30.49,64.57,6350722.18
REC-000571,BIZ-0024,7,2025,4301913.43,1366594.95,41495.8,56.58,350.96,102.88,45283.3,1106.55,337688.04,28.95,68.25,5710004.18
REC-000572,BIZ-0024,8,2025,3626821.22,1595889.33,48458.18,37.62,385.43,68.41,38177.07,1292.22,278217.5,27.4,89.04,5271168.73
REC-000573,BIZ-0024,9,2025,5166728.15,979538.02,29743.06,22.25,398.74,40.46,54386.61,793.15,284925.35,26.38,82.74,6176009.23
REC-000574,BIZ-0024,10,2025,4018704.39,851152.43,25844.71,32.81,394.18,59.66,42302.15,689.19,277939.94,25.69,63.05,4895701.53
REC-000575,BIZ-0024,11,2025,4898879.45,1540835.32,46786.5,47.45,352.92,86.28,51567.15,1247.64,333313.87,24.68,76.07,6486501.27
REC-000576,BIZ-0024,12,2025,4328758.62,1489188.56,45218.28,40.44,380.31,73.53,45565.88,1205.82,302887.79,25.43,58.97,5863165.46
REC-000577,BIZ-0025,1,2024,220409.4,70168.43,17349.34,9.01,292.93,25.75,7490.9,77.11,28950.52,27.1,73.15,307927.17
REC-000578,BIZ-0025,2,2024,538776.89,50833.12,12568.63,9.31,271.51,26.61,10842.14,55.86,31795.93,27.12,76.4,602178.64
REC-000579,BIZ-0025,3,2024,320000.65,178824.29,44214.8,22.27,255.06,63.62,8539.23,196.51,37077.46,30.26,76.53,543039.74
REC-000580,BIZ-0025,4,2024,550938.35,125654.28,31068.37,21.92,245.77,62.63,10970.15,138.08,38831.71,31.07,83.3,707661.0
REC-000581,BIZ-0025,5,2024,356931.38,71018.45,17559.51,10.45,288.81,29.87,8927.97,78.04,30892.62,30.76,75.09,445509.34
REC-000582,BIZ-0025,6,2024,496190.96,123409.49,30513.34,16.82,260.36,48.04,10393.86,135.61,35563.66,29.31,78.64,650113.79
REC-000583,BIZ-0025,7,2024,575147.33,80761.81,19968.58,16.4,271.84,46.84,11224.98,88.75,35997.46,28.45,81.94,675877.72
REC-000584,BIZ-0025,8,2024,0.0,144939.06,35836.58,15.23,275.16,43.52,3575.68,159.27,29238.53,27.71,28.9,180775.64
REC-000585,BIZ-0025,9,2024,428399.35,92780.2,22940.16,9.79,280.42,27.98,9680.27,101.96,31131.13,27.19,86.45,544119.71
REC-000586,BIZ-0025,10,2024,395896.69,95358.88,23577.74,18.85,264.82,53.86,9338.13,104.79,35838.03,26.07,88.09,514833.31
REC-000587,BIZ-0025,11,2024,401810.23,67873.02,16781.79,7.02,288.35,20.05,9400.38,74.59,29380.7,25.88,88.86,486465.04
REC-000588,BIZ-0025,12,2024,0.0,173690.03,42945.34,20.78,259.31,59.37,4787.63,190.87,33258.27,26.26,33.21,216635.37
REC-000589,BIZ-0025,1,2025,376193.52,123501.63,30536.12,19.11,264.09,54.59,9130.73,135.72,35813.2,26.58,90.03,530231.27
REC-000590,BIZ-0025,2,2025,557156.95,110478.7,27316.16,16.07,241.91,45.93,11035.61,121.41,35669.13,28.73,89.05,694951.81
REC-000591,BIZ-0025,3,2025,578932.12,65035.74,16080.26,8.32,294.91,23.77,11264.82,71.47,31587.93,28.66,84.51,660048.12
REC-000592,BIZ-0025,4,2025,108751.77,85868.35,21231.19,18.71,254.94,53.46,6315.56,94.36,33344.28,30.27,68.25,215851.31
REC-000593,BIZ-0025,5,2025,307145.62,91518.39,22628.17,10.24,289.44,29.24,8403.91,100.57,30352.57,30.55,76.63,421292.18
REC-000594,BIZ-0025,6,2025,295834.91,96939.79,23968.63,16.22,262.06,46.34,8284.85,106.53,33548.65,29.95,63.41,416743.33
REC-000595,BIZ-0025,7,2025,418679.67,152014.23,37585.93,22.62,254.05,64.63,9577.95,167.05,38103.82,29.34,78.07,608279.83
REC-000596,BIZ-0025,8,2025,3806.08,74618.77,18449.7,9.81,290.64,28.04,5210.86,82.0,27566.85,27.29,34.95,96874.55
REC-000597,BIZ-0025,9,2025,428257.68,129053.46,31908.82,19.19,253.56,54.84,9678.78,141.82,36299.48,26.71,91.63,589219.96
REC-000598,BIZ-0025,10,2025,189676.28,93720.02,23172.53,10.62,288.34,30.34,7167.39,102.99,29574.31,24.97,87.64,306568.83
REC-000599,BIZ-0025,11,2025,321297.79,172928.12,42756.95,19.38,253.03,55.37,8552.88,190.03,35501.73,26.58,63.21,536982.86
REC-000600,BIZ-0025,12,2025,0.0,105314.4,26039.27,13.13,281.17,37.51,3778.09,115.73,28243.08,26.11,36.86,131353.67
REC-000601,BIZ-0026,1,2024,759529.76,153740.75,38012.82,30.56,253.38,47.01,7995.05,168.95,41202.49,27.48,86.34,951283.33
REC-000602,BIZ-0026,2,2024,785560.35,329316.52,81424.41,34.19,228.41,52.6,8269.06,361.89,43420.55,27.43,71.87,1196301.28
REC-000603,BIZ-0026,3,2024,672676.45,200304.94,49525.95,41.18,237.03,63.36,7080.8,220.12,46315.43,29.01,81.0,922507.34
REC-000604,BIZ-0026,4,2024,739411.25,122403.61,30264.63,13.31,270.22,20.48,7783.28,134.51,31548.92,30.82,65.61,892079.49
REC-000605,BIZ-0026,5,2024,636753.09,263645.63,65187.11,35.93,245.11,55.28,6702.66,289.72,43124.08,31.53,76.58,965585.83
REC-000606,BIZ-0026,6,2024,849935.94,191152.49,47262.98,23.52,254.51,36.19,8946.69,210.06,38094.67,30.64,79.69,1088351.41
REC-000607,BIZ-0026,7,2024,638992.74,202561.03,50083.77,24.68,262.42,37.97,6726.24,222.59,36956.88,30.39,62.78,891637.54
REC-000608,BIZ-0026,8,2024,303206.02,321326.25,79448.8,33.58,248.73,51.66,3191.64,353.11,39022.83,27.77,29.88,703981.07
REC-000609,BIZ-0026,9,2024,790886.05,193743.76,47903.68,30.05,244.47,46.23,8325.12,212.91,41188.02,26.87,83.24,1032533.49
REC-000610,BIZ-0026,10,2024,922013.65,177683.83,43932.82,26.3,259.93,40.46,9705.41,195.26,40230.26,26.59,67.24,1143630.3
REC-000611,BIZ-0026,11,2024,727991.67,214102.51,52937.43,29.34,245.56,45.14,7663.07,235.28,40267.43,24.31,65.6,995031.61
REC-000612,BIZ-0026,12,2024,420751.44,153763.52,38018.45,20.54,268.79,31.6,4428.96,168.97,32838.81,25.45,28.68,612533.41
REC-000613,BIZ-0026,1,2025,706907.76,172787.69,42722.23,24.03,263.42,36.97,7441.13,189.88,37169.19,27.45,68.0,922417.68
REC-000614,BIZ-0026,2,2025,853351.67,311087.27,76917.18,32.94,220.65,50.67,8982.65,341.85,43301.27,27.38,70.87,1241356.12
REC-000615,BIZ-0026,3,2025,654955.8,214256.41,52975.49,24.19,263.17,37.22,6894.27,235.45,36821.67,30.12,75.42,922187.7
REC-000616,BIZ-0026,4,2025,904847.75,162358.73,40143.64,25.06,252.14,38.56,9524.71,178.42,39404.67,29.49,82.44,1107350.12
REC-000617,BIZ-0026,5,2025,673664.71,144004.32,35605.46,21.4,267.46,32.93,7091.21,158.25,35444.74,30.59,82.43,853274.49
REC-000618,BIZ-0026,6,2025,777203.79,114129.88,28218.93,18.22,262.67,28.03,8181.09,125.42,34566.26,30.76,70.94,919552.6
REC-000619,BIZ-0026,7,2025,620228.99,335337.35,82913.08,34.83,246.81,53.58,6528.73,368.5,42376.77,28.57,78.36,1038479.42
REC-000620,BIZ-0026,8,2025,365383.28,120463.11,29784.84,20.08,269.5,30.89,3846.14,132.38,32121.0,27.26,37.61,515631.23
REC-000621,BIZ-0026,9,2025,921407.46,206111.78,50961.7,23.41,254.68,36.02,9699.03,226.5,38636.81,26.1,86.72,1178480.94
REC-000622,BIZ-0026,10,2025,905581.99,125708.84,31081.86,27.41,258.22,42.17,9532.44,138.14,40701.7,24.92,62.51,1062372.69
REC-000623,BIZ-0026,11,2025,937174.43,149638.44,36998.51,23.86,254.0,36.7,9864.99,164.44,39013.62,26.36,90.66,1123811.38
REC-000624,BIZ-0026,12,2025,452119.41,116717.51,28858.72,21.04,268.03,32.36,4759.15,128.26,33377.09,26.79,39.69,597695.64
REC-000625,BIZ-0027,1,2024,8717838.59,2114627.47,64209.34,83.26,493.08,92.51,91766.72,1712.25,512590.28,27.38,72.89,10896675.4
REC-000626,BIZ-0027,2,2024,11484461.62,1172290.39,35595.86,38.05,505.53,42.28,120889.07,949.22,485935.86,28.06,69.81,12692347.87
REC-000627,BIZ-0027,3,2024,9520897.01,1526704.82,46357.43,43.58,537.16,48.43,100219.97,1236.2,446432.95,30.11,82.16,11093959.26
REC-000628,BIZ-0027,4,2024,9835673.67,1480734.42,44961.57,59.9,500.14,66.56,103533.41,1198.98,490622.24,29.72,55.29,11361369.66
REC-000629,BIZ-0027,5,2024,8090940.39,1518148.43,46097.62,52.56,527.19,58.4,85167.79,1229.27,428550.36,30.17,85.16,9655186.44
REC-000630,BIZ-0027,6,2024,7742669.66,2043139.78,62038.66,62.71,497.02,69.68,81501.79,1654.36,441712.95,31.27,67.01,9847848.1
REC-000631,BIZ-0027,7,2024,8788332.59,2340393.96,71064.59,64.4,514.04,71.55,92508.76,1895.06,472942.95,29.86,67.78,11199791.14
REC-000632,BIZ-0027,8,2024,11276319.33,3426683.15,104049.08,81.41,495.13,90.46,118698.1,2774.64,575850.27,29.15,79.01,14807051.56
REC-000633,BIZ-0027,9,2024,7930203.22,3496875.25,106180.42,86.4,470.7,96.0,83475.82,2831.48,498774.75,26.88,84.97,11533258.89
REC-000634,BIZ-0027,10,2024,8372707.69,1969820.37,59812.36,44.47,536.18,49.41,88133.77,1595.0,418172.19,25.77,55.34,10402340.42
REC-000635,BIZ-0027,11,2024,8303296.84,1894997.82,57540.42,66.66,492.64,74.06,87403.12,1534.41,465153.37,25.81,73.69,10255835.08
REC-000636,BIZ-0027,12,2024,6785798.31,1275398.9,38726.69,46.29,534.16,51.43,71429.46,1032.71,380412.82,26.7,56.67,8099923.9
REC-000637,BIZ-0027,1,2025,7370017.42,2375046.55,72116.8,82.91,493.47,92.12,77579.13,1923.11,476348.45,26.16,84.36,9817180.77
REC-000638,BIZ-0027,2,2025,10951757.38,1868887.65,56747.6,57.68,464.83,64.09,115281.66,1513.27,515101.98,27.66,74.51,12877392.63
REC-000639,BIZ-0027,3,2025,10099019.54,2769364.94,84090.03,72.34,505.21,80.38,106305.47,2242.4,524915.6,28.89,78.79,12952474.51
REC-000640,BIZ-0027,4,2025,8752577.29,1967673.07,59747.16,56.48,503.94,62.76,92132.39,1593.26,454588.5,30.26,89.28,10779997.52
REC-000641,BIZ-0027,5,2025,7244499.15,2514925.48,76364.13,74.66,502.63,82.96,76257.89,2036.38,454898.51,31.16,70.64,9835788.76
REC-000642,BIZ-0027,6,2025,10786808.98,3085308.16,93683.45,94.5,461.7,105.0,113545.36,2498.23,591762.73,31.26,85.39,13965800.59
REC-000643,BIZ-0027,7,2025,11488664.5,1258929.63,38226.61,40.98,540.05,45.54,120933.31,1019.38,492498.19,29.52,69.17,12785820.74
REC-000644,BIZ-0027,8,2025,10527405.56,2372289.04,72033.07,74.14,503.21,82.38,110814.8,1920.88,540143.35,27.55,77.86,12971727.67
REC-000645,BIZ-0027,9,2025,11910692.25,2917181.24,88578.38,83.12,474.35,92.35,125375.71,2362.09,596297.59,27.68,82.33,14916451.87
REC-000646,BIZ-0027,10,2025,10726099.51,1229680.14,37338.47,43.88,536.84,48.75,112906.31,995.69,478796.31,25.72,60.86,11993118.12
REC-000647,BIZ-0027,11,2025,10840419.32,1578336.25,47925.19,49.27,511.96,54.74,114109.68,1278.01,493659.4,24.9,81.04,12466680.76
REC-000648,BIZ-0027,12,2025,9527753.08,1625747.92,49364.82,39.39,541.82,43.77,100292.14,1316.4,437390.55,24.86,87.79,11202865.82
REC-000649,BIZ-0028,1,2024,789693.28,155718.79,38501.9,31.08,308.69,47.81,8312.56,171.12,41743.77,26.81,91.87,983913.97
REC-000650,BIZ-0028,2,2024,821647.92,240973.08,59581.26,34.57,280.31,53.19,8648.93,264.81,43935.17,29.04,72.48,1122202.26
REC-000651,BIZ-0028,3,2024,795175.99,91160.74,22539.74,14.03,334.92,21.58,8370.27,100.18,32411.77,28.35,76.86,908876.47
REC-000652,BIZ-0028,4,2024,1014498.19,371438.22,91839.12,38.47,285.81,59.19,10678.93,408.17,47703.72,31.16,87.66,1477775.53
REC-000653,BIZ-0028,5,2024,1205798.19,223746.06,55321.83,28.77,312.23,44.27,12692.61,245.87,43979.88,30.62,64.32,1484866.08
REC-000654,BIZ-0028,6,2024,1232648.19,206896.83,51155.81,25.72,305.43,39.57,12975.24,227.36,42527.89,30.06,83.97,1490700.83
REC-000655,BIZ-0028,7,2024,1012608.83,98982.94,24473.8,19.64,326.28,30.22,10659.04,108.77,37331.16,29.33,89.09,1136065.57
REC-000656,BIZ-0028,8,2024,442940.49,98582.05,24374.68,13.31,336.02,20.48,4662.53,108.33,29049.84,27.54,32.94,565897.22
REC-000657,BIZ-0028,9,2024,825680.41,237958.31,58835.85,28.65,300.92,44.08,8691.37,261.49,40711.5,27.37,64.36,1122474.57
REC-000658,BIZ-0028,10,2024,883893.64,315318.74,77963.42,35.4,302.04,54.46,9304.14,346.5,44914.24,25.82,84.18,1277175.8
REC-000659,BIZ-0028,11,2024,1029666.39,173429.26,42880.86,18.52,316.51,28.49,10838.59,190.58,36854.51,25.73,85.5,1245976.51
REC-000660,BIZ-0028,12,2024,614161.77,289392.15,71553.0,31.9,307.43,49.07,6464.86,318.01,40714.27,25.68,30.6,975106.92
REC-000661,BIZ-0028,1,2025,1001858.83,250686.23,61982.86,28.11,313.25,43.25,10545.88,275.48,41897.67,26.08,62.53,1314527.92
REC-000662,BIZ-0028,2,2025,864934.72,238298.05,58919.85,31.97,272.82,49.18,9104.58,261.87,42865.71,28.27,82.21,1162152.62
REC-000663,BIZ-0028,3,2025,715997.03,87573.97,21652.9,17.0,330.35,26.15,7536.81,96.24,33377.39,28.7,66.02,825223.9
REC-000664,BIZ-0028,4,2025,1098766.49,172582.14,42671.41,27.39,302.86,42.14,11565.96,189.65,42317.76,30.06,74.49,1314020.04
REC-000665,BIZ-0028,5,2025,750055.32,252388.35,62403.71,41.44,292.75,63.75,7895.32,277.35,47108.66,29.67,91.03,1064847.38
REC-000666,BIZ-0028,6,2025,703390.9,72411.37,17903.91,15.64,320.94,24.06,7404.11,79.57,32524.34,29.27,74.03,793706.18
REC-000667,BIZ-0028,7,2025,1129817.3,181403.84,44852.6,27.58,314.07,42.43,11892.81,199.34,42682.19,28.57,73.45,1356073.74
REC-000668,BIZ-0028,8,2025,412790.66,186922.25,46217.04,34.95,302.72,53.78,4345.16,205.41,40700.92,28.47,27.46,645929.95
REC-000669,BIZ-0028,9,2025,988017.13,172873.88,42743.54,18.31,316.83,28.17,10400.18,189.97,36391.69,26.19,72.56,1203634.55
REC-000670,BIZ-0028,10,2025,694946.64,350824.13,86742.23,41.51,292.64,63.86,7315.23,385.52,46681.04,25.24,72.21,1132513.0
REC-000671,BIZ-0028,11,2025,871551.26,237284.21,58669.17,42.09,280.25,64.75,9174.22,260.75,48488.97,25.22,91.2,1167504.64
REC-000672,BIZ-0028,12,2025,594194.71,127465.58,31516.21,19.1,327.12,29.38,6254.68,140.07,33507.14,26.4,28.35,753176.5
REC-000673,BIZ-0029,1,2024,2243274.34,1413651.27,90618.67,69.25,590.59,92.34,25485.41,1208.25,213020.09,27.86,43.41,3747544.28
REC-000674,BIZ-0029,2,2024,2382573.61,769063.49,49298.94,48.32,574.45,64.42,26951.72,657.32,186937.78,28.12,23.05,3200936.04
REC-000675,BIZ-0029,3,2024,2991190.86,759336.99,48675.45,45.25,622.59,60.34,33358.22,649.01,196742.75,28.18,36.67,3799203.3
REC-000676,BIZ-0029,4,2024,2646414.26,771503.7,49455.37,53.05,590.17,70.73,29728.99,659.4,199667.7,29.0,39.86,3467373.33
REC-000677,BIZ-0029,5,2024,2722052.11,909584.89,58306.72,67.31,593.18,89.75,30525.18,777.42,221389.14,31.63,34.53,3689943.72
REC-000678,BIZ-0029,6,2024,2450287.52,1052161.28,67446.24,67.19,571.31,89.59,27664.5,899.28,214927.62,30.81,26.22,3569895.04
REC-000679,BIZ-0029,7,2024,2126398.88,689643.27,44207.9,51.08,614.82,68.11,24255.15,589.44,184875.4,30.38,38.99,2860250.05
REC-000680,BIZ-0029,8,2024,2385151.54,896885.73,57492.67,49.19,617.34,65.59,26978.86,766.57,188220.96,28.09,22.68,3339529.94
REC-000681,BIZ-0029,9,2024,2825564.13,830428.88,53232.62,69.49,568.24,92.66,31614.78,709.77,226842.65,27.1,28.68,3709225.63
REC-000682,BIZ-0029,10,2024,2291548.31,712342.74,45663.0,35.68,635.36,47.57,25993.56,608.84,167130.93,25.54,38.11,3049554.05
REC-000683,BIZ-0029,11,2024,2486326.05,1108485.49,71056.76,61.38,579.06,81.84,28043.85,947.42,207623.87,25.64,33.57,3665868.3
REC-000684,BIZ-0029,12,2024,2834055.12,1370018.54,87821.7,62.94,599.02,83.91,31704.16,1170.96,217859.06,25.41,31.71,4291895.36
REC-000685,BIZ-0029,1,2025,2444128.83,1329251.05,85208.4,73.7,584.67,98.26,27599.67,1136.11,223894.59,25.93,33.28,3858588.28
REC-000686,BIZ-0029,2,2025,2555485.69,1531454.87,98170.18,69.52,524.15,92.69,28771.85,1308.94,220620.21,27.89,39.4,4185110.74
REC-000687,BIZ-0029,3,2025,2582623.65,614389.18,39383.92,49.38,617.08,65.85,29057.51,525.12,193063.9,29.54,29.1,3236396.75
REC-000688,BIZ-0029,4,2025,2274735.57,1385340.22,88803.86,67.06,571.49,89.41,25816.58,1184.05,210676.54,31.29,40.48,3748879.65
REC-000689,BIZ-0029,5,2025,2363195.05,634238.5,40656.31,49.45,617.0,65.93,26747.74,542.08,188073.16,29.67,27.08,3038089.86
REC-000690,BIZ-0029,6,2025,2811296.6,512301.85,32839.86,42.46,604.29,56.61,31464.6,437.86,188664.21,30.55,21.09,3356438.31
REC-000691,BIZ-0029,7,2025,1975741.22,1056604.43,67731.05,65.04,596.22,86.71,22669.28,903.08,200921.96,28.31,24.79,3100076.7
REC-000692,BIZ-0029,8,2025,2603050.79,516209.75,33090.37,36.14,634.74,48.19,29272.53,441.2,174999.67,27.98,35.6,3152350.91
REC-000693,BIZ-0029,9,2025,2764897.22,1482745.84,95047.81,65.72,573.28,87.62,30976.18,1267.3,220152.49,27.27,20.33,4342690.87
REC-000694,BIZ-0029,10,2025,2612989.12,1047373.49,67139.33,51.35,614.47,68.46,29377.15,895.19,196512.93,26.63,31.7,3727501.94
REC-000695,BIZ-0029,11,2025,2853146.52,692254.23,44375.27,36.59,612.11,48.79,31905.12,591.67,181420.24,26.44,40.55,3589776.02
REC-000696,BIZ-0029,12,2025,2870553.6,534178.2,34242.19,37.55,632.86,50.07,32088.35,456.56,183163.47,25.9,38.36,3438973.99
REC-000697,BIZ-0030,1,2024,771294.68,64029.74,19890.89,12.7,342.37,42.34,8118.89,75.77,41069.72,26.8,58.34,855215.31
REC-000698,BIZ-0030,2,2024,1072987.36,99002.1,30755.09,15.04,309.76,50.13,11294.6,117.16,47469.01,28.38,73.81,1202744.55
REC-000699,BIZ-0030,3,2024,970257.36,119449.01,37106.94,16.61,329.36,55.35,10213.24,141.36,46943.81,29.84,80.29,1126813.31
REC-000700,BIZ-0030,4,2024,984901.81,94880.14,29474.6,14.92,322.55,49.75,10367.39,112.28,45998.25,29.99,58.44,1109256.55
REC-000701,BIZ-0030,5,2024,966547.18,161584.03,50196.22,20.1,317.7,67.01,10174.18,191.22,49333.03,30.88,72.62,1178327.43
REC-000702,BIZ-0030,6,2024,1100226.29,90165.56,28010.01,13.07,328.74,43.56,11581.33,106.7,46518.64,30.29,87.9,1218401.86
REC-000703,BIZ-0030,7,2024,808769.41,86365.86,26829.63,14.87,335.16,49.55,8513.36,102.21,43176.21,30.03,65.67,921964.9
REC-000704,BIZ-0030,8,2024,871844.24,112673.17,35002.02,13.61,339.35,45.36,9177.31,133.34,43291.17,28.12,79.57,1019519.43
REC-000705,BIZ-0030,9,2024,784279.17,37023.49,11501.38,7.72,346.57,25.73,8255.57,43.81,37787.41,25.55,56.14,832804.04
REC-000706,BIZ-0030,10,2024,1021532.11,57777.51,17948.64,10.4,350.04,34.67,10752.97,68.38,43409.53,26.77,55.22,1097258.26
REC-000707,BIZ-0030,11,2024,1061670.91,127115.09,39488.42,19.91,305.94,66.36,11175.48,150.43,50698.83,26.15,86.13,1228274.42
REC-000708,BIZ-0030,12,2024,759649.15,66991.6,20811.0,13.71,338.99,45.72,7996.31,79.28,41594.95,26.0,73.86,847451.75
REC-000709,BIZ-0030,1,2025,841951.62,60207.91,18703.64,10.96,348.18,36.53,8862.65,71.25,40965.48,26.19,84.36,920863.17
REC-000710,BIZ-0030,2,2025,805474.8,47809.31,14852.0,8.54,319.01,28.47,8478.68,56.58,38697.58,28.17,73.78,868136.11
REC-000711,BIZ-0030,3,2025,1055408.43,130597.87,40570.34,16.99,328.08,56.63,11109.56,154.55,48556.26,29.21,71.11,1226576.64
REC-000712,BIZ-0030,4,2025,753094.55,107474.98,33387.2,18.41,310.92,61.38,7927.31,127.19,44779.79,29.19,76.19,893956.73
REC-000713,BIZ-0030,5,2025,904107.01,117424.59,36478.05,19.38,320.12,64.59,9516.92,138.96,47839.41,31.17,85.42,1058009.65
REC-000714,BIZ-0030,6,2025,990386.19,137477.67,42707.56,17.59,313.65,58.65,10425.12,162.7,47953.24,31.2,58.98,1170571.42
REC-000715,BIZ-0030,7,2025,982580.58,53010.16,16467.65,8.23,357.27,27.44,10342.95,62.73,41275.94,30.28,75.92,1052058.39
REC-000716,BIZ-0030,8,2025,843435.05,82438.03,25609.45,16.92,328.31,56.4,8878.26,97.56,45161.31,27.57,73.64,951482.53
REC-000717,BIZ-0030,9,2025,1123411.83,117557.53,36519.35,17.66,313.42,58.88,11825.39,139.12,50102.42,27.17,87.91,1277488.71
REC-000718,BIZ-0030,10,2025,996609.97,53620.1,16657.13,9.5,353.05,31.66,10490.63,63.46,42384.66,24.85,69.25,1066887.2
REC-000719,BIZ-0030,11,2025,940283.38,65259.68,20272.98,11.04,335.48,36.82,9897.72,77.23,42577.75,25.44,79.6,1025816.04
REC-000720,BIZ-0030,12,2025,1014467.74,70829.92,22003.38,13.99,338.07,46.64,10678.61,83.82,45812.63,25.68,78.03,1107301.04
REC-000721,BIZ-0031,1,2024,552341.95,168290.9,41610.39,22.7,273.65,64.87,13594.93,184.94,41363.14,26.5,78.28,762243.24
REC-000722,BIZ-0031,2,2024,423987.09,136853.73,33837.46,17.78,265.87,50.81,12243.82,150.39,37576.6,27.38,68.52,594678.28
REC-000723,BIZ-0031,3,2024,398219.12,64312.43,15901.43,10.0,309.95,28.57,11972.58,70.67,33078.18,28.32,73.23,478432.98
REC-000724,BIZ-0031,4,2024,312963.65,113020.7,27944.68,12.51,291.86,35.74,11075.15,124.2,33739.54,30.54,84.63,453929.03
REC-000725,BIZ-0031,5,2024,503503.39,125562.62,31045.7,21.56,276.93,61.59,13080.84,137.98,40320.67,31.23,79.94,660111.71
REC-000726,BIZ-0031,6,2024,644042.34,71724.31,17734.03,8.35,303.74,23.86,14560.19,78.82,34241.52,30.61,64.99,733500.68
REC-000727,BIZ-0031,7,2024,267284.2,123094.65,30435.49,20.11,281.06,57.46,10594.32,135.27,37536.51,28.63,79.87,420814.34
REC-000728,BIZ-0031,8,2024,0.0,91748.65,22685.11,14.42,297.32,41.2,6689.39,100.82,31283.19,27.62,38.58,114433.76
REC-000729,BIZ-0031,9,2024,497899.81,142009.77,35112.31,18.82,273.83,53.77,13021.85,156.05,38767.43,27.33,66.78,675021.89
REC-000730,BIZ-0031,10,2024,703530.34,115775.61,28625.84,17.53,288.45,50.07,15186.38,127.23,39787.91,26.13,91.75,847931.79
REC-000731,BIZ-0031,11,2024,329782.87,44865.67,11093.16,7.95,304.9,22.7,11252.2,49.3,31372.46,26.47,76.86,385741.7
REC-000732,BIZ-0031,12,2024,0.0,107542.18,26590.1,21.89,275.99,62.53,7185.49,118.18,35785.99,26.31,30.91,134132.28
REC-000733,BIZ-0031,1,2025,816620.44,65129.97,16103.56,12.67,302.31,36.21,16376.8,71.57,38071.84,27.13,81.22,897853.97
REC-000734,BIZ-0031,2,2025,462548.91,164349.05,40635.75,22.43,241.67,64.09,12649.74,180.6,40457.24,27.5,88.27,667533.71
REC-000735,BIZ-0031,3,2025,554929.55,82523.99,20404.28,16.4,291.65,46.87,13622.16,90.69,37920.17,29.75,88.92,657857.82
REC-000736,BIZ-0031,4,2025,616173.22,86862.24,21476.93,18.22,275.54,52.06,14266.83,95.45,39435.23,29.44,90.94,724512.39
REC-000737,BIZ-0031,5,2025,503999.64,87073.16,21529.08,18.72,285.02,53.5,13086.06,95.68,38767.13,31.51,69.76,612601.88
REC-000738,BIZ-0031,6,2025,367574.76,224443.65,55494.31,22.69,262.78,64.82,11650.01,246.64,39797.81,30.61,71.37,647512.72
REC-000739,BIZ-0031,7,2025,289516.73,131106.9,32416.54,13.1,301.1,37.42,10828.34,144.07,33866.54,28.71,61.98,453040.17
REC-000740,BIZ-0031,8,2025,174120.94,67709.19,16741.28,10.55,308.37,30.15,9613.65,74.41,31495.03,29.18,40.6,258571.41
REC-000741,BIZ-0031,9,2025,614190.17,125438.93,31015.12,15.2,284.17,43.43,14245.96,137.84,37757.49,26.49,64.39,770644.22
REC-000742,BIZ-0031,10,2025,462841.77,110215.23,27251.02,16.02,292.74,45.78,12652.82,121.12,36934.99,26.73,81.97,600308.02
REC-000743,BIZ-0031,11,2025,476412.05,73624.28,18203.81,9.08,301.67,25.93,12795.66,80.91,33228.01,25.05,79.37,568240.14
REC-000744,BIZ-0031,12,2025,0.0,76240.49,18850.67,9.18,312.31,26.21,6210.58,83.78,28014.84,26.03,36.85,95091.16
REC-000745,BIZ-0032,1,2024,719854.05,186617.2,46141.62,21.32,259.01,60.91,13331.41,205.07,40389.36,27.71,89.11,952612.87
REC-000746,BIZ-0032,2,2024,484066.61,60187.57,14881.54,8.07,276.23,23.05,10849.44,66.14,31116.99,28.37,78.08,559135.72
REC-000747,BIZ-0032,3,2024,943800.15,43774.34,10823.33,9.29,293.37,26.55,15688.74,48.1,35661.58,29.78,65.89,998397.82
REC-000748,BIZ-0032,4,2024,1153197.41,101536.18,25105.1,11.78,275.95,33.65,17892.92,111.58,38792.09,29.73,91.13,1279838.69
REC-000749,BIZ-0032,5,2024,952710.22,52378.28,12950.67,9.39,293.08,26.84,15782.53,57.56,35792.35,31.27,80.38,1018039.17
REC-000750,BIZ-0032,6,2024,1017155.93,131338.07,32473.7,16.72,261.84,47.76,16460.9,144.33,40363.02,29.28,60.84,1180967.7
REC-000751,BIZ-0032,7,2024,550592.41,36935.11,9132.31,7.41,298.75,21.17,11549.71,40.59,31315.72,29.52,79.08,596659.83
REC-000752,BIZ-0032,8,2024,306516.77,116454.24,28793.63,14.38,278.83,41.09,8980.49,127.97,33095.06,28.67,28.93,451764.64
REC-000753,BIZ-0032,9,2024,690155.51,55422.51,13703.37,9.58,282.23,27.37,13018.79,60.9,33683.84,25.99,72.4,759281.39
REC-000754,BIZ-0032,10,2024,1102259.98,126635.0,31310.85,21.97,257.16,62.76,17356.74,139.16,43966.48,25.62,91.0,1260205.83
REC-000755,BIZ-0032,11,2024,478245.82,95566.47,23629.07,9.79,281.63,27.97,10788.17,105.02,32014.47,25.91,66.49,597441.36
REC-000756,BIZ-0032,12,2024,256954.78,194048.06,47978.91,20.65,260.92,59.0,8458.79,213.24,36125.47,25.69,35.89,498981.75
REC-000757,BIZ-0032,1,2025,836674.23,169503.22,41910.14,19.98,262.83,57.09,14561.1,186.27,40639.62,26.58,84.84,1048087.59
REC-000758,BIZ-0032,2,2025,830554.29,124359.36,30748.19,15.44,244.83,44.13,14496.68,136.66,38091.82,27.75,90.05,985661.84
REC-000759,BIZ-0032,3,2025,408689.22,132629.36,32792.97,14.2,279.36,40.56,10055.99,145.75,33852.69,29.74,61.23,574111.55
REC-000760,BIZ-0032,4,2025,749521.56,107174.83,26499.27,22.5,245.33,64.27,13643.7,117.77,41287.39,31.07,67.86,883195.66
REC-000761,BIZ-0032,5,2025,1128386.02,69431.13,17167.04,9.99,291.38,28.54,17631.75,76.3,37599.98,30.23,84.49,1214984.19
REC-000762,BIZ-0032,6,2025,624889.25,59248.78,14649.42,9.62,282.11,27.49,12331.78,65.11,33157.62,31.09,84.76,698787.45
REC-000763,BIZ-0032,7,2025,1072628.18,115522.37,28563.22,14.3,279.06,40.86,17044.82,126.95,39501.61,30.26,82.08,1216713.77
REC-000764,BIZ-0032,8,2025,42870.15,153011.32,37832.47,16.22,273.57,46.35,6205.26,168.14,31885.65,27.02,34.21,233713.94
REC-000765,BIZ-0032,9,2025,582874.66,51946.87,12844.01,7.39,288.48,21.12,11889.52,57.08,31577.42,26.86,72.58,647665.54
REC-000766,BIZ-0032,10,2025,1058904.99,53211.84,13156.77,8.42,295.86,24.06,16900.37,58.47,36151.48,26.79,88.67,1125273.6
REC-000767,BIZ-0032,11,2025,499767.85,93632.98,23151.01,18.55,256.6,53.0,11014.71,102.89,37013.66,25.86,82.77,616551.84
REC-000768,BIZ-0032,12,2025,7552.26,154526.77,38207.17,18.14,268.09,51.83,5833.5,169.81,32643.6,26.33,36.13,200286.2
REC-000769,BIZ-0033,1,2024,1791807.89,253755.28,36599.32,29.37,591.62,65.27,20833.94,244.0,82903.23,27.89,82.2,2082162.49
REC-000770,BIZ-0033,2,2024,2372859.57,352470.64,50837.11,37.1,532.06,82.45,26950.27,338.91,97586.41,27.21,73.06,2776167.32
REC-000771,BIZ-0033,3,2024,1734656.44,318725.35,45970.0,23.37,604.95,51.94,20232.34,306.47,76484.62,28.4,87.38,2099351.79
REC-000772,BIZ-0033,4,2024,1862009.28,581684.65,83896.83,37.99,551.28,84.42,21572.9,559.31,91976.94,31.27,71.53,2527590.76
REC-000773,BIZ-0033,5,2024,1728039.15,335395.33,48374.33,28.07,594.52,62.37,20162.69,322.5,80858.19,29.31,87.26,2111808.81
REC-000774,BIZ-0033,6,2024,2215908.81,277083.25,39963.93,21.12,588.77,46.93,25298.16,266.43,80419.53,30.9,82.06,2532955.99
REC-000775,BIZ-0033,7,2024,2204815.79,234587.66,33834.76,15.91,621.53,35.36,25181.39,225.57,75334.71,29.14,76.58,2473238.21
REC-000776,BIZ-0033,8,2024,2400964.4,201905.75,29121.02,20.89,610.47,46.42,27246.11,194.14,82539.91,27.47,82.74,2631991.17
REC-000777,BIZ-0033,9,2024,1728207.34,207380.68,29910.67,16.55,598.92,36.78,20164.46,199.4,69922.41,25.68,73.52,1965498.69
REC-000778,BIZ-0033,10,2024,1673380.01,286900.28,41379.85,18.44,615.9,40.99,19587.33,275.87,71027.51,26.08,72.93,2001660.14
REC-000779,BIZ-0033,11,2024,2173219.19,412934.3,59557.83,33.07,562.21,73.49,24848.79,397.05,91236.2,24.69,71.38,2645711.32
REC-000780,BIZ-0033,12,2024,2418720.84,211645.44,30525.78,24.66,602.08,54.81,27433.02,203.51,86351.06,25.98,93.89,2660892.06
REC-000781,BIZ-0033,1,2025,2393048.88,499006.04,71972.02,36.05,576.78,80.11,27162.79,479.81,96844.32,27.39,72.65,2964026.94
REC-000782,BIZ-0033,2,2025,1988038.29,273601.81,39461.8,18.77,551.61,41.71,22899.52,263.08,75310.99,28.82,64.14,2301101.9
REC-000783,BIZ-0033,3,2025,1828553.53,182950.85,26387.14,20.92,610.39,46.5,21220.73,175.91,75342.69,28.84,75.65,2037891.52
REC-000784,BIZ-0033,4,2025,2313691.18,243553.01,35127.84,17.92,595.88,39.82,26327.44,234.19,78616.77,30.34,94.32,2592372.03
REC-000785,BIZ-0033,5,2025,2460393.48,381422.5,55012.86,26.32,598.4,58.49,27871.68,366.75,88449.61,30.75,88.01,2896828.84
REC-000786,BIZ-0033,6,2025,2276235.11,494998.62,71394.03,38.7,549.71,85.99,25933.17,475.96,97880.87,29.59,80.98,2842627.76
REC-000787,BIZ-0033,7,2025,2179180.0,527385.63,76065.24,35.75,577.45,79.44,24911.54,507.1,93853.98,29.24,86.06,2782630.87
REC-000788,BIZ-0033,8,2025,1759787.2,218586.4,31526.88,18.68,615.39,41.5,20496.88,210.18,72338.1,27.36,71.59,2009900.48
REC-000789,BIZ-0033,9,2025,1859936.89,351254.62,50661.72,30.98,566.86,68.84,21551.08,337.74,85291.23,27.46,86.34,2261853.23
REC-000790,BIZ-0033,10,2025,2318282.08,272727.37,39335.68,21.01,610.21,46.68,26375.77,262.24,81606.02,24.74,73.54,2630345.13
REC-000791,BIZ-0033,11,2025,1641540.31,285694.24,41205.9,23.18,584.18,51.52,19252.17,274.71,75125.53,25.96,70.4,1968440.45
REC-000792,BIZ-0033,12,2025,1847092.08,318425.36,45926.73,25.55,600.11,56.78,21415.87,306.18,79973.66,26.48,65.76,2211444.17
REC-000793,BIZ-0034,1,2024,0.0,203112.72,63097.15,25.01,322.5,62.52,3714.6,240.37,43078.11,27.85,82.46,266209.87
REC-000794,BIZ-0034,2,2024,0.0,60743.38,18869.98,12.44,329.07,31.11,3326.59,71.89,33700.38,27.95,70.66,79613.36
REC-000795,BIZ-0034,3,2024,93635.05,140454.32,43632.26,18.32,339.21,45.81,4975.63,166.22,40290.57,29.16,83.55,277721.63
REC-000796,BIZ-0034,4,2024,7830.63,143005.74,44424.86,20.17,322.18,50.42,4072.43,169.24,40226.92,31.19,56.85,195261.23
REC-000797,BIZ-0034,5,2024,12787.95,129299.0,40166.85,15.97,345.09,39.93,4124.61,153.02,37366.58,30.63,55.62,182253.8
REC-000798,BIZ-0034,6,2024,0.0,142202.2,44175.24,25.13,309.77,62.83,3464.94,168.29,42790.72,30.87,57.19,186377.44
REC-000799,BIZ-0034,7,2024,0.0,104860.58,32575.03,20.9,332.76,52.26,3594.86,124.1,40023.98,28.95,72.63,137435.61
REC-000800,BIZ-0034,8,2024,0.0,183785.87,57093.24,25.44,321.42,63.6,3889.19,217.5,43642.31,27.08,80.82,240879.11
REC-000801,BIZ-0034,9,2024,50186.03,128993.09,40071.82,16.69,330.88,41.72,4518.27,152.65,38459.36,26.2,57.86,219250.94
REC-000802,BIZ-0034,10,2024,0.0,73353.27,22787.26,16.74,343.18,41.84,3572.6,86.81,37074.01,25.36,72.33,96140.53
REC-000803,BIZ-0034,11,2024,0.0,196240.68,60962.34,24.38,311.64,60.96,3937.94,232.24,42974.64,24.79,58.06,257203.02
REC-000804,BIZ-0034,12,2024,1299.65,142447.14,44251.33,25.73,320.7,64.32,4003.68,168.58,44016.4,25.0,66.22,187998.12
REC-000805,BIZ-0034,1,2025,0.0,177316.22,55083.44,27.68,315.82,69.2,3530.87,209.84,44672.96,26.34,80.39,232399.66
REC-000806,BIZ-0034,2,2025,0.0,133755.53,41551.28,16.98,305.32,42.44,3276.27,158.29,36798.02,29.18,61.77,175306.81
REC-000807,BIZ-0034,3,2025,0.0,199822.35,62074.99,25.27,321.85,63.17,3296.22,236.48,42630.7,28.33,65.26,261897.34
REC-000808,BIZ-0034,4,2025,0.0,175459.68,54506.7,23.79,313.12,59.48,3643.65,207.64,42119.34,29.76,84.34,229966.38
REC-000809,BIZ-0034,5,2025,48057.32,69882.85,21709.17,13.78,350.58,34.44,4495.87,82.7,36387.86,29.35,80.03,139649.34
REC-000810,BIZ-0034,6,2025,61093.1,118724.62,36881.91,22.08,317.4,55.2,4633.09,140.5,42405.79,29.65,72.57,216699.63
REC-000811,BIZ-0034,7,2025,65481.34,93491.94,29043.35,20.07,334.84,50.18,4679.28,110.64,41070.2,28.43,58.78,188016.63
REC-000812,BIZ-0034,8,2025,0.0,205631.57,63879.63,26.98,317.57,67.45,3743.23,243.35,44500.15,28.1,73.13,269511.2
REC-000813,BIZ-0034,9,2025,0.0,169625.38,52694.27,26.06,307.45,65.15,3662.04,200.74,43735.32,26.93,60.65,222319.65
REC-000814,BIZ-0034,10,2025,51478.4,63766.21,19809.03,10.91,357.75,27.27,4531.88,75.46,34433.56,24.76,55.96,135053.64
REC-000815,BIZ-0034,11,2025,37367.57,179293.16,55697.58,26.04,307.49,65.11,4383.34,212.18,44805.09,24.51,67.93,272358.31
REC-000816,BIZ-0034,12,2025,0.0,80903.51,25132.75,15.98,345.07,39.95,3838.55,95.74,36945.2,26.29,69.71,106036.26
REC-000817,BIZ-0035,1,2024,1750182.61,1625405.31,104192.65,78.74,613.29,104.98,23387.37,1389.24,221682.23,27.37,40.23,3479780.57
REC-000818,BIZ-0035,2,2024,2266740.43,870501.13,55801.35,67.81,581.52,90.41,28824.83,744.02,218344.03,28.16,22.32,3193042.91
REC-000819,BIZ-0035,3,2024,2373466.56,1291669.61,82799.33,56.69,642.68,75.59,29948.26,1103.99,205250.92,28.79,36.11,3747935.5
REC-000820,BIZ-0035,4,2024,1948316.34,712588.5,45678.75,51.47,626.48,68.62,25472.99,609.05,188096.0,29.31,42.39,2706583.59
REC-000821,BIZ-0035,5,2024,2406973.39,862918.43,55315.28,49.58,652.16,66.11,30300.96,737.54,196077.06,31.5,28.26,3325207.1
REC-000822,BIZ-0035,6,2024,1987767.59,1124897.38,72108.81,74.98,595.13,99.97,25888.27,961.45,221927.74,29.12,22.82,3184773.78
REC-000823,BIZ-0035,7,2024,2114858.76,1073594.62,68820.17,53.53,646.9,71.37,27226.07,917.6,194835.42,28.89,34.37,3257273.55
REC-000824,BIZ-0035,8,2024,1695780.74,828658.55,53119.14,48.48,653.63,64.64,22814.72,708.26,178061.95,27.06,33.9,2577558.43
REC-000825,BIZ-0035,9,2024,1793594.69,719805.85,46141.4,41.5,639.76,55.34,23844.34,615.22,170560.69,26.97,25.96,2559541.94
REC-000826,BIZ-0035,10,2024,2195535.2,1268898.33,81339.64,54.77,645.25,73.02,28075.3,1084.53,198441.54,24.79,25.21,3545773.17
REC-000827,BIZ-0035,11,2024,2227238.7,824114.82,52827.87,42.19,638.85,56.25,28409.02,704.37,181562.92,25.66,28.56,3104181.39
REC-000828,BIZ-0035,12,2024,2449513.39,734325.45,47072.14,39.32,665.84,52.43,30748.75,627.63,182699.79,26.41,37.8,3230910.98
REC-000829,BIZ-0035,1,2025,1946188.88,802104.94,51416.98,48.77,653.25,65.02,25450.6,685.56,184264.76,26.33,22.44,2799710.8
REC-000830,BIZ-0035,2,2025,2217939.63,1144897.46,73390.86,73.72,550.47,98.29,28311.13,978.54,225490.33,28.24,37.14,3436227.95
REC-000831,BIZ-0035,3,2025,1745428.8,749457.29,48042.13,40.52,664.24,54.03,23337.33,640.56,168073.2,29.6,21.54,2542928.22
REC-000832,BIZ-0035,4,2025,2421644.58,1121442.31,71887.33,65.97,607.14,87.96,30455.4,958.5,219357.03,30.78,40.25,3614974.22
REC-000833,BIZ-0035,5,2025,2075171.95,961578.37,61639.64,43.78,659.9,58.37,26808.32,821.86,180264.7,30.0,35.39,3098389.96
REC-000834,BIZ-0035,6,2025,2334237.91,1779351.27,114060.98,78.53,590.4,104.7,29535.33,1520.81,234915.45,29.68,39.86,4227650.16
REC-000835,BIZ-0035,7,2025,2664222.87,1171953.27,75125.21,62.16,635.39,82.88,33008.85,1001.67,219640.59,29.77,42.88,3911301.35
REC-000836,BIZ-0035,8,2025,2498426.09,818360.66,52459.02,36.79,669.21,49.06,31263.62,699.45,180289.49,28.03,41.19,3369245.77
REC-000837,BIZ-0035,9,2025,2027363.75,1057652.2,67798.22,81.46,586.48,108.62,26305.07,903.98,231917.17,27.87,20.02,3152814.17
REC-000838,BIZ-0035,10,2025,1919779.3,1188827.56,76206.89,62.52,634.91,83.36,25172.6,1016.09,202908.41,25.31,20.78,3184813.75
REC-000839,BIZ-0035,11,2025,2003617.1,604713.81,38763.71,44.05,636.37,58.73,26055.11,516.85,178986.73,26.01,30.15,2647094.62
REC-000840,BIZ-0035,12,2025,2416910.49,850871.63,54543.05,51.31,649.85,68.42,30405.56,727.24,198731.89,24.97,33.89,3322325.17
REC-000841,BIZ-0036,1,2024,556617.34,53324.22,16565.22,7.66,404.45,25.52,5859.13,63.11,34148.34,26.24,83.8,626506.78
REC-000842,BIZ-0036,2,2024,696849.73,99150.54,30801.2,20.66,333.36,68.87,7335.26,117.34,45466.4,27.15,84.2,826801.47
REC-000843,BIZ-0036,3,2024,746968.45,140132.86,43532.4,19.56,364.76,65.21,7862.83,165.84,45488.59,28.38,81.6,930633.71
REC-000844,BIZ-0036,4,2024,647268.37,101702.88,31594.09,13.23,372.01,44.09,6813.35,120.36,39478.01,31.2,75.57,780565.34
REC-000845,BIZ-0036,5,2024,608444.25,48107.75,14944.72,7.6,404.64,25.33,6404.68,56.93,34927.23,30.22,62.45,671496.72
REC-000846,BIZ-0036,6,2024,600918.68,133259.18,41397.08,20.01,349.4,66.7,6325.46,157.7,43494.22,30.72,78.5,775574.94
REC-000847,BIZ-0036,7,2024,598523.58,83296.44,25876.11,12.48,388.38,41.59,6300.25,98.58,38183.44,28.13,56.25,707696.13
REC-000848,BIZ-0036,8,2024,667415.02,114745.18,35645.69,14.61,381.28,48.69,7025.42,135.79,40762.69,29.11,57.64,817805.89
REC-000849,BIZ-0036,9,2024,621262.3,99081.27,30779.68,14.57,367.55,48.55,6539.6,117.26,40005.13,27.35,64.22,751123.25
REC-000850,BIZ-0036,10,2024,681208.65,117597.97,36531.91,16.53,374.88,55.09,7170.62,139.17,42325.3,25.22,75.81,835338.53
REC-000851,BIZ-0036,11,2024,664863.4,127754.29,39686.98,19.7,350.44,65.66,6998.56,151.19,44286.72,25.59,74.13,832304.67
REC-000852,BIZ-0036,12,2024,730167.57,85782.85,26648.52,15.25,379.14,50.83,7685.97,101.52,42202.93,24.66,69.98,842598.94
REC-000853,BIZ-0036,1,2025,606999.66,69906.87,21716.63,9.76,397.43,32.54,6389.47,82.73,36417.16,26.4,87.27,698623.16
REC-000854,BIZ-0036,2,2025,690785.91,75831.74,23557.2,11.02,351.64,36.72,7271.43,89.74,38618.33,28.23,65.03,790174.85
REC-000855,BIZ-0036,3,2025,685129.51,83964.75,26083.73,11.44,391.84,38.13,7211.89,99.37,38824.9,29.44,73.9,795177.99
REC-000856,BIZ-0036,4,2025,541560.0,64343.06,19988.23,8.54,387.64,28.46,5700.63,76.15,34527.3,29.03,71.0,625891.29
REC-000857,BIZ-0036,5,2025,592061.07,80704.12,25070.81,10.97,393.41,36.56,6232.22,95.51,37026.56,29.9,75.32,697836.0
REC-000858,BIZ-0036,6,2025,737228.06,94903.05,29481.72,16.4,361.44,54.66,7760.3,112.31,43119.46,30.41,85.03,861612.83
REC-000859,BIZ-0036,7,2025,583213.25,64150.95,19928.55,9.94,396.83,33.14,6139.09,75.92,36167.28,28.47,80.82,667292.75
REC-000860,BIZ-0036,8,2025,785432.27,119606.82,37155.96,15.54,378.17,51.8,8267.71,141.55,43279.45,26.88,87.47,942195.05
REC-000861,BIZ-0036,9,2025,624540.81,88916.09,27621.86,12.67,373.86,42.24,6574.11,105.23,38732.1,27.56,79.84,741078.76
REC-000862,BIZ-0036,10,2025,628944.88,84033.51,26105.08,18.86,367.09,62.88,6620.47,99.45,43136.03,26.38,60.52,739083.47
REC-000863,BIZ-0036,11,2025,534726.11,85848.43,26668.89,13.76,370.22,45.88,5628.7,101.6,38077.98,24.93,82.04,647243.43
REC-000864,BIZ-0036,12,2025,770897.89,75783.13,23542.1,10.65,394.46,35.51,8114.71,89.68,39630.17,25.78,86.29,870223.12
REC-000865,BIZ-0037,1,2024,2102890.98,276294.63,39850.19,26.51,517.69,58.91,28608.49,265.67,89514.38,26.49,70.67,2419035.8
REC-000866,BIZ-0037,2,2024,1934454.22,441154.83,63628.1,28.87,475.24,64.16,26835.48,424.19,89632.65,28.71,74.61,2439237.15
REC-000867,BIZ-0037,3,2024,1994834.03,467748.06,67463.66,36.64,495.17,81.43,27471.05,449.76,97777.94,28.28,79.53,2530045.75
REC-000868,BIZ-0037,4,2024,1937119.6,362443.58,52275.52,35.61,478.87,79.13,26863.53,348.5,96063.2,30.53,71.0,2351838.7
REC-000869,BIZ-0037,5,2024,2458421.57,287141.93,41414.7,21.73,528.3,48.3,32350.92,276.1,89468.86,30.7,77.22,2786978.2
REC-000870,BIZ-0037,6,2024,2485035.32,427544.29,61665.04,40.33,468.37,89.63,32631.07,411.1,107472.74,30.81,79.16,2974244.65
REC-000871,BIZ-0037,7,2024,1552267.33,314872.6,45414.32,25.93,518.98,57.62,22812.46,302.76,82006.93,28.08,62.28,1912554.25
REC-000872,BIZ-0037,8,2024,2361982.63,188358.72,27167.12,21.98,527.75,48.85,31335.78,181.11,88488.14,28.45,73.6,2577508.47
REC-000873,BIZ-0037,9,2024,2113596.15,374911.83,54073.82,37.88,473.83,84.17,28721.18,360.49,100447.31,27.04,63.88,2542581.8
REC-000874,BIZ-0037,10,2024,2516847.78,227573.95,32823.17,17.89,536.85,39.75,32965.93,218.82,86552.78,26.07,66.02,2777244.9
REC-000875,BIZ-0037,11,2024,2372553.72,344360.35,49667.36,35.63,478.82,79.18,31447.05,331.12,101584.2,25.2,87.21,2766581.43
REC-000876,BIZ-0037,12,2024,1830111.22,284737.34,41067.89,32.1,505.27,71.33,25737.13,273.79,91376.54,24.9,68.08,2155916.45
REC-000877,BIZ-0037,1,2025,2578866.79,433390.34,62508.22,32.88,503.53,73.07,33618.77,416.72,101580.88,26.64,94.84,3074765.35
REC-000878,BIZ-0037,2,2025,2404955.5,198409.35,28616.73,22.61,470.55,50.25,31788.12,190.78,89627.97,28.65,70.49,2631981.58
REC-000879,BIZ-0037,3,2025,2035653.24,344871.2,49741.04,35.87,496.9,79.7,27900.73,331.61,97554.35,28.98,94.87,2430265.48
REC-000880,BIZ-0037,4,2025,1970874.48,331567.01,47822.17,25.47,501.41,56.59,27218.85,318.81,86856.93,29.13,94.32,2350263.66
REC-000881,BIZ-0037,5,2025,2144826.36,281404.35,40587.17,30.95,507.83,68.77,29049.92,270.58,94258.29,29.56,79.84,2466817.88
REC-000882,BIZ-0037,6,2025,1649444.34,238189.92,34354.32,17.49,519.13,38.87,23835.37,229.03,75220.52,30.02,70.55,1921988.58
REC-000883,BIZ-0037,7,2025,2092087.81,265679.58,38319.17,31.91,505.69,70.91,28494.78,255.46,94506.73,29.92,62.62,2396086.56
REC-000884,BIZ-0037,8,2025,1725750.35,267085.06,38521.88,23.91,523.46,53.14,24638.59,256.81,82283.96,26.89,74.89,2031357.29
REC-000885,BIZ-0037,9,2025,2494569.3,310608.66,44799.33,27.58,496.7,61.3,32731.42,298.66,95482.46,25.56,85.35,2849977.29
REC-000886,BIZ-0037,10,2025,1731487.55,237267.82,34221.32,21.34,529.18,47.42,24698.98,228.14,79911.51,26.38,88.81,2002976.69
REC-000887,BIZ-0037,11,2025,1781971.14,450607.86,64991.52,29.0,493.56,64.44,25230.39,433.28,87825.31,25.95,87.73,2297570.52
REC-000888,BIZ-0037,12,2025,1601387.73,526780.98,75978.03,40.43,486.76,89.84,23329.51,506.52,96400.25,25.44,71.99,2204146.74
REC-000889,BIZ-0038,1,2024,1339562.1,327247.55,101659.74,44.0,276.6,62.85,14100.65,387.28,71949.03,26.43,83.16,1768469.39
REC-000890,BIZ-0038,2,2024,1370098.72,336633.09,104575.37,47.98,249.01,68.54,14422.09,398.38,75216.8,27.5,61.7,1811307.18
REC-000891,BIZ-0038,3,2024,1160675.53,246185.56,76477.76,39.2,283.45,56.0,12217.64,291.34,65765.43,28.77,67.87,1483338.85
REC-000892,BIZ-0038,4,2024,1240033.26,80684.4,25064.68,18.62,301.89,26.61,13052.98,95.48,52616.62,31.09,69.45,1345782.34
REC-000893,BIZ-0038,5,2024,1333377.46,294895.0,91609.39,42.47,278.78,60.67,14035.55,348.99,70783.23,31.69,62.87,1719881.85
REC-000894,BIZ-0038,6,2024,1662228.77,205902.39,63963.76,47.95,260.0,68.5,17497.14,243.67,79808.68,30.16,86.84,1932094.92
REC-000895,BIZ-0038,7,2024,1492540.94,154980.34,48144.78,30.27,296.2,43.25,15710.96,183.41,64757.88,28.86,66.14,1695666.06
REC-000896,BIZ-0038,8,2024,1635166.03,291562.9,90574.27,44.91,275.29,64.16,17212.27,345.04,77256.32,28.37,72.26,2017303.2
REC-000897,BIZ-0038,9,2024,1114775.0,255818.91,79470.37,40.67,270.4,58.1,11734.47,302.74,66068.6,27.33,62.69,1450064.28
REC-000898,BIZ-0038,10,2024,1506704.61,175159.67,54413.51,25.14,303.53,35.92,15860.05,207.29,61391.22,24.68,84.94,1736277.79
REC-000899,BIZ-0038,11,2024,1627182.42,200988.42,62437.23,43.35,266.57,61.93,17128.24,237.86,76039.65,24.33,75.88,1890608.07
REC-000900,BIZ-0038,12,2024,1179445.33,203596.94,63247.57,43.25,277.66,61.79,12415.21,240.94,68898.04,26.1,82.57,1446289.84
REC-000901,BIZ-0038,1,2025,1153796.87,134946.62,41921.29,23.88,305.33,34.12,12145.23,159.7,54936.08,26.98,75.32,1330664.78
REC-000902,BIZ-0038,2,2025,1370594.33,151592.87,47092.46,21.31,276.16,30.44,14427.31,179.4,56554.66,28.81,79.35,1569279.66
REC-000903,BIZ-0038,3,2025,1631509.33,106980.22,33233.5,24.22,304.85,34.6,17173.78,126.6,62712.44,29.36,65.61,1771723.05
REC-000904,BIZ-0038,4,2025,1218551.81,204126.17,63411.98,41.36,269.41,59.09,12826.86,241.57,68194.27,29.38,57.09,1486089.96
REC-000905,BIZ-0038,5,2025,1224860.89,171583.89,53302.69,35.83,288.26,51.19,12893.27,203.06,64422.7,30.19,60.45,1449747.47
REC-000906,BIZ-0038,6,2025,1369154.82,178437.76,55431.85,22.47,296.4,32.1,14412.16,211.17,57346.7,30.86,75.86,1603024.43
REC-000907,BIZ-0038,7,2025,1541367.58,267740.23,83173.74,39.76,282.65,56.8,16224.92,316.85,72171.03,28.24,55.24,1892281.55
REC-000908,BIZ-0038,8,2025,1573634.8,154709.72,48060.71,32.49,293.03,46.42,16564.58,183.09,67592.94,27.48,77.89,1776405.23
REC-000909,BIZ-0038,9,2025,1323514.44,124242.83,38596.15,25.04,292.73,35.77,13931.73,147.03,58423.14,25.89,63.94,1486353.42
REC-000910,BIZ-0038,10,2025,1516677.08,169071.62,52522.25,36.78,286.91,52.54,15965.02,200.08,69693.23,26.29,74.68,1738270.95
REC-000911,BIZ-0038,11,2025,1310490.45,176594.45,54859.22,35.07,278.4,50.1,13794.64,208.99,65239.47,26.28,64.94,1541944.12
REC-000912,BIZ-0038,12,2025,1517140.75,375017.48,116499.51,44.68,275.63,63.82,15969.9,443.81,75228.07,27.0,87.23,2008657.74
REC-000913,BIZ-0039,1,2024,2647139.83,540829.92,34668.58,43.9,681.13,58.53,29811.03,462.25,187037.68,26.77,31.61,3222638.33
REC-000914,BIZ-0039,2,2024,2778028.49,1369871.01,87812.24,78.18,587.69,104.25,31188.81,1170.83,238074.18,27.07,23.73,4235711.74
REC-000915,BIZ-0039,3,2024,2176651.77,728900.75,46724.41,51.5,670.99,68.67,24858.52,622.99,186794.93,28.43,43.07,2952276.93
REC-000916,BIZ-0039,4,2024,2962270.82,721561.46,46253.94,55.84,641.35,74.45,33128.2,616.72,211059.36,29.57,35.42,3730086.22
REC-000917,BIZ-0039,5,2024,2211174.69,623311.8,39955.88,35.17,692.77,46.89,25221.92,532.75,164721.93,29.43,33.43,2874442.37
REC-000918,BIZ-0039,6,2024,2424571.58,1029612.93,66000.83,62.01,633.12,82.68,27468.21,880.01,207248.79,29.14,25.88,3520185.34
REC-000919,BIZ-0039,7,2024,2362652.82,561946.07,36022.18,39.12,687.5,52.16,26816.43,480.3,173762.71,29.84,42.46,2960621.07
REC-000920,BIZ-0039,8,2024,2216436.67,969705.86,62160.63,77.2,636.72,102.94,25277.31,828.81,223695.76,27.37,30.31,3248303.16
REC-000921,BIZ-0039,9,2024,2365641.24,833960.51,53459.01,44.29,656.75,59.05,26847.89,712.79,181068.62,26.95,21.36,3253060.76
REC-000922,BIZ-0039,10,2024,2460078.79,686925.09,44033.66,43.22,682.04,57.62,27841.97,587.12,181753.4,25.06,29.34,3191037.54
REC-000923,BIZ-0039,11,2024,2036984.5,921046.08,59041.42,61.47,633.84,81.96,23388.34,787.22,197515.8,24.95,28.4,3017072.0
REC-000924,BIZ-0039,12,2024,2442414.77,1010714.17,64789.37,70.82,645.24,94.42,27656.03,863.86,219986.44,24.9,31.64,3517918.31
REC-000925,BIZ-0039,1,2025,2732858.53,1788014.54,114616.32,80.2,632.73,106.93,30713.33,1528.22,239845.21,26.26,23.92,4635489.39
REC-000926,BIZ-0039,2,2025,2276603.59,958252.0,61426.41,53.82,596.32,71.76,25910.65,819.02,192351.69,28.19,33.82,3296282.0
REC-000927,BIZ-0039,3,2025,2455685.98,668378.88,42844.8,56.31,664.58,75.08,27795.73,571.26,199984.17,30.12,25.41,3166909.66
REC-000928,BIZ-0039,4,2025,2376528.43,785469.12,50350.58,54.92,642.57,73.23,26962.49,671.34,196204.95,29.99,41.81,3212348.13
REC-000929,BIZ-0039,5,2025,3094318.71,1286224.41,82450.28,77.54,636.27,103.39,34518.18,1099.34,244495.67,31.53,43.66,4462993.4
REC-000930,BIZ-0039,6,2025,2896412.5,972992.15,62371.29,58.33,638.03,77.77,32434.95,831.62,213019.66,29.07,44.78,3931775.94
REC-000931,BIZ-0039,7,2025,2811960.61,674031.58,43207.15,38.53,688.29,51.37,31545.99,576.1,183339.61,29.0,40.24,3529199.34
REC-000932,BIZ-0039,8,2025,2785277.11,763446.21,48938.86,53.57,668.23,71.43,31265.11,652.52,203784.92,27.0,38.83,3597662.18
REC-000933,BIZ-0039,9,2025,2951518.66,674225.57,43219.59,34.53,669.76,46.04,33015.02,576.26,180970.27,26.41,25.98,3668963.82
REC-000934,BIZ-0039,10,2025,2590736.36,1438399.78,92205.11,62.2,656.72,82.94,29217.31,1229.4,211362.88,25.02,31.48,4121341.25
REC-000935,BIZ-0039,11,2025,2640663.29,936456.07,60029.24,42.77,658.78,57.02,29742.86,800.39,185306.83,25.41,23.47,3637148.6
REC-000936,BIZ-0039,12,2025,2077690.86,1042362.76,66818.13,64.33,653.89,85.77,23816.83,890.91,202460.59,26.14,37.6,3186871.75
REC-000937,BIZ-0040,1,2024,7983937.21,3015270.81,91556.81,102.7,641.3,102.7,84041.44,2441.51,432946.78,27.21,85.8,11090764.83
REC-000938,BIZ-0040,2,2024,7744499.33,2743674.18,83309.94,97.93,598.07,97.93,81521.05,2221.6,419309.9,28.27,86.96,10571483.45
REC-000939,BIZ-0040,3,2024,9177877.73,2681438.93,81420.21,113.7,630.3,113.7,96609.24,2171.21,477879.0,28.86,96.24,11940736.87
REC-000940,BIZ-0040,4,2024,8677483.46,1248879.05,37921.43,52.86,667.14,52.86,91341.93,1011.24,357834.03,29.09,81.96,9964283.94
REC-000941,BIZ-0040,5,2024,9586353.03,2049993.86,62246.78,104.15,639.85,104.15,100908.98,1659.91,469288.47,30.86,90.33,11698593.67
REC-000942,BIZ-0040,6,2024,9573902.58,3078665.24,93481.74,101.62,618.38,101.62,100777.92,2492.85,464465.73,29.77,86.03,12746049.56
REC-000943,BIZ-0040,7,2024,10152609.61,2357556.37,71585.72,103.26,640.74,103.26,106869.57,1908.95,479610.77,30.14,90.27,12581751.7
REC-000944,BIZ-0040,8,2024,8582288.96,1277283.7,38783.92,53.81,690.19,53.81,90339.88,1034.24,357541.73,28.96,85.09,9898356.58
REC-000945,BIZ-0040,9,2024,9814792.52,2196045.29,66681.54,82.91,637.09,82.91,103313.61,1778.17,435867.86,26.64,85.04,12077519.35
REC-000946,BIZ-0040,10,2024,8762295.38,2192143.47,66563.06,75.77,668.23,75.77,92234.69,1775.01,400855.75,26.62,95.39,11021001.91
REC-000947,BIZ-0040,11,2024,10362795.1,2058179.86,62495.34,63.18,656.82,63.18,109082.05,1666.54,411896.66,25.96,97.43,12483470.3
REC-000948,BIZ-0040,12,2024,7493958.15,2180040.58,66195.56,117.08,626.92,117.08,78883.77,1765.22,448507.86,24.84,82.16,9740194.29
REC-000949,BIZ-0040,1,2025,7230071.11,1260432.07,38272.23,60.53,683.47,60.53,76106.01,1020.59,341174.78,25.95,74.91,8528775.41
REC-000950,BIZ-0040,2,2025,8270042.7,3265406.71,99152.03,97.77,574.23,97.77,87053.08,2644.05,430088.99,29.09,72.59,11634601.44
REC-000951,BIZ-0040,3,2025,9684045.53,1058858.55,32151.58,51.5,692.5,51.5,101937.32,857.38,376581.41,29.19,82.92,10775055.66
REC-000952,BIZ-0040,4,2025,10283286.42,1994994.82,60576.77,86.37,633.63,86.37,108245.12,1615.38,451962.42,29.02,92.85,12338858.01
REC-000953,BIZ-0040,5,2025,10358433.81,2420296.91,73490.8,84.03,659.97,84.03,109036.15,1959.75,449326.99,30.69,89.05,12852221.52
REC-000954,BIZ-0040,6,2025,8977645.87,2944320.09,89402.43,89.71,630.29,89.71,94501.54,2384.06,430476.78,30.24,86.26,12011368.39
REC-000955,BIZ-0040,7,2025,8029288.35,1693414.34,51419.46,76.03,667.97,76.03,84518.82,1371.19,385897.34,28.79,92.52,9774122.15
REC-000956,BIZ-0040,8,2025,7851830.47,3272555.71,99369.1,116.93,627.07,116.93,82650.85,2649.84,455784.64,28.83,75.86,11223755.28
REC-000957,BIZ-0040,9,2025,7589076.81,1839187.19,55845.76,62.28,657.72,62.28,79885.02,1489.22,351865.32,25.94,85.92,9484109.76
REC-000958,BIZ-0040,10,2025,7663569.71,2005745.75,60903.21,58.18,685.82,58.18,80669.15,1624.09,346069.89,26.81,92.66,9730218.67
REC-000959,BIZ-0040,11,2025,8181772.86,1899698.34,57683.15,64.36,655.64,64.36,86123.92,1538.22,368097.43,25.68,83.46,10139154.35
REC-000960,BIZ-0040,12,2025,7720290.88,2779941.95,84411.19,81.39,662.61,81.39,81266.22,2250.97,389034.51,26.23,97.43,10584644.02
REC-000961,BIZ-0041,1,2024,6866106.47,3034154.75,92130.2,73.62,476.7,105.17,77767.2,2456.81,456387.24,26.83,59.25,9992391.42
REC-000962,BIZ-0041,2,2024,8467158.04,2698179.02,81928.51,75.54,436.42,107.91,94620.38,2184.76,502733.14,29.07,87.47,11247265.57
REC-000963,BIZ-0041,3,2024,9099413.57,3320422.3,100822.54,71.9,479.15,102.72,101275.7,2688.6,511375.62,29.27,77.65,12520658.41
REC-000964,BIZ-0041,4,2024,12063924.03,2702286.75,82053.24,67.18,467.13,95.97,132481.07,2188.09,578997.0,30.78,89.79,14848264.02
REC-000965,BIZ-0041,5,2024,7903019.66,1195135.19,36289.53,51.47,508.34,73.53,88682.08,967.72,434939.38,31.51,66.85,9134444.38
REC-000966,BIZ-0041,6,2024,7091262.28,1612190.23,48953.14,58.26,479.87,83.23,80137.27,1305.42,428512.04,30.59,59.09,8752405.65
REC-000967,BIZ-0041,7,2024,10609741.07,1323430.68,40185.14,37.56,528.21,53.66,117173.88,1071.6,475571.86,28.91,66.42,11973356.89
REC-000968,BIZ-0041,8,2024,8526815.76,1386909.84,42112.65,32.1,536.02,45.85,95248.36,1123.0,408731.84,28.68,81.85,9955838.25
REC-000969,BIZ-0041,9,2024,13569433.85,1625413.54,49354.66,47.33,495.49,67.61,148328.55,1316.12,574940.23,27.17,88.52,15244202.05
REC-000970,BIZ-0041,10,2024,7373019.17,1944504.01,59043.64,60.67,495.2,86.67,83103.13,1574.5,441235.24,26.08,72.9,9376566.82
REC-000971,BIZ-0041,11,2024,9280186.94,879355.01,26701.06,28.6,522.25,40.85,103178.58,712.03,420860.61,26.02,69.97,10186243.01
REC-000972,BIZ-0041,12,2024,10348958.18,1703162.77,51715.47,38.57,526.77,55.1,114428.8,1379.08,470923.94,25.37,70.6,12103836.42
REC-000973,BIZ-0041,1,2025,9604977.84,1448652.71,43987.43,36.03,530.4,51.47,106597.43,1173.0,445750.17,27.33,69.55,11097617.98
REC-000974,BIZ-0041,2,2025,9887367.73,2550714.29,77450.84,68.94,427.07,98.49,109569.96,2065.36,525593.03,28.95,80.5,12515532.86
REC-000975,BIZ-0041,3,2025,12772557.08,1639857.41,49793.24,53.74,505.1,76.77,139940.37,1327.82,568078.38,28.39,65.61,14462207.73
REC-000976,BIZ-0041,4,2025,9769242.37,1076565.32,32689.23,28.32,522.64,40.46,108326.53,871.71,433129.84,31.2,75.67,10878496.92
REC-000977,BIZ-0041,5,2025,9692402.75,2502616.31,75990.37,55.83,502.12,79.75,107517.69,2026.41,491615.61,29.96,61.12,12271009.43
REC-000978,BIZ-0041,6,2025,9267125.47,2214409.92,67239.17,52.04,488.76,74.34,103041.09,1793.04,472087.85,29.44,84.13,11548774.56
REC-000979,BIZ-0041,7,2025,10202090.99,1784667.28,54190.3,64.25,490.08,91.79,112882.83,1445.07,523563.56,28.77,75.48,12040948.57
REC-000980,BIZ-0041,8,2025,8569020.62,2253925.72,68439.04,59.39,497.03,84.84,95692.62,1825.04,469883.39,28.7,60.39,10891385.38
REC-000981,BIZ-0041,9,2025,8925394.75,1641822.68,49852.92,36.79,510.54,52.56,99443.92,1329.41,429546.14,25.85,78.31,10617070.35
REC-000982,BIZ-0041,10,2025,11032860.55,2409998.98,73178.11,52.16,507.36,74.51,121627.77,1951.42,518820.25,26.18,56.0,13516037.64
REC-000983,BIZ-0041,11,2025,9772497.56,1411926.9,42872.27,49.37,492.58,70.52,108360.8,1143.26,479510.17,25.74,67.66,11227296.73
REC-000984,BIZ-0041,12,2025,12594025.58,1866938.23,56688.41,46.29,515.75,66.12,138061.09,1511.69,546983.92,26.28,89.1,14517652.22
REC-000985,BIZ-0042,1,2024,5168843.66,1521487.0,46199.0,60.23,683.77,60.23,54408.88,1231.97,297231.04,25.59,78.75,6736529.66
REC-000986,BIZ-0042,2,2024,4183571.92,2129765.65,64669.0,75.28,620.72,75.28,44037.6,1724.51,303581.79,28.46,81.29,6378006.57
REC-000987,BIZ-0042,3,2024,4745949.9,1763645.02,53551.97,94.73,649.27,94.73,49957.37,1428.05,350422.0,30.34,73.27,6563146.89
REC-000988,BIZ-0042,4,2024,5872327.89,1854791.68,56319.59,91.91,628.09,91.91,61813.98,1501.86,369072.03,29.43,88.33,7783439.16
REC-000989,BIZ-0042,5,2024,5982150.49,2330064.76,70750.95,105.99,638.01,105.99,62970.01,1886.69,396724.54,30.07,80.22,8382966.2
REC-000990,BIZ-0042,6,2024,5411808.75,1475483.68,44802.14,74.61,645.39,74.61,56966.41,1194.72,328238.12,30.64,81.43,6932094.57
REC-000991,BIZ-0042,7,2024,5619424.23,2618459.82,79507.89,78.84,665.16,78.84,59151.83,2120.21,340214.98,28.38,79.32,8317391.94
REC-000992,BIZ-0042,8,2024,4995969.45,3358561.19,101980.6,108.21,635.79,108.21,52589.15,2719.48,379956.57,27.19,77.66,8456511.24
REC-000993,BIZ-0042,9,2024,6108129.1,3234142.2,98202.7,109.22,610.78,109.22,64296.1,2618.74,405196.98,26.89,89.93,9440474.0
REC-000994,BIZ-0042,10,2024,5043318.34,2203176.65,66898.08,114.12,629.88,114.12,53087.56,1783.95,391595.05,26.32,92.87,7313393.07
REC-000995,BIZ-0042,11,2024,4613327.66,1937324.58,58825.65,98.37,621.63,98.37,48561.34,1568.68,354195.08,24.61,72.45,6609477.89
REC-000996,BIZ-0042,12,2024,5336337.67,2389691.87,72561.49,117.91,626.09,117.91,56171.98,1934.97,404577.99,25.7,97.68,7798591.03
REC-000997,BIZ-0042,1,2025,4400953.52,1728608.82,52488.12,59.01,684.99,59.01,46325.83,1399.68,278869.68,26.28,91.36,6182050.46
REC-000998,BIZ-0042,2,2025,4484913.61,2923610.12,88773.59,118.68,553.32,118.68,47209.62,2367.3,388039.04,28.45,79.99,7497297.32
REC-000999,BIZ-0042,3,2025,4161066.2,2076158.57,63041.25,83.9,660.1,83.9,43800.7,1681.1,318617.51,29.88,74.9,6300266.02
REC-001000,BIZ-0042,4,2025,5397132.38,2324706.92,70588.27,91.52,628.48,91.52,56811.92,1882.35,358364.04,29.44,72.85,7792427.57
REC-001001,BIZ-0042,5,2025,4878033.4,961559.84,29197.16,50.72,693.28,50.72,51347.72,778.59,273989.76,31.48,73.13,5868790.4
REC-001002,BIZ-0042,6,2025,5465673.95,1848669.24,56133.68,64.0,656.0,64.0,57533.41,1496.9,310269.9,29.26,87.65,7370476.87
REC-001003,BIZ-0042,7,2025,5464187.39,1896029.84,57571.76,69.42,674.58,69.42,57517.76,1535.25,319984.86,28.12,75.78,7417788.99
REC-001004,BIZ-0042,8,2025,5824248.17,2417427.74,73403.68,92.91,651.09,92.91,61307.88,1957.43,369848.26,27.65,94.23,8315079.59
REC-001005,BIZ-0042,9,2025,5772248.93,2581530.45,78386.55,87.02,632.98,87.02,60760.52,2090.31,358154.71,25.71,93.31,8432165.93
REC-001006,BIZ-0042,10,2025,5476481.26,1500604.14,45564.9,50.3,693.7,50.3,57647.17,1215.06,285839.79,26.95,76.47,7022650.3
REC-001007,BIZ-0042,11,2025,6000768.28,2443695.06,74201.27,83.23,636.77,83.23,63165.98,1978.7,356146.12,26.52,95.93,8518664.61
REC-001008,BIZ-0042,12,2025,4354370.99,3714520.42,112789.08,108.43,635.57,108.43,45835.48,3007.71,366848.48,25.08,89.51,8181680.49
REC-001009,BIZ-0043,1,2024,3052053.94,1539054.48,46732.42,51.31,497.56,93.3,32126.88,1246.2,293208.59,26.57,73.0,4637840.84
REC-001010,BIZ-0043,2,2024,3216390.66,1053914.76,32001.46,35.91,487.45,65.29,33856.74,853.37,263639.77,27.92,73.19,4302306.88
REC-001011,BIZ-0043,3,2024,3129161.19,1233881.1,37466.03,36.81,523.93,66.93,32938.54,999.09,263337.31,29.78,57.88,4400508.32
REC-001012,BIZ-0043,4,2024,4049335.19,991173.98,30096.38,30.7,515.99,55.81,42624.58,802.57,274092.93,30.73,79.05,5070605.55
REC-001013,BIZ-0043,5,2024,4012653.65,2373650.78,72074.42,56.45,488.23,102.63,42238.46,1921.98,329781.87,31.66,69.98,6458378.85
REC-001014,BIZ-0043,6,2024,2377358.85,1862133.6,56542.52,47.96,484.61,87.19,25024.83,1507.8,268063.33,31.22,67.86,4296034.97
REC-001015,BIZ-0043,7,2024,3593070.22,850393.59,25821.67,26.59,542.51,48.35,37821.79,688.58,253052.23,29.0,73.29,4469285.48
REC-001016,BIZ-0043,8,2024,3868486.66,1487720.48,45173.7,56.36,488.39,102.47,40720.91,1204.63,325790.9,28.47,89.21,5401380.84
REC-001017,BIZ-0043,9,2024,2581109.68,1755611.97,53308.06,54.5,472.72,99.08,27169.58,1421.55,287813.24,26.42,61.97,4390029.71
REC-001018,BIZ-0043,10,2024,3190015.56,2116955.39,64280.02,51.45,497.32,93.54,33579.11,1714.13,297127.78,25.19,69.86,5371250.97
REC-001019,BIZ-0043,11,2024,3873329.74,1809232.15,54936.2,58.31,465.77,106.03,40771.89,1464.97,330220.89,25.72,81.47,5737498.09
REC-001020,BIZ-0043,12,2024,4310274.61,1078512.15,32748.34,41.69,515.06,75.8,45371.31,873.29,305145.09,26.23,88.25,5421535.1
REC-001021,BIZ-0043,1,2025,3069488.52,1405569.22,42679.23,30.89,534.7,56.16,32310.41,1138.11,248726.62,26.64,59.28,4517736.97
REC-001022,BIZ-0043,2,2025,3921202.38,942597.58,28621.38,41.18,458.81,74.87,41275.81,763.24,293781.56,26.87,80.82,4892421.34
REC-001023,BIZ-0043,3,2025,2948292.44,1266267.23,38449.41,33.66,529.67,61.19,31034.66,1025.32,251629.79,28.48,76.16,4253009.08
REC-001024,BIZ-0043,4,2025,3420476.56,1381656.93,41953.15,40.95,497.35,74.45,36005.02,1118.75,280100.82,30.79,78.14,4844086.64
REC-001025,BIZ-0043,5,2025,3303042.48,1810736.8,54981.89,42.88,512.89,77.97,34768.87,1466.18,281266.68,30.0,72.43,5168761.17
REC-001026,BIZ-0043,6,2025,3608410.12,2644407.24,80295.77,60.14,462.45,109.35,37983.26,2141.22,327271.43,30.26,55.62,6333113.13
REC-001027,BIZ-0043,7,2025,3861141.37,902518.64,27404.41,39.04,519.88,70.98,40643.59,730.78,287493.49,28.34,70.75,4791064.42
REC-001028,BIZ-0043,8,2025,3794151.46,1473526.58,44742.71,56.06,488.93,101.93,39938.44,1193.14,323180.2,27.22,78.08,5312420.75
REC-001029,BIZ-0043,9,2025,2953431.28,1865352.7,56640.26,51.41,478.32,93.48,31088.75,1510.41,290833.62,26.58,65.94,4875424.24
REC-001030,BIZ-0043,10,2025,3308568.92,1447886.98,43964.18,40.09,517.97,72.89,34827.04,1172.38,275261.22,25.81,74.38,4800420.08
REC-001031,BIZ-0043,11,2025,2651113.0,1412547.04,42891.1,44.76,490.43,81.37,27906.45,1143.76,268227.65,24.68,56.95,4106551.14
REC-001032,BIZ-0043,12,2025,2900865.26,896977.47,27236.16,24.36,546.56,44.3,30535.42,726.3,229941.17,26.26,81.83,3825078.89
REC-001033,BIZ-0044,1,2024,3869135.15,2773605.65,84218.79,90.88,653.12,90.88,40727.74,2245.83,325035.32,25.86,81.53,6726959.59
REC-001034,BIZ-0044,2,2024,3369645.15,2915707.58,88533.63,119.44,576.56,119.44,35469.95,2360.9,365925.03,28.3,81.89,6373886.36
REC-001035,BIZ-0044,3,2024,3060950.71,1347751.58,40923.63,71.85,672.15,71.85,32220.53,1091.3,273765.61,28.19,78.35,4449625.92
REC-001036,BIZ-0044,4,2024,3198321.82,1646081.09,49982.22,61.88,658.12,61.88,33666.55,1332.86,258725.28,30.62,94.59,4894385.13
REC-001037,BIZ-0044,5,2024,3514970.76,2114013.92,64190.71,86.03,657.97,86.03,36999.69,1711.75,308859.12,29.39,89.1,5693175.39
REC-001038,BIZ-0044,6,2024,2869596.25,1959137.42,59487.98,72.16,647.84,72.16,30206.28,1586.35,270293.36,29.01,84.21,4888221.65
REC-001039,BIZ-0044,7,2024,3416946.94,2050831.18,62272.2,98.36,645.64,98.36,35967.86,1660.59,328984.58,28.82,74.54,5530050.32
REC-001040,BIZ-0044,8,2024,3798859.93,1385508.79,42070.11,61.66,682.34,61.66,39988.0,1121.87,270971.03,27.99,93.1,5226438.83
REC-001041,BIZ-0044,9,2024,3583486.37,2197378.0,66722.0,118.19,601.81,118.19,37720.91,1779.25,368179.33,27.88,77.25,5847586.37
REC-001042,BIZ-0044,10,2024,3082944.81,1926534.9,58498.02,70.81,673.19,70.81,32452.05,1559.95,272366.46,26.68,77.57,5067977.73
REC-001043,BIZ-0044,11,2024,4154218.91,2735230.78,83053.57,100.24,619.76,100.24,43728.62,2214.76,347888.3,26.23,88.24,6972503.26
REC-001044,BIZ-0044,12,2024,3509072.71,2151000.14,65313.77,87.17,656.83,87.17,36937.61,1741.7,310789.24,26.06,79.11,5725386.62
REC-001045,BIZ-0044,1,2025,3802169.84,1917710.58,58230.08,85.32,658.68,85.32,40022.84,1552.8,313630.26,26.38,73.99,5778110.5
REC-001046,BIZ-0044,2,2025,3339872.62,1770869.24,53771.33,67.59,604.41,67.59,35156.55,1433.9,271972.47,28.39,80.15,5164513.19
REC-001047,BIZ-0044,3,2025,4169617.99,2462923.39,74785.12,93.95,650.05,93.95,43890.72,1994.27,336889.77,29.66,86.24,6707326.5
REC-001048,BIZ-0044,4,2025,3816696.02,3608119.54,109558.29,107.67,612.33,107.67,40175.75,2921.55,354163.9,29.41,84.98,7534373.85
REC-001049,BIZ-0044,5,2025,4117718.39,3616529.92,109813.66,109.69,634.31,109.69,43344.4,2928.36,364138.41,29.94,88.59,7844061.97
REC-001050,BIZ-0044,6,2025,3120934.78,1619476.31,49174.38,64.05,655.95,64.05,32851.95,1311.32,260985.54,31.21,90.89,4789585.47
REC-001051,BIZ-0044,7,2025,3973679.88,2659949.49,80767.7,109.09,634.91,109.09,41828.21,2153.81,360015.79,28.63,91.41,6714397.07
REC-001052,BIZ-0044,8,2025,3850832.19,2392446.45,72645.14,109.22,634.78,109.22,40535.08,1937.2,357661.99,28.86,95.69,6315923.78
REC-001053,BIZ-0044,9,2025,3641694.74,1424612.54,43257.47,66.53,653.47,66.53,38333.63,1153.53,276419.62,26.24,76.18,5109564.75
REC-001054,BIZ-0044,10,2025,3751748.62,1842389.91,55943.01,71.74,672.26,71.74,39492.09,1491.81,288112.29,24.99,72.72,5650081.54
REC-001055,BIZ-0044,11,2025,4018563.84,1411398.26,42856.22,64.14,655.86,64.14,42300.67,1142.83,280052.15,26.68,82.97,5472818.32
REC-001056,BIZ-0044,12,2025,3238727.6,2517446.08,76440.67,88.55,655.45,88.55,34091.87,2038.42,307572.71,24.7,92.53,5832614.35
REC-001057,BIZ-0045,1,2024,2723839.26,254163.45,36658.19,17.12,585.68,38.04,35352.39,244.39,88686.25,25.65,85.84,3014660.9
REC-001058,BIZ-0045,2,2024,1754605.5,584859.61,84354.75,39.39,495.95,87.53,25149.93,562.37,97598.94,27.55,71.83,2423819.86
REC-001059,BIZ-0045,3,2024,2392052.17,528126.0,76172.02,36.54,542.53,81.19,31859.9,507.81,102940.42,29.66,91.23,2996350.19
REC-001060,BIZ-0045,4,2024,2421447.55,246480.21,35550.03,18.74,561.96,41.64,32169.32,237.0,86402.3,29.53,80.84,2703477.79
REC-001061,BIZ-0045,5,2024,2577592.84,251689.94,36301.43,28.04,561.42,62.3,33812.96,242.01,97210.85,30.69,87.58,2865584.21
REC-001062,BIZ-0045,6,2024,2293003.16,497529.09,71759.0,36.35,522.82,80.78,30817.28,478.39,101513.49,30.4,87.52,2862291.25
REC-001063,BIZ-0045,7,2024,3042982.28,192375.32,27746.44,21.15,576.73,46.99,38711.79,184.98,96542.57,29.98,86.55,3263104.04
REC-001064,BIZ-0045,8,2024,2147258.42,323835.89,46707.1,37.11,541.26,82.46,29283.12,311.38,100391.18,27.31,71.06,2517801.41
REC-001065,BIZ-0045,9,2024,1910341.23,344560.11,49696.17,29.26,538.58,65.02,26789.26,331.31,89941.44,26.83,85.09,2304597.51
REC-001066,BIZ-0045,10,2024,2582485.41,227777.23,32852.48,19.34,580.75,42.97,33864.46,219.02,89007.08,25.23,71.17,2843115.12
REC-001067,BIZ-0045,11,2024,2431371.48,327113.66,47179.85,38.15,518.81,84.79,32273.78,314.53,104975.25,25.18,72.17,2805664.99
REC-001068,BIZ-0045,12,2024,1863836.32,507988.55,73267.58,38.46,538.26,85.46,26299.73,488.45,98093.89,26.41,88.37,2445092.45
REC-001069,BIZ-0045,1,2025,2447350.06,492878.97,71088.31,33.09,550.19,73.53,32441.98,473.92,100366.13,26.16,74.69,3011317.34
REC-001070,BIZ-0045,2,2025,2037429.97,223668.54,32259.89,26.7,504.03,59.33,28127.03,215.07,89116.93,28.44,79.65,2293358.4
REC-001071,BIZ-0045,3,2025,3109426.76,351119.42,50642.22,23.2,572.17,51.55,39411.21,337.61,99330.58,30.36,92.61,3511188.4
REC-001072,BIZ-0045,4,2025,2841569.96,227021.42,32743.47,19.72,559.79,43.81,36591.66,218.29,92639.84,30.78,71.81,3101334.85
REC-001073,BIZ-0045,5,2025,2704524.34,363970.52,52495.75,35.29,545.31,78.41,35149.08,349.97,105700.22,30.06,88.8,3120990.61
REC-001074,BIZ-0045,6,2025,2452610.7,512045.6,73852.73,33.99,528.07,75.53,32497.35,492.35,101286.67,29.16,87.72,3038509.03
REC-001075,BIZ-0045,7,2025,2838913.54,172998.92,24951.77,18.23,583.2,40.52,36563.7,166.35,91199.49,28.85,75.94,3036864.23
REC-001076,BIZ-0045,8,2025,2103158.51,415973.39,59996.16,33.8,548.61,75.11,28818.91,399.97,96691.25,27.43,64.19,2579128.06
REC-001077,BIZ-0045,9,2025,2690639.43,305412.49,44049.88,31.62,533.32,70.28,35002.92,293.67,102046.28,26.33,84.94,3040101.8
REC-001078,BIZ-0045,10,2025,1764374.52,218288.45,31483.91,20.7,577.72,46.0,25252.76,209.89,79970.09,25.7,83.16,2014146.88
REC-001079,BIZ-0045,11,2025,1921086.74,464682.19,67021.47,33.41,529.35,74.25,26902.37,446.81,94023.01,25.68,65.66,2452790.4
REC-001080,BIZ-0045,12,2025,2318170.17,392697.92,56639.12,25.91,566.15,57.57,31082.19,377.59,91908.69,26.19,66.29,2767507.21
REC-001081,BIZ-0046,1,2024,2294822.94,786670.28,50427.58,42.21,675.94,56.28,31701.63,672.37,188833.53,26.63,41.84,3131920.8
REC-001082,BIZ-0046,2,2024,2086831.55,842429.38,54001.88,51.67,616.09,68.89,29512.25,720.03,197265.62,27.59,27.04,2983262.81
REC-001083,BIZ-0046,3,2024,2845451.35,416043.49,26669.45,34.76,685.87,46.35,37497.72,355.59,191160.12,28.96,40.87,3288164.29
REC-001084,BIZ-0046,4,2024,2367813.61,651693.1,41775.2,38.09,657.82,50.78,32469.95,557.0,184756.55,30.31,35.3,3061281.91
REC-001085,BIZ-0046,5,2024,2200543.79,1196084.01,76672.05,63.88,647.05,85.17,30709.22,1022.29,216989.06,29.93,41.3,3473299.85
REC-001086,BIZ-0046,6,2024,2374923.24,728556.55,46702.34,61.4,626.73,81.87,32544.79,622.7,217562.87,29.32,43.95,3150182.13
REC-001087,BIZ-0046,7,2024,3281096.62,1295011.79,83013.58,74.08,633.45,98.77,42083.46,1106.85,256293.93,29.31,39.33,4659121.99
REC-001088,BIZ-0046,8,2024,3095137.04,1087446.8,69708.13,73.4,634.35,97.87,40125.99,929.44,251042.58,27.34,25.08,4252291.97
REC-001089,BIZ-0046,9,2024,2531884.82,623242.72,39951.46,43.82,650.17,58.43,34197.02,532.69,196584.3,27.34,29.55,3195079.0
REC-001090,BIZ-0046,10,2024,2327561.87,892204.94,57192.62,42.54,675.5,56.72,32046.25,762.57,190062.0,26.61,38.17,3276959.43
REC-001091,BIZ-0046,11,2024,2450622.0,814029.18,52181.36,55.74,634.29,74.31,33341.62,695.75,211380.73,24.37,44.4,3316832.54
REC-001092,BIZ-0046,12,2024,2178623.37,1239481.99,79453.97,56.61,656.74,75.48,30478.48,1059.39,206303.82,26.03,36.18,3497559.33
REC-001093,BIZ-0046,1,2025,2270458.04,873347.3,55983.8,52.45,662.29,69.93,31445.16,746.45,202602.91,27.89,29.94,3199789.14
REC-001094,BIZ-0046,2,2025,2594844.9,819927.58,52559.46,36.29,612.97,48.39,34859.76,700.79,187498.15,28.23,21.83,3467331.94
REC-001095,BIZ-0046,3,2025,2747840.42,1401208.07,89821.03,66.45,643.62,88.6,36470.24,1197.61,233266.04,29.18,28.86,4238869.52
REC-001096,BIZ-0046,4,2025,2140422.42,942701.44,60429.58,58.35,630.8,77.8,30076.36,805.73,207852.99,30.67,40.25,3143553.44
REC-001097,BIZ-0046,5,2025,2274680.64,940946.25,60317.07,77.25,629.23,102.99,31489.61,804.23,237421.56,31.65,36.78,3275943.96
REC-001098,BIZ-0046,6,2025,2558597.21,863722.67,55366.84,50.28,641.55,67.05,34478.2,738.22,206250.86,29.4,24.25,3477686.72
REC-001099,BIZ-0046,7,2025,2629535.85,713636.06,45745.9,46.44,670.29,61.93,35224.92,609.95,202517.54,28.27,37.76,3388917.81
REC-001100,BIZ-0046,8,2025,3242142.5,755333.78,48418.83,47.45,668.95,63.27,41673.42,645.58,218109.81,29.15,32.48,4045895.11
REC-001101,BIZ-0046,9,2025,2466488.69,1672490.3,107210.92,74.19,609.68,98.92,33508.64,1429.48,237588.47,26.58,42.57,4246189.91
REC-001102,BIZ-0046,10,2025,2222903.58,1215637.68,77925.49,69.67,639.32,92.9,30944.59,1039.01,225619.41,25.88,30.89,3516466.75
REC-001103,BIZ-0046,11,2025,3185643.05,1091520.03,69969.23,64.79,622.22,86.38,41078.68,932.92,241074.62,26.58,33.89,4347132.31
REC-001104,BIZ-0046,12,2025,2147009.03,771544.49,49457.98,56.67,656.65,75.57,30145.7,659.44,205664.92,25.09,21.36,2968011.5
REC-001105,BIZ-0047,1,2024,18038847.45,1731352.58,52571.43,52.25,511.57,74.64,214773.0,1401.9,751883.89,26.67,59.06,19822771.46
REC-001106,BIZ-0047,2,2024,14918145.23,1340755.92,40711.21,33.51,500.52,47.87,181923.51,1085.63,628535.29,29.17,74.63,16299612.36
REC-001107,BIZ-0047,3,2024,11888811.19,1796485.76,54549.16,41.92,526.32,59.89,150035.78,1454.64,567317.21,28.41,67.24,13739846.11
REC-001108,BIZ-0047,4,2024,16847521.75,1662137.37,50469.76,60.49,480.88,86.42,202232.73,1345.86,738668.08,30.76,83.79,18560128.88
REC-001109,BIZ-0047,5,2024,17420769.38,1656835.37,50308.77,36.85,533.57,52.64,208266.92,1341.57,701732.62,31.7,55.14,19127913.52
REC-001110,BIZ-0047,6,2024,11211091.33,1290125.8,39173.86,44.1,504.29,63.01,142901.89,1044.64,554284.03,29.56,72.43,12540390.99
REC-001111,BIZ-0047,7,2024,13533777.22,1827172.24,55480.94,73.53,481.17,105.04,167351.21,1479.49,680140.23,30.41,59.27,15416430.4
REC-001112,BIZ-0047,8,2024,13745062.94,2136205.22,64864.53,62.68,496.67,89.54,169575.27,1729.72,661828.96,27.58,56.01,15946132.69
REC-001113,BIZ-0047,9,2024,16090986.33,1029081.48,31247.41,44.14,504.24,63.06,194269.2,833.26,682785.23,27.06,64.43,17151315.22
REC-001114,BIZ-0047,10,2024,19315551.42,3436110.76,104335.35,76.99,476.22,109.99,228211.99,2782.28,839910.7,26.13,70.86,22855997.53
REC-001115,BIZ-0047,11,2024,17765052.8,1965744.96,59688.61,67.28,471.19,96.11,211890.96,1591.7,777735.34,26.21,59.53,19790486.37
REC-001116,BIZ-0047,12,2024,15916498.82,1409971.75,42812.91,57.51,504.05,82.16,192432.49,1141.68,707608.26,26.55,81.03,17369283.48
REC-001117,BIZ-0047,1,2025,17120549.32,1081058.13,32825.65,47.55,518.29,67.92,205106.71,875.35,717370.05,26.16,63.4,18234433.1
REC-001118,BIZ-0047,2,2025,13825882.94,2735042.03,83047.83,59.71,444.18,85.3,170426.01,2214.61,657429.74,27.3,68.6,16643972.8
REC-001119,BIZ-0047,3,2025,17638499.45,2882378.7,87521.62,64.06,494.7,91.51,210558.82,2333.91,767325.9,28.42,65.45,20608399.77
REC-001120,BIZ-0047,4,2025,14371956.79,1024008.47,31093.37,32.71,520.57,46.73,176174.16,829.16,612396.21,31.13,76.12,15427058.63
REC-001121,BIZ-0047,5,2025,14128770.92,1525157.32,46310.44,41.16,527.42,58.79,173614.3,1234.95,624577.84,29.78,70.59,15700238.68
REC-001122,BIZ-0047,6,2025,13774800.36,1403863.49,42627.43,37.13,514.26,53.04,169888.3,1136.73,606409.9,29.18,69.79,15221291.28
REC-001123,BIZ-0047,7,2025,19783965.82,2337349.15,70972.14,61.15,498.86,87.35,233142.67,1892.59,817376.91,28.27,72.97,22192287.11
REC-001124,BIZ-0047,8,2025,16177333.64,1451293.8,44067.63,59.71,500.9,85.31,195178.12,1175.14,719316.2,28.51,87.57,17672695.07
REC-001125,BIZ-0047,9,2025,17068727.43,1988129.17,60368.29,42.72,506.27,61.03,204561.22,1609.82,705385.43,26.67,57.77,19117224.89
REC-001126,BIZ-0047,10,2025,12180492.26,1775876.42,53923.37,48.96,516.27,69.94,153106.11,1437.96,590474.76,26.28,65.51,14010292.05
REC-001127,BIZ-0047,11,2025,15895377.75,1719584.85,52214.11,53.02,491.55,75.75,192210.17,1392.38,697173.66,25.62,87.11,17667176.71
REC-001128,BIZ-0047,12,2025,18567926.63,1666525.47,50603.0,45.42,521.33,64.88,220342.26,1349.41,750773.98,25.75,80.21,20285055.1
REC-001129,BIZ-0048,1,2024,15372764.06,2110794.23,64092.94,50.68,354.78,72.4,186866.17,1709.15,678663.77,27.39,55.57,17547651.23
REC-001130,BIZ-0048,2,2024,12676282.91,1874465.94,56916.98,62.51,310.31,89.31,158482.16,1517.79,633737.4,28.82,56.58,14607665.83
REC-001131,BIZ-0048,3,2024,14391111.63,2072186.26,62920.64,67.58,330.63,96.55,176532.99,1677.88,690016.98,29.79,81.51,16526218.53
REC-001132,BIZ-0048,4,2024,12347983.73,1479907.11,44936.45,31.83,367.92,45.48,155026.38,1198.31,557598.11,31.17,83.35,13872827.29
REC-001133,BIZ-0048,5,2024,14113704.4,923654.02,28046.17,28.88,385.93,41.25,173612.91,747.9,597563.53,29.92,78.57,15065404.59
REC-001134,BIZ-0048,6,2024,14159709.11,1841038.36,55901.97,47.85,345.04,68.36,174097.17,1490.72,640511.8,29.0,77.95,16056649.44
REC-001135,BIZ-0048,7,2024,12898335.63,2541661.24,77175.95,67.84,330.26,96.92,160819.55,2058.03,651304.57,29.84,80.41,15517172.82
REC-001136,BIZ-0048,8,2024,16713163.14,1644863.53,49945.25,67.43,330.86,96.32,200975.63,1331.87,750779.35,28.46,88.71,18407971.92
REC-001137,BIZ-0048,9,2024,16405604.73,1669339.95,50688.46,62.11,324.68,88.72,197738.18,1351.69,730977.74,25.87,61.68,18125633.14
REC-001138,BIZ-0048,10,2024,10710427.1,1714611.03,52063.09,39.85,370.26,56.92,137788.94,1388.35,532136.25,24.7,71.84,12477101.22
REC-001139,BIZ-0048,11,2024,10232934.05,1701375.67,51661.2,65.72,319.52,93.88,132762.7,1377.63,576482.68,26.36,73.85,11985970.92
REC-001140,BIZ-0048,12,2024,17031910.71,2133251.26,64774.84,64.2,335.47,91.71,204330.87,1727.33,752067.79,25.65,59.08,19229936.81
REC-001141,BIZ-0048,1,2025,12783199.36,1177213.22,35745.34,39.89,370.2,56.98,159607.59,953.21,586774.46,26.71,55.69,13996157.92
REC-001142,BIZ-0048,2,2025,12479197.89,1425809.95,43293.82,33.03,338.65,47.19,156407.58,1154.5,563686.07,28.79,68.71,13948301.66
REC-001143,BIZ-0048,3,2025,14097436.91,2270385.87,68938.84,56.35,346.67,80.51,173441.67,1838.37,657583.87,29.09,69.55,16436761.62
REC-001144,BIZ-0048,4,2025,12962279.77,2132979.41,64766.58,53.15,337.47,75.93,161492.65,1727.11,620671.37,31.36,56.3,15160025.76
REC-001145,BIZ-0048,5,2025,19268457.63,934069.7,28362.44,39.36,370.95,56.23,227873.47,756.33,756283.12,31.54,86.68,20230889.77
REC-001146,BIZ-0048,6,2025,14918210.2,1572728.58,47754.92,41.12,354.65,58.75,182081.39,1273.46,645677.59,29.01,75.17,16538693.7
REC-001147,BIZ-0048,7,2025,14952817.96,1986988.61,60333.66,59.66,341.95,85.23,182445.68,1608.9,687372.39,30.18,59.09,17000140.23
REC-001148,BIZ-0048,8,2025,15531326.13,1685379.45,51175.49,50.99,354.33,72.85,188535.24,1364.68,683522.23,27.85,60.65,17267881.07
REC-001149,BIZ-0048,9,2025,15981035.55,3168800.65,96218.64,73.17,308.88,104.52,193269.03,2565.83,744135.66,26.77,75.57,19246054.84
REC-001150,BIZ-0048,10,2025,17607911.74,2021548.29,61383.05,63.43,336.57,90.61,210394.04,1636.88,765523.96,26.35,71.4,19690843.08
REC-001151,BIZ-0048,11,2025,16344284.56,1547457.26,46987.57,45.65,348.18,65.22,197092.7,1253.0,693167.3,25.3,87.94,17938729.39
REC-001152,BIZ-0048,12,2025,10828509.16,1506458.66,45742.67,61.84,338.83,88.35,139031.91,1219.8,583636.96,26.97,60.67,12380710.49
REC-001153,BIZ-0049,1,2024,2011079.56,2618829.44,79519.11,84.45,659.55,84.45,21169.26,2120.51,274353.92,26.71,76.51,4709428.11
REC-001154,BIZ-0049,2,2024,2186220.47,3075727.38,93392.53,88.98,607.02,88.98,23012.85,2490.47,286186.34,29.06,84.84,5355340.38
REC-001155,BIZ-0049,3,2024,2564038.59,2000701.39,60750.04,62.23,681.77,62.23,26989.88,1620.0,245993.82,28.91,78.78,4625490.02
REC-001156,BIZ-0049,4,2024,2397314.58,1229679.74,37338.45,57.98,662.02,57.98,25234.89,995.69,234829.91,30.17,92.98,3664332.77
REC-001157,BIZ-0049,5,2024,3026814.86,3210435.68,97482.86,104.94,639.06,104.94,31861.21,2599.54,332618.03,30.65,84.65,6334733.4
REC-001158,BIZ-0049,6,2024,2954201.89,3555112.48,107948.76,109.74,610.26,109.74,31096.86,2878.63,339723.15,30.81,86.48,6617263.13
REC-001159,BIZ-0049,7,2024,1964793.9,3615545.97,109783.78,116.24,627.76,116.24,20682.04,2927.57,330593.82,29.5,74.71,5690123.65
REC-001160,BIZ-0049,8,2024,2971079.1,2914336.47,88492.0,104.72,639.28,104.72,31274.52,2359.79,331037.24,29.11,91.65,5973907.57
REC-001161,BIZ-0049,9,2024,2376580.81,1725468.76,52392.78,85.51,634.49,85.51,25016.64,1397.14,283953.8,27.61,74.65,4154442.35
REC-001162,BIZ-0049,10,2024,2208083.43,2982489.32,90561.42,100.98,643.02,100.98,23242.98,2414.97,308257.98,24.92,77.34,5281134.17
REC-001163,BIZ-0049,11,2024,2744978.66,1433620.41,43530.98,60.8,659.2,60.8,28894.51,1160.83,247230.29,26.13,84.96,4222130.05
REC-001164,BIZ-0049,12,2024,2045535.44,3605759.62,109486.63,117.87,626.13,117.87,21531.95,2919.64,335238.12,26.6,75.2,5760781.69
REC-001165,BIZ-0049,1,2025,2425983.0,1419058.12,43088.81,70.07,673.93,70.07,25536.66,1149.03,257204.87,25.57,93.71,3888129.93
REC-001166,BIZ-0049,2,2025,2347464.59,2025492.01,61502.79,94.06,577.94,94.06,24710.15,1640.07,298729.8,27.44,90.6,4434459.39
REC-001167,BIZ-0049,3,2025,2780864.64,1473851.54,44752.58,59.66,684.34,59.66,29272.26,1193.4,245931.8,29.86,85.77,4299468.76
REC-001168,BIZ-0049,4,2025,3111244.54,2505134.84,76066.85,86.13,633.87,86.13,32749.94,2028.45,300535.45,31.17,95.35,5692446.23
REC-001169,BIZ-0049,5,2025,2844669.08,2629629.67,79847.05,100.23,643.77,100.23,29943.89,2129.25,320308.61,31.56,83.51,5554145.8
REC-001170,BIZ-0049,6,2025,2325196.99,2580329.99,78350.1,104.07,615.93,104.07,24475.76,2089.34,316270.47,29.13,80.8,4983877.08
REC-001171,BIZ-0049,7,2025,2755712.39,1648872.15,50066.97,60.57,683.43,60.57,29007.5,1335.12,247034.96,28.99,72.96,4454651.51
REC-001172,BIZ-0049,8,2025,2844652.0,3796380.21,115274.7,111.31,632.69,111.31,29943.71,3073.99,340239.89,29.15,97.48,6756306.91
REC-001173,BIZ-0049,9,2025,2658736.81,3308396.17,100457.37,111.15,608.85,111.15,27986.7,2678.86,336040.25,26.56,95.03,6067590.35
REC-001174,BIZ-0049,10,2025,2671702.21,3146759.71,95549.38,113.01,630.99,113.01,28123.18,2547.98,339672.64,25.39,80.95,5914011.3
REC-001175,BIZ-0049,11,2025,2510124.86,3149207.48,95623.71,112.13,607.87,112.13,26422.37,2549.97,334679.78,24.65,82.5,5754956.05
REC-001176,BIZ-0049,12,2025,2233115.9,3045351.72,92470.19,106.83,637.17,106.83,23506.48,2465.87,319303.68,26.12,83.5,5370937.81
REC-001177,BIZ-0050,1,2024,4972959.04,1684622.97,51152.52,70.1,656.38,87.62,59912.94,1364.07,325999.17,27.41,94.91,6708734.53
REC-001178,BIZ-0050,2,2024,6243077.49,1474948.06,44785.87,70.28,608.14,87.86,73282.61,1194.29,353076.87,28.53,94.88,7762811.42
REC-001179,BIZ-0050,3,2024,5576902.55,1337710.6,40618.74,75.6,649.5,94.5,66270.24,1083.17,348617.57,29.28,80.12,6955231.89
REC-001180,BIZ-0050,4,2024,5704183.99,1952519.49,59287.03,86.6,611.74,108.26,67610.04,1580.99,371108.77,31.1,86.04,7715990.51
REC-001181,BIZ-0050,5,2024,6904054.38,1897766.1,57624.48,87.13,635.09,108.91,80240.26,1536.65,397312.12,30.31,85.14,8859444.96
REC-001182,BIZ-0050,6,2024,6729188.67,2322391.84,70517.97,92.72,604.11,115.89,78399.56,1880.48,403686.51,30.18,75.22,9122098.48
REC-001183,BIZ-0050,7,2024,5442511.05,1606444.61,48778.68,53.22,677.47,66.53,64855.59,1300.76,305509.79,29.42,72.14,7097734.34
REC-001184,BIZ-0050,8,2024,7238622.85,2464216.12,74824.38,77.27,647.41,96.59,83762.03,1995.32,386608.53,28.2,90.58,9777663.35
REC-001185,BIZ-0050,9,2024,6251116.55,2328939.42,70716.78,85.64,612.94,107.06,73367.23,1885.78,380894.44,26.11,79.78,8650772.75
REC-001186,BIZ-0050,10,2024,6478920.13,1203281.65,36536.89,45.89,686.63,57.37,75765.16,974.32,314137.19,24.97,81.82,7718738.67
REC-001187,BIZ-0050,11,2024,5932730.32,1188312.57,36082.37,48.21,659.74,60.26,70015.79,962.2,306804.15,24.76,92.24,7157125.26
REC-001188,BIZ-0050,12,2024,5517357.09,993125.74,30155.64,47.28,684.9,59.1,65643.44,804.15,296397.27,25.62,74.4,6540638.47
REC-001189,BIZ-0050,1,2025,5743711.89,2192962.89,66587.94,71.3,654.87,89.13,68026.13,1775.68,344396.27,25.74,89.6,8003262.72
REC-001190,BIZ-0050,2,2025,6461420.25,2797794.85,84953.29,95.8,552.24,119.76,75580.95,2265.42,403610.29,28.89,87.19,9344168.39
REC-001191,BIZ-0050,3,2025,6142418.45,1278820.12,38830.57,49.12,682.6,61.4,72223.04,1035.48,312860.62,30.32,91.02,7460069.14
REC-001192,BIZ-0050,4,2025,7500607.4,1817363.89,55183.11,68.74,634.08,85.92,86519.76,1471.55,376768.62,30.13,83.9,9373154.4
REC-001193,BIZ-0050,5,2025,5008298.36,1314974.27,39928.37,48.78,683.02,60.98,60284.93,1064.76,288379.3,30.97,83.84,6363201.0
REC-001194,BIZ-0050,6,2025,7145629.82,1093521.11,33204.08,46.18,662.28,57.72,82783.16,885.44,328688.2,31.18,75.09,8272355.01
REC-001195,BIZ-0050,7,2025,5003627.54,1356372.13,41185.39,57.08,672.66,71.34,60235.76,1098.28,303207.93,28.75,85.59,6401185.06
REC-001196,BIZ-0050,8,2025,4764311.82,2062257.42,62619.15,83.89,639.13,104.87,57716.65,1669.84,346439.59,27.51,72.73,6889188.39
REC-001197,BIZ-0050,9,2025,5251758.3,1511525.8,45896.53,50.25,657.18,62.82,62847.67,1223.91,296149.51,27.8,79.93,6809180.63
REC-001198,BIZ-0050,10,2025,4788272.45,1088462.29,33050.47,42.5,690.87,53.13,57968.87,881.35,272441.73,24.64,86.24,5909785.21
REC-001199,BIZ-0050,11,2025,5463249.37,1938881.86,58872.93,61.13,643.59,76.41,65073.89,1569.94,320180.18,25.04,83.76,7461004.16
REC-001200,BIZ-0050,12,2025,4798401.92,2304005.05,69959.67,75.64,649.45,94.55,58075.49,1865.59,332306.18,26.64,75.45,7172366.64
REC-001201,BIZ-0051,1,2024,11251098.17,1580248.34,47983.25,56.25,687.75,56.25,118432.61,1279.55,418118.91,27.15,75.87,12879329.76
REC-001202,BIZ-0051,2,2024,12264104.11,1333199.61,40481.77,73.73,622.27,73.73,129095.83,1079.51,470905.4,28.3,82.07,13637785.49
REC-001203,BIZ-0051,3,2024,9959455.8,1132566.95,34389.68,56.2,687.8,56.2,104836.38,917.06,390827.52,29.66,83.52,11126412.43
REC-001204,BIZ-0051,4,2024,12128230.52,2037199.31,61858.28,71.62,648.38,71.62,127665.58,1649.55,464246.03,29.02,88.38,14227288.11
REC-001205,BIZ-0051,5,2024,12887062.63,2672070.85,81135.75,87.93,656.07,87.93,135653.29,2163.62,509577.71,30.85,74.21,15640269.23
REC-001206,BIZ-0051,6,2024,12512856.91,1500333.0,45556.67,85.18,634.82,85.18,131714.28,1214.84,496761.06,31.26,85.57,14058746.58
REC-001207,BIZ-0051,7,2024,13034783.21,1443694.83,43836.89,69.25,674.75,69.25,137208.24,1168.98,479061.77,29.63,85.83,14522314.93
REC-001208,BIZ-0051,8,2024,11407672.39,1482859.33,45026.09,55.93,688.07,55.93,120080.76,1200.7,420827.17,28.79,93.81,12935557.81
REC-001209,BIZ-0051,9,2024,10629040.64,2672861.16,81159.75,115.37,604.63,115.37,111884.64,2164.26,511434.22,26.32,87.31,13383061.55
REC-001210,BIZ-0051,10,2024,10324658.46,1447624.34,43956.2,76.74,667.26,76.74,108680.62,1172.17,435494.61,25.07,72.63,11816239.0
REC-001211,BIZ-0051,11,2024,9715020.5,1919643.64,58288.77,62.79,657.21,62.79,102263.37,1554.37,397543.03,26.65,86.09,11692952.91
REC-001212,BIZ-0051,12,2024,11740735.61,1835225.67,55725.48,54.12,689.88,54.12,123586.69,1486.01,424596.51,25.01,96.76,13631686.76
REC-001213,BIZ-0051,1,2025,9895818.34,1124192.75,34135.41,56.91,687.09,56.91,104166.51,910.28,390774.79,25.99,90.55,11054146.5
REC-001214,BIZ-0051,2,2025,12489668.25,2054493.28,62383.4,112.97,559.03,112.97,131470.19,1663.56,546277.57,28.94,78.71,14606544.93
REC-001215,BIZ-0051,3,2025,9678379.43,2226670.32,67611.45,85.6,658.4,85.6,101877.68,1802.97,437841.64,28.63,87.52,11972661.2
REC-001216,BIZ-0051,4,2025,10340539.5,1634351.58,49626.06,88.72,631.28,88.72,108847.78,1323.36,457388.83,31.24,79.0,12024517.14
REC-001217,BIZ-0051,5,2025,12848119.5,1378525.7,41858.07,51.3,692.7,51.3,135243.36,1116.22,442833.2,29.37,88.47,14268503.27
REC-001218,BIZ-0051,6,2025,11946138.92,1860650.54,56497.49,95.61,624.39,95.61,125748.83,1506.6,503593.08,30.37,74.64,13863286.95
REC-001219,BIZ-0051,7,2025,12385316.85,2621144.91,79589.42,85.03,658.97,85.03,130371.76,2122.38,493797.99,29.41,83.6,15086051.18
REC-001220,BIZ-0051,8,2025,9216024.17,2267410.78,68848.51,67.16,676.84,67.16,97010.78,1835.96,394911.91,27.14,86.05,11552283.46
REC-001221,BIZ-0051,9,2025,8688442.12,3624223.21,110047.26,106.89,613.11,106.89,91457.29,2934.59,455307.68,27.86,86.43,12422712.59
REC-001222,BIZ-0051,10,2025,9291196.28,1801370.53,54697.49,54.21,689.79,54.21,97802.07,1458.6,373186.19,26.12,88.98,11147264.3
REC-001223,BIZ-0051,11,2025,11141618.89,3821001.2,116022.3,119.95,600.05,119.95,117280.2,3093.93,530464.87,24.96,78.52,15078642.39
REC-001224,BIZ-0051,12,2025,9917427.01,1625923.18,49370.14,61.3,682.7,61.3,104393.97,1316.54,399126.39,25.15,93.86,11592720.33
REC-001225,BIZ-0052,1,2024,11276491.91,3225287.4,97933.83,108.13,635.87,108.13,118699.91,2611.57,512042.59,25.72,74.33,14599713.14
REC-001226,BIZ-0052,2,2024,10068780.77,2658905.52,80736.0,85.34,610.66,85.34,105987.17,2152.96,445581.68,29.2,94.84,12808422.29
REC-001227,BIZ-0052,3,2024,12312626.92,3501166.94,106310.74,118.57,625.43,118.57,129606.6,2834.95,552647.88,30.17,96.58,15920104.6
REC-001228,BIZ-0052,4,2024,10499001.58,2192931.86,66587.0,64.74,655.26,64.74,110515.81,1775.65,417570.22,29.62,89.22,12758520.44
REC-001229,BIZ-0052,5,2024,9929301.64,3186537.74,96757.22,114.56,629.44,114.56,104518.96,2580.19,495242.41,30.09,95.76,13212596.6
REC-001230,BIZ-0052,6,2024,9219589.64,2607799.26,79184.19,88.91,631.09,88.91,97048.31,2111.58,434126.25,28.98,72.25,11906573.09
REC-001231,BIZ-0052,7,2024,9143348.62,3179669.75,96548.68,111.37,632.63,111.37,96245.77,2574.63,472958.31,29.22,82.21,12419567.05
REC-001232,BIZ-0052,8,2024,12534652.0,1576486.23,47869.02,81.16,662.84,81.16,131943.71,1276.51,489979.68,28.09,95.21,14159007.25
REC-001233,BIZ-0052,9,2024,11115068.16,2450817.69,74417.54,77.07,642.93,77.07,117000.72,1984.47,452732.07,27.88,81.79,13640303.39
REC-001234,BIZ-0052,10,2024,9501886.35,1566269.01,47558.78,75.93,668.07,75.93,100019.86,1268.23,416720.27,26.58,97.58,11115714.14
REC-001235,BIZ-0052,11,2024,12117996.7,2885424.84,87614.11,97.64,622.36,97.64,127557.86,2336.38,510865.57,24.32,91.32,15091035.65
REC-001236,BIZ-0052,12,2024,11595839.45,2250482.44,68334.49,106.59,637.41,106.59,122061.47,1822.25,515983.16,25.09,93.22,13914656.38
REC-001237,BIZ-0052,1,2025,9097481.5,2489582.47,75594.61,84.5,659.5,84.5,95762.96,2015.86,423623.5,27.9,97.15,11662658.58
REC-001238,BIZ-0052,2,2025,12459551.9,1818840.79,55227.96,94.69,577.31,94.69,131153.18,1472.75,512749.3,28.25,72.19,14333620.65
REC-001239,BIZ-0052,3,2025,9509753.83,1910992.52,58026.09,63.56,680.44,63.56,100102.67,1547.36,394620.4,28.72,85.01,11478772.44
REC-001240,BIZ-0052,4,2025,9993783.34,2752275.0,83571.1,91.17,628.83,91.17,105197.72,2228.56,454504.18,30.58,87.68,12829629.44
REC-001241,BIZ-0052,5,2025,13172077.27,3338119.97,101359.92,111.67,632.33,111.67,138653.44,2702.93,558313.28,29.61,96.27,16611557.16
REC-001242,BIZ-0052,6,2025,9276963.66,3419662.32,103835.9,117.89,602.11,117.89,97652.25,2768.96,487500.65,29.62,94.04,12800461.88
REC-001243,BIZ-0052,7,2025,13029571.59,1237117.15,37564.29,50.14,693.86,50.14,137153.39,1001.71,444553.1,29.52,89.7,14304253.03
REC-001244,BIZ-0052,8,2025,12563955.29,2315434.36,70306.71,72.61,671.39,72.61,132252.16,1874.85,475202.23,28.42,88.9,14949696.36
REC-001245,BIZ-0052,9,2025,10550144.64,2221710.31,67460.84,84.69,635.31,84.69,111054.15,1798.96,454550.72,26.53,75.16,12839315.79
REC-001246,BIZ-0052,10,2025,8977793.44,3028087.5,91945.98,114.29,629.71,114.29,94503.09,2451.89,474723.51,24.74,90.75,12097826.92
REC-001247,BIZ-0052,11,2025,9987747.2,3488235.98,105918.1,111.61,608.39,111.61,105134.18,2824.48,491160.77,25.06,82.19,13581901.28
REC-001248,BIZ-0052,12,2025,11359200.58,3879415.39,117796.01,117.04,626.96,117.04,119570.53,3141.23,529820.8,27.01,77.87,15356411.98
REC-001249,BIZ-0053,1,2024,1439420.99,22635.5,5596.69,4.81,289.14,48.14,22584.6,24.87,38715.28,26.02,70.54,1467653.18
REC-001250,BIZ-0053,2,2024,2539869.63,56733.91,14027.61,6.21,253.44,62.08,34168.27,62.34,48748.89,27.84,60.77,2610631.15
REC-001251,BIZ-0053,3,2024,2973378.01,51924.52,12838.48,5.75,279.82,57.46,38731.52,57.06,52145.69,28.64,75.15,3038141.01
REC-001252,BIZ-0053,4,2024,1474264.78,32637.44,8069.7,4.7,279.4,47.0,22951.38,35.87,38946.01,30.21,67.58,1514971.92
REC-001253,BIZ-0053,5,2024,1594248.25,61013.83,15085.84,6.39,273.43,63.85,24214.36,67.05,40883.44,29.53,74.29,1670347.92
REC-001254,BIZ-0053,6,2024,2693948.1,26994.03,6674.35,5.52,271.18,55.22,35790.15,29.66,49669.17,29.87,88.48,2727616.48
REC-001255,BIZ-0053,7,2024,2300104.16,20134.28,4978.26,3.94,297.85,39.43,31644.42,22.13,45484.34,29.98,61.75,2325216.7
REC-001256,BIZ-0053,8,2024,1233330.12,30157.77,7456.59,3.81,299.2,38.08,20415.22,33.14,36426.34,26.93,27.75,1270944.48
REC-001257,BIZ-0053,9,2024,2797745.84,33779.46,8352.07,4.81,278.32,48.08,36882.76,37.12,50150.63,26.54,87.67,2839877.37
REC-001258,BIZ-0053,10,2024,2379820.53,19901.48,4920.7,2.46,312.72,24.56,32483.54,21.87,45337.5,25.75,73.7,2404642.71
REC-001259,BIZ-0053,11,2024,2096450.51,23874.8,5903.11,4.65,279.95,46.45,29500.7,26.24,44155.4,25.92,60.83,2126228.42
REC-001260,BIZ-0053,12,2024,1052805.44,54873.11,13567.53,5.78,279.44,57.84,18514.96,60.3,35992.9,24.66,37.27,1121246.08
REC-001261,BIZ-0053,1,2025,1963556.06,33079.75,8179.06,4.17,295.62,41.66,28101.81,36.35,42772.91,25.85,76.28,2004814.87
REC-001262,BIZ-0053,2,2025,1369179.1,19930.96,4927.98,2.57,278.89,25.75,21845.21,21.9,36892.18,27.25,64.41,1394038.04
REC-001263,BIZ-0053,3,2025,2031896.35,34720.21,8584.67,4.63,291.02,46.26,28821.18,38.15,43601.52,29.28,80.85,2075201.23
REC-001264,BIZ-0053,4,2025,2396505.76,32593.73,8058.89,3.31,293.3,33.1,32659.18,35.82,45947.72,29.31,75.02,2437158.38
REC-001265,BIZ-0053,5,2025,1693981.13,27683.97,6844.94,3.07,306.6,30.68,25264.18,30.42,39898.88,30.54,81.05,1728510.04
REC-001266,BIZ-0053,6,2025,1875548.54,51457.66,12723.05,6.39,262.46,63.94,27175.42,56.55,43257.2,30.31,61.75,1939729.25
REC-001267,BIZ-0053,7,2025,1596034.53,34482.0,8525.77,4.14,295.87,41.41,24233.16,37.89,39663.95,28.53,62.19,1639042.3
REC-001268,BIZ-0053,8,2025,1298072.15,29024.95,7176.5,4.55,291.81,45.47,21096.72,31.9,37378.46,27.92,36.97,1334273.6
REC-001269,BIZ-0053,9,2025,1507935.39,56581.66,13989.97,5.94,266.98,59.42,23305.8,62.18,39913.0,26.27,70.52,1578507.02
REC-001270,BIZ-0053,10,2025,2558703.02,36334.53,8983.81,5.12,286.09,51.19,34366.52,39.93,48308.93,25.83,89.44,2604021.36
REC-001271,BIZ-0053,11,2025,2641211.48,50753.77,12549.01,5.67,269.74,56.66,35235.03,55.77,49304.29,24.81,75.38,2704514.26
REC-001272,BIZ-0053,12,2025,1245044.88,9347.36,2311.16,2.03,316.98,20.3,20538.54,10.27,35547.47,25.54,32.76,1256703.4
REC-001273,BIZ-0054,1,2024,7802425.69,1823865.92,55380.54,64.66,663.17,80.83,94879.6,1476.81,386152.33,26.41,86.42,9681672.15
REC-001274,BIZ-0054,2,2024,11390887.2,1135657.19,34483.52,51.15,632.06,63.94,132652.88,919.56,437377.34,28.99,81.36,12561027.91
REC-001275,BIZ-0054,3,2024,7847187.12,1884167.71,57211.57,87.46,634.67,109.33,95350.77,1525.64,428132.99,28.58,78.81,9788566.4
REC-001276,BIZ-0054,4,2024,8323955.49,1446066.36,43908.9,45.67,662.92,57.08,100369.38,1170.9,362938.74,29.44,76.58,9813930.75
REC-001277,BIZ-0054,5,2024,11457167.19,1233517.78,37454.99,58.95,670.31,73.69,133350.56,998.8,452810.15,29.63,89.03,12728139.96
REC-001278,BIZ-0054,6,2024,9076088.27,1309366.28,39758.09,49.6,658.0,62.0,108286.57,1060.22,385846.21,30.06,81.61,10425212.64
REC-001279,BIZ-0054,7,2024,9526681.96,1543478.97,46866.77,79.81,644.23,99.77,113029.66,1249.78,449722.29,29.97,88.2,11117027.7
REC-001280,BIZ-0054,8,2024,7885835.33,2045493.11,62110.11,69.82,656.72,87.28,95757.59,1656.27,397196.7,28.92,75.4,9993438.55
REC-001281,BIZ-0054,9,2024,9774661.34,2791597.99,84765.12,91.58,605.53,114.47,115639.97,2260.4,476118.11,26.31,83.17,12651024.45
REC-001282,BIZ-0054,10,2024,8659947.85,1041947.6,31638.09,48.32,683.6,60.4,103906.15,843.68,374787.84,26.04,94.22,9733533.54
REC-001283,BIZ-0054,11,2024,7549419.36,1875120.65,56936.86,68.46,634.42,85.58,92216.37,1518.32,387666.31,25.81,79.28,9481476.87
REC-001284,BIZ-0054,12,2024,10657605.26,2353656.86,71467.31,84.3,638.63,105.37,124934.12,1905.8,481600.76,25.81,90.91,13082729.43
REC-001285,BIZ-0054,1,2025,10762982.39,1949918.92,59208.06,82.06,641.42,102.58,126043.35,1578.88,479801.24,25.95,82.09,12772109.37
REC-001286,BIZ-0054,2,2025,9887499.88,1780529.86,54064.67,69.43,585.22,86.78,116827.75,1441.72,438623.44,28.05,76.65,11722094.41
REC-001287,BIZ-0054,3,2025,10138510.29,2344714.19,71195.77,75.73,649.33,94.67,119469.96,1898.55,455260.97,30.34,84.32,12554420.25
REC-001288,BIZ-0054,4,2025,11306630.12,1394017.68,42328.47,65.32,638.35,81.65,131765.96,1128.76,461101.59,30.52,77.39,12742976.27
REC-001289,BIZ-0054,5,2025,9089157.08,1554673.94,47206.7,48.8,683.0,61.0,108424.14,1258.85,384694.98,29.82,83.05,10691037.72
REC-001290,BIZ-0054,6,2025,10340945.52,1484309.0,45070.11,56.52,649.35,70.65,121600.86,1201.87,424942.56,29.58,74.2,11870324.63
REC-001291,BIZ-0054,7,2025,9082371.24,1476242.69,44825.18,58.84,670.45,73.55,108352.71,1195.34,402611.91,28.6,73.07,10603439.11
REC-001292,BIZ-0054,8,2025,9147739.11,979577.69,29744.26,55.29,674.89,69.11,109040.79,793.18,397601.94,27.84,81.56,10157061.06
REC-001293,BIZ-0054,9,2025,7331531.79,2025201.9,61493.98,90.48,606.9,113.1,89922.82,1639.84,422714.4,26.61,78.91,9418227.67
REC-001294,BIZ-0054,10,2025,7526821.65,1177705.84,35760.3,55.48,674.65,69.35,91978.5,953.61,363820.64,25.84,86.21,8740287.79
REC-001295,BIZ-0054,11,2025,9342931.08,1699828.04,51614.21,58.69,646.64,73.36,111095.44,1376.38,407833.68,24.58,81.37,11094373.33
REC-001296,BIZ-0054,12,2025,10604422.51,1798104.4,54598.31,87.35,634.82,109.18,124374.3,1455.95,485969.78,25.23,91.38,12457125.22
REC-001297,BIZ-0055,1,2024,8896626.97,2671612.09,81121.82,100.13,643.87,100.13,93648.7,2163.25,447536.77,27.0,75.58,11649360.88
REC-001298,BIZ-0055,2,2024,7461868.27,2564003.76,77854.37,74.26,621.74,74.26,78545.98,2076.12,370767.64,27.43,92.02,10103726.4
REC-001299,BIZ-0055,3,2024,9515145.17,1453766.28,44142.7,50.83,693.17,50.83,100159.42,1177.14,371817.08,30.32,93.37,11013054.15
REC-001300,BIZ-0055,4,2024,10194643.31,1964496.5,59650.7,65.93,654.07,65.93,107312.03,1590.69,413298.96,31.34,96.74,12218790.51
REC-001301,BIZ-0055,5,2024,8444183.89,2252060.9,68382.42,88.68,655.32,88.68,88886.15,1823.53,417401.81,29.8,78.08,10764627.21
REC-001302,BIZ-0055,6,2024,7027036.36,2697809.4,81917.29,109.21,610.79,109.21,73968.8,2184.46,424508.62,30.92,80.86,9806763.05
REC-001303,BIZ-0055,7,2024,8160228.81,1953920.23,59329.56,109.71,634.29,109.71,85897.15,1582.12,449265.25,30.31,82.86,10173478.6
REC-001304,BIZ-0055,8,2024,7597660.96,2635847.08,80035.84,101.65,642.35,101.65,79975.38,2134.29,422914.19,27.13,94.72,10313543.88
REC-001305,BIZ-0055,9,2024,7052464.56,2418182.69,73426.6,79.8,640.2,79.8,74236.47,1958.04,372113.58,27.13,81.22,9544073.85
REC-001306,BIZ-0055,10,2024,7475500.05,2468764.74,74962.49,91.09,652.91,91.09,78689.47,1999.0,401335.29,26.47,89.95,10019227.28
REC-001307,BIZ-0055,11,2024,9278479.32,3242783.04,98465.07,119.6,600.4,119.6,97668.2,2625.74,490612.84,24.38,75.62,12619727.43
REC-001308,BIZ-0055,12,2024,8506896.25,1847636.78,56102.33,77.36,666.64,77.36,89546.28,1496.06,398344.17,26.55,95.76,10410635.36
REC-001309,BIZ-0055,1,2025,7393411.25,1912366.69,58067.81,83.23,660.77,83.23,77825.38,1548.48,385472.75,27.83,73.66,9363845.75
REC-001310,BIZ-0055,2,2025,7644892.69,1795433.84,54517.22,62.0,610.0,62.0,80472.55,1453.79,352544.49,29.11,88.61,9494843.75
REC-001311,BIZ-0055,3,2025,8638606.67,1075481.05,32656.31,51.88,692.12,51.88,90932.7,870.83,355247.06,28.48,93.49,9746744.03
REC-001312,BIZ-0055,4,2025,7493082.02,1854922.83,56323.57,70.38,649.62,70.38,78874.55,1501.96,364428.39,31.15,82.03,9404328.42
REC-001313,BIZ-0055,5,2025,6715369.75,2406348.86,73067.27,72.87,671.13,72.87,70688.1,1948.46,352549.49,30.39,81.58,9194785.88
REC-001314,BIZ-0055,6,2025,7372676.9,2389683.99,72561.25,79.29,640.71,79.29,77607.13,1934.97,377934.31,29.9,97.73,9834922.14
REC-001315,BIZ-0055,7,2025,7444834.02,2512120.17,76278.95,110.93,633.07,110.93,78366.67,2034.11,436409.93,28.98,95.49,10033233.14
REC-001316,BIZ-0055,8,2025,7121655.07,2044787.96,62088.7,90.26,653.74,90.26,74964.79,1655.7,392391.09,28.76,89.28,9228531.73
REC-001317,BIZ-0055,9,2025,8009123.47,2207358.4,67025.05,64.12,655.88,64.12,84306.56,1787.33,364027.67,26.04,90.64,10283506.92
REC-001318,BIZ-0055,10,2025,8552695.17,1545833.79,46938.27,67.28,676.72,67.28,90028.37,1251.69,381158.6,25.7,93.44,10145467.23
REC-001319,BIZ-0055,11,2025,7885887.56,994872.14,30208.67,52.74,667.26,52.74,83009.34,805.56,340943.37,25.67,84.76,8910968.37
REC-001320,BIZ-0055,12,2025,7759260.33,3377402.49,102552.71,108.98,635.02,108.98,81676.42,2734.74,439525.42,26.19,95.89,11239215.53
REC-001321,BIZ-0056,1,2024,18056995.26,1657221.06,50320.48,62.15,444.0,69.05,190073.63,1341.88,711910.4,26.49,83.82,19764536.8
REC-001322,BIZ-0056,2,2024,13537875.51,3060841.12,92940.52,77.52,393.81,86.14,142503.95,2478.41,626808.38,28.28,70.12,16691657.15
REC-001323,BIZ-0056,3,2024,11018799.16,2398535.08,72830.01,91.79,411.06,101.99,115987.36,1942.13,591904.49,28.28,79.45,13490164.25
REC-001324,BIZ-0056,4,2024,16590296.3,1615249.79,49046.05,40.2,451.83,44.67,174634.7,1307.89,625037.44,31.08,73.82,18254592.14
REC-001325,BIZ-0056,5,2024,15010036.59,2118779.44,64335.41,84.0,419.72,93.33,158000.39,1715.61,679794.87,31.47,86.81,17193151.44
REC-001326,BIZ-0056,6,2024,15313632.56,2754079.38,83625.89,85.11,401.93,94.57,161196.13,2230.02,690230.51,29.85,81.44,18151337.83
REC-001327,BIZ-0056,7,2024,10484579.33,1432339.65,43492.09,37.68,471.18,41.87,110363.99,1159.79,458813.08,28.45,62.26,11960411.07
REC-001328,BIZ-0056,8,2024,13262363.88,1653223.38,50199.09,61.16,445.1,67.95,139603.83,1338.64,583558.35,28.42,71.17,14965786.35
REC-001329,BIZ-0056,9,2024,15856108.77,1729802.14,52524.36,44.6,446.95,49.55,166906.41,1400.65,615382.23,25.64,63.77,17638435.27
REC-001330,BIZ-0056,10,2024,11032972.71,3084510.97,93659.24,77.39,427.06,85.99,116136.55,2497.58,560604.72,25.75,71.15,14211142.92
REC-001331,BIZ-0056,11,2024,12673416.24,1982411.09,60194.67,46.17,445.2,51.3,133404.38,1605.19,535076.35,25.35,71.48,14716022.0
REC-001332,BIZ-0056,12,2024,11032794.34,2182812.71,66279.74,82.71,421.15,91.9,116134.68,1767.46,572301.18,26.09,61.2,13281886.79
REC-001333,BIZ-0056,1,2025,12006658.76,1697656.58,51548.28,63.76,442.2,70.85,126385.88,1374.62,556239.9,27.16,55.39,13755863.62
REC-001334,BIZ-0056,2,2025,15530633.97,1494693.4,45385.43,63.85,392.46,70.94,163480.36,1210.28,649170.15,28.51,86.24,17070712.8
REC-001335,BIZ-0056,3,2025,16239883.56,1921641.62,58349.44,77.58,426.85,86.2,170946.14,1555.99,698046.96,29.57,73.3,18219874.62
REC-001336,BIZ-0056,4,2025,15754630.86,1232593.61,37426.93,39.07,453.09,43.41,165838.22,998.05,600540.48,30.62,70.54,17024651.4
REC-001337,BIZ-0056,5,2025,17844358.93,1099610.47,33388.98,48.6,459.05,54.0,187835.36,890.37,676506.41,29.78,63.74,18977358.38
REC-001338,BIZ-0056,6,2025,16528747.48,1875569.4,56950.49,78.84,408.9,87.6,173986.82,1518.68,708409.43,29.03,55.51,18461267.37
REC-001339,BIZ-0056,7,2025,17062889.85,3122356.39,94808.39,77.84,426.56,86.49,179609.37,2528.22,720268.89,30.35,58.38,20280054.63
REC-001340,BIZ-0056,8,2025,17195799.95,2124251.08,64501.55,56.33,450.46,62.59,181008.42,1720.04,676444.44,26.91,72.94,19384552.58
REC-001341,BIZ-0056,9,2025,14307284.26,1760922.43,53469.3,62.96,426.55,69.95,150602.99,1425.85,615011.69,27.05,87.7,16121675.99
REC-001342,BIZ-0056,10,2025,10319569.57,1739037.35,52804.78,77.2,427.27,85.78,108627.05,1408.13,541411.02,24.89,66.32,12111411.7
REC-001343,BIZ-0056,11,2025,15390836.98,2015382.23,61195.82,53.54,437.01,59.49,162008.81,1631.89,622816.25,24.81,62.7,17467415.03
REC-001344,BIZ-0056,12,2025,14375071.36,2916124.38,88546.29,84.36,419.32,93.73,151316.54,2361.23,663873.11,24.74,85.99,17379742.03
REC-001345,BIZ-0057,1,2024,5822184.52,2486458.9,75499.76,91.64,629.44,114.56,70940.15,2013.33,386840.48,27.93,90.53,8384143.18
REC-001346,BIZ-0057,2,2024,4435594.69,1808519.52,54914.56,75.33,601.84,94.16,56344.47,1464.39,328281.03,27.4,74.46,6299028.77
REC-001347,BIZ-0057,3,2024,4513560.58,1517476.4,46077.22,49.82,681.73,62.27,57165.16,1228.73,284003.7,30.27,92.06,6077114.2
REC-001348,BIZ-0057,4,2024,6026237.2,770328.85,23390.55,43.78,665.27,54.73,73088.08,623.75,304981.51,30.62,97.43,6819956.6
REC-001349,BIZ-0057,5,2024,5482248.83,2119602.63,64360.4,81.54,642.07,101.93,67361.88,1716.28,361498.61,31.49,83.67,7666211.86
REC-001350,BIZ-0057,6,2024,3978028.88,1603395.37,48686.09,82.5,616.87,103.13,51527.99,1298.3,331557.23,30.66,72.35,5630110.34
REC-001351,BIZ-0057,7,2024,4456711.99,874175.24,26543.78,44.45,688.44,55.56,56566.76,707.83,273135.99,28.62,83.14,5357431.01
REC-001352,BIZ-0057,8,2024,4599962.52,1625884.71,49368.97,75.95,649.06,94.94,58074.66,1316.51,332866.84,28.0,77.25,6275216.2
REC-001353,BIZ-0057,9,2024,5104878.85,1747982.42,53076.39,89.13,608.59,111.41,63389.57,1415.37,367214.19,27.29,97.7,6905937.66
REC-001354,BIZ-0057,10,2024,4034783.28,2063244.03,62649.11,84.34,638.58,105.42,52125.4,1670.64,336062.21,25.4,92.46,6160676.42
REC-001355,BIZ-0057,11,2024,4479971.09,1881427.13,57128.35,81.04,618.7,101.3,56811.59,1523.42,339496.79,26.25,91.51,6418526.57
REC-001356,BIZ-0057,12,2024,5780526.4,2969847.23,90177.55,95.35,624.81,119.19,70501.65,2404.73,392631.62,25.13,73.41,8840551.18
REC-001357,BIZ-0057,1,2025,5764623.52,1416123.97,42999.72,69.2,657.5,86.5,70334.25,1146.66,345232.87,27.22,77.78,7223747.21
REC-001358,BIZ-0057,2,2025,4846512.43,1699124.08,51592.84,93.41,555.24,116.76,60669.92,1375.81,369468.89,28.31,73.68,6597229.35
REC-001359,BIZ-0057,3,2025,4580622.24,1331636.6,40434.31,49.73,681.84,62.16,57871.08,1078.25,285248.68,30.43,96.4,5952693.15
REC-001360,BIZ-0057,4,2025,5275006.64,1620093.67,49193.13,63.87,640.16,79.84,65180.39,1311.82,325325.74,30.87,77.31,6944293.44
REC-001361,BIZ-0057,5,2025,4919809.33,1665635.57,50575.98,73.93,651.59,92.41,61441.47,1348.69,335952.74,29.69,77.14,6636020.88
REC-001362,BIZ-0057,6,2025,4779300.82,2261206.88,68660.13,88.3,609.63,110.37,59962.43,1830.94,358857.35,30.35,97.16,7109167.83
REC-001363,BIZ-0057,7,2025,4958991.98,1632351.08,49565.32,66.36,661.05,82.95,61853.92,1321.74,323155.75,30.33,81.35,6640908.38
REC-001364,BIZ-0057,8,2025,4208891.13,2393529.25,72678.01,93.41,627.24,116.76,53958.12,1938.08,356054.99,28.26,83.27,6675098.39
REC-001365,BIZ-0057,9,2025,4005446.66,2040411.71,61955.82,90.76,606.55,113.45,51816.6,1652.16,347004.06,27.38,83.11,6107814.19
REC-001366,BIZ-0057,10,2025,4273224.77,1384155.21,42029.0,61.31,667.37,76.63,54635.31,1120.77,299620.01,25.92,86.37,5699408.98
REC-001367,BIZ-0057,11,2025,5005341.0,1739301.24,52812.79,58.66,646.67,73.33,62341.8,1408.34,310273.6,24.98,86.62,6797455.03
REC-001368,BIZ-0057,12,2025,3995511.43,2640350.41,80172.58,88.25,633.68,110.32,51712.02,2137.94,342278.87,25.1,95.82,6716034.42
REC-001369,BIZ-0058,1,2024,940159.66,125896.35,39109.81,17.1,404.26,42.76,12868.82,148.99,51275.81,26.45,68.35,1105165.82
REC-001370,BIZ-0058,2,2024,1214643.39,89852.98,27912.91,11.28,389.97,28.21,15758.12,106.33,51534.73,27.72,65.16,1332409.28
REC-001371,BIZ-0058,3,2024,1194367.5,96252.99,29901.08,12.92,414.71,32.31,15544.69,113.91,52362.8,30.43,59.11,1320521.57
REC-001372,BIZ-0058,4,2024,1208953.33,117518.66,36507.28,16.27,391.91,40.69,15698.22,139.08,54939.43,31.26,80.45,1362979.27
REC-001373,BIZ-0058,5,2024,784391.03,101896.62,31654.27,16.94,404.68,42.34,11229.15,120.59,48698.92,30.82,67.15,917941.92
REC-001374,BIZ-0058,6,2024,1230208.19,119007.84,36969.89,16.51,391.34,41.26,15921.96,140.84,55436.76,29.56,70.76,1386185.92
REC-001375,BIZ-0058,7,2024,834659.27,171665.75,53328.12,20.9,394.78,52.24,11758.29,203.15,52265.92,28.12,76.97,1059653.14
REC-001376,BIZ-0058,8,2024,1001617.22,107595.9,33424.76,21.93,392.2,54.82,13515.74,127.33,55622.43,27.15,63.16,1142637.88
REC-001377,BIZ-0058,9,2024,1046404.42,121949.26,37883.65,16.92,390.3,42.3,13987.18,144.32,52823.56,25.83,58.05,1206237.33
REC-001378,BIZ-0058,10,2024,1141812.49,126923.53,39428.91,25.77,382.6,64.42,14991.48,150.21,60524.9,26.97,57.65,1308164.93
REC-001379,BIZ-0058,11,2024,1019944.44,156214.62,48528.21,19.6,383.61,48.99,13708.66,184.87,54281.32,25.32,77.83,1224687.27
REC-001380,BIZ-0058,12,2024,1157033.28,210392.86,65358.73,26.64,380.43,66.59,15151.7,248.99,61373.99,26.04,79.22,1432784.87
REC-001381,BIZ-0058,1,2025,1157449.06,132196.54,41066.97,24.66,385.38,61.64,15156.07,156.45,59993.38,25.81,73.9,1330712.57
REC-001382,BIZ-0058,2,2025,1131067.75,49935.33,15512.46,10.12,378.47,25.29,14878.38,59.1,49398.46,27.3,79.69,1196515.54
REC-001383,BIZ-0058,3,2025,1094230.3,104884.16,32582.36,17.52,403.22,43.8,14490.61,124.12,54000.7,29.23,58.2,1231696.82
REC-001384,BIZ-0058,4,2025,840247.4,64005.51,19883.37,13.36,399.21,33.39,11817.11,75.75,47074.3,29.66,69.22,924136.28
REC-001385,BIZ-0058,5,2025,822747.7,103526.31,32160.54,20.21,396.5,50.52,11632.9,122.52,51594.71,30.47,71.59,958434.55
REC-001386,BIZ-0058,6,2025,1210292.36,112716.35,35015.43,13.45,398.97,33.63,15712.32,133.39,52986.23,29.45,79.75,1358024.14
REC-001387,BIZ-0058,7,2025,1228841.71,82728.78,25699.77,11.97,417.11,29.91,15907.58,97.9,52237.23,30.14,69.54,1337270.26
REC-001388,BIZ-0058,8,2025,758070.13,48535.56,15077.61,11.16,419.13,27.89,10952.09,57.44,44237.84,26.99,57.83,821683.3
REC-001389,BIZ-0058,9,2025,1126024.69,54407.26,16901.66,10.17,407.17,25.43,14825.29,64.39,49357.72,26.11,71.01,1197333.61
REC-001390,BIZ-0058,10,2025,1166430.68,55022.96,17092.93,10.75,420.14,26.88,15250.62,65.12,50403.35,26.93,76.96,1238546.57
REC-001391,BIZ-0058,11,2025,989182.61,146095.81,45384.79,27.32,364.31,68.29,13384.85,172.89,59199.2,26.2,67.4,1180663.21
REC-001392,BIZ-0058,12,2025,1082659.0,114105.19,35446.88,16.06,406.88,40.14,14368.81,135.04,52793.75,25.8,79.98,1232211.07
REC-001393,BIZ-0059,1,2024,2675739.84,1465679.69,44504.44,45.7,365.0,65.28,39546.48,1186.79,299404.71,26.37,66.03,4185923.97
REC-001394,BIZ-0059,2,2024,4674537.2,1505829.4,45723.56,67.51,306.08,96.44,60586.45,1219.3,399982.06,28.27,89.14,6226090.16
REC-001395,BIZ-0059,3,2024,4364079.11,1676566.86,50907.9,73.33,325.53,104.75,57318.47,1357.54,404615.19,30.14,69.06,6091553.87
REC-001396,BIZ-0059,4,2024,4685524.89,1838886.31,55836.63,64.82,323.8,92.6,60702.11,1488.98,394360.49,29.26,73.57,6580247.83
REC-001397,BIZ-0059,5,2024,4639243.33,2051388.96,62289.14,53.23,354.24,76.04,60214.94,1661.04,367645.08,30.38,79.02,6752921.43
REC-001398,BIZ-0059,6,2024,4707185.54,1658839.63,50369.62,43.79,353.85,62.55,60930.12,1343.19,348656.69,28.97,77.33,6416394.79
REC-001399,BIZ-0059,7,2024,4420321.34,1714051.74,52046.11,61.22,342.82,87.46,57910.5,1387.9,379457.04,30.15,88.94,6186419.19
REC-001400,BIZ-0059,8,2024,4310607.61,2047248.16,62163.41,45.07,365.9,64.38,56755.62,1657.69,341039.44,27.96,80.87,6420019.18
REC-001401,BIZ-0059,9,2024,3815718.3,1538905.52,46727.9,62.28,327.44,88.96,51546.26,1246.08,365871.71,27.81,71.66,5401351.72
REC-001402,BIZ-0059,10,2024,4023496.02,3098444.86,94082.33,70.62,329.39,100.89,53733.39,2508.86,389704.24,25.56,76.25,7216023.21
REC-001403,BIZ-0059,11,2024,2292063.04,1277529.93,38791.39,52.4,341.55,74.85,35507.78,1034.44,304045.77,26.18,80.08,3608384.36
REC-001404,BIZ-0059,12,2024,4977517.74,2257316.22,68541.99,50.87,357.6,72.68,63775.72,1827.79,371360.68,26.63,89.87,7303375.95
REC-001405,BIZ-0059,1,2025,3516725.78,1055590.14,32052.33,39.92,373.25,57.03,48398.97,854.73,308831.19,27.84,71.88,4604368.25
REC-001406,BIZ-0059,2,2025,2525439.8,1759820.97,53435.86,76.67,279.1,109.54,37964.38,1424.96,363595.31,29.07,79.5,4338696.63
REC-001407,BIZ-0059,3,2025,3156520.46,1669235.18,50685.28,41.74,370.65,59.63,44607.33,1351.61,303340.9,30.28,66.43,4876440.92
REC-001408,BIZ-0059,4,2025,4255835.32,2728683.55,82854.76,60.61,329.82,86.58,56179.07,2209.46,373786.02,30.56,88.3,7067373.63
REC-001409,BIZ-0059,5,2025,4354589.44,1229881.38,37344.58,44.31,366.98,63.3,57218.58,995.86,340522.42,30.82,72.22,5621815.4
REC-001410,BIZ-0059,6,2025,2552657.66,2003866.16,60846.14,44.82,352.37,64.03,38250.88,1622.56,294226.94,30.35,87.33,4617369.96
REC-001411,BIZ-0059,7,2025,4044137.57,3063977.23,93035.75,66.47,335.32,94.96,53950.67,2480.95,381108.5,29.83,80.38,7201150.55
REC-001412,BIZ-0059,8,2025,2691171.84,1055649.58,32054.14,42.26,369.91,60.37,39708.92,854.78,292239.58,27.85,63.17,3778875.56
REC-001413,BIZ-0059,9,2025,2654804.36,2697816.73,81917.51,74.16,310.46,105.94,39326.11,2184.47,361463.7,26.37,75.73,5434538.6
REC-001414,BIZ-0059,10,2025,3029518.11,1917290.06,58217.31,64.11,338.7,91.58,43270.46,1552.46,349215.91,24.94,65.97,5005025.48
REC-001415,BIZ-0059,11,2025,2994299.25,2012894.54,61120.28,48.76,346.74,69.66,42899.74,1629.87,314524.05,25.72,61.65,5068314.07
REC-001416,BIZ-0059,12,2025,2622600.39,2228602.59,67670.12,60.52,343.82,86.46,38987.12,1804.54,330619.27,26.55,87.69,4918873.1
REC-001417,BIZ-0060,1,2024,656935.85,210642.89,65436.4,27.45,428.88,39.22,6915.11,249.28,49588.84,25.81,55.3,933015.14
REC-001418,BIZ-0060,2,2024,630905.87,120071.63,37300.36,22.14,406.27,31.63,6641.11,142.1,45462.4,27.51,62.22,788277.86
REC-001419,BIZ-0060,3,2024,722110.77,103641.82,32196.42,18.58,441.55,26.55,7601.17,122.65,44409.03,29.84,83.02,857949.01
REC-001420,BIZ-0060,4,2024,573360.42,293941.91,91313.32,44.2,389.85,63.15,6035.37,347.86,59994.17,30.17,77.72,958615.65
REC-001421,BIZ-0060,5,2024,554450.7,214479.43,66628.22,47.94,399.61,68.49,5836.32,253.82,62315.72,30.81,62.12,835558.35
REC-001422,BIZ-0060,6,2024,653671.95,361361.76,112257.35,44.21,389.84,63.16,6880.76,427.65,61271.08,30.91,60.04,1127291.06
REC-001423,BIZ-0060,7,2024,729180.74,329055.66,102221.43,41.95,408.18,59.92,7675.59,389.41,60875.03,28.59,79.28,1160457.83
REC-001424,BIZ-0060,8,2024,671832.37,226463.92,70351.22,46.24,402.04,66.06,7071.92,268.0,62975.78,28.55,64.87,968647.51
REC-001425,BIZ-0060,9,2024,580493.19,184642.58,57359.38,32.41,406.7,46.3,6110.45,218.51,51854.63,25.6,67.95,822495.15
REC-001426,BIZ-0060,10,2024,632161.33,214453.59,66620.2,26.39,430.39,37.71,6654.33,253.79,48457.62,25.57,57.37,913235.12
REC-001427,BIZ-0060,11,2024,510529.3,209544.48,65095.18,27.69,413.45,39.55,5373.99,247.98,47442.37,25.98,73.08,785168.96
REC-001428,BIZ-0060,12,2024,679078.3,189299.97,58806.2,27.08,429.42,38.68,7148.19,224.02,49677.12,26.71,56.79,927184.47
REC-001429,BIZ-0060,1,2025,597867.15,233903.5,72662.33,45.76,402.73,65.37,6293.34,276.81,61473.67,26.94,69.58,904432.98
REC-001430,BIZ-0060,2,2025,627188.12,226718.79,70430.39,28.91,381.5,41.3,6601.98,268.31,50140.05,28.73,61.46,924337.3
REC-001431,BIZ-0060,3,2025,714411.02,245958.7,76407.29,29.36,426.15,41.95,7520.12,291.08,51833.23,28.29,80.92,1036777.01
REC-001432,BIZ-0060,4,2025,494054.62,178724.04,55520.78,28.7,412.0,41.0,5200.57,211.51,47891.49,30.6,60.55,728299.44
REC-001433,BIZ-0060,5,2025,606863.07,170604.29,52998.37,28.16,427.87,40.23,6388.03,201.9,49295.66,31.57,58.87,830465.73
REC-001434,BIZ-0060,6,2025,563357.96,125346.96,38939.14,21.24,422.65,30.35,5930.08,148.34,43764.72,29.32,78.84,727644.06
REC-001435,BIZ-0060,7,2025,535496.71,307425.06,95501.87,40.97,409.57,58.53,5636.81,363.82,57136.88,28.78,74.67,938423.64
REC-001436,BIZ-0060,8,2025,520960.61,246632.14,76616.49,32.11,422.23,45.87,5483.8,291.87,50699.7,29.18,77.13,844209.24
REC-001437,BIZ-0060,9,2025,600205.83,84284.88,26183.17,17.87,427.48,25.52,6317.96,99.75,41982.77,26.47,75.87,710673.88
REC-001438,BIZ-0060,10,2025,714589.46,164831.78,51205.14,24.59,432.98,35.12,7521.99,195.07,48492.81,24.93,76.17,930626.38
REC-001439,BIZ-0060,11,2025,651217.19,137818.05,42813.3,20.48,423.75,29.25,6854.92,163.1,44617.28,26.67,70.82,831848.54
REC-001440,BIZ-0060,12,2025,687612.89,127878.54,39725.58,26.9,429.67,38.43,7238.03,151.34,49685.96,25.56,88.0,855217.01
REC-001441,BIZ-0061,1,2024,17394654.12,2252505.71,68395.92,69.86,393.57,77.63,183101.62,1823.89,711453.09,26.33,79.98,19715555.75
REC-001442,BIZ-0061,2,2024,16555714.53,3015146.42,91553.03,85.36,345.96,94.84,174270.68,2441.41,723466.27,28.48,68.78,19662413.98
REC-001443,BIZ-0061,3,2024,14957909.31,3356914.51,101930.6,87.59,373.88,97.32,157451.68,2718.15,686318.7,28.2,84.3,18416754.42
REC-001444,BIZ-0061,4,2024,15387148.21,1888464.36,57342.04,43.39,407.79,48.21,161969.98,1529.12,600386.35,30.77,62.26,17332954.61
REC-001445,BIZ-0061,5,2024,13410450.13,1294398.61,39303.6,55.8,409.2,62.0,141162.63,1048.1,575668.02,30.97,55.19,14744152.34
REC-001446,BIZ-0061,6,2024,11255511.64,2130384.04,64687.77,52.18,398.03,57.97,118479.07,1725.01,510984.68,30.35,77.84,13450583.45
REC-001447,BIZ-0061,7,2024,12009433.66,2564156.07,77858.99,96.88,363.56,107.64,126415.09,2076.24,629163.6,28.25,59.37,14651448.72
REC-001448,BIZ-0061,8,2024,12436563.74,1773881.18,53862.79,38.91,427.97,43.23,130911.2,1436.34,512876.64,29.15,78.04,14264307.71
REC-001449,BIZ-0061,9,2024,14051368.0,1538981.66,46730.21,44.81,406.21,49.79,147909.14,1246.14,568356.75,27.72,65.27,15637079.87
REC-001450,BIZ-0061,10,2024,18881472.98,2584856.67,78487.55,74.19,388.77,82.43,198752.35,2093.0,760096.33,25.39,86.88,21544817.2
REC-001451,BIZ-0061,11,2024,10605892.57,985794.06,29933.02,38.31,413.43,42.57,111640.97,798.21,463393.76,25.95,78.19,11621619.65
REC-001452,BIZ-0061,12,2024,10809321.32,2608050.3,79191.81,70.78,392.56,78.64,113782.33,2111.78,540172.81,26.69,62.53,13496563.43
REC-001453,BIZ-0061,1,2025,13791442.96,2025167.31,61492.93,70.64,392.71,78.49,145173.08,1639.81,618341.73,26.22,80.52,15878103.2
REC-001454,BIZ-0061,2,2025,13304177.89,3719513.83,112940.7,95.52,319.47,106.13,140043.98,3011.75,660250.98,28.36,60.72,17136632.42
REC-001455,BIZ-0061,3,2025,11574759.58,2185457.26,66360.04,75.66,387.13,84.07,121839.57,1769.6,571057.09,30.31,60.01,13826576.88
REC-001456,BIZ-0061,4,2025,16542140.88,2733802.67,83010.2,71.51,376.55,79.45,174127.8,2213.61,692640.3,30.48,77.59,19358953.75
REC-001457,BIZ-0061,5,2025,16574188.2,2331653.98,70799.21,55.93,409.05,62.15,174465.14,1887.98,659210.39,30.53,60.74,18976641.39
REC-001458,BIZ-0061,6,2025,12937335.53,1874570.13,56920.15,53.02,397.09,58.91,136182.48,1517.87,557095.56,29.87,88.74,14868825.81
REC-001459,BIZ-0061,7,2025,12847526.52,1859275.89,56455.75,41.61,424.97,46.23,135237.12,1505.49,529624.62,29.69,69.24,14763258.16
REC-001460,BIZ-0061,8,2025,16000150.93,1312321.84,39847.83,53.24,412.04,59.16,168422.64,1062.61,638184.05,28.67,60.12,17352320.6
REC-001461,BIZ-0061,9,2025,17206988.73,2156738.62,65488.01,85.31,361.21,94.79,181126.2,1746.35,740502.37,27.9,62.78,19429215.36
REC-001462,BIZ-0061,10,2025,15397550.94,2135094.64,64830.81,86.83,374.72,96.48,162079.48,1728.82,696220.93,25.9,85.64,17597476.39
REC-001463,BIZ-0061,11,2025,12430944.09,1309762.82,39770.13,53.08,397.03,58.97,130852.04,1060.54,543898.19,25.14,75.03,13780477.04
REC-001464,BIZ-0061,12,2025,15808605.1,1996707.11,60628.76,47.38,418.55,52.65,166406.37,1616.77,620257.13,24.75,66.13,17865940.97
REC-001465,BIZ-0062,1,2024,1139471.7,422824.16,60984.25,37.58,570.9,83.51,13904.84,406.56,82386.83,27.18,88.03,1623280.11
REC-001466,BIZ-0062,2,2024,1144184.85,437805.38,63145.01,33.4,537.96,74.23,13954.45,420.97,78477.49,28.22,70.55,1645135.24
REC-001467,BIZ-0062,3,2024,975587.38,499232.25,72004.65,38.48,568.9,85.51,12179.74,480.03,81173.05,28.39,80.73,1546824.28
REC-001468,BIZ-0062,4,2024,1249699.42,304152.98,43868.22,26.1,575.3,58.0,15065.13,292.45,72874.61,29.85,87.66,1597720.62
REC-001469,BIZ-0062,5,2024,1095272.19,348559.31,50272.98,22.85,603.63,50.78,13439.58,335.15,67833.84,30.35,73.68,1494104.48
REC-001470,BIZ-0062,6,2024,1381880.99,277229.11,39984.97,21.41,585.72,47.58,16456.52,266.57,70089.13,30.21,85.71,1699095.07
REC-001471,BIZ-0062,7,2024,1192922.9,474523.95,68440.95,36.67,572.92,81.49,14467.48,456.27,82197.32,28.26,72.09,1735887.8
REC-001472,BIZ-0062,8,2024,845495.19,267975.89,38650.37,29.99,587.77,66.64,10810.35,257.67,71462.05,26.98,69.92,1152121.45
REC-001473,BIZ-0062,9,2024,1291924.44,243812.94,35165.33,16.01,597.71,35.59,15509.6,234.44,63825.48,26.24,92.68,1570902.71
REC-001474,BIZ-0062,10,2024,939700.82,373555.81,53878.24,28.07,592.03,62.38,11801.99,359.19,70829.53,26.26,92.77,1367134.87
REC-001475,BIZ-0062,11,2024,891475.09,156185.17,22526.71,16.09,597.54,35.76,11294.35,150.18,58842.55,25.92,79.57,1070186.97
REC-001476,BIZ-0062,12,2024,980094.79,313853.41,45267.32,28.97,590.02,64.39,12227.19,301.78,72198.44,26.63,62.24,1339215.52
REC-001477,BIZ-0062,1,2025,1311947.25,615253.51,88738.49,40.48,564.46,89.95,15720.37,591.59,87319.88,27.94,83.82,2015939.25
REC-001478,BIZ-0062,2,2025,1005045.13,300645.39,43362.32,19.92,546.81,44.27,12489.82,289.08,63912.9,28.44,63.4,1349052.84
REC-001479,BIZ-0062,3,2025,995340.4,230726.53,33277.87,24.83,599.22,55.19,12387.67,221.85,68457.99,29.88,91.83,1259344.8
REC-001480,BIZ-0062,4,2025,1058450.34,307123.04,44296.59,19.97,588.92,44.38,13051.98,295.31,64633.38,29.81,63.68,1409869.97
REC-001481,BIZ-0062,5,2025,1324200.52,536083.75,77319.77,36.81,572.62,81.79,15849.35,515.47,83985.62,30.11,84.41,1937604.04
REC-001482,BIZ-0062,6,2025,990713.73,204124.88,29441.09,15.81,598.18,35.12,12338.97,196.27,59821.79,29.66,77.94,1224279.7
REC-001483,BIZ-0062,7,2025,1381833.87,476747.77,68761.7,39.49,566.66,87.75,16456.02,458.41,87261.38,28.99,92.46,1927343.34
REC-001484,BIZ-0062,8,2025,1362712.61,321113.89,46314.5,36.75,572.75,81.66,16254.74,308.76,84415.06,28.94,92.87,1730141.0
REC-001485,BIZ-0062,9,2025,970975.94,199959.03,28840.24,18.4,592.41,40.89,12131.2,192.27,62039.63,25.56,77.19,1199775.21
REC-001486,BIZ-0062,10,2025,820023.22,257735.41,37173.38,26.41,595.72,58.69,10542.22,247.82,67742.44,26.37,75.27,1114932.01
REC-001487,BIZ-0062,11,2025,1079598.95,320996.72,46297.6,38.35,548.08,85.22,13274.6,308.65,82361.5,25.57,91.65,1446893.27
REC-001488,BIZ-0062,12,2025,1031690.48,274493.59,39590.42,25.01,598.82,55.59,12770.3,263.94,69087.81,26.48,70.25,1345774.49
REC-001489,BIZ-0063,1,2024,2388190.19,527011.34,76011.25,40.24,652.41,89.42,32152.84,506.74,106808.46,27.69,79.7,2991212.78
REC-001490,BIZ-0063,2,2024,2887370.22,234472.3,33818.12,15.89,658.65,35.32,37407.37,225.45,89987.96,27.85,66.62,3155660.64
REC-001491,BIZ-0063,3,2024,2373612.21,216987.48,31296.27,19.06,699.48,42.35,31999.39,208.64,86504.93,29.75,65.65,2621895.96
REC-001492,BIZ-0063,4,2024,2852730.8,600360.39,86590.44,39.22,630.74,87.16,37042.75,577.27,111712.48,29.76,63.04,3539681.63
REC-001493,BIZ-0063,5,2024,2758282.32,372128.37,53672.36,28.02,679.57,62.26,36048.55,357.82,99872.79,31.66,65.92,3184083.05
REC-001494,BIZ-0063,6,2024,3241858.2,348932.67,50326.83,25.65,660.91,56.99,41138.82,335.51,103731.17,29.27,86.79,3641117.7
REC-001495,BIZ-0063,7,2024,2380849.74,555923.85,80181.33,39.45,654.16,87.67,32075.58,534.54,105970.61,29.83,89.25,3016954.92
REC-001496,BIZ-0063,8,2024,1992802.39,284363.95,41014.03,32.69,669.19,72.64,27990.87,273.43,94644.38,27.1,73.36,2318180.37
REC-001497,BIZ-0063,9,2024,2792557.66,188446.91,27179.84,15.95,682.46,35.44,36409.34,181.2,88842.49,27.54,76.18,3008184.41
REC-001498,BIZ-0063,10,2024,2457479.47,422986.45,61007.66,31.04,672.86,68.97,32882.2,406.72,98942.78,25.31,64.73,2941473.58
REC-001499,BIZ-0063,11,2024,2109104.09,298961.3,43119.42,22.27,668.41,49.49,29215.1,287.46,86216.88,24.75,71.28,2451184.81
REC-001500,BIZ-0063,12,2024,2628318.66,318569.72,45947.56,35.12,663.78,78.05,34680.51,306.32,104982.75,26.23,76.16,2992835.94
REC-001501,BIZ-0063,1,2025,2300973.37,476057.01,68662.07,36.91,659.81,82.02,31234.77,457.75,102544.4,27.3,82.17,2845692.45
REC-001502,BIZ-0063,2,2025,2433878.45,218951.52,31579.55,22.53,619.98,50.06,32633.77,210.53,90562.2,27.16,65.98,2684409.52
REC-001503,BIZ-0063,3,2025,2164011.26,411873.8,59404.87,37.14,659.29,82.54,29793.07,396.03,101037.21,28.4,62.58,2635289.93
REC-001504,BIZ-0063,4,2025,3572205.95,242587.58,34988.59,21.24,670.7,47.2,44616.17,233.26,103716.39,30.22,85.11,3849782.12
REC-001505,BIZ-0063,5,2025,2136595.85,202599.76,29221.12,18.47,700.78,41.05,29504.48,194.81,82955.55,29.45,76.09,2368416.73
REC-001506,BIZ-0063,6,2025,2588533.92,365512.86,52718.2,37.9,633.67,84.23,34261.73,351.45,107122.76,31.23,85.48,3006764.98
REC-001507,BIZ-0063,7,2025,2499269.96,236318.09,34084.34,22.81,691.14,50.69,33322.1,227.23,91657.54,28.05,83.79,2769672.39
REC-001508,BIZ-0063,8,2025,2347484.0,300125.12,43287.28,27.91,679.81,62.02,31724.36,288.58,94583.1,28.26,76.22,2690896.4
REC-001509,BIZ-0063,9,2025,2991578.19,322724.65,46546.82,34.82,640.52,77.38,38504.3,310.31,109283.18,25.82,84.08,3360849.66
REC-001510,BIZ-0063,10,2025,3124368.57,385811.23,55645.85,30.33,674.44,67.39,39902.09,370.97,106691.78,25.5,88.73,3565825.65
REC-001511,BIZ-0063,11,2025,2723183.12,162870.29,23490.91,17.91,678.1,39.8,35679.09,156.61,89828.43,24.87,71.11,2909544.32
REC-001512,BIZ-0063,12,2025,2098329.37,586044.73,84525.68,39.72,653.57,88.26,29101.68,563.5,102652.38,26.15,81.86,2768899.78
REC-001513,BIZ-0064,1,2024,1271259.09,82903.69,20498.17,8.55,278.74,24.44,15918.47,91.1,35439.23,27.51,66.17,1374660.95
REC-001514,BIZ-0064,2,2024,1316681.8,141693.5,35034.11,18.99,229.38,54.24,16396.61,155.71,41559.35,28.29,69.65,1493409.41
REC-001515,BIZ-0064,3,2024,1242051.64,171481.73,42399.33,18.21,251.16,52.02,15611.03,188.44,40503.08,28.42,64.09,1455932.7
REC-001516,BIZ-0064,4,2024,1516132.08,81662.78,20191.35,12.47,257.77,35.63,18496.09,89.74,39655.7,30.79,87.07,1617986.21
REC-001517,BIZ-0064,5,2024,1284992.37,108215.06,26756.47,14.6,261.45,41.73,16063.04,118.92,38882.86,30.81,63.76,1419963.9
REC-001518,BIZ-0064,6,2024,1132190.06,111282.43,27514.89,11.32,261.06,32.34,14454.59,122.29,35788.48,31.25,85.31,1270987.38
REC-001519,BIZ-0064,7,2024,1023700.01,124714.28,30835.95,22.32,239.42,63.76,13312.59,137.05,40924.13,28.75,90.59,1179250.24
REC-001520,BIZ-0064,8,2024,695440.24,74824.92,18500.67,15.09,260.07,43.11,9857.22,82.23,34183.87,28.75,34.13,788765.83
REC-001521,BIZ-0064,9,2024,1425964.49,103401.77,25566.37,13.15,255.84,37.56,17546.95,113.63,39268.08,26.6,76.3,1554932.63
REC-001522,BIZ-0064,10,2024,1353292.73,75072.17,18561.8,16.33,256.53,46.65,16781.99,82.5,40404.77,25.13,60.12,1446926.7
REC-001523,BIZ-0064,11,2024,1372540.03,109420.16,27054.44,18.35,240.97,52.43,16984.59,120.24,41679.69,26.53,76.41,1509014.63
REC-001524,BIZ-0064,12,2024,544191.98,51237.38,12668.58,8.88,277.82,25.36,8265.14,56.3,29493.84,26.68,31.27,608097.94
REC-001525,BIZ-0064,1,2025,1460624.38,132476.63,32755.21,21.84,240.79,62.39,17911.79,145.58,44339.91,26.83,69.34,1625856.22
REC-001526,BIZ-0064,2,2025,997842.93,223296.3,55210.62,22.44,209.74,64.1,13040.41,245.38,40771.78,27.12,87.95,1276349.85
REC-001527,BIZ-0064,3,2025,1446765.43,167243.88,41351.51,16.96,254.71,48.47,17765.91,183.78,41543.34,28.55,63.72,1655360.82
REC-001528,BIZ-0064,4,2025,1832507.73,58912.05,14566.17,11.16,261.52,31.88,21826.36,64.74,41598.31,29.74,90.29,1905985.95
REC-001529,BIZ-0064,5,2025,1828153.48,77665.59,19203.03,16.86,255.01,48.17,21780.52,85.35,44696.75,31.46,69.44,1925022.1
REC-001530,BIZ-0064,6,2025,1216627.89,51136.65,12643.68,11.03,261.88,31.52,15343.41,56.19,36342.22,29.82,83.38,1280408.22
REC-001531,BIZ-0064,7,2025,1868670.46,137509.77,33999.67,16.19,256.93,46.25,22207.02,151.11,44668.11,29.63,87.78,2040179.9
REC-001532,BIZ-0064,8,2025,566590.18,132370.5,32728.97,16.86,255.0,48.18,8500.91,145.46,34075.44,28.45,40.62,731689.65
REC-001533,BIZ-0064,9,2025,1197535.9,81578.47,20170.5,10.21,264.22,29.18,15142.44,89.65,35730.4,26.04,74.15,1299284.87
REC-001534,BIZ-0064,10,2025,1301833.76,127965.8,31639.9,18.49,250.34,52.84,16240.31,140.62,41164.25,26.69,72.65,1461439.46
REC-001535,BIZ-0064,11,2025,1360104.86,128163.6,31688.8,14.24,252.73,40.67,16853.69,140.84,39312.42,24.66,75.33,1519957.26
REC-001536,BIZ-0064,12,2025,908611.51,59933.78,14818.79,9.84,275.06,28.12,12101.13,65.86,33093.68,25.06,35.2,983364.08
REC-001537,BIZ-0065,1,2024,3288725.05,70994.07,17553.48,12.73,293.48,50.93,34618.16,78.02,52697.61,26.29,88.33,3377272.6
REC-001538,BIZ-0065,2,2024,2596870.55,82710.19,20450.32,12.26,273.16,49.03,27335.48,90.89,46610.06,27.14,73.64,2700031.06
REC-001539,BIZ-0065,3,2024,3003974.59,26148.27,6465.23,5.13,323.88,20.53,31620.79,28.73,46119.57,29.79,64.39,3036588.09
REC-001540,BIZ-0065,4,2024,1893738.03,138460.93,34234.85,14.34,275.93,57.37,19934.08,152.15,41836.09,29.89,63.52,2066433.81
REC-001541,BIZ-0065,5,2024,2419257.01,121735.73,30099.49,15.56,282.17,62.24,25465.86,133.78,46930.27,29.62,84.64,2571092.23
REC-001542,BIZ-0065,6,2024,3052590.85,100111.19,24752.77,11.1,288.89,44.41,32132.54,110.01,49811.94,30.87,60.3,3177454.81
REC-001543,BIZ-0065,7,2024,2080323.31,127639.42,31559.2,13.55,290.22,54.19,21898.14,140.26,42968.98,30.1,62.72,2239521.93
REC-001544,BIZ-0065,8,2024,1502202.72,58208.07,14392.1,7.74,313.44,30.97,15812.66,63.96,34908.7,28.76,31.43,1574802.89
REC-001545,BIZ-0065,9,2024,1958093.06,41387.49,10233.17,5.5,311.3,22.0,20611.51,45.48,37514.71,26.19,77.4,2009713.72
REC-001546,BIZ-0065,10,2024,2649226.71,28952.37,7158.55,5.01,324.36,20.05,27886.6,31.82,43066.77,24.88,88.37,2685337.63
REC-001547,BIZ-0065,11,2024,2432264.33,78834.86,19492.14,8.23,300.39,32.91,25602.78,86.63,43007.09,24.84,72.33,2530591.33
REC-001548,BIZ-0065,12,2024,1729054.68,109565.95,27090.48,15.14,283.84,60.57,18200.58,120.4,40889.2,26.28,36.89,1865711.11
REC-001549,BIZ-0065,1,2025,3294973.21,40578.7,10033.19,8.17,311.73,32.68,34683.93,44.59,50240.87,27.93,67.18,3345585.1
REC-001550,BIZ-0065,2,2025,3291106.75,28500.09,7046.72,5.95,287.26,23.82,34643.23,31.32,48989.31,27.6,71.54,3326653.56
REC-001551,BIZ-0065,3,2025,2422319.6,48380.21,11962.14,7.04,316.25,28.16,25498.1,53.17,42270.68,28.41,73.72,2482661.95
REC-001552,BIZ-0065,4,2025,3000218.01,76772.32,18982.17,8.23,300.38,32.92,31581.24,84.37,47790.84,31.11,81.99,3095972.5
REC-001553,BIZ-0065,5,2025,2522155.03,75881.79,18761.98,7.99,312.47,31.94,26549.0,83.39,43631.37,29.95,75.98,2616798.8
REC-001554,BIZ-0065,6,2025,3405815.91,140774.1,34806.78,16.0,269.29,64.01,35850.69,154.7,55482.24,30.88,85.24,3581396.79
REC-001555,BIZ-0065,7,2025,2522617.02,137981.3,34116.26,13.96,288.55,55.86,26553.86,151.63,46923.6,28.4,64.73,2694714.58
REC-001556,BIZ-0065,8,2025,1443346.31,70355.47,17395.58,13.18,291.71,52.7,15193.12,77.31,37401.0,28.76,28.63,1531097.36
REC-001557,BIZ-0065,9,2025,2984006.95,64995.01,16070.2,8.97,297.43,35.87,31410.6,71.42,48060.25,26.33,64.08,3065072.16
REC-001558,BIZ-0065,10,2025,2969425.92,64514.54,15951.4,12.16,295.76,48.65,31257.11,70.9,49694.68,25.79,91.13,3049891.86
REC-001559,BIZ-0065,11,2025,2606618.91,83756.14,20708.94,11.18,288.58,44.72,27438.09,92.04,46099.51,26.57,89.49,2711083.99
REC-001560,BIZ-0065,12,2025,1292886.36,50219.52,12416.91,5.94,320.65,23.76,13609.33,55.19,32154.85,25.82,34.72,1355522.79
REC-001561,BIZ-0066,1,2024,1338777.62,37534.58,9280.53,7.47,328.8,29.87,14092.4,41.25,33381.05,26.81,84.85,1385592.73
REC-001562,BIZ-0066,2,2024,1291117.21,64788.21,16019.06,9.08,299.22,36.31,13590.71,71.2,33864.91,27.67,66.5,1371924.48
REC-001563,BIZ-0066,3,2024,1320138.05,83234.14,20579.87,9.06,322.43,36.24,13896.19,91.47,34099.76,28.37,63.53,1423952.06
REC-001564,BIZ-0066,4,2024,1068316.45,108855.37,26914.79,14.4,289.51,57.59,11245.44,119.62,34914.47,30.83,64.46,1204086.61
REC-001565,BIZ-0066,5,2024,943106.04,64944.03,16057.59,7.53,328.56,30.11,9927.43,71.37,30081.58,31.54,73.47,1024107.66
REC-001566,BIZ-0066,6,2024,906894.16,110624.83,27352.29,13.25,294.11,52.99,9546.25,121.57,32922.95,29.25,82.26,1044871.28
REC-001567,BIZ-0066,7,2024,828192.48,82573.11,20416.43,11.54,312.5,46.17,8717.82,90.74,31322.95,29.07,61.73,931182.02
REC-001568,BIZ-0066,8,2024,494779.67,38797.89,9592.89,6.59,332.31,26.36,5208.21,42.64,25790.72,28.23,29.28,543170.45
REC-001569,BIZ-0066,9,2024,1087879.91,96840.75,23944.14,13.61,292.66,54.44,11451.37,106.42,34647.12,25.58,86.59,1208664.8
REC-001570,BIZ-0066,10,2024,1394773.62,87411.63,21612.77,10.29,317.51,41.16,14681.83,96.06,35404.73,24.97,76.88,1503798.02
REC-001571,BIZ-0066,11,2024,810321.43,30493.56,7539.62,6.25,322.09,25.01,8529.7,33.51,28262.22,25.37,80.64,848354.61
REC-001572,BIZ-0066,12,2024,514612.97,45683.54,11295.38,6.8,331.45,27.22,5416.98,50.2,26075.74,26.18,35.7,571591.89
REC-001573,BIZ-0066,1,2025,1124692.68,77486.52,19158.75,13.0,306.66,52.01,11838.87,85.15,34622.93,26.57,90.34,1221337.95
REC-001574,BIZ-0066,2,2025,918516.33,93401.94,23093.89,15.48,262.04,61.92,9668.59,102.64,34248.22,28.17,69.79,1035012.16
REC-001575,BIZ-0066,3,2025,1379167.26,89997.39,22252.1,13.36,305.23,53.44,14517.55,98.9,36962.19,28.27,72.08,1491416.75
REC-001576,BIZ-0066,4,2025,1309071.38,125501.9,31030.69,15.98,283.18,63.92,13779.7,137.91,37812.68,29.1,72.55,1465603.97
REC-001577,BIZ-0066,5,2025,1126321.09,83460.61,20635.86,12.34,309.3,49.37,11856.01,91.71,34273.39,29.49,82.16,1230417.56
REC-001578,BIZ-0066,6,2025,996742.13,58867.18,14555.07,9.77,308.01,39.09,10492.02,64.69,31768.49,29.88,61.75,1070164.38
REC-001579,BIZ-0066,7,2025,1269688.39,51396.96,12708.04,8.77,323.57,35.1,13365.14,56.48,33517.84,28.3,71.61,1333793.39
REC-001580,BIZ-0066,8,2025,515535.18,48759.71,12055.97,5.12,338.18,20.49,5426.69,53.58,25159.27,27.19,28.53,576350.86
REC-001581,BIZ-0066,9,2025,1339226.6,38629.13,9551.16,7.7,316.28,30.82,14097.12,42.45,33514.77,26.0,66.46,1387406.89
REC-001582,BIZ-0066,10,2025,1353116.88,50254.52,12425.57,10.44,316.9,41.77,14243.34,55.22,35138.22,26.0,61.44,1415796.97
REC-001583,BIZ-0066,11,2025,1385265.2,131666.98,32555.02,13.46,293.27,53.83,14581.74,144.69,37066.41,24.52,69.88,1549487.2
REC-001584,BIZ-0066,12,2025,584630.14,47331.12,11702.75,9.0,322.66,36.01,6154.0,52.01,27874.94,25.84,31.53,643664.01
REC-001585,BIZ-0067,1,2024,800750.58,202201.61,49994.9,27.73,272.61,42.66,8428.95,222.2,39994.48,27.17,70.6,1052947.09
REC-001586,BIZ-0067,2,2024,744264.78,250473.77,61930.33,26.95,253.47,41.46,7834.37,275.25,39090.47,28.66,60.76,1056668.88
REC-001587,BIZ-0067,3,2024,709688.11,121933.89,30148.49,15.3,291.73,23.54,7470.4,133.99,32393.26,28.14,65.16,861770.49
REC-001588,BIZ-0067,4,2024,555516.21,175172.64,43311.92,32.93,254.43,50.67,5847.54,192.5,40791.01,31.25,67.41,774000.77
REC-001589,BIZ-0067,5,2024,712511.82,330886.22,81812.53,42.02,250.62,64.65,7500.12,363.61,47113.39,31.02,91.79,1125210.57
REC-001590,BIZ-0067,6,2024,672010.64,103348.67,25553.24,16.84,279.2,25.9,7073.8,113.57,32919.68,30.22,84.6,800912.55
REC-001591,BIZ-0067,7,2024,516149.53,280212.81,69283.39,33.85,263.2,52.07,5433.15,307.93,40963.09,29.55,90.08,865645.73
REC-001592,BIZ-0067,8,2024,410079.94,313624.3,77544.47,41.02,252.16,63.11,4316.63,344.64,44015.38,27.37,41.36,801248.71
REC-001593,BIZ-0067,9,2024,461106.25,220991.81,54640.83,35.41,250.62,54.48,4853.75,242.85,41361.13,27.94,63.12,736738.89
REC-001594,BIZ-0067,10,2024,836652.03,194069.78,47984.29,27.59,272.82,42.45,8806.86,213.26,40221.74,26.72,85.52,1078706.1
REC-001595,BIZ-0067,11,2024,490022.45,193493.85,47841.89,29.86,259.16,45.94,5158.13,212.63,38551.14,24.71,69.46,731358.19
REC-001596,BIZ-0067,12,2024,372587.66,413949.51,102350.15,41.84,250.89,64.38,3921.98,454.89,44152.16,24.81,37.23,888887.32
REC-001597,BIZ-0067,1,2025,819833.67,399044.31,98664.8,40.49,252.98,62.29,8629.83,438.51,47173.37,27.38,74.15,1317542.78
REC-001598,BIZ-0067,2,2025,575033.72,198052.95,48969.14,24.96,246.35,38.41,6052.99,217.64,36572.71,27.97,71.63,822055.81
REC-001599,BIZ-0067,3,2025,673467.64,195831.53,48419.88,31.27,267.16,48.11,7089.13,215.2,40870.07,29.68,74.11,917719.05
REC-001600,BIZ-0067,4,2025,645245.52,385181.09,95237.08,38.66,245.62,59.48,6792.06,423.28,44698.96,29.17,73.22,1125663.69
REC-001601,BIZ-0067,5,2025,524170.24,302386.39,74765.87,36.12,259.69,55.58,5517.58,332.29,42282.69,29.4,91.28,901322.5
REC-001602,BIZ-0067,6,2025,506051.06,183855.03,45458.66,23.99,268.19,36.91,5326.85,202.04,35457.51,30.31,64.95,735364.75
REC-001603,BIZ-0067,7,2025,797202.37,210263.04,51988.11,32.57,265.16,50.11,8391.6,231.06,42628.24,30.1,67.14,1059453.52
REC-001604,BIZ-0067,8,2025,446591.26,89609.78,22156.27,16.19,290.36,24.91,4700.96,98.47,30666.22,27.92,34.71,558357.31
REC-001605,BIZ-0067,9,2025,652074.26,173065.42,42790.9,25.67,265.61,39.49,6863.94,190.18,37608.88,25.81,90.71,867930.58
REC-001606,BIZ-0067,10,2025,692517.92,165238.69,40855.72,19.22,285.7,29.57,7289.66,181.58,34402.5,24.79,70.96,898612.33
REC-001607,BIZ-0067,11,2025,677709.61,217759.79,53841.71,40.74,242.42,62.68,7133.79,239.3,46116.56,24.57,74.55,949311.11
REC-001608,BIZ-0067,12,2025,483983.66,174331.7,43103.99,35.65,260.43,54.84,5094.56,191.57,41680.68,25.15,35.18,701419.35
REC-001609,BIZ-0068,1,2024,3875647.42,42220.77,10439.2,7.4,327.52,29.6,40796.29,46.4,54707.57,27.49,85.27,3928307.39
REC-001610,BIZ-0068,2,2024,2900930.56,43187.31,10678.18,7.84,302.74,31.34,30536.11,47.46,46738.58,26.86,84.28,2954796.05
REC-001611,BIZ-0068,3,2024,2211223.08,104028.72,25721.39,14.83,297.8,59.32,23276.03,114.32,44777.31,28.39,68.76,2340973.19
REC-001612,BIZ-0068,4,2024,3582189.16,34247.34,8467.75,7.07,317.32,28.28,37707.25,37.63,52054.79,29.97,66.85,3624904.25
REC-001613,BIZ-0068,5,2024,3821941.55,46991.79,11618.85,8.34,323.76,33.36,40230.96,51.64,54771.87,31.45,73.71,3880552.19
REC-001614,BIZ-0068,6,2024,3093604.22,135725.95,33558.61,13.82,290.33,55.27,32564.25,149.15,51651.52,31.23,75.41,3262888.78
REC-001615,BIZ-0068,7,2024,3230213.48,108546.94,26838.53,14.26,300.08,57.04,34002.25,119.28,53044.21,29.1,89.2,3365598.95
REC-001616,BIZ-0068,8,2024,1883262.23,61448.26,15193.25,11.51,311.09,46.03,19823.81,67.53,40188.45,28.95,29.86,1959903.74
REC-001617,BIZ-0068,9,2024,3461904.05,122168.3,30206.45,14.28,288.46,57.14,36441.1,134.25,55009.02,27.14,86.35,3614278.8
REC-001618,BIZ-0068,10,2024,3835795.29,66660.21,16481.92,10.62,314.64,42.48,40376.79,73.25,56141.75,24.67,88.69,3918937.42
REC-001619,BIZ-0068,11,2024,2602460.09,130545.54,32277.74,13.13,293.1,52.5,27394.32,143.46,47134.6,26.2,81.57,2765283.37
REC-001620,BIZ-0068,12,2024,1844349.03,93942.89,23227.64,12.19,308.37,48.75,19414.2,103.23,40234.66,26.9,39.34,1961519.56
REC-001621,BIZ-0068,1,2025,2489955.37,112667.57,27857.37,12.84,305.78,51.34,26210.06,123.81,46027.31,25.64,83.86,2630480.31
REC-001622,BIZ-0068,2,2025,2407257.85,59068.96,14604.96,7.15,293.96,28.6,25339.56,64.91,42204.44,28.24,66.92,2480931.77
REC-001623,BIZ-0068,3,2025,2747070.1,52279.21,12926.18,8.4,323.53,33.59,28916.53,57.45,45751.5,30.34,71.85,2812275.49
REC-001624,BIZ-0068,4,2025,2919775.6,110601.49,27346.52,16.24,280.64,64.96,30734.48,121.54,51519.19,30.93,63.99,3057723.61
REC-001625,BIZ-0068,5,2025,2975130.37,101871.55,25188.02,15.96,293.29,63.83,31317.16,111.95,51830.79,30.14,86.5,3102189.94
REC-001626,BIZ-0068,6,2025,2805263.75,61007.29,15084.22,11.22,300.73,44.87,29529.09,67.04,47793.44,31.19,74.68,2881355.26
REC-001627,BIZ-0068,7,2025,3192119.0,101380.06,25066.5,12.65,306.51,50.61,33601.25,111.41,51840.25,29.1,69.12,3318565.56
REC-001628,BIZ-0068,8,2025,2126665.54,30755.15,7604.3,6.12,332.65,24.47,22385.95,33.8,39272.72,28.49,40.51,2165024.99
REC-001629,BIZ-0068,9,2025,2058354.52,79250.89,19595.0,15.49,283.64,61.96,21666.89,87.09,43853.34,27.56,62.87,2157200.41
REC-001630,BIZ-0068,10,2025,3072843.89,88508.29,21883.92,12.13,308.61,48.51,32345.73,97.26,50546.52,26.43,79.96,3183236.1
REC-001631,BIZ-0068,11,2025,3613413.74,64914.45,16050.28,7.38,316.07,29.53,38035.93,71.33,52489.7,26.23,81.37,3694378.47
REC-001632,BIZ-0068,12,2025,1987315.69,101449.61,25083.69,15.69,294.35,62.77,20919.11,111.48,43366.83,25.96,28.65,2113848.99
REC-001633,BIZ-0069,1,2024,9847576.42,2348541.84,71312.0,76.11,648.86,95.14,117720.3,1901.65,452442.43,27.46,84.06,12267430.26
REC-001634,BIZ-0069,2,2024,9751611.77,1499633.18,45535.42,68.42,610.47,85.53,116710.14,1214.28,436582.42,27.75,96.43,11296780.37
REC-001635,BIZ-0069,3,2024,10089681.35,2630524.5,79874.23,90.92,630.35,113.65,120268.77,2129.98,484198.79,29.63,79.99,12800080.08
REC-001636,BIZ-0069,4,2024,6919828.21,1283819.43,38982.37,41.47,668.16,51.84,86901.9,1039.53,328449.47,28.98,95.64,8242630.01
REC-001637,BIZ-0069,5,2024,10023225.14,1169226.4,35502.83,57.78,671.78,72.22,119569.23,946.74,423139.54,31.32,85.49,11227954.37
REC-001638,BIZ-0069,6,2024,8971796.05,1730267.69,52538.49,61.92,642.6,77.4,108501.56,1401.03,408452.45,30.34,83.18,10754602.23
REC-001639,BIZ-0069,7,2024,9824181.34,2147050.43,65193.84,64.03,663.96,80.04,117474.04,1738.5,430201.6,28.99,73.34,12036425.61
REC-001640,BIZ-0069,8,2024,8091986.18,1158004.95,35162.09,57.81,671.73,72.27,99240.4,937.66,382547.8,27.74,90.93,9285153.22
REC-001641,BIZ-0069,9,2024,6994826.79,1271344.82,38603.59,46.63,661.71,58.29,87691.36,1029.43,339314.68,26.1,90.46,8304775.2
REC-001642,BIZ-0069,10,2024,10135825.6,1741296.61,52873.38,86.89,635.39,108.61,120754.5,1409.96,477912.66,25.58,91.82,11929995.59
REC-001643,BIZ-0069,11,2024,6234215.5,1243928.51,37771.11,40.65,669.19,50.81,79684.92,1007.23,312532.88,25.07,74.42,7515915.12
REC-001644,BIZ-0069,12,2024,8561395.21,2566922.39,77942.99,94.45,625.93,118.07,104181.55,2078.48,458381.01,25.0,88.07,11206260.59
REC-001645,BIZ-0069,1,2025,10373876.34,2321376.85,70487.15,75.53,649.59,94.41,123260.3,1879.66,462474.48,25.61,91.09,12765740.34
REC-001646,BIZ-0069,2,2025,7331250.44,1618263.8,49137.56,50.85,608.43,63.57,91232.66,1310.34,354003.27,27.25,88.97,8998651.8
REC-001647,BIZ-0069,3,2025,8419126.19,992647.82,30141.13,54.59,675.77,68.23,102683.98,803.76,383624.32,29.79,92.98,9441915.14
REC-001648,BIZ-0069,4,2025,6449235.54,3071340.0,93259.31,95.15,601.06,118.94,81948.29,2486.91,415164.2,29.16,75.74,9613834.85
REC-001649,BIZ-0069,5,2025,7406849.73,1046106.12,31764.36,47.94,684.07,59.93,92028.44,847.05,350353.89,29.57,96.11,8484720.21
REC-001650,BIZ-0069,6,2025,9608309.83,1902956.66,57782.08,91.11,606.11,113.89,115201.7,1540.86,474405.5,29.4,74.01,11569048.57
REC-001651,BIZ-0069,7,2025,8242355.69,1890125.26,57392.47,67.24,659.94,84.06,100823.24,1530.47,402687.42,28.29,92.68,10189873.42
REC-001652,BIZ-0069,8,2025,9739981.67,1893440.29,57493.13,75.48,649.65,94.35,116587.72,1533.15,449037.47,27.3,82.92,11690915.09
REC-001653,BIZ-0069,9,2025,9690263.72,2170028.29,65891.55,76.94,623.82,96.18,116064.38,1757.11,450623.12,25.94,79.77,11926183.56
REC-001654,BIZ-0069,10,2025,7435964.64,2049516.65,62232.29,59.42,669.73,74.27,92334.91,1659.53,371625.62,26.69,75.05,9547713.58
REC-001655,BIZ-0069,11,2025,8023024.84,1052075.07,31945.6,54.25,652.18,67.82,98514.49,851.88,374682.69,25.74,72.13,9107045.51
REC-001656,BIZ-0069,12,2025,8400871.03,1737363.55,52753.95,82.61,640.73,103.27,102491.82,1406.77,433688.51,26.09,85.93,10190988.53
REC-001657,BIZ-0070,1,2024,713901.47,513453.3,32913.67,40.51,629.85,54.01,11135.15,438.85,141204.4,26.43,42.46,1260268.44
REC-001658,BIZ-0070,2,2024,753281.72,555283.16,35595.07,43.46,581.79,57.95,11549.68,474.6,146257.26,28.46,23.16,1344159.95
REC-001659,BIZ-0070,3,2024,897483.07,1229721.52,78828.3,73.19,586.27,97.59,13067.59,1051.04,191213.75,29.75,36.3,2206032.89
REC-001660,BIZ-0070,4,2024,829861.0,937303.95,60083.59,43.4,603.94,57.86,12355.78,801.11,147937.78,31.24,43.06,1827248.54
REC-001661,BIZ-0070,5,2024,763680.45,1345107.61,86224.85,72.42,587.31,96.55,11659.14,1149.66,187032.82,31.02,44.05,2195012.91
REC-001662,BIZ-0070,6,2024,960883.79,928601.6,59525.74,54.88,588.62,73.18,13734.97,793.68,167051.37,29.36,25.15,1949011.13
REC-001663,BIZ-0070,7,2024,790796.0,630978.75,40447.36,38.99,631.87,51.99,11944.57,539.3,140868.96,29.48,26.79,1462222.11
REC-001664,BIZ-0070,8,2024,1050382.57,1249685.77,80108.06,73.69,585.6,98.26,14677.06,1068.11,195459.6,27.28,28.82,2380176.4
REC-001665,BIZ-0070,9,2024,823420.6,1008231.38,64630.22,53.73,590.16,71.64,12287.99,861.74,162252.98,27.68,43.95,1896282.2
REC-001666,BIZ-0070,10,2024,951977.14,693378.22,44447.32,53.17,612.97,70.89,13641.21,592.63,164445.1,26.74,43.76,1689802.68
REC-001667,BIZ-0070,11,2024,742233.24,649878.47,41658.88,45.71,600.85,60.95,11433.38,555.45,149146.4,26.24,30.73,1433770.59
REC-001668,BIZ-0070,12,2024,771311.6,675940.66,43329.53,34.22,638.23,45.63,11739.47,577.73,133734.28,25.53,23.63,1490581.79
REC-001669,BIZ-0070,1,2025,888844.15,712822.88,45693.77,49.43,617.96,65.9,12976.65,609.25,157745.19,27.27,25.34,1647360.8
REC-001670,BIZ-0070,2,2025,740044.32,809998.17,51922.96,44.35,558.54,59.14,11410.34,692.31,147194.63,26.96,27.09,1601965.45
REC-001671,BIZ-0070,3,2025,1088119.68,1224206.65,78474.79,66.48,595.22,88.64,15074.29,1046.33,186232.73,29.77,43.66,2390801.12
REC-001672,BIZ-0070,4,2025,888908.05,1028989.39,65960.86,73.4,563.93,97.87,12977.33,879.48,191314.29,30.52,37.05,1983858.3
REC-001673,BIZ-0070,5,2025,690323.97,617153.51,39561.12,47.13,621.02,62.84,10886.97,527.48,149930.18,29.42,32.35,1347038.6
REC-001674,BIZ-0070,6,2025,949778.89,540990.69,34678.89,45.28,601.43,60.37,13618.07,462.39,153345.56,30.05,35.04,1525448.47
REC-001675,BIZ-0070,7,2025,955152.1,581091.65,37249.46,33.98,638.56,45.3,13674.63,496.66,137651.35,28.09,39.58,1573493.21
REC-001676,BIZ-0070,8,2025,723433.84,1067963.09,68459.17,59.76,604.18,79.68,11235.49,912.79,168377.21,27.11,44.17,1859856.1
REC-001677,BIZ-0070,9,2025,825348.7,1228572.63,78754.66,74.21,562.86,98.94,12308.28,1050.06,190965.5,26.36,20.41,2132675.99
REC-001678,BIZ-0070,10,2025,802258.88,781490.46,50095.54,37.64,633.68,50.18,12065.23,667.94,139237.62,25.36,27.93,1633844.88
REC-001679,BIZ-0070,11,2025,754681.75,1427786.74,91524.79,81.72,552.84,108.96,11564.42,1220.33,199847.46,25.49,21.18,2273993.28
REC-001680,BIZ-0070,12,2025,1092881.36,1025240.34,65720.53,79.46,577.91,105.95,15124.41,876.27,204521.99,26.17,42.76,2183842.23
REC-001681,BIZ-0071,1,2024,1528896.18,209568.5,51816.39,22.65,249.63,64.71,24912.44,230.3,50386.5,26.09,86.41,1790281.07
REC-001682,BIZ-0071,2,2024,1324487.4,165367.32,40887.53,18.4,241.48,52.58,22760.77,181.72,46331.2,28.54,67.24,1530742.25
REC-001683,BIZ-0071,3,2024,1276982.83,86283.99,21333.95,17.84,263.37,50.97,22260.72,94.82,45620.47,30.01,77.2,1384600.77
REC-001684,BIZ-0071,4,2024,1263687.95,70636.9,17465.17,11.79,270.51,33.69,22120.78,77.62,42182.54,31.09,61.38,1351790.02
REC-001685,BIZ-0071,5,2024,1995910.17,172833.21,42733.48,18.0,262.9,51.44,29828.38,189.93,51764.89,30.95,85.33,2211476.86
REC-001686,BIZ-0071,6,2024,1708195.38,72216.07,17855.62,9.33,277.54,26.66,26799.8,79.36,44571.91,30.37,63.84,1798267.07
REC-001687,BIZ-0071,7,2024,2452974.93,129662.31,32059.36,17.52,264.27,50.07,34639.59,142.49,55350.26,30.09,88.66,2614696.6
REC-001688,BIZ-0071,8,2024,795041.01,100124.94,24756.17,11.42,281.72,32.62,17187.65,110.03,38030.31,27.38,33.88,919922.12
REC-001689,BIZ-0071,9,2024,2363426.61,117916.85,29155.27,18.2,252.19,52.01,33696.97,129.58,54969.92,26.71,62.94,2510498.73
REC-001690,BIZ-0071,10,2024,2219722.39,170894.3,42254.08,20.48,255.83,58.51,32184.3,187.8,55011.36,26.64,67.76,2432870.77
REC-001691,BIZ-0071,11,2024,1577760.27,124785.68,30853.6,17.56,254.03,50.17,25426.8,137.13,47999.64,24.48,75.83,1733399.55
REC-001692,BIZ-0071,12,2024,655331.08,172603.22,42676.62,19.82,257.71,56.63,15717.02,189.67,41474.85,25.56,34.02,870610.92
REC-001693,BIZ-0071,1,2025,2723504.39,147594.74,36493.2,18.16,262.46,51.88,37487.27,162.19,57977.3,26.78,70.03,2907592.33
REC-001694,BIZ-0071,2,2025,1371086.02,142674.99,35276.78,21.44,222.67,61.25,23251.28,156.79,48391.92,28.83,63.38,1549037.79
REC-001695,BIZ-0071,3,2025,1613247.01,65515.34,16198.85,13.3,276.33,38.01,25800.35,71.99,45957.05,29.14,79.86,1694961.2
REC-001696,BIZ-0071,4,2025,2924034.43,82183.99,20320.22,16.09,258.22,45.98,39598.11,90.31,58528.85,29.98,81.96,3026538.64
REC-001697,BIZ-0071,5,2025,1366819.31,51309.69,12686.46,7.26,293.59,20.75,23206.37,56.38,40558.79,30.41,63.43,1430815.46
REC-001698,BIZ-0071,6,2025,2136189.22,65175.86,16114.91,12.54,268.36,35.84,31305.0,71.62,49942.83,29.61,75.24,2217479.99
REC-001699,BIZ-0071,7,2025,1570675.56,91468.38,22615.81,13.25,276.48,37.86,25352.23,100.51,45570.17,29.37,71.34,1684759.75
REC-001700,BIZ-0071,8,2025,679384.22,51607.38,12760.07,7.77,292.13,22.21,15970.21,56.71,35051.8,27.6,33.36,743751.67
REC-001701,BIZ-0071,9,2025,1471027.75,59246.19,14648.78,9.78,276.25,27.95,24303.3,65.11,42822.83,27.78,66.21,1544922.72
REC-001702,BIZ-0071,10,2025,1412337.13,46006.21,11375.16,7.79,292.1,22.24,23685.51,50.56,41230.42,26.09,76.6,1469718.5
REC-001703,BIZ-0071,11,2025,2575981.38,94009.22,23244.04,16.06,258.31,45.89,35934.39,103.31,55580.45,24.57,63.69,2693234.64
REC-001704,BIZ-0071,12,2025,1143292.61,121777.15,30109.74,18.02,262.86,51.48,20853.46,133.82,44592.29,25.91,30.97,1295179.5
REC-001705,BIZ-0072,1,2024,14870818.54,1675819.78,50885.22,48.63,397.97,88.42,156534.93,1356.94,598322.95,26.49,62.7,16597523.54
REC-001706,BIZ-0072,2,2024,13504686.02,1442955.96,43814.45,49.18,365.6,89.41,142154.59,1168.39,563572.25,27.21,62.13,14991456.43
REC-001707,BIZ-0072,3,2024,15422730.11,1860373.65,56489.08,45.95,402.84,83.55,162344.53,1506.38,606954.74,28.06,61.48,17339592.84
REC-001708,BIZ-0072,4,2024,11091247.14,1270820.31,38587.66,48.24,383.0,87.7,116749.97,1029.0,497993.1,31.01,79.08,12400655.11
REC-001709,BIZ-0072,5,2024,16679428.37,1562649.51,47448.87,47.64,399.77,86.62,175572.93,1265.3,643745.18,30.1,70.93,18289526.75
REC-001710,BIZ-0072,6,2024,16743987.34,1171730.76,35578.87,28.57,418.75,51.95,176252.5,948.77,603491.66,29.02,89.1,17951296.97
REC-001711,BIZ-0072,7,2024,12549567.16,965264.11,29309.64,22.04,446.32,40.07,132100.71,781.59,478737.02,28.07,67.33,13544140.91
REC-001712,BIZ-0072,8,2024,8913304.6,1416990.85,43026.04,48.18,398.79,87.6,93824.26,1147.36,440560.57,27.93,56.58,10373321.49
REC-001713,BIZ-0072,9,2024,14821149.21,1280620.57,38885.24,51.85,376.43,94.27,156012.1,1036.94,604094.47,26.1,72.61,16140655.02
REC-001714,BIZ-0072,10,2024,12638468.38,1267856.32,38497.66,35.51,421.84,64.55,133036.51,1026.6,510702.43,26.56,66.75,13944822.36
REC-001715,BIZ-0072,11,2024,12296646.07,1598166.93,48527.34,53.87,372.76,97.94,129438.38,1294.06,542106.33,25.89,63.87,13943340.34
REC-001716,BIZ-0072,12,2024,14170107.65,2382052.82,72329.54,55.31,385.83,100.56,149159.03,1928.79,594573.89,25.44,73.12,16624490.01
REC-001717,BIZ-0072,1,2025,12755206.6,1206990.64,36649.51,46.63,401.6,84.79,134265.33,977.32,538254.42,26.71,64.45,13998846.75
REC-001718,BIZ-0072,2,2025,16090476.43,822057.73,24961.27,35.75,374.32,65.0,169373.44,665.63,602087.96,27.78,62.71,16937495.43
REC-001719,BIZ-0072,3,2025,12896650.88,731655.3,22216.25,29.94,431.95,54.44,135754.22,592.43,505259.8,29.44,79.35,13650522.43
REC-001720,BIZ-0072,4,2025,10281738.19,1227449.8,37270.74,32.55,411.53,59.17,108228.82,993.89,442173.41,31.17,68.22,11546458.73
REC-001721,BIZ-0072,5,2025,17797054.39,1479693.79,44929.97,55.73,385.06,101.33,187337.41,1198.13,690948.6,30.61,86.93,19321678.15
REC-001722,BIZ-0072,6,2025,11931528.54,2036528.63,61837.91,44.68,389.46,81.24,125595.04,1649.01,512288.42,31.15,67.21,14029895.08
REC-001723,BIZ-0072,7,2025,13187202.51,2099753.31,63757.69,49.02,397.26,89.13,138812.66,1700.21,554877.12,28.71,61.67,15350713.51
REC-001724,BIZ-0072,8,2025,13845459.54,1617421.24,49111.98,52.51,390.91,95.48,145741.68,1309.65,579881.11,27.1,82.84,15511992.76
REC-001725,BIZ-0072,9,2025,15249106.74,1080267.35,32801.64,27.66,420.4,50.3,160516.91,874.71,562154.29,25.81,55.29,16362175.73
REC-001726,BIZ-0072,10,2025,13063304.31,968046.64,29394.13,28.26,435.01,51.38,137508.47,783.84,505943.96,25.89,65.14,14060745.08
REC-001727,BIZ-0072,11,2025,12316502.3,1294215.96,39298.06,30.37,415.49,55.21,129647.39,1047.95,490925.93,24.46,65.32,13650016.32
REC-001728,BIZ-0072,12,2025,9263225.8,1523203.06,46251.1,35.56,421.73,64.66,97507.64,1233.36,422005.14,24.93,72.09,10832679.96
REC-001729,BIZ-0073,1,2024,415470.22,153157.16,47578.41,24.13,301.43,60.34,8398.17,181.25,49491.57,25.67,59.54,616205.79
REC-001730,BIZ-0073,2,2024,481736.47,110252.19,34249.94,22.84,281.34,57.09,9095.71,130.48,49629.85,29.1,73.5,626238.6
REC-001731,BIZ-0073,3,2024,466316.09,66433.99,20637.78,15.23,323.68,38.09,8933.39,78.62,44064.19,29.81,69.26,553387.86
REC-001732,BIZ-0073,4,2024,392626.96,100209.57,31130.19,16.95,307.72,42.38,8157.72,118.59,44103.21,31.2,63.21,523966.72
REC-001733,BIZ-0073,5,2024,520956.49,102845.55,31949.06,20.75,309.9,51.87,9508.55,121.71,48785.52,31.47,84.47,655751.1
REC-001734,BIZ-0073,6,2024,471486.64,93393.21,29012.68,12.51,318.84,31.26,8987.82,110.52,42235.35,30.01,83.91,593892.53
REC-001735,BIZ-0073,7,2024,249007.29,84903.97,26375.49,15.49,323.05,38.72,6645.93,100.48,40811.84,28.65,68.74,360286.75
REC-001736,BIZ-0073,8,2024,249562.99,186598.06,57966.85,24.08,301.56,60.21,6651.78,220.83,46835.98,29.03,70.22,494127.9
REC-001737,BIZ-0073,9,2024,394567.09,135765.42,42175.65,19.07,302.43,47.67,8178.14,160.67,45615.28,25.78,72.38,572508.16
REC-001738,BIZ-0073,10,2024,316659.28,168585.47,52371.22,27.31,293.5,68.27,7358.06,199.51,50151.31,25.49,66.69,537615.97
REC-001739,BIZ-0073,11,2024,375550.1,55860.21,17353.02,11.59,321.12,28.98,7977.96,66.11,40081.14,26.49,55.87,448763.33
REC-001740,BIZ-0073,12,2024,381126.14,114475.51,35561.92,16.72,319.98,41.79,8036.65,135.47,43756.18,26.81,80.96,531163.57
REC-001741,BIZ-0073,1,2025,230664.3,119935.15,37257.96,25.21,298.74,63.03,6452.85,141.94,47327.62,27.71,83.97,387857.41
REC-001742,BIZ-0073,2,2025,412568.92,150160.46,46647.48,19.32,278.45,48.31,8367.63,177.7,46078.35,28.41,70.27,609376.86
REC-001743,BIZ-0073,3,2025,458797.17,80340.48,24957.84,11.93,331.95,29.82,8854.24,95.08,41630.18,28.25,63.92,564095.49
REC-001744,BIZ-0073,4,2025,419449.15,121094.6,37618.15,25.56,286.21,63.89,8440.05,143.31,50550.44,30.94,73.66,578161.9
REC-001745,BIZ-0073,5,2025,421056.72,144961.82,45032.52,22.63,305.2,56.57,8456.98,171.55,48525.28,30.7,71.86,611051.06
REC-001746,BIZ-0073,6,2025,275807.33,180886.11,56192.43,26.11,284.82,65.28,6928.04,214.07,48669.71,30.31,86.92,512885.87
REC-001747,BIZ-0073,7,2025,413101.23,204889.12,63648.99,26.86,294.63,67.14,8373.23,242.47,51360.14,28.42,75.73,681639.34
REC-001748,BIZ-0073,8,2025,196015.44,101302.74,31469.79,12.75,329.88,31.89,6088.12,119.88,38060.26,28.3,61.62,328787.97
REC-001749,BIZ-0073,9,2025,207301.71,66443.8,20640.83,10.44,323.99,26.11,6206.92,78.63,36621.06,26.8,63.16,294386.34
REC-001750,BIZ-0073,10,2025,307419.91,93583.13,29071.68,18.71,315.0,46.77,7260.8,110.75,43986.06,25.57,85.56,430074.72
REC-001751,BIZ-0073,11,2025,290415.56,127867.27,39722.08,21.03,297.53,52.57,7081.81,151.32,45343.49,24.86,82.98,458004.91
REC-001752,BIZ-0073,12,2025,211567.39,50116.69,15568.79,10.39,335.8,25.97,6251.83,59.31,36650.63,26.21,59.07,277252.87
REC-001753,BIZ-0074,1,2024,3110628.83,251483.44,36271.65,25.72,661.53,73.48,32743.46,241.81,93724.11,27.34,69.94,3398383.92
REC-001754,BIZ-0074,2,2024,2613769.86,259284.68,37396.83,23.58,620.21,67.38,27513.37,249.31,85420.56,27.95,71.55,2910451.37
REC-001755,BIZ-0074,3,2024,3563525.1,301669.04,43509.96,21.18,674.49,60.52,37510.79,290.07,95135.18,28.71,74.73,3908704.1
REC-001756,BIZ-0074,4,2024,2699890.28,247746.05,35732.6,19.75,654.88,56.42,28419.9,238.22,82863.07,29.32,71.35,2983368.93
REC-001757,BIZ-0074,5,2024,3512345.78,310658.39,44806.5,20.81,675.56,59.45,36972.06,298.71,94132.39,29.38,83.46,3867810.67
REC-001758,BIZ-0074,6,2024,3649031.54,176728.5,25489.69,21.07,651.09,60.21,38410.86,169.93,96112.61,29.82,66.6,3851249.73
REC-001759,BIZ-0074,7,2024,3664589.62,242828.2,35023.3,16.31,688.42,46.59,38574.63,233.49,91781.69,28.43,78.52,3942441.12
REC-001760,BIZ-0074,8,2024,2770218.34,198582.11,28641.65,15.16,691.68,43.33,29160.19,190.94,79398.51,28.06,78.93,2997442.1
REC-001761,BIZ-0074,9,2024,3618747.34,209756.45,30253.33,14.95,668.6,42.7,38092.08,201.69,89908.96,26.9,77.16,3858757.12
REC-001762,BIZ-0074,10,2024,2738036.61,336386.25,48517.25,28.41,653.85,81.16,28821.44,323.45,91572.39,26.22,92.47,3122940.11
REC-001763,BIZ-0074,11,2024,2799985.88,310943.55,44847.63,25.89,637.33,73.97,29473.54,298.98,89962.44,26.61,81.99,3155777.06
REC-001764,BIZ-0074,12,2024,3347564.15,295941.99,42683.94,23.59,667.62,67.39,35237.52,284.56,94691.15,26.22,70.55,3686190.08
REC-001765,BIZ-0074,1,2025,2713009.05,175038.29,25245.91,12.82,698.39,36.62,28557.99,168.31,76446.97,26.95,89.39,2913293.25
REC-001766,BIZ-0074,2,2025,3228272.54,270396.64,38999.52,25.33,591.52,72.36,33981.82,260.0,94838.79,27.36,83.95,3537668.7
REC-001767,BIZ-0074,3,2025,3848267.25,250501.73,36130.06,27.57,656.25,78.76,40508.08,240.87,104796.82,28.61,87.47,4134899.04
REC-001768,BIZ-0074,4,2025,3269716.85,465877.37,67193.85,30.99,622.77,88.53,34418.07,447.96,100738.77,31.08,86.03,3802788.07
REC-001769,BIZ-0074,5,2025,2591797.66,307807.91,44395.37,26.69,658.76,76.25,27282.08,295.97,88090.43,29.45,70.27,2944000.94
REC-001770,BIZ-0074,6,2025,2700271.67,142026.08,20484.53,15.6,666.73,44.57,28423.91,136.56,78929.45,29.86,82.83,2862782.28
REC-001771,BIZ-0074,7,2025,3296773.88,223760.84,32273.2,22.96,669.4,65.61,34702.88,215.15,93457.37,29.13,66.4,3552807.92
REC-001772,BIZ-0074,8,2025,2878233.39,304638.03,43938.18,26.54,659.19,75.82,30297.19,292.92,91566.27,27.98,84.4,3226809.6
REC-001773,BIZ-0074,9,2025,2726820.58,194661.57,28076.19,12.72,674.97,36.33,28703.37,187.17,76524.89,26.82,88.07,2949558.34
REC-001774,BIZ-0074,10,2025,2595699.91,172386.61,24863.45,12.35,699.72,35.29,27323.16,165.76,74521.05,24.87,63.1,2792949.97
REC-001775,BIZ-0074,11,2025,3081539.32,388203.83,55990.94,25.39,638.77,72.53,32437.26,373.27,93040.89,25.66,90.53,3525734.09
REC-001776,BIZ-0074,12,2025,2791261.34,233014.56,33607.87,16.24,688.6,46.41,29381.7,224.05,80689.73,26.38,79.43,3057883.77
REC-001777,BIZ-0075,1,2024,4288586.69,3772794.32,114558.53,89.77,480.27,99.74,45143.02,3054.89,410341.78,26.75,67.48,8175939.54
REC-001778,BIZ-0075,2,2024,4360044.38,1823120.71,55357.92,71.86,462.75,79.84,45895.2,1476.21,372822.54,27.85,76.89,6238523.01
REC-001779,BIZ-0075,3,2024,3444980.89,1396322.85,42398.47,39.24,536.41,43.6,36262.96,1130.63,276992.38,29.29,58.53,4883702.21
REC-001780,BIZ-0075,4,2024,3265383.15,2810396.3,85335.92,88.17,463.33,97.97,34372.45,2275.62,379912.52,29.02,83.75,6161115.37
REC-001781,BIZ-0075,5,2024,3041622.8,1918490.44,58253.76,54.15,519.85,60.16,32017.08,1553.43,299169.07,30.16,85.54,5018367.0
REC-001782,BIZ-0075,6,2024,3847610.09,2088251.58,63408.45,55.67,499.44,61.86,40501.16,1690.89,323729.27,29.54,73.12,5999270.12
REC-001783,BIZ-0075,7,2024,3930386.08,4424226.31,134338.86,95.03,474.43,105.58,41372.49,3582.37,412489.28,29.36,86.21,8488951.25
REC-001784,BIZ-0075,8,2024,3231963.8,2147807.11,65216.81,48.63,525.97,54.04,34020.67,1739.12,292042.54,28.37,56.13,5444987.72
REC-001785,BIZ-0075,9,2024,4055339.99,2323771.1,70559.85,56.77,498.23,63.07,42687.79,1881.6,331603.3,25.69,62.15,6449670.94
REC-001786,BIZ-0075,10,2024,3367935.2,3136883.91,95249.51,86.76,483.61,96.4,35451.95,2539.99,379494.64,26.82,57.18,6600068.62
REC-001787,BIZ-0075,11,2024,4316283.87,1385638.41,42074.04,57.79,497.09,64.21,45434.57,1121.97,340720.61,25.76,84.23,5743996.32
REC-001788,BIZ-0075,12,2024,4527094.03,3130180.43,95045.96,91.91,477.88,102.13,47653.62,2534.56,421344.14,25.63,80.88,7752320.42
REC-001789,BIZ-0075,1,2025,2808082.37,1870105.67,56784.59,67.29,505.25,74.76,29558.76,1514.26,321925.21,25.86,80.32,4734972.63
REC-001790,BIZ-0075,2,2025,4105678.95,2540881.42,77152.27,91.22,422.53,101.35,43217.67,2057.39,408720.13,27.64,71.72,6723712.64
REC-001791,BIZ-0075,3,2025,4016230.39,1801421.84,54699.04,48.36,526.28,53.73,42276.11,1458.64,312080.03,30.28,55.92,5872351.27
REC-001792,BIZ-0075,4,2025,2677911.11,2110253.88,64076.53,66.38,487.55,73.75,28188.54,1708.71,316500.57,29.88,78.93,4852241.52
REC-001793,BIZ-0075,5,2025,3896151.87,1771529.36,53791.38,70.62,501.54,78.47,41012.12,1434.44,357897.24,30.21,59.38,5721472.61
REC-001794,BIZ-0075,6,2025,4482356.52,1785897.92,54227.67,58.16,496.67,64.63,47182.7,1446.07,345914.72,29.25,76.55,6322482.11
REC-001795,BIZ-0075,7,2025,2714478.46,1188111.89,36076.27,36.63,539.31,40.7,28573.46,962.03,252026.53,30.25,63.34,3938666.62
REC-001796,BIZ-0075,8,2025,3763906.9,1634441.48,49628.79,38.88,536.81,43.2,39620.07,1323.43,284595.25,28.61,83.27,5447977.17
REC-001797,BIZ-0075,9,2025,2577171.47,1308251.25,39724.23,39.57,517.33,43.97,27128.12,1059.31,254872.63,27.65,63.75,3925146.95
REC-001798,BIZ-0075,10,2025,3678540.85,4317753.21,131105.87,92.1,477.68,102.33,38721.48,3496.16,399416.57,25.31,65.99,8127399.93
REC-001799,BIZ-0075,11,2025,3822430.63,1865780.14,56653.24,77.37,475.34,85.96,40236.11,1510.75,370793.69,24.61,68.92,5744864.01
REC-001800,BIZ-0075,12,2025,3837228.39,3873861.34,117627.37,87.25,483.07,96.94,40391.88,3136.73,392920.38,26.89,62.21,7828717.1
REC-001801,BIZ-0076,1,2024,2616880.82,179436.08,44366.06,23.73,243.11,36.51,27546.11,197.18,53089.94,27.61,74.19,2840682.96
REC-001802,BIZ-0076,2,2024,3567239.89,167586.96,41436.34,22.33,227.23,34.35,37549.89,184.16,60319.56,28.89,67.81,3776263.19
REC-001803,BIZ-0076,3,2024,2779562.01,293980.2,72687.41,40.8,216.84,62.78,29258.55,323.06,63849.03,28.3,71.09,3146229.62
REC-001804,BIZ-0076,4,2024,3718274.54,175505.12,43394.12,28.24,227.16,43.44,39139.73,192.86,64843.29,29.15,89.19,3937173.78
REC-001805,BIZ-0076,5,2024,3293088.82,171074.38,42298.61,36.05,224.16,55.46,34664.09,187.99,65557.26,30.63,63.93,3506461.81
REC-001806,BIZ-0076,6,2024,3435074.55,190739.92,47160.97,40.88,207.71,62.89,36158.68,209.6,69409.05,29.53,74.09,3672975.44
REC-001807,BIZ-0076,7,2024,3096382.7,213936.59,52896.41,21.79,246.1,33.52,32593.5,235.1,56057.69,30.06,68.65,3363215.7
REC-001808,BIZ-0076,8,2024,1601475.41,89966.27,22244.41,13.55,258.77,20.85,16857.64,98.86,38939.33,26.94,39.31,1713686.09
REC-001809,BIZ-0076,9,2024,2687888.02,240895.29,59562.02,32.3,220.9,49.7,28293.56,264.72,58401.4,26.62,67.18,2988345.33
REC-001810,BIZ-0076,10,2024,3257540.51,384694.7,95116.82,40.41,217.44,62.18,34289.9,422.74,67659.51,26.22,61.0,3737352.03
REC-001811,BIZ-0076,11,2024,3466127.61,179145.34,44294.18,20.68,238.79,31.81,36485.55,196.86,58561.94,26.11,70.76,3689567.13
REC-001812,BIZ-0076,12,2024,1858718.92,289253.24,71518.66,31.18,231.65,47.97,19565.46,317.86,50801.24,25.15,27.39,2219490.82
REC-001813,BIZ-0076,1,2025,3532837.44,277221.9,68543.88,36.62,223.29,56.33,37187.76,304.64,67889.2,27.43,89.71,3878603.22
REC-001814,BIZ-0076,2,2025,2737019.4,313608.72,77540.62,41.98,187.97,64.59,28810.73,344.62,64139.55,29.09,89.84,3128168.74
REC-001815,BIZ-0076,3,2025,3523172.18,201819.08,49900.32,20.61,247.92,31.7,37086.02,221.78,59003.19,29.07,83.02,3774891.58
REC-001816,BIZ-0076,4,2025,2685284.83,240571.34,59481.92,39.55,209.75,60.85,28266.16,264.36,62365.75,30.09,91.76,2985338.09
REC-001817,BIZ-0076,5,2025,3815752.12,219244.96,54208.92,35.56,224.91,54.71,40165.81,240.93,69691.57,30.94,68.78,4089206.0
REC-001818,BIZ-0076,6,2025,2514591.96,123450.45,30523.46,20.86,238.51,32.09,26469.39,135.66,50648.98,30.34,61.24,2668565.87
REC-001819,BIZ-0076,7,2025,2223284.65,179282.26,44328.03,21.98,245.81,33.81,23403.0,197.01,48809.57,29.62,84.69,2446894.94
REC-001820,BIZ-0076,8,2025,1670301.73,62102.08,15354.91,13.51,258.84,20.78,17582.12,68.24,39493.48,28.81,39.21,1747758.72
REC-001821,BIZ-0076,9,2025,3155453.34,198553.53,49092.91,29.28,225.55,45.05,33215.3,218.19,60676.68,25.64,71.48,3403099.78
REC-001822,BIZ-0076,10,2025,3491323.09,284161.15,70259.62,29.13,234.8,44.82,36750.77,312.26,63422.03,26.03,62.55,3845743.86
REC-001823,BIZ-0076,11,2025,3371112.27,149336.48,36923.85,20.59,238.92,31.68,35485.39,164.11,57713.68,25.36,68.26,3557372.6
REC-001824,BIZ-0076,12,2025,2010414.6,187343.05,46321.08,32.19,230.1,49.52,21162.26,205.87,52632.86,25.18,29.51,2244078.73
REC-001825,BIZ-0077,1,2024,14823854.69,1490633.12,45262.14,49.58,327.84,70.82,159734.18,1206.99,608400.74,27.12,61.45,16359749.95
REC-001826,BIZ-0077,2,2024,18788375.93,3548376.72,107744.23,76.61,263.5,109.44,201465.98,2873.18,772199.43,28.13,62.98,22444496.88
REC-001827,BIZ-0077,3,2024,19120982.14,1271323.67,38602.95,54.48,320.83,77.83,204967.1,1029.41,732277.32,28.09,84.57,20430908.76
REC-001828,BIZ-0077,4,2024,14976588.6,809900.45,24592.12,33.55,337.88,47.92,161341.9,655.79,577155.83,29.53,58.82,15811081.17
REC-001829,BIZ-0077,5,2024,18772829.93,1472470.78,44710.65,61.37,310.99,87.67,201302.34,1192.28,738269.39,29.79,74.96,20290011.36
REC-001830,BIZ-0077,6,2024,11045227.97,1797436.17,54578.02,57.74,303.31,82.49,119959.16,1455.41,526928.91,29.99,64.91,12897242.16
REC-001831,BIZ-0077,7,2024,15217197.51,2187861.4,66433.04,74.18,292.69,105.97,163874.63,1771.55,672885.86,30.39,86.41,17471491.95
REC-001832,BIZ-0077,8,2024,13228467.25,1302171.94,39539.63,35.35,348.16,50.5,142940.62,1054.39,535128.38,26.87,67.89,14570178.82
REC-001833,BIZ-0077,9,2024,13191781.92,2558129.55,77676.0,63.07,295.7,90.1,142554.46,2071.36,595145.94,25.8,62.4,15827587.47
REC-001834,BIZ-0077,10,2024,19664563.8,1705251.8,51778.9,46.56,332.14,66.52,210689.01,1380.77,729161.44,26.52,79.95,21421594.5
REC-001835,BIZ-0077,11,2024,16969003.25,2740733.22,83220.64,59.81,300.36,85.44,182314.69,2219.22,687371.78,25.88,60.25,19792957.11
REC-001836,BIZ-0077,12,2024,16722869.45,2906473.22,88253.24,76.89,288.81,109.85,179723.8,2353.42,718473.75,26.94,89.73,19717595.91
REC-001837,BIZ-0077,1,2025,11955635.97,2980051.62,90487.4,71.05,297.17,101.49,129542.4,2413.0,580156.1,27.31,73.86,15026174.99
REC-001838,BIZ-0077,2,2025,15789010.49,1177360.28,35749.81,43.53,297.89,62.19,169893.71,953.33,620500.34,28.26,78.07,17002120.58
REC-001839,BIZ-0077,3,2025,14627624.81,3114048.93,94556.14,67.15,302.73,95.93,157668.6,2521.5,641904.34,29.43,86.89,17836229.88
REC-001840,BIZ-0077,4,2025,19476779.4,2058434.98,62503.09,61.96,297.28,88.52,208712.33,1666.75,758094.11,29.52,66.02,21597717.47
REC-001841,BIZ-0077,5,2025,11928137.93,1337651.08,40616.94,55.46,319.43,79.23,129252.95,1083.12,545149.64,31.6,69.35,13306405.95
REC-001842,BIZ-0077,6,2025,13148633.48,1856499.26,56371.43,66.53,290.76,95.04,142100.27,1503.24,601614.26,29.83,71.95,15061504.17
REC-001843,BIZ-0077,7,2025,20599946.69,1787655.21,54281.03,40.0,341.51,57.15,220535.14,1447.49,739342.82,30.04,89.54,22441882.93
REC-001844,BIZ-0077,8,2025,16610264.2,2054583.38,62386.14,67.0,302.95,95.71,178538.49,1663.63,693739.49,28.42,78.31,18727233.72
REC-001845,BIZ-0077,9,2025,15182704.75,1214636.72,36881.68,35.27,335.41,50.39,163511.54,983.51,586376.23,25.83,69.3,16434223.15
REC-001846,BIZ-0077,10,2025,12019679.87,1324033.3,40203.44,50.25,326.88,71.78,130216.55,1072.09,536090.02,26.75,61.93,13383916.61
REC-001847,BIZ-0077,11,2025,17673639.09,1261526.32,38305.46,51.02,312.91,72.89,189731.91,1021.48,686580.7,25.3,81.79,18973470.87
REC-001848,BIZ-0077,12,2025,11438797.69,869527.01,26402.64,36.18,346.97,51.69,124102.0,704.07,489850.65,26.72,84.19,12334727.34
REC-001849,BIZ-0078,1,2024,16446874.48,1588886.54,48245.54,62.61,449.37,69.57,173124.99,1286.55,670551.4,26.79,73.53,18084006.56
REC-001850,BIZ-0078,2,2024,15108893.43,2437553.27,74014.78,57.22,421.88,63.58,159040.98,1973.73,623484.09,28.47,63.45,17620461.48
REC-001851,BIZ-0078,3,2024,13888365.19,1960147.95,59518.66,81.5,428.39,90.55,146193.32,1587.16,644777.38,28.86,76.31,15908031.8
REC-001852,BIZ-0078,4,2024,23522496.27,3069478.65,93202.79,75.74,418.04,84.16,247605.22,2485.41,885646.37,31.17,88.25,26685177.71
REC-001853,BIZ-0078,5,2024,20617062.49,3296955.65,100109.99,82.21,427.6,91.34,217021.71,2669.6,823409.49,30.35,81.52,24014128.13
REC-001854,BIZ-0078,6,2024,18728063.72,1022279.04,31040.86,45.59,451.54,50.66,197137.51,827.76,693146.52,30.38,83.7,19781383.62
REC-001855,BIZ-0078,7,2024,17672418.58,1494309.42,45373.77,56.19,456.51,62.43,186025.46,1209.97,688676.2,29.47,78.59,19212101.77
REC-001856,BIZ-0078,8,2024,19900481.94,1742488.06,52909.56,50.63,462.68,56.26,209478.76,1410.92,735088.62,28.53,64.78,21695879.56
REC-001857,BIZ-0078,9,2024,17801226.24,3071210.85,93255.39,68.02,426.62,75.58,187381.33,2486.81,718093.71,25.67,73.12,20965692.48
REC-001858,BIZ-0078,10,2024,19843723.29,2235175.19,67869.69,96.07,412.19,106.75,208881.3,1809.86,833560.24,25.32,68.44,22146768.17
REC-001859,BIZ-0078,11,2024,20632636.29,1837089.56,55782.07,63.12,432.06,70.14,217185.65,1487.52,781836.63,26.57,85.88,22525507.92
REC-001860,BIZ-0078,12,2024,15672686.08,1362311.84,41365.74,46.43,467.35,51.59,164975.64,1103.09,614590.23,26.75,66.0,17076363.66
REC-001861,BIZ-0078,1,2025,13789102.26,2725465.97,82757.06,95.17,413.2,105.74,145148.44,2206.86,672244.91,26.72,62.83,16597325.29
REC-001862,BIZ-0078,2,2025,14253300.64,1317451.3,40003.58,53.55,409.22,59.5,150034.74,1066.76,592904.8,28.25,58.71,15610755.52
REC-001863,BIZ-0078,3,2025,14448950.46,1710671.53,51943.47,73.7,437.05,81.89,152094.22,1385.16,642372.61,29.38,72.8,16211565.46
REC-001864,BIZ-0078,4,2025,15063226.17,2840486.41,86249.59,66.77,428.01,74.19,158560.28,2299.99,643288.2,31.1,73.83,17989962.17
REC-001865,BIZ-0078,5,2025,22052900.76,2088352.2,63411.5,62.87,449.08,69.86,232135.8,1690.97,818652.75,30.19,64.86,24204664.46
REC-001866,BIZ-0078,6,2025,21921623.87,3645203.91,110684.33,81.12,412.06,90.14,230753.94,2951.58,855357.21,29.27,70.88,25677512.11
REC-001867,BIZ-0078,7,2025,18242298.3,1062084.05,32249.52,41.47,472.86,46.08,192024.19,859.99,671299.81,28.34,86.11,19336631.87
REC-001868,BIZ-0078,8,2025,22602072.86,3518336.09,106832.07,86.63,422.69,96.25,237916.56,2848.86,885376.04,27.47,78.41,26227241.02
REC-001869,BIZ-0078,9,2025,13443582.73,1909762.37,57988.74,57.13,438.73,63.47,141511.4,1546.37,579456.22,26.08,57.6,15411333.84
REC-001870,BIZ-0078,10,2025,13494914.27,3512315.83,106649.27,79.34,430.78,88.16,142051.73,2843.98,629677.47,26.4,78.52,17113879.37
REC-001871,BIZ-0078,11,2025,18738422.63,1854102.96,56298.67,68.84,425.71,76.49,197246.55,1501.3,744568.12,24.39,58.52,20648824.26
REC-001872,BIZ-0078,12,2025,19450806.74,3613896.95,109733.71,95.8,412.5,106.44,204745.33,2926.23,822620.04,25.97,84.32,23174437.4
REC-001873,BIZ-0079,1,2024,15030417.85,824835.69,25045.62,30.48,560.56,55.41,158214.92,667.88,562589.06,26.14,75.52,15880299.16
REC-001874,BIZ-0079,2,2024,10069603.49,1048055.01,31823.53,41.12,501.46,74.77,105995.83,848.63,455462.29,27.93,71.96,11149482.03
REC-001875,BIZ-0079,3,2024,12079164.74,1371796.88,41653.75,49.85,525.34,90.63,127149.1,1110.77,527534.88,29.57,58.1,13492615.37
REC-001876,BIZ-0079,4,2024,13364239.72,1144004.78,34736.99,49.33,506.4,89.7,140676.21,926.32,560226.72,30.01,72.17,14542981.49
REC-001877,BIZ-0079,5,2024,13833898.33,957260.03,29066.6,31.04,559.54,56.43,145619.98,775.11,532330.38,30.95,76.47,14820224.96
REC-001878,BIZ-0079,6,2024,16075290.75,2383621.72,72377.18,54.37,497.25,98.85,169213.59,1930.06,642640.57,30.24,88.4,18531289.65
REC-001879,BIZ-0079,7,2024,13442593.0,1604957.18,48733.52,45.02,534.12,81.85,141500.98,1299.56,552789.67,29.65,72.16,15096283.7
REC-001880,BIZ-0079,8,2024,15067686.07,2323237.32,70543.64,56.53,513.19,102.78,158607.22,1881.16,620878.57,27.51,62.66,17461467.03
REC-001881,BIZ-0079,9,2024,10450398.48,1019614.21,30959.95,38.36,526.36,69.74,110004.19,825.6,459396.58,26.56,70.65,11500972.64
REC-001882,BIZ-0079,10,2024,11403673.53,947831.34,28780.3,37.33,548.1,67.87,120038.67,767.47,482214.84,26.93,78.12,12380285.17
REC-001883,BIZ-0079,11,2024,15372789.87,1769715.72,53736.31,45.14,514.03,82.07,161818.84,1432.97,603856.78,26.42,84.4,17196241.9
REC-001884,BIZ-0079,12,2024,10029345.19,1770623.28,53763.86,54.76,516.4,99.57,105572.05,1433.7,484408.85,24.7,64.38,11853732.33
REC-001885,BIZ-0079,1,2025,13256741.64,1597017.77,48492.44,37.83,547.18,68.79,139544.65,1293.13,532092.73,26.9,66.31,14902251.85
REC-001886,BIZ-0079,2,2025,8923809.29,1124645.16,34149.14,40.69,482.37,73.99,93934.83,910.64,424359.39,27.82,64.12,10082603.59
REC-001887,BIZ-0079,3,2025,11554511.15,1338561.13,40644.57,30.52,560.48,55.49,121626.43,1083.86,471211.04,29.58,56.6,12933716.85
REC-001888,BIZ-0079,4,2025,10096237.42,2211986.0,67165.57,59.28,488.32,107.78,106276.18,1791.08,496101.72,30.25,82.28,12375388.99
REC-001889,BIZ-0079,5,2025,15807295.62,720799.32,21886.62,22.81,574.49,41.48,166392.59,583.64,566170.13,29.61,73.89,16549981.56
REC-001890,BIZ-0079,6,2025,11425618.35,1225373.05,37207.68,51.49,502.48,93.62,120269.67,992.2,513955.46,30.84,66.67,12688199.08
REC-001891,BIZ-0079,7,2025,12170457.22,2572968.81,78126.58,59.93,507.0,108.97,128110.08,2083.38,552123.1,28.17,62.37,14821552.61
REC-001892,BIZ-0079,8,2025,11059668.75,887750.76,26955.99,28.21,564.67,51.3,116417.57,718.83,453114.85,27.75,80.12,11974375.5
REC-001893,BIZ-0079,9,2025,10577657.66,971136.95,29487.96,22.53,555.15,40.95,111343.76,786.35,427914.8,26.54,74.35,11578282.57
REC-001894,BIZ-0079,10,2025,12327404.72,1221133.79,37078.96,52.47,520.58,95.39,129762.15,988.77,539832.18,26.45,73.43,13585617.47
REC-001895,BIZ-0079,11,2025,12538473.89,1118404.79,33959.66,48.49,507.94,88.16,131983.94,905.59,536639.37,24.98,55.85,13690838.34
REC-001896,BIZ-0079,12,2025,11804650.53,1588554.41,48235.46,37.43,547.92,68.05,124259.48,1286.28,492992.3,26.43,83.45,13441440.4
REC-001897,BIZ-0080,1,2024,1423193.73,89580.63,22149.06,10.68,310.7,42.7,14980.99,98.44,35856.44,27.65,87.58,1534923.42
REC-001898,BIZ-0080,2,2024,1979600.84,106143.94,26244.38,11.09,286.22,44.38,20837.9,116.64,40772.08,28.56,60.64,2111989.16
REC-001899,BIZ-0080,3,2024,1719801.93,132657.25,32799.87,14.35,295.98,57.42,18103.18,145.78,40377.27,28.28,78.82,1885259.05
REC-001900,BIZ-0080,4,2024,2098788.23,59261.83,14652.65,8.4,308.4,33.6,22092.51,65.12,40293.58,30.85,73.6,2172702.71
REC-001901,BIZ-0080,5,2024,2003157.85,63688.29,15747.1,9.24,316.45,36.95,21085.87,69.99,39948.79,29.54,91.02,2082593.24
REC-001902,BIZ-0080,6,2024,1589409.84,68777.29,17005.37,8.2,309.2,32.8,16730.63,75.58,35894.37,29.5,73.0,1675192.5
REC-001903,BIZ-0080,7,2024,2322765.94,128487.47,31768.88,13.19,300.66,52.74,24450.17,141.2,44811.9,29.27,72.24,2483022.29
REC-001904,BIZ-0080,8,2024,1019028.93,53893.32,13325.27,11.5,307.4,46.0,10726.62,59.22,32906.93,28.63,37.29,1086247.52
REC-001905,BIZ-0080,9,2024,1781289.66,38885.1,9614.45,6.23,317.1,24.9,18750.42,42.73,36424.45,27.4,74.31,1829789.21
REC-001906,BIZ-0080,10,2024,1399995.83,64285.17,15894.69,11.31,308.16,45.24,14736.8,70.64,36009.92,24.98,80.16,1480175.69
REC-001907,BIZ-0080,11,2024,1395413.33,87023.74,21516.86,9.54,303.86,38.14,14688.56,95.63,34995.62,26.56,78.99,1503953.93
REC-001908,BIZ-0080,12,2024,1204878.16,41023.09,10143.07,5.66,330.75,22.65,12682.93,45.08,31260.99,25.89,39.09,1256044.32
REC-001909,BIZ-0080,1,2025,2210996.73,44973.63,11119.85,5.41,331.76,21.64,23273.65,49.42,39594.82,26.54,83.7,2267090.21
REC-001910,BIZ-0080,2,2025,1633293.27,56041.3,13856.37,7.35,289.78,29.42,17192.56,61.58,35798.62,28.24,87.89,1703190.94
REC-001911,BIZ-0080,3,2025,2313202.68,54093.16,13374.68,7.65,322.79,30.61,24349.5,59.44,41688.24,29.22,75.99,2380670.52
REC-001912,BIZ-0080,4,2025,2109050.71,126905.46,31377.72,13.25,289.01,52.99,22200.53,139.46,43046.29,30.12,77.75,2267333.89
REC-001913,BIZ-0080,5,2025,1395490.38,38076.87,9414.61,5.15,332.79,20.61,14689.37,41.84,32585.8,30.32,62.48,1442981.86
REC-001914,BIZ-0080,6,2025,2155364.64,58924.88,14569.34,6.28,316.89,25.11,22688.05,64.75,39603.74,29.26,66.32,2228858.86
REC-001915,BIZ-0080,7,2025,1880679.72,61286.01,15153.14,6.57,327.11,26.29,19796.63,67.35,37452.72,29.24,80.04,1957118.87
REC-001916,BIZ-0080,8,2025,786467.98,137408.41,33974.61,16.2,288.59,64.81,8278.61,151.0,33534.06,27.8,27.13,957851.0
REC-001917,BIZ-0080,9,2025,1594439.78,114482.39,28306.08,15.01,281.97,60.03,16783.58,125.8,39680.92,27.66,68.68,1737228.25
REC-001918,BIZ-0080,10,2025,1965842.43,136779.09,33819.01,14.03,297.27,56.13,20693.08,150.31,42271.87,25.03,69.29,2136440.53
REC-001919,BIZ-0080,11,2025,1803446.13,46816.36,11575.47,7.37,312.52,29.48,18983.64,51.45,37240.11,25.19,79.34,1861837.96
REC-001920,BIZ-0080,12,2025,1315042.8,57892.65,14314.12,6.85,326.01,27.39,13842.56,63.62,32840.27,26.43,41.35,1387249.57
REC-001921,BIZ-0081,1,2024,4520038.83,2286627.06,69432.0,66.35,661.07,82.93,54192.56,1851.52,307810.85,26.69,80.26,6876097.89
REC-001922,BIZ-0081,2,2024,4721040.0,1141301.69,34654.91,45.26,639.43,56.57,56308.36,924.13,274076.58,26.81,90.24,5896996.6
REC-001923,BIZ-0081,3,2024,5684406.96,1237486.96,37575.51,43.74,689.33,54.67,66449.06,1002.01,291628.74,28.28,88.25,6959469.43
REC-001924,BIZ-0081,4,2024,4463638.41,1127673.87,34241.11,50.79,656.52,63.48,53598.87,913.1,278615.91,31.09,80.97,5625553.39
REC-001925,BIZ-0081,5,2024,6372376.34,1850408.66,56186.5,60.57,668.29,75.71,73690.85,1498.31,336402.99,31.49,83.08,8278971.5
REC-001926,BIZ-0081,6,2024,6178047.83,1413871.62,42931.32,51.34,655.82,64.18,71645.28,1144.84,315711.45,31.21,86.59,7634850.77
REC-001927,BIZ-0081,7,2024,4511139.89,1394136.24,42332.07,71.56,654.54,89.46,54098.88,1128.86,317014.67,28.3,77.63,5947608.2
REC-001928,BIZ-0081,8,2024,5150035.78,2314846.62,70288.87,72.24,653.7,90.3,60824.1,1874.37,331674.3,28.05,88.77,7535171.27
REC-001929,BIZ-0081,9,2024,6161765.89,2458947.8,74664.41,74.49,626.89,93.11,71473.89,1991.05,357029.22,27.0,97.13,8695378.1
REC-001930,BIZ-0081,10,2024,4516324.08,1738848.46,52799.04,52.12,678.85,65.15,54153.45,1407.97,282124.41,25.14,72.07,6307971.58
REC-001931,BIZ-0081,11,2024,5141310.73,745655.41,22641.36,40.01,669.98,50.02,60732.26,603.77,273489.41,25.78,75.73,5909607.5
REC-001932,BIZ-0081,12,2024,5911318.61,1624001.32,49311.78,63.82,664.22,79.78,68837.61,1314.98,332556.11,26.96,75.56,7584631.71
REC-001933,BIZ-0081,1,2025,4845874.77,1902275.39,57761.4,62.02,666.47,77.53,57622.41,1540.3,306884.08,26.28,91.76,6805911.56
REC-001934,BIZ-0081,2,2025,6170403.73,1076587.64,32689.91,57.75,599.81,72.19,71564.82,871.73,327080.41,28.49,81.23,7279681.28
REC-001935,BIZ-0081,3,2025,4615987.28,1667754.86,50640.33,75.49,649.64,94.36,55202.54,1350.41,326289.08,29.5,77.56,6334382.47
REC-001936,BIZ-0081,4,2025,5360649.4,1706514.82,51817.25,78.93,621.34,98.66,63041.09,1381.79,348148.23,29.31,83.37,7118981.47
REC-001937,BIZ-0081,5,2025,6146977.12,1612266.6,48955.46,49.97,681.54,62.46,71318.22,1305.48,312580.1,29.59,95.39,7808199.18
REC-001938,BIZ-0081,6,2025,5488332.08,1782243.86,54116.72,63.75,640.31,79.69,64385.12,1443.11,323517.29,31.02,92.04,7324692.66
REC-001939,BIZ-0081,7,2025,5044872.67,2037432.27,61865.35,60.96,667.81,76.19,59717.12,1649.74,309154.2,30.15,95.94,7144170.29
REC-001940,BIZ-0081,8,2025,5041613.67,1396319.98,42398.38,50.91,680.36,63.64,59682.82,1130.62,291010.41,29.19,77.09,6480332.03
REC-001941,BIZ-0081,9,2025,6575130.42,1193737.68,36247.1,68.16,634.8,85.2,75825.1,966.59,354331.77,26.34,95.69,7805115.2
REC-001942,BIZ-0081,10,2025,5771020.46,2149896.99,65280.27,62.3,666.12,77.88,67360.78,1740.81,326869.6,25.29,88.83,7986197.72
REC-001943,BIZ-0081,11,2025,4215527.21,1283507.95,38972.91,72.04,629.95,90.05,50987.17,1039.28,311650.18,25.99,79.13,5538008.07
REC-001944,BIZ-0081,12,2025,5604607.23,1328293.7,40332.8,65.45,662.19,81.81,65609.07,1075.54,329029.79,26.36,84.24,6973233.73
REC-001945,BIZ-0082,1,2024,1309156.61,621946.01,39868.33,38.81,646.99,51.75,21112.6,531.58,160788.02,27.35,36.19,1970970.95
REC-001946,BIZ-0082,2,2024,1437604.95,917658.2,58824.24,42.37,597.16,56.5,22464.68,784.32,168746.25,28.27,37.83,2414087.39
REC-001947,BIZ-0082,3,2024,1031719.17,1108063.85,71029.73,55.36,624.92,73.82,18192.2,947.06,177533.39,28.25,40.85,2210812.75
REC-001948,BIZ-0082,4,2024,1158829.49,1458417.42,93488.3,75.31,575.78,100.42,19530.21,1246.51,208404.75,29.72,41.45,2710735.21
REC-001949,BIZ-0082,5,2024,1362373.53,1723186.98,110460.7,77.61,595.26,103.48,21672.77,1472.81,216332.34,31.07,28.32,3196021.21
REC-001950,BIZ-0082,6,2024,1506404.11,612334.87,39252.23,51.61,607.39,68.81,23188.89,523.36,183262.56,29.37,44.66,2157991.21
REC-001951,BIZ-0082,7,2024,1365665.45,512896.89,32878.01,36.75,649.74,49.0,21707.43,438.37,159202.58,29.64,30.41,1911440.35
REC-001952,BIZ-0082,8,2024,1035327.37,515269.9,33030.12,42.16,642.52,56.22,18230.18,440.4,159135.34,28.63,23.69,1583627.39
REC-001953,BIZ-0082,9,2024,1218036.49,1394919.08,89417.89,64.72,589.91,86.29,20153.44,1192.24,194946.77,27.01,37.22,2702373.46
REC-001954,BIZ-0082,10,2024,1262088.53,677432.67,43425.17,39.49,646.09,52.65,20617.14,579.0,160641.73,26.89,27.78,1982946.37
REC-001955,BIZ-0082,11,2024,1475967.49,853822.54,54732.21,38.05,625.47,50.73,22868.5,729.76,163577.75,26.31,22.15,2384522.24
REC-001956,BIZ-0082,12,2024,1057421.7,767412.7,49193.12,64.3,613.01,85.73,18462.75,655.91,190635.21,25.07,22.16,1874027.52
REC-001957,BIZ-0082,1,2025,1262912.89,1234157.73,79112.68,56.19,623.82,74.92,20625.82,1054.84,184045.63,25.96,20.26,2576183.3
REC-001958,BIZ-0082,2,2025,1351855.32,1738806.96,111461.98,79.7,524.85,106.27,21562.06,1486.16,219022.89,29.06,27.69,3202124.26
REC-001959,BIZ-0082,3,2025,1164902.22,786692.34,50429.0,52.24,629.08,69.66,19594.13,672.39,176245.02,29.84,38.45,2002023.56
REC-001960,BIZ-0082,4,2025,1210603.14,1108983.94,71088.71,74.47,576.91,99.29,20075.19,947.85,208422.96,29.63,34.13,2390675.79
REC-001961,BIZ-0082,5,2025,1164573.82,705273.13,45209.82,55.18,625.17,73.57,19590.67,602.8,180352.06,29.78,44.48,1915056.77
REC-001962,BIZ-0082,6,2025,1430925.54,1268219.51,81296.12,59.25,597.2,79.0,22394.37,1083.95,192215.29,29.82,29.09,2780441.17
REC-001963,BIZ-0082,7,2025,1516947.75,842128.8,53982.62,62.28,615.7,83.04,23299.87,719.77,198451.18,29.7,24.26,2413059.17
REC-001964,BIZ-0082,8,2025,1286789.39,1283954.47,82304.77,65.24,611.75,86.99,20877.15,1097.4,197269.78,28.16,44.84,2653048.63
REC-001965,BIZ-0082,9,2025,1552472.47,1236752.42,79279.0,60.64,595.35,80.85,23673.82,1057.05,196979.86,26.24,28.55,2868503.89
REC-001966,BIZ-0082,10,2025,1048703.3,654835.64,41976.64,44.39,639.55,59.19,18370.98,559.69,162562.06,25.28,32.83,1745515.58
REC-001967,BIZ-0082,11,2025,1347523.98,977073.15,62632.89,56.92,600.31,75.89,21516.46,835.11,187019.29,26.51,32.93,2387230.02
REC-001968,BIZ-0082,12,2025,1375127.14,1201956.41,77048.49,77.69,595.16,103.58,21807.02,1027.31,216737.46,25.41,34.09,2654132.04
REC-001969,BIZ-0083,1,2024,1762371.63,231851.19,33440.08,19.68,620.29,43.73,26245.68,222.93,80189.94,25.8,73.84,2027662.9
REC-001970,BIZ-0083,2,2024,1250758.01,233918.66,33738.27,24.61,566.49,54.69,20860.27,224.92,78412.41,27.61,91.8,1518414.94
REC-001971,BIZ-0083,3,2024,1500871.49,392018.96,56541.2,31.01,595.11,68.91,23493.05,376.94,87652.25,29.36,86.82,1949431.65
REC-001972,BIZ-0083,4,2024,1578305.14,295890.36,42676.49,21.78,594.2,48.4,24308.14,284.51,79859.65,30.63,86.12,1916871.99
REC-001973,BIZ-0083,5,2024,1461317.32,252538.3,36423.79,16.74,626.81,37.21,23076.69,242.83,73598.06,30.74,77.92,1750279.41
REC-001974,BIZ-0083,6,2024,2002163.49,210359.16,30340.26,18.42,601.67,40.93,28769.81,202.27,82022.21,29.53,92.85,2242862.91
REC-001975,BIZ-0083,7,2024,1574822.73,188811.27,27232.39,19.81,620.0,44.02,24271.48,181.55,77944.94,28.7,81.06,1790866.39
REC-001976,BIZ-0083,8,2024,1642571.08,437907.26,63159.7,28.72,600.2,63.82,24984.62,421.06,87266.61,27.52,81.7,2143638.04
REC-001977,BIZ-0083,9,2024,1508087.97,307235.09,44312.75,35.27,564.23,78.37,23569.01,295.42,91786.55,26.91,66.61,1859635.81
REC-001978,BIZ-0083,10,2024,1189187.59,272408.54,39289.69,24.32,609.98,54.04,20212.16,261.93,77354.83,24.85,88.16,1500885.82
REC-001979,BIZ-0083,11,2024,1216727.18,211267.69,30471.3,20.01,598.14,44.46,20502.05,203.14,73610.72,25.41,83.73,1458466.17
REC-001980,BIZ-0083,12,2024,1467330.41,317938.28,45856.48,33.67,589.19,74.83,23139.98,305.71,89756.69,25.08,90.31,1831125.17
REC-001981,BIZ-0083,1,2025,1063814.95,178173.59,25698.11,19.69,620.26,43.76,18892.45,171.32,71379.68,26.88,87.6,1267686.65
REC-001982,BIZ-0083,2,2025,1181374.0,303465.28,43769.03,27.44,538.78,60.98,20129.92,291.79,80223.49,28.12,75.0,1528608.31
REC-001983,BIZ-0083,3,2025,1798874.75,269583.82,38882.28,25.34,607.7,56.32,26629.92,259.22,86031.24,29.16,70.01,2107340.85
REC-001984,BIZ-0083,4,2025,1393313.7,301152.0,43435.38,22.76,592.02,50.58,22360.86,289.57,78454.15,31.21,75.2,1737901.08
REC-001985,BIZ-0083,5,2025,1634952.3,321141.26,46318.45,24.33,609.94,54.08,24904.42,308.79,83003.52,31.39,81.7,2002412.01
REC-001986,BIZ-0083,6,2025,1809178.95,202238.65,29169.04,20.16,597.8,44.8,26738.39,194.46,81237.55,31.29,62.89,2040586.64
REC-001987,BIZ-0083,7,2025,1042667.75,343063.52,49480.32,30.58,596.07,67.95,18669.85,329.87,81454.31,28.92,78.55,1435211.59
REC-001988,BIZ-0083,8,2025,1390066.54,177178.96,25554.66,16.85,626.59,37.43,22326.68,170.36,72794.89,26.99,69.59,1592800.16
REC-001989,BIZ-0083,9,2025,1147271.03,206201.55,29740.61,19.48,599.31,43.29,19770.94,198.27,72232.08,25.77,74.67,1383213.19
REC-001990,BIZ-0083,10,2025,1235900.05,379171.19,54688.15,39.39,576.49,87.53,20703.87,364.59,92261.99,26.26,77.86,1669759.39
REC-001991,BIZ-0083,11,2025,1108046.43,387067.74,55827.08,35.7,563.26,79.34,19358.05,372.18,87148.61,25.26,79.07,1550941.25
REC-001992,BIZ-0083,12,2025,1396793.04,339037.9,48899.7,35.72,584.64,79.38,22397.48,326.0,90812.09,26.39,83.64,1784730.64
REC-001993,BIZ-0084,1,2024,1955822.3,108310.32,26780.02,13.34,259.41,20.52,20587.6,119.02,41806.52,25.86,76.22,2090912.64
REC-001994,BIZ-0084,2,2024,1311245.96,218746.62,54085.7,25.43,222.75,39.12,13802.59,240.38,43028.96,28.41,73.52,1584078.28
REC-001995,BIZ-0084,3,2024,2248671.92,244025.98,60336.09,27.69,237.34,42.59,23670.23,268.16,52163.1,28.33,85.83,2553033.99
REC-001996,BIZ-0084,4,2024,2366371.06,89895.73,22226.97,16.27,245.87,25.03,24909.17,98.79,46873.86,30.67,87.01,2478493.76
REC-001997,BIZ-0084,5,2024,2234306.23,70380.89,17401.87,15.34,256.33,23.6,23519.01,77.34,45252.36,30.32,84.31,2322088.99
REC-001998,BIZ-0084,6,2024,1592613.03,221827.82,54847.54,28.06,227.73,43.17,16764.35,243.77,46844.87,31.24,82.64,1869288.39
REC-001999,BIZ-0084,7,2024,1749561.49,131578.84,32533.23,14.17,258.14,21.79,18416.44,144.59,40524.15,30.14,73.92,1913673.56
REC-002000,BIZ-0084,8,2024,1037529.99,163622.39,40456.09,23.8,243.31,36.62,10921.37,179.8,39828.15,27.9,27.72,1241608.47
REC-002001,BIZ-0084,9,2024,1318459.13,128044.99,31659.48,20.82,238.87,32.03,13878.52,140.71,40551.97,27.17,84.54,1478163.6
REC-002002,BIZ-0084,10,2024,1554254.88,72452.44,17914.07,14.04,258.33,21.6,16360.58,79.62,38811.42,25.64,74.3,1644621.39
REC-002003,BIZ-0084,11,2024,1666691.64,135416.59,33482.12,18.13,243.01,27.89,17544.12,148.81,42004.37,26.06,77.0,1835590.35
REC-002004,BIZ-0084,12,2024,982805.25,251717.13,62237.75,39.11,219.76,60.17,10345.32,276.61,47787.83,24.94,29.08,1296760.13
REC-002005,BIZ-0084,1,2025,2213830.69,380109.45,93983.11,39.43,219.27,60.66,23303.48,417.7,58329.14,26.65,79.75,2687923.25
REC-002006,BIZ-0084,2,2025,1319494.94,107329.47,26537.51,22.55,218.14,34.7,13889.42,117.94,41515.53,28.77,78.21,1453361.92
REC-002007,BIZ-0084,3,2025,2152366.23,117273.72,28996.25,15.96,255.38,24.55,22656.49,128.87,44902.0,29.51,83.16,2298636.2
REC-002008,BIZ-0084,4,2025,1915399.02,147112.19,36373.89,21.83,237.31,33.59,20162.09,161.66,46137.88,30.71,70.81,2098885.1
REC-002009,BIZ-0084,5,2025,2065696.43,173023.44,42780.52,34.72,226.51,53.42,21744.17,190.14,54493.28,29.74,83.9,2281500.39
REC-002010,BIZ-0084,6,2025,2209428.47,296459.81,73300.5,29.7,225.21,45.69,23257.14,325.78,52939.99,31.15,90.89,2579188.78
REC-002011,BIZ-0084,7,2025,2096010.7,160427.21,39666.07,33.31,228.69,51.24,22063.27,176.29,53969.48,29.53,77.25,2296103.98
REC-002012,BIZ-0084,8,2025,1238096.62,174846.84,43231.36,21.04,247.56,32.37,13032.6,192.14,39996.71,28.18,30.1,1456174.82
REC-002013,BIZ-0084,9,2025,1308127.78,136614.74,33778.37,24.66,232.96,37.94,13769.77,150.13,42579.43,26.0,76.05,1478520.89
REC-002014,BIZ-0084,10,2025,1400916.57,291964.28,72188.97,35.87,224.74,55.19,14746.49,320.84,49528.43,25.32,60.16,1765069.82
REC-002015,BIZ-0084,11,2025,2052021.31,160386.81,39656.08,31.57,222.33,48.57,21600.22,176.25,52643.44,24.96,74.8,2252064.2
REC-002016,BIZ-0084,12,2025,852799.19,263301.93,65102.13,30.88,232.42,47.51,8976.83,289.34,42167.14,25.17,37.21,1181203.25
REC-002017,BIZ-0085,1,2024,6466324.17,2443068.67,74182.25,91.67,652.33,91.67,68066.57,1978.19,381132.22,27.01,83.98,8983575.09
REC-002018,BIZ-0085,2,2024,6304744.89,2280771.38,69254.19,72.37,623.63,72.37,66365.74,1846.78,343006.46,27.94,86.5,8654770.46
REC-002019,BIZ-0085,3,2024,6938215.04,1765164.73,53598.12,87.26,656.74,87.26,73033.84,1429.28,383129.97,28.41,94.21,8756977.89
REC-002020,BIZ-0085,4,2024,7371937.04,1678272.22,50959.68,89.99,630.01,89.99,77599.34,1358.92,397184.15,29.9,82.48,9101168.94
REC-002021,BIZ-0085,5,2024,6100854.15,2707098.38,82199.34,102.36,641.64,102.36,64219.52,2191.98,392688.41,30.47,97.61,8890151.87
REC-002022,BIZ-0085,6,2024,6942826.48,1653134.38,50196.39,82.72,637.28,82.72,73082.38,1338.57,375054.66,29.69,91.52,8646157.25
REC-002023,BIZ-0085,7,2024,7158630.2,2413114.68,73272.71,79.08,664.92,79.08,75354.0,1953.94,373047.52,29.45,88.23,9645017.59
REC-002024,BIZ-0085,8,2024,7327116.6,2836262.63,86121.33,119.28,624.72,119.28,77127.54,2296.57,448954.8,28.6,79.38,10249500.56
REC-002025,BIZ-0085,9,2024,7827498.19,1415241.06,42972.91,58.64,661.36,58.64,82394.72,1145.94,350349.68,26.84,81.84,9285712.16
REC-002026,BIZ-0085,10,2024,5952145.51,3376992.77,102540.27,110.54,633.46,110.54,62654.16,2734.41,404284.88,25.14,74.88,9431678.55
REC-002027,BIZ-0085,11,2024,7080793.81,1571577.19,47719.96,74.64,645.36,74.64,74534.67,1272.53,363424.45,26.66,97.45,8700090.96
REC-002028,BIZ-0085,12,2024,7298005.64,2708246.59,82234.21,94.12,649.88,94.12,76821.11,2192.91,403056.96,26.8,79.25,10088486.44
REC-002029,BIZ-0085,1,2025,7134399.47,2256525.66,68517.99,85.16,658.84,85.16,75098.94,1827.15,383488.27,27.2,88.46,9459443.12
REC-002030,BIZ-0085,2,2025,7332201.11,2330608.95,70767.48,70.04,601.96,70.04,77181.06,1887.13,360433.84,27.34,82.5,9733577.54
REC-002031,BIZ-0085,3,2025,6674744.01,1589310.67,48258.42,50.23,693.77,50.23,70260.46,1286.89,310941.44,28.43,94.71,8312313.1
REC-002032,BIZ-0085,4,2025,7722066.38,1554085.91,47188.84,56.88,663.12,56.88,81284.91,1258.37,344958.53,30.8,89.06,9323341.13
REC-002033,BIZ-0085,5,2025,6123356.81,1101342.83,33441.58,52.03,691.97,52.03,64456.39,891.78,302571.94,30.3,82.88,7258141.22
REC-002034,BIZ-0085,6,2025,5873387.92,2190756.37,66520.94,89.94,630.06,89.94,61825.14,1773.89,365543.94,30.43,85.09,8130665.23
REC-002035,BIZ-0085,7,2025,5866314.83,2731256.6,82932.89,93.78,650.22,93.78,61750.68,2211.54,372313.75,28.1,87.86,8680504.32
REC-002036,BIZ-0085,8,2025,6876990.31,2529280.68,76800.02,105.29,638.71,105.29,72389.37,2048.0,414303.61,29.08,72.59,9483071.01
REC-002037,BIZ-0085,9,2025,7623004.08,2444225.72,74217.38,82.04,637.96,82.04,80242.15,1979.13,388163.18,26.78,77.02,10141447.18
REC-002038,BIZ-0085,10,2025,7252751.22,1253050.93,38048.11,63.98,680.02,63.98,76344.75,1014.62,347862.45,25.21,84.28,8543850.26
REC-002039,BIZ-0085,11,2025,6659735.13,2391252.72,72608.89,82.14,637.86,82.14,70102.48,1936.24,368063.26,24.46,72.8,9123596.74
REC-002040,BIZ-0085,12,2025,5717899.82,2335584.13,70918.55,82.3,661.7,82.3,60188.42,1891.16,348514.02,25.7,78.29,8124402.5
REC-002041,BIZ-0086,1,2024,1398261.74,242621.25,75370.51,46.13,247.2,65.9,14718.54,287.13,74368.59,27.48,82.65,1716253.5
REC-002042,BIZ-0086,2,2024,1244934.56,231634.18,71957.37,38.98,237.21,55.69,13104.57,274.12,66945.48,28.53,57.3,1548526.11
REC-002043,BIZ-0086,3,2024,1134343.14,348743.32,108337.42,42.17,252.86,60.24,11940.45,412.71,67426.77,29.3,70.52,1591423.88
REC-002044,BIZ-0086,4,2024,1323181.82,307767.48,95608.24,36.62,250.69,52.31,13928.23,364.22,66526.19,31.09,72.73,1726557.54
REC-002045,BIZ-0086,5,2024,1363188.07,148364.83,46089.67,19.38,285.41,27.69,14349.35,175.58,55092.31,31.02,69.47,1557642.57
REC-002046,BIZ-0086,6,2024,1011252.66,244964.64,76098.48,30.08,260.03,42.97,10644.76,289.9,57024.57,30.95,78.93,1332315.78
REC-002047,BIZ-0086,7,2024,1324968.26,162040.58,50338.05,20.76,283.44,29.66,13947.03,191.76,55455.44,29.56,69.52,1537346.89
REC-002048,BIZ-0086,8,2024,1333227.18,232334.36,72174.88,40.24,255.61,57.49,14033.97,274.95,69220.93,28.62,74.13,1637736.42
REC-002049,BIZ-0086,9,2024,1018221.01,174709.86,54273.77,32.7,256.28,46.72,10718.12,206.76,58968.31,27.13,59.68,1247204.64
REC-002050,BIZ-0086,10,2024,1180028.4,294959.43,91629.41,39.84,256.19,56.91,12421.35,349.06,66517.3,25.43,77.89,1566617.24
REC-002051,BIZ-0086,11,2024,1246228.15,171063.71,53141.09,27.92,263.12,39.88,13118.19,202.44,59218.37,26.12,66.3,1470432.95
REC-002052,BIZ-0086,12,2024,936943.35,140874.98,43762.94,21.91,281.8,31.3,9862.56,166.72,50131.31,25.25,64.08,1121581.27
REC-002053,BIZ-0086,1,2025,1253174.02,220742.08,68573.72,39.98,255.98,57.12,13191.31,261.23,67776.32,25.61,84.05,1542489.82
REC-002054,BIZ-0086,2,2025,1098264.65,282515.34,87763.64,39.96,225.71,57.09,11560.68,334.34,65314.41,28.52,73.73,1468543.63
REC-002055,BIZ-0086,3,2025,1037333.12,287761.52,89393.37,36.63,260.76,52.34,10919.3,340.55,62023.2,28.42,81.57,1414488.01
REC-002056,BIZ-0086,4,2025,1326401.99,174043.85,54066.88,35.87,251.75,51.25,13962.13,205.97,66053.42,29.58,62.52,1554512.72
REC-002057,BIZ-0086,5,2025,1180593.1,287823.15,89412.52,44.91,248.94,64.16,12427.3,340.62,70079.57,29.33,67.02,1557828.77
REC-002058,BIZ-0086,6,2025,1486547.74,253348.22,78702.85,37.78,249.03,53.97,15647.87,299.82,69918.73,30.11,84.7,1818598.81
REC-002059,BIZ-0086,7,2025,1136402.06,325039.21,100973.72,46.67,246.43,66.67,11962.13,384.66,70613.31,29.25,72.27,1562414.99
REC-002060,BIZ-0086,8,2025,1177922.58,207748.32,64537.2,29.47,271.01,42.09,12399.19,245.86,59224.96,28.89,70.91,1450208.1
REC-002061,BIZ-0086,9,2025,1010234.68,151071.37,46930.45,22.23,271.25,31.75,10634.05,178.78,51510.53,25.71,62.42,1208236.5
REC-002062,BIZ-0086,10,2025,994959.82,220219.72,68411.45,33.21,265.65,47.45,10473.26,260.62,58958.22,26.38,58.95,1283590.99
REC-002063,BIZ-0086,11,2025,1229791.11,327007.68,101585.23,43.3,241.15,61.85,12945.17,386.99,69724.42,25.83,55.4,1658384.02
REC-002064,BIZ-0086,12,2025,1139904.74,127360.56,39564.67,18.53,286.62,26.48,11999.0,150.72,50972.63,26.79,79.47,1306829.97
REC-002065,BIZ-0087,1,2024,925365.32,372870.15,115832.44,47.79,340.62,68.27,9740.69,441.27,68065.55,27.83,71.74,1414067.91
REC-002066,BIZ-0087,2,2024,1091872.6,203129.01,63102.21,31.57,337.41,45.1,11493.4,240.39,59338.35,28.09,57.62,1358103.82
REC-002067,BIZ-0087,3,2024,920886.06,368814.41,114572.52,46.99,341.75,67.14,9693.54,436.47,67436.46,28.64,81.31,1404272.99
REC-002068,BIZ-0087,4,2024,919446.12,258570.64,80325.2,48.35,326.63,69.07,9678.38,306.0,68362.84,29.51,78.67,1258341.96
REC-002069,BIZ-0087,5,2024,1162264.6,373681.53,116084.5,46.4,342.6,66.29,12234.36,442.23,70831.69,29.97,79.52,1652030.63
REC-002070,BIZ-0087,6,2024,892232.92,187447.99,58230.88,25.18,359.72,35.98,9391.93,221.83,51716.78,29.28,64.99,1137911.79
REC-002071,BIZ-0087,7,2024,1139202.86,144518.71,44894.87,19.11,381.59,27.3,11991.61,171.03,51363.79,29.2,58.24,1328616.44
REC-002072,BIZ-0087,8,2024,991887.41,151004.07,46909.55,32.5,362.47,46.42,10440.92,178.7,58407.97,26.98,70.78,1189801.03
REC-002073,BIZ-0087,9,2024,945514.41,107539.74,33407.32,17.8,370.27,25.43,9952.78,127.27,47390.91,26.96,74.74,1086461.47
REC-002074,BIZ-0087,10,2024,1016320.59,253377.01,78711.79,37.74,354.97,53.92,10698.11,299.85,62467.1,26.81,78.76,1348409.39
REC-002075,BIZ-0087,11,2024,1249342.94,151189.01,46967.0,25.43,359.37,36.33,13150.98,178.92,57527.51,25.82,79.93,1447498.95
REC-002076,BIZ-0087,12,2024,960429.5,177486.9,55136.46,32.72,362.14,46.75,10109.78,210.04,58070.99,25.28,75.83,1193052.86
REC-002077,BIZ-0087,1,2025,1006402.88,200232.51,62202.41,28.25,368.54,40.35,10593.71,236.96,55662.76,27.1,63.72,1268837.8
REC-002078,BIZ-0087,2,2025,870474.28,206447.84,64133.21,41.33,310.27,59.05,9162.89,244.32,62677.63,28.01,75.66,1141055.33
REC-002079,BIZ-0087,3,2025,1062641.69,164937.82,51238.08,33.12,361.58,47.31,11185.7,195.19,59960.68,28.07,84.48,1278817.59
REC-002080,BIZ-0087,4,2025,891674.94,253267.07,78677.64,44.65,331.91,63.79,9386.05,299.72,65336.84,30.79,77.21,1223619.65
REC-002081,BIZ-0087,5,2025,949080.4,108898.35,33829.37,20.92,379.0,29.89,9990.32,128.87,49632.57,30.95,82.14,1091808.12
REC-002082,BIZ-0087,6,2025,1122949.93,230369.26,71564.42,32.36,349.47,46.23,11820.53,272.63,60385.65,29.7,65.08,1424883.61
REC-002083,BIZ-0087,7,2025,1080073.7,139484.52,43330.99,27.7,369.32,39.57,11369.2,165.07,56442.82,30.28,61.94,1262889.21
REC-002084,BIZ-0087,8,2025,849508.35,214919.51,66764.94,38.37,354.07,54.82,8942.19,254.34,60273.42,27.75,60.67,1131192.8
REC-002085,BIZ-0087,9,2025,1053690.06,223444.53,69413.24,30.63,351.94,43.76,11091.47,264.43,58080.06,26.79,70.63,1346547.83
REC-002086,BIZ-0087,10,2025,1166069.6,253583.89,78776.06,43.78,346.34,62.55,12274.42,300.1,69061.01,25.18,63.67,1498429.55
REC-002087,BIZ-0087,11,2025,1177948.66,151607.26,47096.93,27.43,356.51,39.19,12399.46,179.42,57802.58,25.03,78.98,1376652.85
REC-002088,BIZ-0087,12,2025,838010.75,210046.34,65251.08,47.11,341.59,67.3,8821.17,248.58,66208.47,25.99,80.17,1113308.17
REC-002089,BIZ-0088,1,2024,3938885.16,1806155.26,54842.77,81.98,662.02,81.98,41461.95,1462.47,310492.0,26.53,88.79,5799883.19
REC-002090,BIZ-0088,2,2024,4816242.22,2151876.2,65340.37,67.92,628.08,67.92,50697.29,1742.41,303641.67,28.76,77.26,7033458.79
REC-002091,BIZ-0088,3,2024,4323391.46,2677964.22,81314.7,89.06,654.94,89.06,45509.38,2168.39,331335.36,28.11,83.11,7082670.38
REC-002092,BIZ-0088,4,2024,4765742.52,1285097.8,39021.19,69.18,650.82,69.18,50165.71,1040.57,304850.76,30.88,88.06,6089861.51
REC-002093,BIZ-0088,5,2024,5647519.47,3088400.48,93777.34,91.51,652.49,91.51,59447.57,2500.73,363605.62,29.69,90.79,8829697.29
REC-002094,BIZ-0088,6,2024,4760572.12,3457454.01,104983.42,117.18,602.82,117.18,50111.29,2799.56,391148.77,31.24,92.31,8323009.55
REC-002095,BIZ-0088,7,2024,4951982.38,988830.72,30025.22,54.15,689.85,54.15,52126.13,800.67,281726.18,28.65,97.66,5970838.32
REC-002096,BIZ-0088,8,2024,4451366.09,1778734.43,54010.15,69.9,674.1,69.9,46856.49,1440.27,299526.62,27.62,85.99,6284110.67
REC-002097,BIZ-0088,9,2024,5244466.89,3194337.11,96994.04,101.27,618.73,101.27,55204.91,2586.51,372698.41,27.66,73.92,8535798.04
REC-002098,BIZ-0088,10,2024,4718086.03,2221380.87,67450.84,89.33,654.67,89.33,49664.06,1798.69,340119.51,26.73,87.34,7006917.74
REC-002099,BIZ-0088,11,2024,4860911.57,2795464.49,84882.53,88.97,631.03,88.97,51167.49,2263.53,342475.96,25.09,86.21,7741258.59
REC-002100,BIZ-0088,12,2024,4904818.45,3259739.83,98979.95,110.95,633.05,110.95,51629.67,2639.47,382970.73,26.29,75.65,8263538.23
REC-002101,BIZ-0088,1,2025,4447945.68,3144571.81,95482.95,104.09,639.91,104.09,46820.48,2546.21,361001.54,27.32,96.89,7688000.44
REC-002102,BIZ-0088,2,2025,4000393.75,1562128.12,47433.04,75.35,596.65,75.35,42109.41,1264.88,299856.49,27.32,80.35,5609954.91
REC-002103,BIZ-0088,3,2025,4896848.47,2272927.56,69016.02,115.29,628.71,115.29,51545.77,1840.43,390609.38,30.38,78.73,7238792.05
REC-002104,BIZ-0088,4,2025,5360337.6,3352764.31,101804.58,105.87,614.13,105.87,56424.61,2714.79,383409.43,30.51,83.11,8814906.49
REC-002105,BIZ-0088,5,2025,4624105.57,3091636.71,93875.61,89.6,654.4,89.6,48674.8,2503.35,338629.63,29.44,97.73,7809617.89
REC-002106,BIZ-0088,6,2025,4669786.54,1945288.51,59067.46,87.72,632.28,87.72,49155.65,1575.13,336201.28,31.27,94.7,6674142.51
REC-002107,BIZ-0088,7,2025,3722641.57,1520924.86,46181.93,56.45,687.55,56.45,39185.7,1231.52,259981.49,28.85,73.74,5289748.36
REC-002108,BIZ-0088,8,2025,4456961.97,2982672.44,90566.98,109.6,634.4,109.6,46915.39,2415.12,371118.01,27.07,76.11,7530201.39
REC-002109,BIZ-0088,9,2025,4034007.95,1604728.26,48726.57,55.12,664.88,55.12,42463.24,1299.38,264135.01,26.67,88.9,5687462.78
REC-002110,BIZ-0088,10,2025,5246342.55,2382716.14,72349.68,119.6,624.4,119.6,55224.66,1929.32,405737.38,26.6,84.11,7701408.37
REC-002111,BIZ-0088,11,2025,4574764.79,2518552.76,76474.27,81.78,638.22,81.78,48155.42,2039.31,323520.77,25.09,76.72,7169791.82
REC-002112,BIZ-0088,12,2025,5439400.16,1747158.87,53051.38,78.1,665.9,78.1,57256.84,1414.7,335098.41,26.41,96.66,7239610.41
REC-002113,BIZ-0089,1,2024,213420.14,665854.63,42682.99,49.47,661.0,65.95,10478.53,569.11,152305.49,27.05,29.75,921957.76
REC-002114,BIZ-0089,2,2024,574057.23,1155085.3,74043.93,59.7,600.45,79.6,14274.71,987.25,174988.22,28.85,34.61,1803186.46
REC-002115,BIZ-0089,3,2024,672458.7,1550888.91,99415.96,77.3,623.89,103.06,15310.51,1325.55,201897.0,28.53,40.54,2322763.57
REC-002116,BIZ-0089,4,2024,263810.01,628419.49,40283.3,48.79,638.45,65.05,11008.95,537.11,152523.56,30.35,24.72,932512.8
REC-002117,BIZ-0089,5,2024,283997.18,630429.09,40412.12,39.96,673.67,53.28,11221.44,538.83,140627.01,30.58,43.61,954838.39
REC-002118,BIZ-0089,6,2024,682507.44,925643.0,59336.09,65.84,615.72,87.78,15416.29,791.15,186085.74,29.13,41.76,1667486.53
REC-002119,BIZ-0089,7,2024,371190.31,1629761.15,104471.87,78.59,622.16,104.79,12139.27,1392.96,196738.08,28.44,44.78,2105423.33
REC-002120,BIZ-0089,8,2024,685733.73,906009.33,58077.52,39.75,673.95,53.0,15450.25,774.37,149642.81,26.87,41.94,1649820.58
REC-002121,BIZ-0089,9,2024,643084.09,539134.88,34559.93,43.92,644.94,58.56,15001.31,460.8,154488.76,25.61,41.69,1216778.9
REC-002122,BIZ-0089,10,2024,527273.86,822703.62,52737.41,62.52,643.59,83.36,13782.25,703.17,177853.28,25.69,24.97,1402714.89
REC-002123,BIZ-0089,11,2024,477229.8,801774.7,51395.81,58.93,624.93,78.57,13255.47,685.28,171662.9,26.63,32.67,1330400.31
REC-002124,BIZ-0089,12,2024,599359.16,1195801.62,76653.95,51.22,658.65,68.3,14541.04,1022.05,163700.44,25.14,43.52,1871814.73
REC-002125,BIZ-0089,1,2025,233524.89,1010943.36,64804.06,58.46,649.0,77.95,10690.16,864.05,165364.96,26.55,25.26,1309272.31
REC-002126,BIZ-0089,2,2025,265140.48,868528.98,55674.93,52.28,586.9,69.7,11022.95,742.33,157437.48,28.02,43.62,1189344.39
REC-002127,BIZ-0089,3,2025,347370.76,609014.79,39039.41,48.86,661.8,65.15,11888.53,520.53,154561.03,30.36,22.5,995424.96
REC-002128,BIZ-0089,4,2025,346551.21,1311813.21,84090.59,67.93,612.92,90.58,11879.91,1121.21,181243.65,31.24,36.3,1742455.01
REC-002129,BIZ-0089,5,2025,269069.28,1634240.47,104759.0,80.76,619.27,107.68,11064.31,1396.79,197400.48,31.24,41.9,2008068.75
REC-002130,BIZ-0089,6,2025,554555.31,500636.0,32092.05,42.4,646.97,56.53,14069.42,427.89,150307.44,31.12,21.13,1087283.36
REC-002131,BIZ-0089,7,2025,395196.79,665799.85,42679.48,35.65,679.42,47.53,12391.97,569.06,137173.45,29.29,23.51,1103676.12
REC-002132,BIZ-0089,8,2025,373011.64,1362174.22,87318.86,63.86,641.81,85.14,12158.44,1164.25,176146.7,27.3,38.5,1822504.72
REC-002133,BIZ-0089,9,2025,415336.9,870725.49,55815.74,41.13,648.66,54.84,12603.97,744.21,145310.45,26.56,24.37,1341878.13
REC-002134,BIZ-0089,10,2025,614300.76,868795.78,55692.04,72.09,630.82,96.13,14698.32,742.56,193268.81,26.24,29.13,1538788.58
REC-002135,BIZ-0089,11,2025,375520.48,1418854.5,90952.21,74.77,603.81,99.69,12184.85,1212.7,191483.92,24.79,30.09,1885327.19
REC-002136,BIZ-0089,12,2025,190352.53,1150684.91,73761.85,56.69,651.37,75.58,10235.71,983.49,161880.35,24.7,20.65,1414799.29
REC-002137,BIZ-0090,1,2024,3536610.02,1077566.78,32719.64,36.18,640.62,103.38,50672.27,872.52,246470.9,25.9,82.6,4646896.44
REC-002138,BIZ-0090,2,2024,3070126.35,563568.12,17112.39,22.96,630.41,65.59,45761.92,456.33,212844.89,27.21,74.6,3650806.86
REC-002139,BIZ-0090,3,2024,3617373.75,908078.69,27573.24,27.67,664.94,79.06,51522.42,735.29,232849.73,28.21,97.19,4553025.68
REC-002140,BIZ-0090,4,2024,4476488.61,447125.63,13576.69,17.52,669.95,50.05,60565.73,362.05,232663.29,30.02,94.28,4937190.93
REC-002141,BIZ-0090,5,2024,3406415.09,1039734.75,31570.89,30.73,656.2,87.8,49301.8,841.89,233916.99,31.46,78.68,4477720.73
REC-002142,BIZ-0090,6,2024,3596315.23,1028578.34,31232.14,37.86,611.82,108.18,51300.75,832.86,250752.54,30.57,74.51,4656125.71
REC-002143,BIZ-0090,7,2024,4125891.5,602258.66,18287.21,20.99,684.02,59.98,56875.24,487.66,231538.94,28.35,85.38,4746437.37
REC-002144,BIZ-0090,8,2024,3208482.79,703748.24,21368.87,32.57,650.95,93.05,47218.3,569.84,233058.75,28.58,90.65,3933599.9
REC-002145,BIZ-0090,9,2024,3192373.75,882450.31,26795.05,34.91,620.27,99.73,47048.73,714.53,236928.78,26.15,90.98,4101619.11
REC-002146,BIZ-0090,10,2024,4433514.39,789372.26,23968.79,24.03,675.33,68.67,60113.37,639.17,243489.36,26.05,85.44,5246855.44
REC-002147,BIZ-0090,11,2024,2779022.94,1137325.8,34534.18,35.54,618.45,101.55,42697.67,920.91,229371.04,25.09,81.74,3950882.92
REC-002148,BIZ-0090,12,2024,3861486.73,1264919.89,38408.5,36.96,638.41,105.59,54092.03,1024.23,254708.05,26.43,92.79,5164815.12
REC-002149,BIZ-0090,1,2025,4190891.44,563343.66,17105.58,23.33,677.35,66.65,57559.45,456.15,237107.17,25.58,88.5,4771340.68
REC-002150,BIZ-0090,2,2025,4170118.62,714357.24,21691.01,22.1,608.86,63.14,57340.79,578.43,234461.27,26.83,84.5,4906166.87
REC-002151,BIZ-0090,3,2025,4691857.68,624520.13,18963.16,28.6,662.28,81.72,62832.78,505.68,257151.39,30.38,82.55,5335340.97
REC-002152,BIZ-0090,4,2025,4115969.56,696112.15,21137.01,30.11,633.99,86.01,56770.8,563.65,247730.64,30.02,91.37,4833218.72
REC-002153,BIZ-0090,5,2025,3439518.47,1190694.12,36154.68,38.86,632.96,111.04,49650.26,964.12,249254.44,31.69,76.84,4666367.27
REC-002154,BIZ-0090,6,2025,4247659.48,790425.79,24000.78,36.2,616.57,103.43,58157.01,640.02,261474.19,30.06,74.51,5062086.05
REC-002155,BIZ-0090,7,2025,2730666.59,583114.8,17705.92,30.81,655.97,88.03,42188.66,472.16,219837.68,29.93,83.09,3331487.31
REC-002156,BIZ-0090,8,2025,2975985.66,680821.22,20672.71,34.96,644.11,99.89,44770.96,551.27,232471.79,29.14,93.58,3677479.59
REC-002157,BIZ-0090,9,2025,3579449.32,1377530.48,41827.85,40.52,604.23,115.77,51123.21,1115.41,255180.52,26.38,83.77,4998807.65
REC-002158,BIZ-0090,10,2025,3976363.7,1023985.19,31092.67,39.2,632.01,111.99,55301.26,829.14,261158.55,26.97,76.75,5031441.56
REC-002159,BIZ-0090,11,2025,4094706.89,674697.34,20486.76,22.37,656.09,63.91,56546.98,546.31,233355.62,24.64,89.69,4789890.99
REC-002160,BIZ-0090,12,2025,3719395.69,552105.21,16764.33,30.5,656.86,87.14,52596.33,447.05,240090.43,25.9,92.28,4288265.23
REC-002161,BIZ-0091,1,2024,976018.93,385458.95,55595.04,40.43,586.89,89.84,18760.28,370.63,90920.91,26.83,79.8,1417072.92
REC-002162,BIZ-0091,2,2024,961187.5,368872.28,53202.73,37.01,550.83,82.24,18604.16,354.68,87483.34,27.18,84.45,1383262.51
REC-002163,BIZ-0091,3,2024,974248.87,449309.27,64804.22,39.39,589.2,87.53,18741.65,432.03,89909.99,30.28,85.63,1488362.36
REC-002164,BIZ-0091,4,2024,1112706.42,286432.01,41312.31,25.67,597.85,57.05,20199.1,275.42,78626.94,29.45,63.61,1440450.74
REC-002165,BIZ-0091,5,2024,887782.57,321915.17,46430.07,23.72,624.02,52.71,17831.48,309.53,73929.45,30.55,75.9,1256127.81
REC-002166,BIZ-0091,6,2024,956052.54,317685.43,45820.01,32.29,583.15,71.75,18550.11,305.47,82931.81,29.69,64.47,1319557.98
REC-002167,BIZ-0091,7,2024,613357.16,321722.26,46402.25,34.44,600.2,76.53,14942.79,309.35,80649.77,29.81,81.6,981481.67
REC-002168,BIZ-0091,8,2024,1087185.95,616416.9,88906.28,39.92,588.02,88.71,19930.46,592.71,91837.96,27.95,67.29,1792509.13
REC-002169,BIZ-0091,9,2024,734711.85,307814.2,44396.28,30.39,587.37,67.53,16220.21,295.98,78332.43,26.49,67.26,1086922.33
REC-002170,BIZ-0091,10,2024,1085127.32,216146.91,31175.04,19.23,634.01,42.72,19908.79,207.83,72155.15,25.48,69.47,1332449.27
REC-002171,BIZ-0091,11,2024,969922.37,195034.74,28130.01,20.84,608.58,46.32,18696.11,187.53,72237.43,26.04,81.34,1193087.12
REC-002172,BIZ-0091,12,2024,902126.83,347532.21,50124.84,28.64,613.1,63.63,17982.47,334.17,78782.55,25.3,72.81,1299783.88
REC-002173,BIZ-0091,1,2025,679200.52,380497.6,54879.46,26.6,617.63,59.1,15635.88,365.86,74030.43,27.4,81.75,1114577.58
REC-002174,BIZ-0091,2,2025,631134.26,518402.2,74769.55,37.54,527.83,83.41,15129.92,498.46,83814.74,28.1,82.13,1224306.01
REC-002175,BIZ-0091,3,2025,1273943.8,241745.55,34867.15,16.76,639.48,37.25,21896.33,232.45,72201.45,29.78,90.88,1550556.5
REC-002176,BIZ-0091,4,2025,858575.31,268652.56,38747.97,19.92,610.63,44.27,17524.03,258.32,69952.16,29.58,82.69,1165975.84
REC-002177,BIZ-0091,5,2025,793590.79,257202.88,37096.57,28.69,612.97,63.76,16839.99,247.31,77463.74,31.38,78.08,1087890.24
REC-002178,BIZ-0091,6,2025,1264118.02,315137.19,45452.48,21.72,606.63,48.27,21792.91,303.02,76787.38,30.72,93.67,1624707.69
REC-002179,BIZ-0091,7,2025,865147.35,155840.73,22477.03,17.15,638.61,38.12,17593.21,149.85,67406.4,29.24,85.15,1043465.11
REC-002180,BIZ-0091,8,2025,1076989.5,495127.66,71412.64,38.14,591.97,84.76,19823.13,476.08,90022.75,28.65,89.8,1643529.8
REC-002181,BIZ-0091,9,2025,701886.67,206796.47,29826.41,24.58,600.28,54.62,15874.68,198.84,72398.12,26.34,84.01,938509.55
REC-002182,BIZ-0091,10,2025,895589.39,243666.82,35144.25,21.23,629.55,47.18,17913.66,234.3,71664.28,26.35,78.02,1174400.46
REC-002183,BIZ-0091,11,2025,1147578.04,354383.46,51113.0,27.82,593.07,61.83,20566.17,340.75,81112.76,24.94,94.91,1553074.5
REC-002184,BIZ-0091,12,2025,1105421.63,278394.63,40153.07,32.27,605.01,71.72,20122.42,267.69,84805.34,25.99,82.02,1423969.33
REC-002185,BIZ-0092,1,2024,2265345.39,54635.84,7880.17,6.06,551.99,40.42,25766.94,52.53,66680.42,25.81,89.66,2327861.4
REC-002186,BIZ-0092,2,2024,2116485.13,141166.83,20360.6,11.1,480.18,74.01,24199.99,135.74,69586.67,29.12,69.87,2278012.56
REC-002187,BIZ-0092,3,2024,1752881.65,122032.06,17600.78,10.59,521.82,70.59,20372.59,117.34,64506.16,30.01,85.7,1892514.49
REC-002188,BIZ-0092,4,2024,1779610.52,121103.2,17466.81,8.54,516.37,56.93,20653.94,116.45,62896.99,30.07,90.49,1918180.53
REC-002189,BIZ-0092,5,2024,2550881.25,67761.88,9773.35,7.03,545.53,46.88,28772.58,65.16,71207.81,31.09,76.25,2628416.48
REC-002190,BIZ-0092,6,2024,1928017.42,73756.4,10637.94,8.65,515.63,57.67,22216.12,70.92,64877.02,30.48,72.86,2012411.76
REC-002191,BIZ-0092,7,2024,2058451.59,118484.98,17089.18,10.88,519.84,72.57,23589.11,113.93,68647.54,29.15,91.4,2194025.75
REC-002192,BIZ-0092,8,2024,2307286.26,106300.0,15331.73,7.93,539.56,52.85,26208.42,102.21,68980.97,29.12,71.13,2428917.99
REC-002193,BIZ-0092,9,2024,1805545.93,143979.32,20766.25,9.86,507.58,65.72,20926.95,138.44,64476.91,27.07,87.36,1970291.5
REC-002194,BIZ-0092,10,2024,2344169.03,111932.09,16144.05,11.69,514.46,77.95,26596.66,107.63,73024.33,26.19,86.44,2472245.17
REC-002195,BIZ-0092,11,2024,1840587.23,137425.25,19820.95,9.69,508.7,64.6,21295.8,132.14,64760.88,25.5,64.93,1997833.43
REC-002196,BIZ-0092,12,2024,1847312.37,114850.26,16564.94,12.79,507.13,85.28,21366.59,110.43,67792.23,26.95,72.45,1978727.57
REC-002197,BIZ-0092,1,2025,2212033.39,112522.23,16229.17,11.49,515.8,76.61,25205.76,108.19,71163.99,26.52,82.52,2340784.79
REC-002198,BIZ-0092,2,2025,1941711.69,97047.33,13997.21,8.86,476.0,59.08,22360.27,93.31,65250.84,28.85,78.02,2052756.23
REC-002199,BIZ-0092,3,2025,1579409.78,72115.17,10401.23,6.82,546.97,45.44,18546.57,69.34,58730.86,28.43,67.56,1661926.18
REC-002200,BIZ-0092,4,2025,1986661.65,94895.49,13686.85,9.87,507.5,65.8,22833.43,91.25,66776.0,30.18,83.2,2095243.99
REC-002201,BIZ-0092,5,2025,1706013.01,166585.03,24026.69,11.12,518.27,74.14,19879.23,160.18,64420.26,30.78,64.51,1896624.73
REC-002202,BIZ-0092,6,2025,1899306.05,87779.29,12660.47,8.06,519.59,53.71,21913.9,84.4,63950.21,30.56,90.12,1999745.81
REC-002203,BIZ-0092,7,2025,2355937.76,166475.13,24010.84,11.32,516.91,75.5,26720.54,160.07,72822.77,28.37,74.71,2546423.73
REC-002204,BIZ-0092,8,2025,2545093.39,78873.68,11376.01,7.92,539.6,52.81,28711.66,75.84,71979.56,28.72,82.24,2635343.08
REC-002205,BIZ-0092,9,2025,1701126.85,114396.36,16499.47,13.44,483.7,89.6,19827.8,110.0,66560.97,27.53,70.11,1832022.68
REC-002206,BIZ-0092,10,2025,1844885.43,143725.13,20729.59,12.47,509.28,83.13,21341.05,138.2,67455.63,25.17,84.94,2009340.15
REC-002207,BIZ-0092,11,2025,1804703.71,192343.96,27741.92,13.21,485.25,88.05,20918.08,184.95,67649.18,26.25,66.8,2024789.59
REC-002208,BIZ-0092,12,2025,2095398.18,131082.76,18906.17,13.49,502.5,89.91,23978.02,126.04,71585.87,25.79,76.49,2245387.11
REC-002209,BIZ-0093,1,2024,1454462.31,108735.66,26885.19,11.47,280.22,45.9,15310.13,119.49,36558.74,26.0,76.59,1590083.16
REC-002210,BIZ-0093,2,2024,1760170.91,81191.77,20074.89,9.09,268.7,36.38,18528.11,89.22,37824.55,27.73,68.37,1861437.57
REC-002211,BIZ-0093,3,2024,1906209.04,57306.48,14169.18,7.64,295.56,30.56,20065.36,62.97,38254.53,29.09,71.66,1977684.7
REC-002212,BIZ-0093,4,2024,1421894.61,119983.4,29666.23,14.31,258.36,57.24,14967.31,131.85,37843.68,29.15,82.18,1571544.24
REC-002213,BIZ-0093,5,2024,1224847.23,152156.99,37621.23,15.32,264.83,61.29,12893.13,167.21,36741.41,31.21,78.53,1414625.45
REC-002214,BIZ-0093,6,2024,1221962.24,82828.77,20479.64,14.3,258.42,57.18,12862.76,91.02,36152.9,30.67,77.13,1325270.65
REC-002215,BIZ-0093,7,2024,2011805.77,82188.66,20321.37,14.24,269.17,56.95,21176.9,90.32,42771.94,28.89,82.47,2114315.8
REC-002216,BIZ-0093,8,2024,869872.3,77196.9,19087.15,9.93,286.42,39.7,9156.55,84.83,30784.57,27.45,39.05,966156.35
REC-002217,BIZ-0093,9,2024,1172942.66,81371.85,20119.41,10.05,275.42,40.18,12346.76,89.42,33402.31,25.71,91.87,1274433.92
REC-002218,BIZ-0093,10,2024,1717934.74,37078.44,9167.75,5.72,303.25,22.87,18083.52,40.75,35611.44,26.78,75.25,1764180.93
REC-002219,BIZ-0093,11,2024,1293529.18,70912.57,17533.33,15.09,255.26,60.34,13616.1,77.93,37190.15,26.59,68.83,1381975.08
REC-002220,BIZ-0093,12,2024,1004346.28,43639.54,10790.0,6.5,300.12,26.0,10572.07,47.96,30032.8,26.07,33.2,1058775.82
REC-002221,BIZ-0093,1,2025,1682482.46,49046.01,12126.76,8.43,292.41,33.71,17710.34,53.9,36803.36,27.14,69.91,1743655.23
REC-002222,BIZ-0093,2,2025,1467972.88,134870.87,33347.19,13.62,240.08,54.48,15452.35,148.21,37853.36,28.72,76.25,1636190.94
REC-002223,BIZ-0093,3,2025,2046370.72,48513.22,11995.03,5.6,303.74,22.38,21540.74,53.31,38310.35,29.46,87.61,2106878.97
REC-002224,BIZ-0093,4,2025,1216001.67,38918.27,9622.65,5.72,292.74,22.86,12800.02,42.77,31383.72,30.37,84.79,1264542.59
REC-002225,BIZ-0093,5,2025,1930632.22,136403.21,33726.07,13.7,271.3,54.82,20322.44,149.89,41795.44,29.69,66.23,2100761.5
REC-002226,BIZ-0093,6,2025,1874492.11,83956.91,20758.58,13.2,262.81,52.79,19731.5,92.26,41043.82,30.97,60.94,1979207.6
REC-002227,BIZ-0093,7,2025,1704914.1,113690.78,28110.36,12.71,275.28,50.84,17946.46,124.93,39347.79,28.28,72.91,1846715.24
REC-002228,BIZ-0093,8,2025,1047939.71,44110.29,10906.39,7.06,297.89,28.23,11030.94,48.47,30707.0,27.72,33.83,1102956.39
REC-002229,BIZ-0093,9,2025,1313120.38,35958.17,8890.76,6.02,291.52,24.08,13822.32,39.51,32369.28,25.98,73.77,1357969.31
REC-002230,BIZ-0093,10,2025,1645932.95,41520.75,10266.12,5.92,302.45,23.67,17325.61,45.63,35115.19,25.12,71.24,1697719.82
REC-002231,BIZ-0093,11,2025,1830450.83,43161.1,10671.7,5.69,292.86,22.74,19267.9,47.43,36541.15,24.53,68.25,1884283.63
REC-002232,BIZ-0093,12,2025,613722.23,74280.81,18366.13,16.08,261.79,64.33,6460.23,81.63,32013.67,26.27,28.38,706369.17
REC-002233,BIZ-0094,1,2024,4137187.85,1251922.42,80251.44,77.83,647.5,81.93,43549.35,1070.02,264768.96,26.33,27.66,5469361.71
REC-002234,BIZ-0094,2,2024,3869323.32,1320457.55,84644.71,73.51,604.99,77.38,40729.72,1128.6,252524.89,26.97,24.31,5274425.58
REC-002235,BIZ-0094,3,2024,3933605.32,840882.51,53902.73,52.3,674.38,55.05,41406.37,718.7,224315.34,30.39,22.42,4828390.56
REC-002236,BIZ-0094,4,2024,4266767.42,1594623.95,102219.48,90.42,610.72,95.18,44913.34,1362.93,285397.33,29.39,31.02,5963610.85
REC-002237,BIZ-0094,5,2024,3981783.08,2220375.41,142331.76,100.5,623.64,105.79,41913.51,1897.76,292915.8,31.25,31.13,6344490.25
REC-002238,BIZ-0094,6,2024,4285300.21,1302424.95,83488.78,100.49,600.12,105.78,45108.42,1113.18,299922.09,30.87,23.01,5671213.94
REC-002239,BIZ-0094,7,2024,3377765.43,682751.44,43766.12,48.91,677.95,51.48,35555.43,583.55,206692.87,29.69,34.75,4104282.99
REC-002240,BIZ-0094,8,2024,3604201.71,1374323.67,88097.67,70.83,654.88,74.55,37938.97,1174.64,242621.69,27.17,35.33,5066623.05
REC-002241,BIZ-0094,9,2024,4514189.65,1047667.89,67158.2,84.04,617.43,88.47,47517.79,895.44,282198.68,27.55,39.6,5629015.74
REC-002242,BIZ-0094,10,2024,4291663.29,1533454.56,98298.37,73.05,652.53,76.9,45175.4,1310.64,261662.79,25.23,23.53,5923416.22
REC-002243,BIZ-0094,11,2024,4289166.54,1562026.09,100129.88,72.42,629.67,76.23,45149.12,1335.07,260710.67,24.4,21.47,5951322.51
REC-002244,BIZ-0094,12,2024,4005493.88,1213871.9,77812.3,95.1,629.32,100.11,42163.09,1037.5,285898.88,26.22,38.87,5297178.08
REC-002245,BIZ-0094,1,2025,4018497.9,1533087.21,98274.82,86.11,638.79,90.64,42299.98,1310.33,273615.65,27.12,42.8,5649859.93
REC-002246,BIZ-0094,2,2025,3543408.53,1054679.61,67607.67,51.12,605.03,53.81,37299.04,901.44,213619.75,28.62,36.08,4665695.81
REC-002247,BIZ-0094,3,2025,3709828.6,1151528.22,73815.91,66.03,659.92,69.51,39050.83,984.21,238359.26,28.75,35.66,4935172.73
REC-002248,BIZ-0094,4,2025,3737494.55,1169756.12,74984.37,66.76,635.63,70.27,39342.05,999.79,240015.01,30.14,28.04,4982235.04
REC-002249,BIZ-0094,5,2025,4011189.02,988869.0,63389.04,46.15,680.85,48.58,42223.04,845.19,217505.43,31.19,27.18,5063447.06
REC-002250,BIZ-0094,6,2025,4198605.5,1634878.44,104799.9,88.93,612.29,93.61,44195.85,1397.33,281732.62,29.42,22.23,5938283.84
REC-002251,BIZ-0094,7,2025,3123417.98,1023462.2,65606.55,44.48,682.61,46.82,32878.08,874.75,194599.2,28.47,27.84,4212486.73
REC-002252,BIZ-0094,8,2025,3796532.48,1844684.83,118249.03,93.62,630.89,98.54,39963.5,1576.65,278982.55,27.72,28.79,5759466.34
REC-002253,BIZ-0094,9,2025,4278484.61,1458771.5,93510.99,74.17,627.83,78.07,45036.68,1246.81,262911.75,26.59,32.71,5830767.1
REC-002254,BIZ-0094,10,2025,3642612.68,774891.96,49672.56,54.22,672.36,57.07,38343.29,662.3,220259.47,24.74,25.36,4467177.2
REC-002255,BIZ-0094,11,2025,3857087.35,1472383.29,94383.54,78.02,623.78,82.12,40600.92,1258.45,258547.54,25.07,37.85,5423854.18
REC-002256,BIZ-0094,12,2025,4301432.28,753903.46,48327.14,49.93,676.87,52.56,45278.23,644.36,229518.93,24.74,29.54,5103662.88
REC-002257,BIZ-0095,1,2024,1015773.99,138841.36,43131.19,27.92,430.08,39.88,10692.36,164.31,55581.59,27.72,76.77,1197746.54
REC-002258,BIZ-0095,2,2024,973264.55,147303.71,45760.03,30.16,396.55,43.09,10244.89,174.32,56480.53,27.74,62.54,1166328.29
REC-002259,BIZ-0095,3,2024,795545.97,330479.79,102663.84,46.55,403.46,66.5,8374.17,391.1,65145.27,29.49,75.52,1228689.6
REC-002260,BIZ-0095,4,2024,846080.41,329139.68,102247.53,47.12,387.49,67.31,8906.11,389.51,66342.18,30.67,84.77,1277467.62
REC-002261,BIZ-0095,5,2024,706961.62,252762.02,78520.75,43.44,407.9,62.06,7441.7,299.13,61571.94,31.49,68.5,1038244.39
REC-002262,BIZ-0095,6,2024,950974.85,108788.18,33795.15,25.48,418.4,36.4,10010.26,128.74,52853.42,30.99,61.25,1093558.18
REC-002263,BIZ-0095,7,2024,920795.34,153898.04,47808.56,21.56,439.16,30.8,9692.58,182.13,49630.86,29.71,56.38,1122501.94
REC-002264,BIZ-0095,8,2024,711711.83,191154.19,59382.22,42.42,409.36,60.6,7491.7,226.22,60933.3,26.97,58.77,962248.24
REC-002265,BIZ-0095,9,2024,908299.92,344853.95,107129.18,47.59,386.81,67.99,9561.05,408.11,67656.32,26.84,60.52,1360283.05
REC-002266,BIZ-0095,10,2024,767167.02,236903.16,73594.18,44.45,406.46,63.5,8075.44,280.36,63227.12,26.3,64.4,1077664.36
REC-002267,BIZ-0095,11,2024,979143.19,109560.75,34035.14,23.87,420.7,34.1,10306.77,129.66,52167.04,26.13,68.03,1122739.08
REC-002268,BIZ-0095,12,2024,837652.38,116365.49,36149.04,18.62,443.35,26.61,8817.39,137.71,46263.17,26.67,61.63,990166.91
REC-002269,BIZ-0095,1,2025,780971.71,144066.98,44754.53,20.13,441.2,28.76,8220.75,170.49,46424.69,25.82,56.26,969793.22
REC-002270,BIZ-0095,2,2025,807846.52,248319.63,77140.71,40.76,366.25,58.23,8503.65,293.87,61286.01,26.96,69.39,1133306.86
REC-002271,BIZ-0095,3,2025,889176.38,360133.71,111875.86,48.2,401.11,68.85,9359.75,426.19,67777.52,29.9,76.87,1361185.95
REC-002272,BIZ-0095,4,2025,676935.21,175277.83,54450.21,22.31,422.93,31.87,7125.63,207.43,46305.72,30.7,56.44,906663.25
REC-002273,BIZ-0095,5,2025,832355.32,204867.03,63642.12,45.9,404.39,65.57,8761.63,242.45,65271.91,29.9,60.79,1100864.47
REC-002274,BIZ-0095,6,2025,914673.17,169089.53,52527.81,24.59,419.66,35.14,9628.14,200.11,51658.65,29.88,86.25,1136290.51
REC-002275,BIZ-0095,7,2025,716062.84,244376.23,75915.69,31.38,425.14,44.82,7537.5,289.2,53269.95,28.86,78.8,1036354.76
REC-002276,BIZ-0095,8,2025,727104.4,193354.65,60065.79,34.73,420.34,49.62,7653.73,228.82,55794.67,28.24,64.5,980524.84
REC-002277,BIZ-0095,9,2025,825830.24,131206.49,40759.41,18.05,429.01,25.79,8692.95,155.27,45674.46,25.82,57.15,997796.14
REC-002278,BIZ-0095,10,2025,686539.41,326620.14,101464.83,45.9,404.39,65.57,7226.73,386.53,62968.6,26.37,65.61,1114624.38
REC-002279,BIZ-0095,11,2025,670713.76,196672.47,61096.48,29.71,412.36,42.44,7060.14,232.75,51385.19,24.31,55.11,928482.71
REC-002280,BIZ-0095,12,2025,716322.94,149448.39,46426.27,34.69,420.41,49.55,7540.24,176.86,55590.46,26.69,80.15,912197.6
REC-002281,BIZ-0096,1,2024,3727542.4,1313241.72,84182.16,66.59,624.93,70.09,39237.29,1122.43,239546.47,27.53,31.91,5124966.28
REC-002282,BIZ-0096,2,2024,3409831.47,1068278.69,68479.4,73.04,573.29,76.89,35892.96,913.06,241223.63,27.73,42.76,4546589.56
REC-002283,BIZ-0096,3,2024,3681842.74,1671446.68,107144.02,98.24,591.61,103.41,38756.24,1428.59,282795.69,30.4,35.92,5460433.44
REC-002284,BIZ-0096,4,2024,3308544.63,2018571.56,129395.61,87.89,580.09,92.51,34826.79,1725.27,259662.02,31.08,25.6,5456511.8
REC-002285,BIZ-0096,5,2024,3144874.73,1481576.09,94972.83,88.45,601.92,93.1,33103.94,1266.3,256652.16,30.23,26.43,4721423.65
REC-002286,BIZ-0096,6,2024,3399889.79,2103164.76,134818.25,97.08,570.41,102.19,35788.31,1797.58,274643.43,29.68,21.06,5637872.8
REC-002287,BIZ-0096,7,2024,3711467.08,914499.86,58621.79,55.6,636.49,58.53,39068.07,781.62,223790.09,30.42,23.13,4684588.73
REC-002288,BIZ-0096,8,2024,3575044.99,1739011.83,111475.12,101.56,588.12,106.9,37632.05,1486.33,284973.26,28.92,31.51,5425531.94
REC-002289,BIZ-0096,9,2024,3199841.6,1100275.45,70530.48,75.47,593.15,79.45,33682.54,940.41,239764.63,26.36,36.63,4370647.53
REC-002290,BIZ-0096,10,2024,4258566.0,1832441.57,117464.2,87.78,602.62,92.4,44827.01,1566.19,281518.0,26.35,34.21,6208471.77
REC-002291,BIZ-0096,11,2024,4107277.52,1474397.05,94512.63,91.66,576.11,96.49,43234.5,1260.17,283441.07,25.17,31.58,5676187.2
REC-002292,BIZ-0096,12,2024,3567781.79,1295985.09,83075.97,76.27,614.74,80.28,37555.6,1107.68,249399.86,25.37,29.82,4946842.85
REC-002293,BIZ-0096,1,2025,4292933.75,957032.84,61348.26,68.2,623.23,71.79,45188.78,817.98,254892.9,27.72,43.89,5311314.85
REC-002294,BIZ-0096,2,2025,3981485.45,1685527.7,108046.65,100.62,521.85,105.91,41910.37,1440.62,293067.02,27.61,42.25,5775059.8
REC-002295,BIZ-0096,3,2025,3139890.29,1066949.92,68394.23,77.79,613.14,81.88,33051.48,911.92,241614.37,30.31,20.6,4275234.44
REC-002296,BIZ-0096,4,2025,4099739.87,1517505.92,97276.02,82.35,585.92,86.68,43155.16,1297.01,270226.38,31.33,37.02,5714521.81
REC-002297,BIZ-0096,5,2025,3326978.56,1178133.87,75521.4,57.92,634.05,60.97,35020.83,1006.95,218136.45,31.22,23.77,4580633.83
REC-002298,BIZ-0096,6,2025,3813959.8,1609730.36,103187.84,89.89,577.98,94.62,40146.95,1375.84,274168.57,30.8,32.17,5526878.0
REC-002299,BIZ-0096,7,2025,2996397.12,559145.7,35842.67,46.79,645.77,49.25,31541.02,477.9,194890.54,29.56,20.88,3591385.49
REC-002300,BIZ-0096,8,2025,3537096.92,1091640.86,69976.98,48.3,644.17,50.85,37232.6,933.03,209537.63,29.01,41.74,4698714.76
REC-002301,BIZ-0096,9,2025,4336036.67,770074.55,49363.75,61.74,607.61,64.99,45642.49,658.18,246852.2,26.41,38.59,5155474.97
REC-002302,BIZ-0096,10,2025,4109502.01,1101476.92,70607.49,70.33,620.99,74.03,43257.92,941.43,253627.46,26.13,27.89,5281586.42
REC-002303,BIZ-0096,11,2025,3972113.66,1157740.25,74214.12,52.62,617.21,55.39,41811.72,989.52,225651.57,24.72,27.58,5204068.03
REC-002304,BIZ-0096,12,2025,4045791.2,1243332.09,79700.78,68.05,623.39,71.63,42587.28,1062.68,248958.83,25.03,22.96,5368824.07
REC-002305,BIZ-0097,1,2024,463106.14,233379.76,72499.63,44.21,375.18,63.16,4874.8,276.19,58260.49,27.06,78.1,768985.53
REC-002306,BIZ-0097,2,2024,604858.87,90276.41,28044.45,20.56,380.69,29.37,6366.94,106.84,43940.77,27.07,86.2,723179.73
REC-002307,BIZ-0097,3,2024,502216.11,279220.78,86740.18,41.66,378.82,59.52,5286.49,330.44,57095.12,30.16,70.6,868177.07
REC-002308,BIZ-0097,4,2024,495045.32,217174.7,67465.51,35.52,373.46,50.74,5211.0,257.01,52677.13,31.34,66.96,779685.53
REC-002309,BIZ-0097,5,2024,538435.11,160367.0,49818.15,28.33,397.87,40.47,5667.74,189.78,48333.03,29.35,71.23,748620.26
REC-002310,BIZ-0097,6,2024,432639.81,263327.86,81803.03,37.16,371.12,53.08,4554.1,311.63,52841.04,29.17,67.21,777770.7
REC-002311,BIZ-0097,7,2024,573921.52,241529.31,75031.29,47.75,370.12,68.22,6041.28,285.83,62489.06,30.25,58.66,890482.12
REC-002312,BIZ-0097,8,2024,545963.7,241980.12,75171.34,42.28,377.94,60.4,5746.99,286.37,58214.51,28.32,64.65,863115.16
REC-002313,BIZ-0097,9,2024,521509.19,303738.66,94356.69,36.1,372.64,51.56,5489.57,359.45,53500.97,27.91,71.33,919604.54
REC-002314,BIZ-0097,10,2024,487783.11,389680.92,121054.72,48.43,369.15,69.19,5134.56,461.16,61605.74,25.51,63.34,998518.75
REC-002315,BIZ-0097,11,2024,423380.99,272703.42,84715.56,37.96,369.98,54.22,4456.64,322.73,53254.35,24.36,65.51,780799.97
REC-002316,BIZ-0097,12,2024,488372.29,219956.69,68329.74,26.09,401.06,37.28,5140.76,260.3,45977.19,25.27,87.87,776658.72
REC-002317,BIZ-0097,1,2025,471712.52,146230.59,45426.66,18.49,411.93,26.41,4965.39,173.05,40389.88,27.13,76.76,663369.77
REC-002318,BIZ-0097,2,2025,492009.56,137028.53,42568.03,27.04,357.3,38.62,5179.05,162.16,46693.34,29.02,55.35,671606.12
REC-002319,BIZ-0097,3,2025,536635.42,151140.31,46951.87,26.01,401.18,37.16,5648.79,178.86,46682.95,29.18,67.82,734727.6
REC-002320,BIZ-0097,4,2025,607536.41,222689.2,69178.6,30.87,380.1,44.1,6395.12,263.54,51203.22,29.85,71.92,899404.21
REC-002321,BIZ-0097,5,2025,450304.17,127664.96,39659.23,23.58,404.66,33.68,4740.04,151.08,43613.59,29.62,66.43,617628.36
REC-002322,BIZ-0097,6,2025,535211.19,346575.4,107663.96,42.87,362.95,61.25,5633.8,410.15,58461.43,29.16,69.85,989450.55
REC-002323,BIZ-0097,7,2025,427470.34,160422.97,49835.54,21.55,407.56,30.78,4499.69,189.85,41833.53,30.12,84.56,637728.85
REC-002324,BIZ-0097,8,2025,397629.22,185605.4,57658.48,35.52,387.6,50.74,4185.57,219.65,51138.95,27.38,60.84,640893.1
REC-002325,BIZ-0097,9,2025,518828.43,230617.4,71641.5,40.7,366.06,58.14,5461.35,272.92,56681.93,25.76,57.49,821087.33
REC-002326,BIZ-0097,10,2025,491827.84,398651.57,123841.46,47.92,369.89,68.45,5177.14,471.78,61308.16,26.82,57.32,1014320.87
REC-002327,BIZ-0097,11,2025,521351.58,164194.03,51007.02,36.8,371.63,52.57,5487.91,194.31,53988.93,25.81,65.92,736552.63
REC-002328,BIZ-0097,12,2025,606869.39,169480.34,52649.22,23.35,404.99,33.35,6388.1,200.57,45924.07,24.97,85.29,828998.95
REC-002329,BIZ-0098,1,2024,2999102.76,1921176.26,58335.31,64.72,679.28,64.72,31569.5,1555.61,259626.6,25.77,83.26,4978614.33
REC-002330,BIZ-0098,2,2024,2484593.82,3167041.62,96165.23,107.23,588.77,107.23,26153.62,2564.41,325318.66,27.73,88.26,5747800.67
REC-002331,BIZ-0098,3,2024,2891728.76,2785532.3,84580.94,101.21,642.79,101.21,30439.25,2255.49,323055.66,29.24,90.36,5761842.0
REC-002332,BIZ-0098,4,2024,2989227.26,1896781.19,57594.57,55.57,664.43,55.57,31465.55,1535.86,242955.45,31.03,83.51,4943603.02
REC-002333,BIZ-0098,5,2024,3100267.67,1229290.69,37326.64,63.25,680.75,63.25,32634.4,995.38,259126.34,29.93,94.83,4366885.0
REC-002334,BIZ-0098,6,2024,3313492.22,2185128.93,66350.07,102.94,617.06,102.94,34878.87,1769.34,335049.8,30.79,76.89,5564971.22
REC-002335,BIZ-0098,7,2024,2701789.02,2236926.46,67922.87,78.86,665.14,78.86,28439.88,1811.28,278827.3,29.0,93.74,5006638.35
REC-002336,BIZ-0098,8,2024,2582068.79,1163976.53,35343.42,66.85,677.15,66.85,27179.67,942.49,254696.45,27.32,78.52,3781388.74
REC-002337,BIZ-0098,9,2024,2596531.98,1124974.93,34159.16,61.29,658.71,61.29,27331.92,910.91,244983.12,27.69,89.77,3755666.07
REC-002338,BIZ-0098,10,2024,2383476.03,2544229.2,77253.92,102.9,641.1,102.9,25089.22,2060.1,315390.36,25.82,95.47,5004959.15
REC-002339,BIZ-0098,11,2024,2828609.24,3427981.8,104088.52,118.4,601.6,118.4,29774.83,2775.69,352672.79,25.92,95.36,6360679.56
REC-002340,BIZ-0098,12,2024,3338825.12,2744423.49,83332.7,98.87,645.13,98.87,35145.53,2222.21,328248.63,25.4,92.06,6166581.31
REC-002341,BIZ-0098,1,2025,3077190.65,1698541.27,51575.14,72.33,671.67,72.33,32391.48,1375.34,274985.02,27.85,86.8,4827307.06
REC-002342,BIZ-0098,2,2025,2598472.13,2251539.15,68366.57,84.24,587.76,84.24,27352.34,1823.11,286329.7,28.75,81.63,4918377.85
REC-002343,BIZ-0098,3,2025,2482479.81,2397466.26,72797.56,98.36,645.64,98.36,26131.37,1941.27,309311.67,29.84,77.93,4952743.63
REC-002344,BIZ-0098,4,2025,3306400.14,2818398.94,85578.92,116.16,603.84,116.16,34804.21,2282.1,358705.28,31.08,80.43,6210378.0
REC-002345,BIZ-0098,5,2025,2589192.1,2435171.95,73942.47,101.65,642.35,101.65,27254.65,1971.8,317479.57,31.38,84.07,5098306.52
REC-002346,BIZ-0098,6,2025,3448200.62,2480284.76,75312.29,76.7,643.3,76.7,36296.85,2008.33,290657.32,31.24,94.71,6003797.67
REC-002347,BIZ-0098,7,2025,2728898.42,3532170.22,107252.13,107.22,636.78,107.22,28725.25,2860.06,330443.5,28.41,81.51,6368320.77
REC-002348,BIZ-0098,8,2025,2572816.68,1301997.55,39534.34,51.15,692.85,51.15,27082.28,1054.25,226229.62,27.16,96.6,3914348.57
REC-002349,BIZ-0098,9,2025,2738741.99,1932447.5,58677.56,61.08,658.92,61.08,28828.86,1564.73,247605.58,26.2,77.14,4729867.05
REC-002350,BIZ-0098,10,2025,2416578.55,2397030.39,72784.32,92.48,651.52,92.48,25437.67,1940.92,297335.29,26.68,79.22,4886393.26
REC-002351,BIZ-0098,11,2025,2866517.49,2260539.24,68639.86,96.61,623.39,96.61,30173.87,1830.4,314237.18,25.34,94.14,5195696.59
REC-002352,BIZ-0098,12,2025,3141929.68,1826526.22,55461.32,92.55,651.45,92.55,33072.94,1478.97,312730.91,24.89,96.78,5023917.22
REC-002353,BIZ-0099,1,2024,521893.24,155673.92,48360.24,18.83,431.88,47.07,9069.61,184.23,46784.81,26.8,71.31,725927.4
REC-002354,BIZ-0099,2,2024,547259.71,143894.77,44701.04,21.13,395.22,52.83,9336.63,170.29,48797.79,28.32,66.17,735855.52
REC-002355,BIZ-0099,3,2024,587193.53,119282.78,37055.3,16.72,437.15,41.8,9756.98,141.16,46339.75,29.49,72.48,743531.61
REC-002356,BIZ-0099,4,2024,641039.45,59728.03,18554.56,10.32,437.7,25.8,10323.78,70.68,42708.82,29.27,73.66,719322.04
REC-002357,BIZ-0099,5,2024,773270.48,212071.26,65880.12,26.38,412.99,65.96,11715.69,250.97,56041.38,29.89,86.17,1051221.86
REC-002358,BIZ-0099,6,2024,687217.81,85251.26,26483.38,15.05,425.88,37.62,10809.87,100.89,46749.5,30.49,84.76,798952.45
REC-002359,BIZ-0099,7,2024,833998.81,206084.75,64020.41,27.38,410.5,68.45,12354.93,243.89,57697.37,29.96,78.04,1104103.97
REC-002360,BIZ-0099,8,2024,759064.28,160649.24,49905.83,20.97,426.53,52.42,11566.15,190.12,52027.5,28.17,85.08,969619.35
REC-002361,BIZ-0099,9,2024,791763.57,124294.76,38612.28,15.64,424.39,39.11,11910.35,147.09,48815.13,26.15,73.59,954670.61
REC-002362,BIZ-0099,10,2024,531445.55,120669.47,37486.08,19.53,430.13,48.82,9170.16,142.8,47423.61,25.56,59.9,689601.1
REC-002363,BIZ-0099,11,2024,768960.06,65782.11,20435.27,11.2,435.49,28.01,11670.32,77.85,45348.74,26.46,86.26,855177.44
REC-002364,BIZ-0099,12,2024,743721.01,124293.21,38611.79,16.55,437.58,41.37,11404.64,147.09,48690.62,25.1,80.41,906626.01
REC-002365,BIZ-0099,1,2025,417760.97,112370.59,34908.02,16.41,437.92,41.03,7973.48,132.98,43447.95,26.69,62.37,565039.58
REC-002366,BIZ-0099,2,2025,844848.78,103965.51,32296.98,18.72,385.79,46.81,12469.15,123.04,51810.91,28.15,80.86,981111.27
REC-002367,BIZ-0099,3,2025,743645.65,108809.29,33801.7,13.39,445.48,33.47,11403.85,128.77,46477.03,30.17,61.6,886256.64
REC-002368,BIZ-0099,4,2025,464303.27,166879.69,51841.32,25.93,398.69,64.81,8463.4,197.49,50843.23,30.42,64.76,683024.28
REC-002369,BIZ-0099,5,2025,583719.18,176996.19,54984.02,22.61,422.42,56.53,9720.41,209.46,50408.76,30.51,63.19,815699.39
REC-002370,BIZ-0099,6,2025,541434.12,73061.89,22696.74,10.52,437.2,26.3,9275.31,86.46,41276.11,29.68,61.74,637192.75
REC-002371,BIZ-0099,7,2025,737045.73,170370.48,52925.74,27.87,409.27,69.68,11334.38,201.62,56513.11,29.06,67.16,960341.95
REC-002372,BIZ-0099,8,2025,578229.09,128099.63,39794.26,15.65,439.82,39.13,9662.62,151.6,45451.43,27.72,60.18,746122.98
REC-002373,BIZ-0099,9,2025,643376.98,101385.94,31495.63,15.13,425.69,37.81,10348.39,119.98,46110.59,26.64,61.53,776258.55
REC-002374,BIZ-0099,10,2025,419887.25,99088.72,30782.0,15.88,439.26,39.69,7995.87,117.26,43108.18,25.41,55.56,549757.97
REC-002375,BIZ-0099,11,2025,614871.99,63375.1,19687.53,10.46,437.35,26.15,10048.34,75.0,42393.37,24.64,82.45,697934.62
REC-002376,BIZ-0099,12,2025,643824.5,164507.43,51104.38,23.69,419.73,59.22,10353.1,194.68,52112.35,25.41,60.87,859436.31
REC-002377,BIZ-0100,1,2024,923487.69,34957.47,10859.57,4.8,315.6,48.03,10768.52,41.37,39514.67,26.33,79.96,969304.73
REC-002378,BIZ-0100,2,2024,1338710.57,14574.62,4527.62,3.13,308.87,31.3,15139.29,17.25,44899.66,28.51,71.39,1357812.81
REC-002379,BIZ-0100,3,2024,950052.19,23630.89,7340.96,4.12,322.42,41.21,11048.15,27.97,39457.22,28.44,78.56,981024.04
REC-002380,BIZ-0100,4,2024,908225.03,19307.92,5998.02,4.3,308.87,43.03,10607.86,22.85,38923.56,29.16,66.34,933530.97
REC-002381,BIZ-0100,5,2024,1287734.01,22860.65,7101.68,4.97,313.97,49.66,14602.69,27.05,45380.55,30.3,81.06,1317696.34
REC-002382,BIZ-0100,6,2024,1224387.93,33235.43,10324.61,6.41,287.81,64.09,13935.89,39.33,45390.14,29.46,60.25,1267947.97
REC-002383,BIZ-0100,7,2024,910503.21,38673.86,12014.07,5.39,309.7,53.93,10631.84,45.77,39722.91,28.19,77.56,961191.14
REC-002384,BIZ-0100,8,2024,1187471.43,55942.82,17378.69,6.77,295.88,67.75,13547.3,66.2,45063.34,27.95,56.39,1260792.94
REC-002385,BIZ-0100,9,2024,1046888.55,31576.98,9809.42,5.35,298.36,53.54,12067.48,37.37,41849.36,25.88,65.54,1088274.95
REC-002386,BIZ-0100,10,2024,869138.96,34172.94,10615.85,5.72,306.47,57.16,10196.43,40.44,39296.08,25.86,64.56,913927.75
REC-002387,BIZ-0100,11,2024,866169.56,22261.58,6915.58,3.53,316.57,35.33,10165.17,26.35,37720.71,24.46,61.6,895346.72
REC-002388,BIZ-0100,12,2024,1250353.84,37024.62,11501.73,4.79,315.72,47.91,14209.22,43.82,44667.65,25.47,57.66,1298880.19
REC-002389,BIZ-0100,1,2025,847859.52,36506.75,11340.85,5.32,310.38,53.25,9972.44,43.2,38685.85,26.5,60.02,895707.12
REC-002390,BIZ-0100,2,2025,1053750.1,46370.75,14405.11,6.26,265.87,62.57,12139.71,54.88,42589.25,27.44,67.35,1114525.96
REC-002391,BIZ-0100,3,2025,1283503.38,29753.59,9242.98,4.27,320.96,42.67,14558.16,35.21,44824.04,28.67,61.46,1322499.95
REC-002392,BIZ-0100,4,2025,1373435.61,41305.07,12831.46,5.52,296.67,55.23,15504.82,48.88,47123.54,30.05,69.7,1427572.14
REC-002393,BIZ-0100,5,2025,1042710.6,24340.8,7561.49,2.98,333.83,29.8,12023.5,28.81,40121.45,29.79,58.72,1074612.89
REC-002394,BIZ-0100,6,2025,1293241.38,27441.23,8524.64,3.84,313.46,38.44,14660.67,32.47,44681.62,29.46,80.07,1329207.25
REC-002395,BIZ-0100,7,2025,1043866.31,31935.13,9920.68,4.59,317.76,45.87,12035.67,37.79,41264.41,28.56,74.58,1085722.12
REC-002396,BIZ-0100,8,2025,1345557.91,15034.2,4670.39,3.48,328.87,34.76,15211.37,17.79,45249.99,27.35,84.38,1365262.5
REC-002397,BIZ-0100,9,2025,1345578.97,28200.85,8760.62,3.43,317.61,34.29,15211.59,33.37,45217.39,25.58,82.38,1382540.44
REC-002398,BIZ-0100,10,2025,1334563.8,25640.87,7965.36,5.21,311.55,52.08,15095.64,30.34,46289.17,25.57,65.8,1368170.03
REC-002399,BIZ-0100,11,2025,1024910.92,54464.6,16919.48,6.94,282.49,69.41,11836.14,64.46,42612.56,25.48,73.51,1096295.0
REC-002400,BIZ-0100,12,2025,1327531.67,43354.69,13468.17,6.34,300.26,63.37,15021.62,51.31,46968.37,25.23,75.34,1384354.53
REC-002401,BIZ-0101,1,2024,13638702.24,1356847.09,41199.81,42.87,330.6,61.24,147641.69,1098.66,563415.75,27.61,88.14,15036749.14
REC-002402,BIZ-0101,2,2024,7344858.67,1038632.86,31537.44,38.55,311.49,55.07,81390.7,841.0,388287.03,28.16,60.58,8415028.97
REC-002403,BIZ-0101,3,2024,8191627.44,1103999.77,33522.26,48.46,322.62,69.22,90304.06,893.93,432365.25,29.07,85.68,9329149.47
REC-002404,BIZ-0101,4,2024,9884477.21,1847652.61,56102.81,40.87,320.81,58.39,108123.53,1496.07,460230.65,30.81,86.45,11788232.63
REC-002405,BIZ-0101,5,2024,9212001.74,2966833.85,90086.05,73.05,287.48,104.36,101044.84,2402.29,513324.1,31.43,83.02,12268921.64
REC-002406,BIZ-0101,6,2024,12738264.19,1159675.14,35212.81,51.35,305.84,73.36,138163.39,939.01,558375.7,30.6,56.06,13933152.14
REC-002407,BIZ-0101,7,2024,12305049.26,2030663.85,61659.83,56.41,311.26,80.58,133603.23,1644.26,558108.05,28.26,63.22,14397372.94
REC-002408,BIZ-0101,8,2024,10465715.8,1660892.84,50431.97,63.84,300.64,91.2,114241.83,1344.85,526053.16,27.45,79.6,12177040.61
REC-002409,BIZ-0101,9,2024,7622577.49,2238566.35,67972.66,52.37,304.38,74.82,84314.06,1812.6,426007.39,25.71,78.73,9929116.5
REC-002410,BIZ-0101,10,2024,11396243.74,717340.55,21781.6,30.16,348.76,43.08,124036.86,580.84,476438.99,25.62,89.05,12135365.89
REC-002411,BIZ-0101,11,2024,8800859.03,2164087.58,65711.16,51.48,305.66,73.54,96717.02,1752.3,455047.21,26.15,64.83,11030657.77
REC-002412,BIZ-0101,12,2024,12330636.29,1315368.91,39940.35,39.51,335.4,56.44,133872.57,1065.08,521594.86,24.69,64.52,13685945.55
REC-002413,BIZ-0101,1,2025,12863572.8,2273658.39,69038.21,68.93,293.36,98.48,139482.43,1841.02,600361.38,25.55,77.76,15206269.4
REC-002414,BIZ-0101,2,2025,8819640.0,1627913.32,49430.57,69.57,254.53,99.39,96914.72,1318.15,495350.41,29.09,72.1,10496983.89
REC-002415,BIZ-0101,3,2025,10319199.38,1344163.64,40814.69,51.15,318.77,73.07,112699.55,1088.39,494281.7,28.92,75.93,11704177.71
REC-002416,BIZ-0101,4,2025,10856908.55,1419243.75,43094.45,35.14,329.0,50.2,118359.65,1149.19,473205.12,30.55,67.99,12319246.75
REC-002417,BIZ-0101,5,2025,9657520.37,1568522.57,47627.2,50.91,319.12,72.72,105734.51,1270.06,476331.07,30.13,61.09,11273670.14
REC-002418,BIZ-0101,6,2025,12571423.88,1860679.76,56498.37,52.23,304.58,74.62,136407.18,1506.62,555926.2,29.67,83.5,14488602.01
REC-002419,BIZ-0101,7,2025,11030315.19,2172743.18,65973.98,71.35,289.91,101.93,120184.98,1759.31,557440.91,28.91,70.11,13269032.35
REC-002420,BIZ-0101,8,2025,11875963.4,1846132.25,56056.65,70.23,291.51,100.33,129086.54,1494.84,577218.39,27.66,71.33,13778152.3
REC-002421,BIZ-0101,9,2025,12579517.95,2170421.75,65903.49,58.63,295.45,83.75,136492.38,1757.43,570212.72,25.65,72.72,14815843.19
REC-002422,BIZ-0101,10,2025,8574741.34,1723848.19,52343.57,67.14,295.93,95.91,94336.84,1395.83,483545.78,25.93,84.12,10350933.1
REC-002423,BIZ-0101,11,2025,11175331.91,1042695.47,31660.79,32.01,333.48,45.72,121711.47,844.29,474690.62,26.26,62.2,12249688.17
REC-002424,BIZ-0101,12,2025,7549353.9,738824.99,22433.96,33.09,344.57,47.27,83543.28,598.24,381649.5,24.9,72.55,8310612.85
REC-002425,BIZ-0102,1,2024,2113087.24,1947365.29,59130.52,65.87,678.13,65.87,22243.02,1576.81,243060.62,27.79,89.28,4119583.05
REC-002426,BIZ-0102,2,2024,2557094.88,2832122.21,85995.61,105.78,590.22,105.78,26916.79,2293.22,324244.61,27.6,75.04,5475212.7
REC-002427,BIZ-0102,3,2024,2385637.59,2734745.14,83038.82,90.39,653.61,90.39,25111.97,2214.37,292928.4,29.0,89.08,5203421.55
REC-002428,BIZ-0102,4,2024,2353535.32,1899758.84,57684.99,95.07,624.93,95.07,24774.06,1538.27,300679.8,30.62,97.69,4310979.15
REC-002429,BIZ-0102,5,2024,2843216.46,3831274.59,116334.25,112.52,631.48,112.52,29928.59,3102.25,342398.31,30.97,91.59,6790825.3
REC-002430,BIZ-0102,6,2024,2988476.72,2228439.22,67665.16,98.65,621.35,98.65,31457.65,1804.4,320477.41,30.88,84.88,5284581.1
REC-002431,BIZ-0102,7,2024,2184042.73,3194634.23,97003.06,94.68,649.32,94.68,22989.92,2586.75,296399.17,29.86,79.87,5475680.02
REC-002432,BIZ-0102,8,2024,2131982.58,2038089.11,61885.3,64.5,679.5,64.5,22441.92,1650.27,240976.86,27.26,72.42,4231956.99
REC-002433,BIZ-0102,9,2024,2286737.62,1961345.24,59555.02,58.33,661.67,58.33,24070.92,1588.13,233129.91,27.18,73.74,4307637.88
REC-002434,BIZ-0102,10,2024,2411152.44,1759669.87,53431.27,74.02,669.98,74.02,25380.55,1424.83,264000.47,26.22,72.27,4224253.58
REC-002435,BIZ-0102,11,2024,2840236.06,2602406.01,79020.43,94.47,625.53,94.47,29897.22,2107.21,309832.11,25.03,88.1,5521662.5
REC-002436,BIZ-0102,12,2024,2497599.63,1619854.49,49185.86,74.6,669.4,74.6,26290.52,1311.62,266869.66,26.26,97.4,4166639.98
REC-002437,BIZ-0102,1,2025,2714141.72,2555419.3,77593.7,103.89,640.11,103.89,28569.91,2069.17,324133.04,26.69,92.74,5347154.72
REC-002438,BIZ-0102,2,2025,2938930.95,3377664.16,102560.65,97.94,574.06,97.94,30936.12,2734.95,318163.1,28.21,94.9,6419155.76
REC-002439,BIZ-0102,3,2025,2811797.46,1214076.66,36864.68,56.08,687.92,56.08,29597.87,983.06,240136.14,28.96,97.03,4062738.8
REC-002440,BIZ-0102,4,2025,2746019.4,1781654.85,54098.83,94.19,625.81,94.19,28905.47,1442.64,307354.59,29.19,78.38,4581773.08
REC-002441,BIZ-0102,5,2025,2599729.33,1894973.83,57539.69,82.85,661.15,82.85,27365.57,1534.39,283860.36,30.21,80.77,4552242.85
REC-002442,BIZ-0102,6,2025,2520804.76,1759899.46,53438.24,92.96,627.04,92.96,26534.79,1425.02,300397.95,30.29,90.31,4334142.46
REC-002443,BIZ-0102,7,2025,2694140.56,1353667.32,41103.26,51.98,692.02,51.98,28359.37,1096.09,230276.45,29.69,87.43,4088911.14
REC-002444,BIZ-0102,8,2025,2139941.28,2789108.71,84689.54,89.55,654.45,89.55,22525.7,2258.39,286247.69,26.97,76.71,5013739.53
REC-002445,BIZ-0102,9,2025,2209333.51,1527223.44,46373.18,58.24,661.76,58.24,23256.14,1236.62,231338.52,26.84,90.83,3782930.13
REC-002446,BIZ-0102,10,2025,2741004.3,1461326.37,44372.26,52.79,691.21,52.79,28852.68,1183.26,232722.23,25.05,83.74,4246702.93
REC-002447,BIZ-0102,11,2025,2902604.76,1419119.46,43090.67,55.38,664.62,55.38,30553.73,1149.08,240786.87,25.32,89.86,4364814.89
REC-002448,BIZ-0102,12,2025,2623326.61,1948361.59,59160.78,95.77,648.23,95.77,27613.96,1577.62,307615.74,25.23,82.07,4630848.98
REC-002449,BIZ-0103,1,2024,0.0,467201.53,67384.84,37.17,562.81,82.61,7383.4,449.23,74174.19,26.45,71.98,534586.37
REC-002450,BIZ-0103,2,2024,206383.18,359401.65,51836.78,39.21,516.64,87.14,9710.85,345.58,78906.34,27.98,85.56,617621.61
REC-002451,BIZ-0103,3,2024,214920.89,260960.97,37638.6,30.73,577.13,68.29,9800.73,250.92,70953.28,28.44,66.36,513520.46
REC-002452,BIZ-0103,4,2024,119471.5,494426.69,71311.54,33.28,550.64,73.96,8795.99,475.41,72174.16,30.16,88.21,685209.73
REC-002453,BIZ-0103,5,2024,96027.66,190607.41,27491.45,16.58,608.58,36.84,8549.22,183.28,56010.1,30.18,79.93,314126.52
REC-002454,BIZ-0103,6,2024,0.0,493135.81,71125.36,37.48,541.32,83.28,7090.44,474.17,74109.85,30.65,64.21,564261.17
REC-002455,BIZ-0103,7,2024,21516.48,360867.66,52048.22,38.71,559.39,86.03,7764.89,346.99,76096.86,29.19,78.73,434432.36
REC-002456,BIZ-0103,8,2024,0.0,270531.25,39018.93,20.61,599.61,45.81,7104.55,260.13,58108.57,26.86,64.85,309550.18
REC-002457,BIZ-0103,9,2024,85542.08,521008.06,75145.39,39.78,536.2,88.4,8438.84,500.97,77916.58,26.86,80.39,681695.53
REC-002458,BIZ-0103,10,2024,0.0,218120.88,31459.74,20.76,599.29,46.13,6646.87,209.73,57698.79,26.03,65.82,249580.62
REC-002459,BIZ-0103,11,2024,38736.47,238612.79,34415.31,28.38,561.54,63.06,7946.15,229.44,66493.87,26.09,74.89,311764.57
REC-002460,BIZ-0103,12,2024,79241.66,330898.53,47725.75,23.26,593.74,51.68,8372.52,318.17,62141.91,25.89,70.77,457865.94
REC-002461,BIZ-0103,1,2025,61742.15,276706.64,39909.61,21.04,598.67,46.75,8188.32,266.06,59809.84,26.32,70.04,378358.4
REC-002462,BIZ-0103,2,2025,0.0,379296.34,54706.2,29.44,517.54,65.42,7150.26,364.71,66545.99,27.95,69.07,434002.54
REC-002463,BIZ-0103,3,2025,136944.87,346833.83,50024.11,36.98,563.24,82.18,8979.92,333.49,75908.51,30.11,64.34,533802.81
REC-002464,BIZ-0103,4,2025,291860.66,167030.59,24090.95,17.55,585.61,38.99,10610.62,160.61,59402.02,30.79,77.76,482982.2
REC-002465,BIZ-0103,5,2025,163677.38,558924.84,80614.16,38.96,558.85,86.57,9261.32,537.43,78121.6,30.8,75.65,803216.38
REC-002466,BIZ-0103,6,2025,0.0,265070.97,38231.39,23.68,571.97,52.63,7337.76,254.88,61303.27,29.94,86.83,303302.36
REC-002467,BIZ-0103,7,2025,71727.01,387355.16,55868.53,26.88,585.68,59.74,8293.42,372.46,65491.19,28.51,85.97,514950.7
REC-002468,BIZ-0103,8,2025,113482.95,472126.17,68095.12,39.25,558.2,87.22,8732.96,453.97,77764.53,27.34,91.95,653704.24
REC-002469,BIZ-0103,9,2025,162704.95,263171.15,37957.38,21.72,576.33,48.27,9251.08,253.05,61738.32,26.53,90.77,463833.48
REC-002470,BIZ-0103,10,2025,85331.4,323611.18,46674.69,26.08,587.47,57.95,8436.63,311.16,64898.6,25.83,64.48,455617.27
REC-002471,BIZ-0103,11,2025,200266.86,173068.31,24961.78,16.74,587.4,37.2,9646.47,166.41,57477.56,25.99,87.64,398296.95
REC-002472,BIZ-0103,12,2025,258925.28,348708.73,50294.53,24.2,591.64,53.78,10263.93,335.3,65308.33,25.31,83.46,657928.54
REC-002473,BIZ-0104,1,2024,1288849.72,203048.62,63077.24,32.3,280.9,46.15,13566.84,240.29,62961.82,27.0,85.34,1554975.58
REC-002474,BIZ-0104,2,2024,1167041.88,249789.96,77597.47,35.15,255.74,50.21,12284.65,295.61,63029.12,28.62,82.7,1494429.31
REC-002475,BIZ-0104,3,2024,966475.02,200937.8,62421.51,28.12,286.88,40.17,10173.42,237.8,54942.64,29.49,80.93,1229834.33
REC-002476,BIZ-0104,4,2024,1174558.3,134098.32,41657.76,19.48,288.67,27.83,12363.77,158.7,52183.36,31.31,72.58,1350314.38
REC-002477,BIZ-0104,5,2024,1207336.34,200891.11,62407.0,24.68,291.8,35.25,12708.8,237.74,56337.13,31.54,83.87,1470634.45
REC-002478,BIZ-0104,6,2024,940397.75,242354.71,75287.71,48.13,247.74,68.76,9898.92,286.81,68538.5,29.74,62.9,1258040.17
REC-002479,BIZ-0104,7,2024,1012944.09,256283.15,79614.59,36.33,275.15,51.9,10662.57,303.29,61424.47,28.85,77.31,1348841.83
REC-002480,BIZ-0104,8,2024,1220813.78,305092.1,94777.13,42.77,265.95,61.1,12850.67,361.06,69215.5,27.25,75.23,1620683.01
REC-002481,BIZ-0104,9,2024,1196882.12,177685.01,55198.01,34.92,266.62,49.88,12598.76,210.28,63339.65,26.01,77.64,1429765.14
REC-002482,BIZ-0104,10,2024,918897.36,219710.47,68253.25,40.27,269.53,57.52,9672.6,260.01,62695.38,25.75,72.16,1206861.08
REC-002483,BIZ-0104,11,2024,1151885.39,224278.85,69672.42,28.13,276.32,40.18,12125.11,265.42,57876.72,24.89,74.74,1445836.66
REC-002484,BIZ-0104,12,2024,1022904.48,327298.53,101675.58,40.09,269.78,57.27,10767.42,387.34,64211.89,26.58,67.37,1451878.59
REC-002485,BIZ-0104,1,2025,961055.3,93919.63,29176.22,19.77,298.81,28.24,10116.37,111.15,49013.27,26.65,66.27,1084151.15
REC-002486,BIZ-0104,2,2025,1041810.51,150021.99,46604.46,19.6,267.41,27.99,10966.43,177.54,50166.99,27.7,73.17,1238436.96
REC-002487,BIZ-0104,3,2025,1278927.39,268113.39,83289.66,34.85,277.27,49.78,13462.39,317.29,64585.29,28.66,71.34,1630330.44
REC-002488,BIZ-0104,4,2025,994864.78,333068.25,103467.95,48.42,247.33,69.17,10472.26,394.16,69602.18,30.19,68.88,1431400.98
REC-002489,BIZ-0104,5,2025,1039187.76,131767.05,40933.55,27.36,287.96,39.09,10938.82,155.94,55563.01,30.47,58.57,1211888.36
REC-002490,BIZ-0104,6,2025,1347542.11,84978.83,26398.75,18.79,289.65,26.85,14184.65,100.57,54431.79,29.26,80.08,1458919.69
REC-002491,BIZ-0104,7,2025,927574.61,151118.96,46945.24,20.52,297.73,29.32,9763.94,178.84,49010.3,28.31,72.66,1125638.81
REC-002492,BIZ-0104,8,2025,1099045.94,91033.8,28279.73,19.39,299.36,27.69,11568.9,107.73,50923.71,27.82,56.32,1218359.47
REC-002493,BIZ-0104,9,2025,1011183.11,129328.6,40176.04,25.08,280.67,35.83,10644.03,153.05,53523.05,27.89,78.75,1180687.75
REC-002494,BIZ-0104,10,2025,1300219.89,149588.44,46469.78,28.64,286.14,40.91,13686.53,177.03,60575.6,26.08,79.81,1496278.11
REC-002495,BIZ-0104,11,2025,1206586.79,190362.37,59136.24,22.91,283.77,32.73,12700.91,225.28,55090.49,24.36,74.28,1456085.4
REC-002496,BIZ-0104,12,2025,877490.93,149714.33,46508.89,22.55,294.83,32.22,9236.75,177.18,49641.85,25.55,72.88,1073714.15
REC-002497,BIZ-0105,1,2024,7339989.82,965505.88,29316.98,34.1,394.89,48.72,105783.45,781.79,439486.55,27.02,89.09,8334812.68
REC-002498,BIZ-0105,2,2024,5692900.74,3219103.21,97746.05,71.7,312.56,102.43,88445.67,2606.56,478859.4,27.78,63.47,9009750.0
REC-002499,BIZ-0105,3,2024,5817800.01,2145324.09,65141.42,49.32,373.15,70.46,89760.4,1737.1,432914.84,28.72,55.11,8028265.52
REC-002500,BIZ-0105,4,2024,4383602.69,2246839.85,68223.88,69.52,329.99,99.31,74663.59,1819.3,439595.99,31.0,70.62,6698666.42
REC-002501,BIZ-0105,5,2024,7126199.54,2840951.48,86263.71,69.68,344.07,99.54,103533.03,2300.37,512125.78,30.37,60.26,10053414.73
REC-002502,BIZ-0105,6,2024,4325826.53,2013675.02,61143.98,60.99,342.17,87.13,74055.42,1630.51,419321.48,29.02,81.78,6400645.53
REC-002503,BIZ-0105,7,2024,3244709.45,1681868.28,51068.87,52.87,368.08,75.53,62675.24,1361.84,373002.99,30.15,66.98,4977646.6
REC-002504,BIZ-0105,8,2024,3566315.07,1363888.73,41413.63,31.79,398.2,45.41,66060.56,1104.36,335090.48,27.86,62.19,4971617.43
REC-002505,BIZ-0105,9,2024,4703845.49,1197318.08,36355.81,38.68,374.05,55.25,78034.56,969.49,380179.08,27.19,60.89,5937519.38
REC-002506,BIZ-0105,10,2024,7499153.54,2045885.48,62122.03,46.59,377.05,66.56,107458.86,1656.59,471151.22,25.29,80.02,9607161.05
REC-002507,BIZ-0105,11,2024,5881246.61,1420823.11,43142.4,59.63,344.12,85.18,90428.26,1150.46,457253.1,26.61,79.03,7345212.12
REC-002508,BIZ-0105,12,2024,5323620.06,1037146.27,31492.3,45.62,378.44,65.17,84558.51,839.79,411752.58,26.35,55.77,6392258.63
REC-002509,BIZ-0105,1,2025,5022767.28,1524013.56,46275.72,49.43,372.99,70.62,81391.63,1234.02,412226.75,26.6,70.59,6593056.56
REC-002510,BIZ-0105,2,2025,4611274.42,988137.62,30004.18,35.75,349.61,51.07,77060.13,800.11,371293.31,27.45,86.91,5629416.22
REC-002511,BIZ-0105,3,2025,5723876.45,869320.72,26396.38,37.59,389.91,53.7,88771.73,703.9,404627.11,29.46,73.1,6619593.55
REC-002512,BIZ-0105,4,2025,3977338.09,1638324.57,49746.7,62.65,339.8,89.5,70387.12,1326.58,413793.66,29.88,56.68,5665409.36
REC-002513,BIZ-0105,5,2025,4533435.99,1533241.44,46555.91,53.74,366.84,76.77,76240.78,1241.49,408824.31,30.78,74.35,6113233.34
REC-002514,BIZ-0105,6,2025,4944108.39,1895954.13,57569.46,70.68,328.33,100.97,80563.65,1535.19,456903.85,29.32,59.96,6897631.98
REC-002515,BIZ-0105,7,2025,3264372.9,2656712.77,80669.42,70.72,342.58,101.03,62882.22,2151.18,412786.68,29.03,60.83,6001755.09
REC-002516,BIZ-0105,8,2025,7465218.32,2856648.33,86740.33,70.47,342.93,100.68,107101.65,2313.08,522795.91,28.17,82.41,10408606.98
REC-002517,BIZ-0105,9,2025,5039299.47,820731.98,24921.01,36.23,377.55,51.75,81565.66,664.56,383616.59,26.24,71.46,5884952.46
REC-002518,BIZ-0105,10,2025,3522656.26,1901992.47,57752.81,65.87,349.51,94.1,65600.99,1540.07,408914.24,26.94,76.09,5482401.54
REC-002519,BIZ-0105,11,2025,6750713.77,1727556.12,52456.16,55.12,350.56,78.74,99580.54,1398.83,470212.05,26.18,73.69,8530726.05
REC-002520,BIZ-0105,12,2025,3989224.68,2014679.7,61174.48,66.56,348.53,95.08,70512.24,1631.32,422709.32,25.06,73.68,6065078.86
REC-002521,BIZ-0106,1,2024,873161.78,1633487.29,104710.72,73.68,611.57,77.56,9191.18,1396.14,183374.52,25.96,26.81,2611359.79
REC-002522,BIZ-0106,2,2024,767852.42,1380744.16,88509.24,95.02,544.65,100.02,8082.66,1180.12,210814.98,27.75,24.18,2237105.82
REC-002523,BIZ-0106,3,2024,875741.71,1213788.92,77806.98,71.3,614.07,75.06,9218.33,1037.43,180105.27,29.51,29.18,2167337.61
REC-002524,BIZ-0106,4,2024,719959.81,977655.31,62670.21,80.17,582.51,84.39,7578.52,835.6,188912.38,30.67,37.84,1760285.33
REC-002525,BIZ-0106,5,2024,722357.6,1314569.28,84267.26,75.41,609.75,79.38,7603.76,1123.56,182301.09,31.66,23.4,2121194.14
REC-002526,BIZ-0106,6,2024,876341.69,1675328.34,107392.84,97.63,564.13,102.77,9224.65,1431.9,216980.36,30.78,33.76,2659062.87
REC-002527,BIZ-0106,7,2024,888588.5,1685810.28,108064.76,78.41,606.59,82.54,9353.56,1440.86,190350.28,29.6,32.99,2682463.54
REC-002528,BIZ-0106,8,2024,906710.31,1153313.37,73930.34,53.06,633.28,55.85,9544.32,985.74,155275.62,27.77,26.29,2133954.02
REC-002529,BIZ-0106,9,2024,648508.55,2245021.68,143911.65,104.17,557.24,109.66,6826.41,1918.82,220861.17,25.85,20.91,3037441.88
REC-002530,BIZ-0106,10,2024,792128.52,733677.94,47030.64,61.25,624.66,64.47,8338.19,627.08,164087.36,24.91,42.6,1572837.1
REC-002531,BIZ-0106,11,2024,732358.69,1855622.48,118950.16,90.61,571.52,95.38,7709.04,1586.0,203814.86,25.47,38.76,2706931.33
REC-002532,BIZ-0106,12,2024,881631.24,1078426.05,69129.87,51.39,635.04,54.09,9280.33,921.73,152356.33,25.71,34.76,2029187.16
REC-002533,BIZ-0106,1,2025,887736.45,1444678.62,92607.6,98.55,585.39,103.74,9344.59,1234.77,218529.83,26.5,23.56,2425022.67
REC-002534,BIZ-0106,2,2025,776233.09,732576.34,46960.02,55.39,564.13,58.31,8170.87,626.13,155521.58,27.76,37.82,1555769.45
REC-002535,BIZ-0106,3,2025,686009.03,1060069.83,67953.19,82.27,602.53,86.6,7221.15,906.04,191066.5,30.35,26.13,1814032.05
REC-002536,BIZ-0106,4,2025,911818.94,2136163.06,136933.53,97.53,564.24,102.66,9598.09,1825.78,217650.98,29.86,28.76,3184915.53
REC-002537,BIZ-0106,5,2025,880961.4,935116.24,59943.35,76.81,608.28,80.85,9273.28,799.24,187937.61,29.49,27.35,1876020.99
REC-002538,BIZ-0106,6,2025,701000.55,969182.57,62127.09,63.22,600.36,66.54,7378.95,828.36,164737.75,31.32,41.18,1732310.21
REC-002539,BIZ-0106,7,2025,657282.64,1620837.44,103899.84,88.71,595.75,93.38,6918.76,1385.33,199419.28,29.27,20.28,2382019.92
REC-002540,BIZ-0106,8,2025,838250.35,1112927.07,71341.48,65.68,620.0,69.13,8823.69,951.22,171358.1,26.94,32.74,2022518.9
REC-002541,BIZ-0106,9,2025,762422.05,1006954.55,64548.37,62.91,600.67,66.23,8025.5,860.64,165735.88,26.35,35.32,1833924.97
REC-002542,BIZ-0106,10,2025,917815.43,1502450.94,96310.96,89.59,594.83,94.3,9661.22,1284.15,206676.35,26.56,34.64,2516577.33
REC-002543,BIZ-0106,11,2025,825200.9,1568088.4,100518.49,89.0,573.22,93.68,8686.33,1340.25,203705.55,25.53,36.66,2493807.79
REC-002544,BIZ-0106,12,2025,867230.39,1266334.87,81175.31,63.14,622.67,66.46,9128.74,1082.34,168474.88,27.03,23.83,2214740.57
REC-002545,BIZ-0107,1,2024,1784167.26,262457.3,37854.42,26.92,548.35,76.92,18780.71,252.36,78111.41,27.31,82.96,2084478.98
REC-002546,BIZ-0107,2,2024,1792215.14,110124.31,15883.31,13.1,547.51,37.42,18865.42,105.89,65080.9,28.28,71.1,1918222.76
REC-002547,BIZ-0107,3,2024,1799002.74,407672.36,58798.9,27.64,546.3,78.97,18936.87,391.99,78982.08,28.37,75.81,2265474.0
REC-002548,BIZ-0107,4,2024,2560955.77,253282.86,36531.18,16.3,558.52,46.58,26957.43,243.54,77838.05,29.99,80.75,2850769.81
REC-002549,BIZ-0107,5,2024,2203057.17,271671.05,39183.32,27.4,546.98,78.29,23190.08,261.22,83858.08,29.69,63.24,2513911.54
REC-002550,BIZ-0107,6,2024,2243565.91,190631.64,27494.95,14.45,563.82,41.28,23616.48,183.3,72066.39,31.16,67.46,2461692.5
REC-002551,BIZ-0107,7,2024,2285046.51,227790.76,32854.44,19.41,569.8,55.47,24053.12,219.03,77306.32,30.0,73.31,2545691.71
REC-002552,BIZ-0107,8,2024,2149964.17,406195.28,58585.86,29.6,540.7,84.57,22631.2,390.57,85277.94,29.1,81.04,2614745.31
REC-002553,BIZ-0107,9,2024,1740133.35,343527.13,49547.18,25.38,532.59,72.51,18317.19,330.31,76089.43,27.07,72.78,2133207.66
REC-002554,BIZ-0107,10,2024,2083954.78,294111.76,42419.97,29.51,540.96,84.31,21936.37,282.8,84357.53,25.88,71.21,2420486.51
REC-002555,BIZ-0107,11,2024,1908919.33,263478.44,38001.7,22.05,542.11,62.99,20093.89,253.34,75055.49,24.35,77.95,2210399.47
REC-002556,BIZ-0107,12,2024,2401754.41,263325.39,37979.62,18.03,573.75,51.52,25281.63,253.2,77467.96,26.37,75.36,2703059.42
REC-002557,BIZ-0107,1,2025,1762988.38,402649.28,58074.42,27.33,547.18,78.09,18557.77,387.16,78234.65,25.81,66.88,2223712.08
REC-002558,BIZ-0107,2,2025,2498805.5,308160.44,44446.22,25.67,491.4,73.36,26303.22,296.31,85954.73,27.4,91.87,2851412.16
REC-002559,BIZ-0107,3,2025,2126175.48,181610.84,26193.87,18.01,573.82,51.45,22380.79,174.63,73963.96,29.04,75.2,2333980.19
REC-002560,BIZ-0107,4,2025,2384501.15,409210.93,59020.81,27.17,527.48,77.62,25100.01,393.47,85929.71,30.46,93.3,2852732.89
REC-002561,BIZ-0107,5,2025,2030162.1,312304.89,45043.98,20.22,567.49,57.78,21370.13,300.29,74856.75,29.44,75.4,2387510.97
REC-002562,BIZ-0107,6,2025,1930830.08,336855.52,48584.93,21.62,543.34,61.76,20324.53,323.9,74924.17,29.77,74.22,2316270.53
REC-002563,BIZ-0107,7,2025,1873541.98,205944.28,29703.5,20.53,566.61,58.66,19721.49,198.02,73168.85,30.28,75.08,2109189.76
REC-002564,BIZ-0107,8,2025,1976020.13,300347.84,43319.4,23.76,557.38,67.89,20800.21,288.8,77533.35,27.38,88.55,2319687.37
REC-002565,BIZ-0107,9,2025,1642992.64,248914.25,35901.09,26.45,529.54,75.56,17294.66,239.34,75876.85,27.6,65.32,1927807.98
REC-002566,BIZ-0107,10,2025,2503876.79,368772.48,53188.34,27.53,546.62,78.65,26356.6,354.59,87778.18,25.66,91.59,2925837.61
REC-002567,BIZ-0107,11,2025,1940004.62,134478.72,19395.97,12.88,568.3,36.8,20421.1,129.31,66740.54,24.66,63.69,2093879.31
REC-002568,BIZ-0107,12,2025,2438647.36,338766.09,48860.49,25.72,551.77,73.5,25669.97,325.74,85242.43,26.66,84.4,2826273.94
REC-002569,BIZ-0108,1,2024,1483617.62,283810.09,40934.15,18.22,599.03,40.5,23592.23,272.89,75623.75,25.76,67.45,1808361.86
REC-002570,BIZ-0108,2,2024,1158439.72,542782.63,78285.96,38.58,512.53,85.74,20169.3,521.91,90857.15,27.0,63.3,1779508.31
REC-002571,BIZ-0108,3,2024,1922985.84,233541.24,33683.83,22.37,589.83,49.7,28217.16,224.56,85108.69,30.2,89.2,2190210.91
REC-002572,BIZ-0108,4,2024,1887895.95,224142.56,32328.25,19.18,576.28,42.62,27847.79,215.52,81639.06,30.97,64.37,2144366.76
REC-002573,BIZ-0108,5,2024,2096048.72,340039.48,49044.16,28.49,576.21,63.32,30038.87,326.96,93115.53,31.35,67.19,2485132.36
REC-002574,BIZ-0108,6,2024,1656288.24,229378.11,33083.38,24.13,565.27,53.63,25409.81,220.56,83416.96,29.5,71.36,1918749.73
REC-002575,BIZ-0108,7,2024,2253013.35,305139.87,44010.56,23.33,587.68,51.85,31691.13,293.4,90196.06,29.18,76.93,2602163.78
REC-002576,BIZ-0108,8,2024,2198648.83,512955.79,73984.01,35.41,560.85,78.68,31118.87,493.23,100980.13,28.76,75.79,2785588.63
REC-002577,BIZ-0108,9,2024,1641648.39,284731.88,41067.1,33.16,545.22,73.68,25255.71,273.78,91804.16,27.15,68.95,1967447.37
REC-002578,BIZ-0108,10,2024,1476747.06,373736.52,53904.31,40.46,549.63,89.9,23519.91,359.36,96657.17,24.78,90.88,1904387.89
REC-002579,BIZ-0108,11,2024,1532880.24,238149.73,34348.52,23.67,566.3,52.6,24110.78,228.99,81418.27,26.03,71.32,1805378.49
REC-002580,BIZ-0108,12,2024,2156045.82,426531.77,61519.01,32.29,567.78,71.75,30670.42,410.13,97479.69,25.79,75.53,2644096.6
REC-002581,BIZ-0108,1,2025,1907817.21,496583.9,71622.68,37.92,555.27,84.26,28057.49,477.48,99689.04,27.3,71.98,2476023.79
REC-002582,BIZ-0108,2,2025,1570072.86,244967.77,35331.89,16.96,539.95,37.69,24502.28,235.55,75515.29,27.67,74.9,1850372.52
REC-002583,BIZ-0108,3,2025,2133119.8,418030.45,60292.85,27.22,579.04,60.49,30429.09,401.95,92375.55,29.98,74.86,2611443.1
REC-002584,BIZ-0108,4,2025,1918232.55,494026.61,71253.84,35.94,539.03,79.87,28167.12,475.03,97944.1,30.85,90.46,2483513.0
REC-002585,BIZ-0108,5,2025,2419250.3,502884.12,72531.36,34.35,563.2,76.33,33440.99,483.54,102761.67,31.0,83.73,2994665.78
REC-002586,BIZ-0108,6,2025,1549611.64,197540.83,28491.47,21.95,570.12,48.78,24286.9,189.94,79999.02,29.41,90.68,1775643.94
REC-002587,BIZ-0108,7,2025,1335976.42,231701.47,33418.48,19.22,596.81,42.72,22038.11,222.79,74708.0,30.15,73.04,1601096.37
REC-002588,BIZ-0108,8,2025,1403765.77,173870.34,25077.45,20.22,594.6,44.93,22751.68,167.18,76508.83,27.99,71.17,1602713.56
REC-002589,BIZ-0108,9,2025,1561016.52,333672.15,48125.79,30.97,550.08,68.82,24406.95,320.84,88708.14,25.57,73.9,1942814.46
REC-002590,BIZ-0108,10,2025,2301173.87,194896.16,28110.02,20.74,593.44,46.09,32198.08,187.4,88342.98,24.89,87.46,2524180.05
REC-002591,BIZ-0108,11,2025,2092496.28,251393.66,36258.7,22.52,568.86,50.04,30001.48,241.72,87393.67,25.93,90.31,2380148.64
REC-002592,BIZ-0108,12,2025,2204911.43,287065.86,41403.73,20.62,593.71,45.82,31184.79,276.02,87008.24,25.9,81.49,2533381.02
REC-002593,BIZ-0109,1,2024,8111767.26,2152841.17,65369.67,73.23,427.34,81.37,85387.02,1743.19,474576.71,27.31,56.38,10329978.1
REC-002594,BIZ-0109,2,2024,5967653.35,1365821.92,41472.33,37.13,434.64,41.25,62817.4,1105.93,338726.51,29.19,70.98,7374947.6
REC-002595,BIZ-0109,3,2024,7855454.17,2097777.12,63697.69,62.29,439.5,69.21,82688.99,1698.6,443752.65,30.37,57.2,10016928.98
REC-002596,BIZ-0109,4,2024,8747114.09,2457168.82,74610.39,88.59,393.86,98.44,92074.89,1989.61,525090.79,31.09,75.02,11278893.3
REC-002597,BIZ-0109,5,2024,8629980.66,3388007.01,102874.71,87.45,411.54,97.17,90841.9,2743.33,519504.4,29.94,86.2,12120862.38
REC-002598,BIZ-0109,6,2024,4912598.02,1397641.2,42438.5,50.44,436.25,56.05,51711.56,1131.69,340248.9,30.36,68.82,6352677.72
REC-002599,BIZ-0109,7,2024,4803742.7,940502.43,28557.77,39.01,465.37,43.34,50565.71,761.54,312234.34,30.02,63.36,5772802.9
REC-002600,BIZ-0109,8,2024,8383404.07,2155060.72,65437.07,95.21,402.92,105.79,88246.36,1744.99,530088.38,28.73,73.73,10603901.86
REC-002601,BIZ-0109,9,2024,7960582.94,3530388.22,107198.02,85.64,397.14,95.16,83795.61,2858.61,497904.97,27.63,80.65,11598169.18
REC-002602,BIZ-0109,10,2024,7047292.23,2498489.94,75865.08,69.65,431.32,77.39,74182.02,2023.07,438679.93,26.23,72.38,9621647.25
REC-002603,BIZ-0109,11,2024,8696577.91,2429744.69,73777.67,60.51,425.07,67.23,91542.93,1967.4,461976.39,26.17,84.93,11200100.27
REC-002604,BIZ-0109,12,2024,4950434.64,1913872.96,58113.55,63.06,438.64,70.07,52109.84,1549.69,369003.36,25.06,77.96,6922421.15
REC-002605,BIZ-0109,1,2025,5186985.8,3813409.18,115791.78,94.66,403.53,105.18,54599.85,3087.78,444747.59,26.14,71.8,9116186.76
REC-002606,BIZ-0109,2,2025,5677284.96,1513575.1,45958.76,46.2,408.15,51.33,59760.89,1225.57,351036.24,27.21,65.23,7236818.82
REC-002607,BIZ-0109,3,2025,7813097.36,2540448.69,77139.13,54.19,448.5,60.21,82243.13,2057.04,424832.53,29.8,67.65,10430685.18
REC-002608,BIZ-0109,4,2025,5347292.07,1155535.98,35087.13,45.8,441.41,50.89,56287.28,935.66,341480.02,30.62,77.37,6537915.18
REC-002609,BIZ-0109,5,2025,5539556.24,3462715.16,105143.17,84.53,414.79,93.92,58311.12,2803.82,431746.84,31.55,88.38,9107414.57
REC-002610,BIZ-0109,6,2025,7641940.01,1980857.24,60147.49,57.26,428.67,63.63,80441.47,1603.93,427085.32,29.61,61.26,9682944.74
REC-002611,BIZ-0109,7,2025,6975233.03,2480623.1,75322.56,66.32,435.02,73.69,73423.51,2008.6,429458.89,30.05,73.71,9531178.69
REC-002612,BIZ-0109,8,2025,5132440.16,1985962.0,60302.49,47.11,456.36,52.35,54025.69,1608.07,338713.05,28.69,67.47,7178704.65
REC-002613,BIZ-0109,9,2025,4755664.02,3939303.05,119614.47,93.57,388.33,103.97,50059.62,3189.72,431012.8,26.86,63.76,8814581.54
REC-002614,BIZ-0109,10,2025,4837160.38,1183444.77,35934.56,45.19,458.5,50.21,50917.48,958.25,326703.37,26.54,58.02,6056539.71
REC-002615,BIZ-0109,11,2025,6683498.98,3565721.15,108270.89,94.26,387.57,104.73,70352.62,2887.22,483246.9,26.26,73.72,10357491.02
REC-002616,BIZ-0109,12,2025,8163642.19,2666866.14,80977.72,63.24,438.44,70.27,85933.08,2159.41,453963.54,24.71,84.87,10911486.05
REC-002617,BIZ-0110,1,2024,138638.08,368458.69,53143.08,31.12,581.53,69.16,9607.35,354.29,71094.35,27.41,75.28,560239.85
REC-002618,BIZ-0110,2,2024,520626.79,492031.06,70966.02,34.18,532.75,75.96,13628.28,473.11,78825.05,28.21,85.01,1083623.87
REC-002619,BIZ-0110,3,2024,389352.59,288847.55,41660.7,27.08,590.51,60.18,12246.45,277.74,70423.51,30.29,87.77,719860.84
REC-002620,BIZ-0110,4,2024,155735.56,254581.63,36718.5,20.4,584.36,45.34,9787.32,244.79,61129.53,29.85,91.7,447035.69
REC-002621,BIZ-0110,5,2024,275704.52,332512.1,47958.48,24.13,597.06,53.63,11050.15,319.72,66186.97,29.34,83.93,656175.1
REC-002622,BIZ-0110,6,2024,272464.89,171973.1,24803.81,19.07,587.33,42.37,11016.05,165.36,61334.31,28.98,72.4,469241.8
REC-002623,BIZ-0110,7,2024,383620.13,339224.97,48926.68,27.47,589.65,61.04,12186.11,326.18,70717.35,29.3,87.28,771771.78
REC-002624,BIZ-0110,8,2024,152405.06,502997.7,72547.75,35.82,571.09,79.6,9752.26,483.65,75729.84,28.12,87.13,727950.51
REC-002625,BIZ-0110,9,2024,277662.49,226138.93,32616.19,26.28,571.29,58.41,11070.76,217.44,68255.29,27.08,70.12,536417.61
REC-002626,BIZ-0110,10,2024,407812.54,541612.09,78117.13,40.46,560.78,89.91,12440.76,520.78,83366.37,24.89,92.99,1027541.76
REC-002627,BIZ-0110,11,2024,243178.34,568778.99,82035.43,36.78,547.96,81.74,10707.77,546.9,77791.27,26.26,94.98,893992.76
REC-002628,BIZ-0110,12,2024,273877.06,383939.02,55375.82,34.03,575.07,75.62,11030.92,369.17,75566.6,26.98,74.0,713191.9
REC-002629,BIZ-0110,1,2025,135190.15,168268.06,24269.43,18.05,610.57,40.12,9571.05,161.8,58636.22,25.61,71.41,327727.64
REC-002630,BIZ-0110,2,2025,128530.79,286047.82,41256.9,18.56,546.48,41.24,9500.96,275.05,59029.36,28.06,81.79,455835.51
REC-002631,BIZ-0110,3,2025,142945.91,376961.85,54369.5,30.02,583.99,66.7,9652.69,362.46,70098.6,29.89,72.5,574277.26
REC-002632,BIZ-0110,4,2025,184627.72,477671.61,68894.94,34.58,552.87,76.83,10091.45,459.3,74956.66,29.15,63.62,731194.27
REC-002633,BIZ-0110,5,2025,401127.05,570057.8,82219.88,38.9,564.25,86.44,12370.39,548.13,81796.08,31.49,64.63,1053404.73
REC-002634,BIZ-0110,6,2025,449241.52,205308.86,29611.85,18.24,589.18,40.52,12876.86,197.41,62776.22,30.28,91.91,684162.23
REC-002635,BIZ-0110,7,2025,476265.77,193978.71,27977.7,18.05,610.58,40.11,13161.32,186.52,62941.99,30.28,72.29,698222.18
REC-002636,BIZ-0110,8,2025,93505.62,326714.0,47122.21,39.13,563.73,86.96,9132.27,314.15,78133.39,28.58,66.52,467341.83
REC-002637,BIZ-0110,9,2025,366690.73,234716.49,33853.34,25.8,572.37,57.33,12007.9,225.69,68917.79,27.69,63.4,635260.56
REC-002638,BIZ-0110,10,2025,509982.27,235226.39,33926.88,21.88,602.07,48.62,13516.23,226.18,67003.11,25.02,93.01,779135.54
REC-002639,BIZ-0110,11,2025,421365.09,260764.1,37610.21,18.32,588.99,40.71,12583.42,250.73,62504.94,24.74,92.3,719739.4
REC-002640,BIZ-0110,12,2025,150438.01,486557.67,70176.59,34.01,575.11,75.58,9731.56,467.84,73989.34,25.76,86.05,707172.27
REC-002641,BIZ-0111,1,2024,10147016.61,3167395.34,96175.97,97.7,646.3,97.7,106810.7,2564.69,469479.21,27.19,78.2,13410587.92
REC-002642,BIZ-0111,2,2024,12482085.58,1808289.04,54907.56,84.49,611.51,84.49,131390.37,1464.2,494855.0,28.18,90.98,14345282.18
REC-002643,BIZ-0111,3,2024,10603744.04,2408348.32,73127.99,107.75,636.25,107.75,111618.36,1950.08,497189.91,29.08,87.94,13085220.35
REC-002644,BIZ-0111,4,2024,11046849.89,1985856.78,60299.3,90.48,629.52,90.48,116282.63,1607.98,475435.05,29.29,97.32,13093005.97
REC-002645,BIZ-0111,5,2024,12715402.44,1883166.87,57181.18,67.85,676.15,67.85,133846.34,1524.83,469822.59,30.78,95.13,14655750.49
REC-002646,BIZ-0111,6,2024,11042910.01,2990784.33,90813.29,102.27,617.73,102.27,116241.16,2421.69,496577.31,28.97,74.98,14124507.63
REC-002647,BIZ-0111,7,2024,11716830.97,2541356.4,77166.69,117.7,626.3,117.7,123335.06,2057.78,538534.1,29.43,93.18,14335354.06
REC-002648,BIZ-0111,8,2024,9581479.3,987341.83,29980.02,53.26,690.74,53.26,100857.68,799.47,377582.44,28.51,78.0,10598801.15
REC-002649,BIZ-0111,9,2024,10133923.72,1003616.1,30474.17,57.88,662.12,57.88,106672.88,812.64,397535.07,26.5,97.1,11168013.99
REC-002650,BIZ-0111,10,2024,11249388.35,1830663.32,55586.94,78.93,665.07,78.93,118414.61,1482.32,458912.06,25.14,74.88,13135638.61
REC-002651,BIZ-0111,11,2024,11079360.88,1387457.33,42129.27,58.63,661.37,58.63,116624.85,1123.45,418778.47,25.37,75.82,12508947.48
REC-002652,BIZ-0111,12,2024,10729915.86,1991437.32,60468.74,69.25,674.75,69.25,112946.48,1612.5,430551.1,26.98,81.85,12781821.92
REC-002653,BIZ-0111,1,2025,9995876.76,1819177.87,55238.19,63.16,680.84,63.16,105219.76,1473.02,404127.6,27.61,75.79,11870292.82
REC-002654,BIZ-0111,2,2025,10739259.21,1254522.37,38092.78,69.17,602.83,69.17,113044.83,1015.81,430600.75,29.07,78.31,12031874.36
REC-002655,BIZ-0111,3,2025,8849514.1,2056011.83,62429.51,112.23,631.77,112.23,93152.78,1664.79,468311.58,28.06,84.05,10967955.44
REC-002656,BIZ-0111,4,2025,10674053.87,2202853.39,66888.26,111.69,608.31,111.69,112358.46,1783.69,505761.55,30.07,79.52,12943795.52
REC-002657,BIZ-0111,5,2025,8982701.29,2776863.16,84317.71,105.0,639.0,105.0,94554.75,2248.47,458107.1,29.97,83.08,11843882.16
REC-002658,BIZ-0111,6,2025,11823914.44,2377884.64,72202.98,81.45,638.55,81.45,124462.26,1925.41,475541.74,30.37,81.04,14274002.06
REC-002659,BIZ-0111,7,2025,10420731.31,1292216.12,39237.33,61.23,682.77,61.23,109691.91,1046.33,409601.56,28.71,84.4,11752184.76
REC-002660,BIZ-0111,8,2025,9452065.29,1770519.98,53760.73,84.01,659.99,84.01,99495.42,1433.62,430214.57,28.97,72.45,11276346.0
REC-002661,BIZ-0111,9,2025,12623761.18,1716802.67,52129.64,57.69,662.31,57.69,132881.7,1390.12,449601.27,27.83,85.25,14392693.49
REC-002662,BIZ-0111,10,2025,9908486.91,2989324.57,90768.96,96.08,647.92,96.08,104299.86,2420.51,461544.75,25.89,89.94,12988580.44
REC-002663,BIZ-0111,11,2025,10634994.77,2402248.34,72942.76,111.94,608.06,111.94,111947.31,1945.14,505380.51,26.09,72.53,13110185.87
REC-002664,BIZ-0111,12,2025,12135786.76,2603929.28,79066.68,96.79,647.21,96.79,127745.12,2108.44,509714.56,25.31,93.05,14818782.72
REC-002665,BIZ-0112,1,2024,721127.03,747355.95,47907.43,42.67,650.84,56.89,15516.81,638.77,153873.13,27.02,39.97,1516390.41
REC-002666,BIZ-0112,2,2024,384927.76,1474510.36,94519.9,71.21,567.12,94.95,11977.87,1260.27,186050.97,28.07,23.73,1953958.02
REC-002667,BIZ-0112,3,2024,643842.57,869336.75,55726.71,42.88,650.55,57.18,14703.29,743.02,152385.37,29.06,28.53,1568906.03
REC-002668,BIZ-0112,4,2024,772262.28,659687.1,42287.63,47.01,622.22,62.68,16055.08,563.84,161131.18,30.7,30.62,1474237.01
REC-002669,BIZ-0112,5,2024,774892.67,785435.08,50348.4,61.25,626.07,81.66,16082.76,671.31,181126.58,30.26,41.05,1610676.15
REC-002670,BIZ-0112,6,2024,510792.3,562518.48,36058.88,35.98,636.92,47.98,13302.76,480.79,139642.16,30.1,24.91,1109369.66
REC-002671,BIZ-0112,7,2024,557263.34,1027061.3,65837.26,44.84,647.94,59.79,13791.93,877.83,153124.42,29.18,26.03,1650161.9
REC-002672,BIZ-0112,8,2024,649035.1,667297.47,42775.48,40.43,653.83,53.9,14757.95,570.34,149067.45,26.84,21.91,1359108.05
REC-002673,BIZ-0112,9,2024,682567.92,899913.41,57686.76,69.76,591.89,93.01,15110.93,769.16,190904.53,25.66,31.68,1640168.09
REC-002674,BIZ-0112,10,2024,787920.87,632498.94,40544.8,44.51,648.38,59.35,16219.9,540.6,157998.76,27.01,33.71,1460964.61
REC-002675,BIZ-0112,11,2024,369399.08,817769.05,52421.09,62.39,601.71,83.19,11814.41,698.95,173338.55,25.19,20.92,1239589.22
REC-002676,BIZ-0112,12,2024,653321.05,689354.91,44189.42,43.94,649.14,58.59,14803.06,589.19,154086.75,25.31,34.72,1386865.38
REC-002677,BIZ-0112,1,2025,774483.07,1300361.09,83356.48,72.32,611.31,96.42,16078.45,1111.42,196615.14,26.12,22.97,2158200.64
REC-002678,BIZ-0112,2,2025,460779.86,1214153.76,77830.37,67.34,549.46,89.78,12776.31,1037.74,182381.92,28.31,39.02,1752763.99
REC-002679,BIZ-0112,3,2025,438908.6,1590218.33,101937.07,74.8,608.0,99.73,12546.09,1359.16,192321.09,29.63,37.4,2131064.0
REC-002680,BIZ-0112,4,2025,576823.42,705130.06,45200.65,38.07,634.13,50.77,13997.83,602.68,144099.69,29.48,30.3,1327154.13
REC-002681,BIZ-0112,5,2025,618669.75,805879.52,51658.94,50.76,640.05,67.68,14438.31,688.79,162830.73,31.52,26.94,1476208.21
REC-002682,BIZ-0112,6,2025,451286.69,733045.02,46990.07,38.5,633.56,51.34,12676.39,626.53,141793.19,30.05,37.4,1231321.78
REC-002683,BIZ-0112,7,2025,475145.24,841628.95,53950.57,41.4,652.53,55.2,12927.53,719.34,146402.69,28.1,26.88,1370724.76
REC-002684,BIZ-0112,8,2025,486888.59,687365.63,44061.9,40.22,654.11,53.62,13051.14,587.49,145014.39,28.56,24.9,1218316.12
REC-002685,BIZ-0112,9,2025,450456.12,883663.23,56645.08,39.5,632.24,52.66,12667.64,755.27,143163.87,27.14,25.64,1390764.43
REC-002686,BIZ-0112,10,2025,882848.6,954293.98,61172.69,48.36,643.26,64.47,17219.14,815.64,165579.38,25.12,35.68,1898315.27
REC-002687,BIZ-0112,11,2025,814540.74,670148.54,42958.24,56.84,609.11,75.79,16500.11,572.78,175882.32,24.67,21.58,1527647.52
REC-002688,BIZ-0112,12,2025,768241.82,1002286.83,64249.16,77.28,604.69,103.04,16012.76,856.66,203418.51,25.53,33.33,1834777.81
REC-002689,BIZ-0113,1,2024,825073.45,184135.91,26558.06,18.43,702.73,40.96,14707.78,177.05,65161.53,27.38,68.99,1035767.42
REC-002690,BIZ-0113,2,2024,1094048.65,390679.9,56348.06,29.49,630.19,65.52,17539.1,375.65,79058.8,28.75,70.78,1541076.61
REC-002691,BIZ-0113,3,2024,1530236.1,595442.44,85881.12,38.45,658.25,85.44,22130.55,572.54,93083.36,30.33,92.76,2211559.66
REC-002692,BIZ-0113,4,2024,1469217.48,360274.92,51962.73,28.94,655.39,64.31,21488.25,346.42,83276.98,31.09,67.19,1881455.13
REC-002693,BIZ-0113,5,2024,1269988.4,366673.97,52885.67,35.42,664.98,78.71,19391.1,352.57,86917.59,31.59,76.02,1689548.04
REC-002694,BIZ-0113,6,2024,1252313.14,295052.55,42555.66,34.85,642.25,77.45,19205.04,283.7,86155.72,29.59,69.07,1589921.35
REC-002695,BIZ-0113,7,2024,1130778.81,568416.3,81983.12,38.7,657.69,86.0,17925.73,546.55,88275.29,29.02,74.39,1781178.23
REC-002696,BIZ-0113,8,2024,1401672.85,287627.59,41484.75,21.44,696.05,47.64,20777.25,276.56,75296.91,27.08,84.92,1730785.19
REC-002697,BIZ-0113,9,2024,1020244.04,480006.41,69231.69,38.26,634.69,85.01,16762.21,461.54,86457.84,27.83,65.73,1569482.14
REC-002698,BIZ-0113,10,2024,1048702.14,291127.17,41989.5,29.09,679.04,64.65,17061.77,279.93,78110.46,26.41,66.46,1381818.81
REC-002699,BIZ-0113,11,2024,1169811.37,454133.61,65500.04,30.77,651.32,68.38,18336.6,436.67,81236.19,24.6,91.96,1689445.02
REC-002700,BIZ-0113,12,2024,997616.29,296658.26,42787.25,29.05,679.12,64.57,16524.02,285.25,77430.86,25.21,80.23,1337061.8
REC-002701,BIZ-0113,1,2025,830202.38,382130.93,55115.04,26.34,685.17,58.52,14761.77,367.43,72733.41,26.35,66.49,1267448.35
REC-002702,BIZ-0113,2,2025,954548.28,380823.27,54926.43,31.5,601.73,69.99,16070.68,366.18,79207.13,27.29,88.49,1390297.98
REC-002703,BIZ-0113,3,2025,1216500.97,400885.51,57820.03,29.28,678.62,65.07,18828.07,385.47,80411.09,29.55,64.36,1675206.51
REC-002704,BIZ-0113,4,2025,943511.08,313509.48,45217.71,36.72,638.1,81.6,15954.5,301.45,84028.29,29.74,67.43,1302238.27
REC-002705,BIZ-0113,5,2025,1439358.59,479660.18,69181.76,32.85,670.69,73.0,21173.94,461.21,86615.63,31.14,87.74,1988200.53
REC-002706,BIZ-0113,6,2025,881502.26,442107.1,63765.45,34.12,643.88,75.82,15301.77,425.1,80775.56,30.7,64.76,1387374.81
REC-002707,BIZ-0113,7,2025,1122211.02,410917.0,59266.88,35.68,664.39,79.3,17835.55,395.11,85301.5,28.24,84.7,1592394.9
REC-002708,BIZ-0113,8,2025,845058.59,482110.19,69535.12,31.36,673.99,69.7,14918.15,463.57,77697.05,28.95,83.37,1396703.9
REC-002709,BIZ-0113,9,2025,944982.64,230161.76,33196.41,25.13,663.85,55.85,15969.99,221.31,73038.78,25.61,66.94,1208340.81
REC-002710,BIZ-0113,10,2025,1291925.05,198491.7,28628.61,22.2,694.35,49.34,19622.01,190.86,74641.07,26.83,83.31,1519045.36
REC-002711,BIZ-0113,11,2025,1164980.7,327723.98,47267.88,27.55,658.48,61.22,18285.75,315.12,78115.66,26.25,81.81,1539972.56
REC-002712,BIZ-0113,12,2025,820029.21,414650.25,59805.33,34.64,666.71,76.98,14654.69,398.7,80493.54,26.82,64.53,1294484.79
REC-002713,BIZ-0114,1,2024,811528.54,1003843.08,64348.92,58.47,627.29,77.96,16458.81,857.99,178071.93,27.44,27.85,1879720.54
REC-002714,BIZ-0114,2,2024,883646.09,1240256.43,79503.62,76.93,557.17,102.58,17217.94,1060.05,205584.82,26.91,21.22,2203406.14
REC-002715,BIZ-0114,3,2024,932306.81,634516.53,40674.14,47.16,642.37,62.88,17730.16,542.32,165030.51,29.58,22.22,1607497.48
REC-002716,BIZ-0114,4,2024,762152.88,1284723.41,82354.06,72.64,585.65,96.85,15939.06,1098.05,196758.97,29.87,23.07,2129230.35
REC-002717,BIZ-0114,5,2024,591152.38,669097.84,42890.89,48.87,640.09,65.16,14139.06,571.88,159522.05,31.68,29.24,1303141.11
REC-002718,BIZ-0114,6,2024,930160.48,613384.79,39319.54,35.67,634.94,47.56,17707.56,524.26,148894.05,30.35,38.24,1582864.81
REC-002719,BIZ-0114,7,2024,882555.48,1088015.98,69744.61,63.69,620.33,84.92,17206.46,929.93,187023.96,29.03,26.01,2040316.07
REC-002720,BIZ-0114,8,2024,1090447.05,1638610.25,105039.12,71.71,609.64,95.61,19394.79,1400.52,203058.93,27.65,44.97,2834096.42
REC-002721,BIZ-0114,9,2024,639585.35,773962.56,49612.98,36.71,633.55,48.95,14648.88,661.51,143621.11,27.6,33.15,1463160.89
REC-002722,BIZ-0114,10,2024,756862.12,1316265.83,84376.01,59.52,625.89,79.36,15883.37,1125.01,178268.71,26.86,41.63,2157503.96
REC-002723,BIZ-0114,11,2024,746104.18,1595469.84,102273.71,69.5,589.84,92.66,15770.13,1363.65,191990.98,26.5,38.46,2443847.73
REC-002724,BIZ-0114,12,2024,846334.25,1120446.62,71823.5,76.67,603.02,102.23,16825.18,957.65,204356.38,26.18,33.69,2038604.37
REC-002725,BIZ-0114,1,2025,699509.56,1069840.99,68579.55,65.33,618.15,87.1,15279.66,914.39,185073.68,26.02,37.95,1837930.1
REC-002726,BIZ-0114,2,2025,666558.06,1045454.64,67016.32,53.25,565.99,71.01,14932.8,893.55,167407.8,27.38,36.82,1779029.02
REC-002727,BIZ-0114,3,2025,952360.85,1013706.2,64981.17,66.27,616.9,88.35,17941.25,866.42,192242.07,29.79,33.04,2031048.22
REC-002728,BIZ-0114,4,2025,1010155.81,934199.48,59884.58,70.63,588.33,94.17,18549.62,798.46,199688.88,29.68,20.52,2004239.87
REC-002729,BIZ-0114,5,2025,876171.06,890675.52,57094.58,38.82,653.48,51.77,17139.25,761.26,152060.7,31.03,41.13,1823941.16
REC-002730,BIZ-0114,6,2025,588706.35,1201173.66,76998.31,52.77,612.14,70.36,14113.31,1026.64,164929.34,29.57,31.55,1866878.32
REC-002731,BIZ-0114,7,2025,1069128.6,784697.39,50301.11,51.97,635.96,69.29,19170.39,670.68,174927.48,29.57,23.92,1904127.1
REC-002732,BIZ-0114,8,2025,980530.21,1103707.26,70750.47,68.9,613.38,91.87,18237.77,943.34,196589.82,28.9,24.66,2154987.94
REC-002733,BIZ-0114,9,2025,636450.67,1536463.56,98491.25,75.94,581.24,101.26,14615.88,1313.22,198473.13,26.85,24.67,2271405.48
REC-002734,BIZ-0114,10,2025,738948.63,1577409.07,101115.97,72.36,608.76,96.49,15694.81,1348.21,195838.97,26.24,31.75,2417473.67
REC-002735,BIZ-0114,11,2025,937473.38,938131.33,60136.62,78.42,577.94,104.56,17784.54,801.82,208911.72,25.53,44.0,1935741.33
REC-002736,BIZ-0114,12,2025,654951.96,1203846.95,77169.68,67.75,614.92,90.33,14810.63,1028.93,187431.36,25.18,22.72,1935968.59
REC-002737,BIZ-0115,1,2024,8756374.92,1289753.37,39162.55,34.58,424.59,49.4,103763.17,1044.33,435480.48,27.54,64.64,10085290.84
REC-002738,BIZ-0115,2,2024,7223107.49,1604060.22,48706.28,42.2,383.13,60.28,87623.51,1298.83,411888.03,28.47,78.58,8875873.99
REC-002739,BIZ-0115,3,2024,6382284.15,1782202.9,54115.47,38.59,418.86,55.13,78772.74,1443.08,381831.03,30.43,65.2,8218602.52
REC-002740,BIZ-0115,4,2024,7993988.89,2500783.91,75934.73,56.77,377.6,81.1,95738.05,2024.93,464236.83,30.94,61.8,10570707.53
REC-002741,BIZ-0115,5,2024,9873173.35,1650464.53,50115.32,67.49,377.57,96.42,115518.94,1336.41,537278.54,29.59,80.5,11573753.2
REC-002742,BIZ-0115,6,2024,7910817.17,1796696.36,54555.56,71.05,357.2,101.5,94862.56,1454.81,493469.11,30.67,70.92,9762069.09
REC-002743,BIZ-0115,7,2024,6921856.56,1266569.22,38458.58,32.48,427.59,46.4,84452.45,1025.56,382586.05,28.17,89.15,8226884.36
REC-002744,BIZ-0115,8,2024,8205203.41,1785653.18,54220.24,76.97,364.03,109.96,97961.36,1445.87,514243.42,27.98,59.71,10045076.83
REC-002745,BIZ-0115,9,2024,5346343.31,1308652.22,39736.4,32.11,412.83,45.87,67868.1,1059.64,340310.92,26.53,56.22,6694731.93
REC-002746,BIZ-0115,10,2024,10200584.5,1882642.6,57165.26,76.58,364.59,109.4,118965.37,1524.41,565888.72,26.46,72.38,12140392.36
REC-002747,BIZ-0115,11,2024,9664857.5,2226968.97,67620.52,63.29,368.28,90.42,113326.14,1803.21,522562.19,26.61,85.04,11959446.99
REC-002748,BIZ-0115,12,2024,6681229.53,1238121.44,37594.78,29.3,432.13,41.86,81919.53,1002.53,369263.0,24.66,86.9,7956945.75
REC-002749,BIZ-0115,1,2025,7260611.54,2357833.39,71594.13,54.94,395.51,78.48,88018.29,1909.18,440907.74,26.96,66.71,9690039.06
REC-002750,BIZ-0115,2,2025,8301751.92,1683848.5,51129.0,44.36,364.75,63.37,98977.66,1363.44,445033.4,28.06,55.46,10036729.42
REC-002751,BIZ-0115,3,2025,9915731.72,2628749.3,79820.32,57.21,392.26,81.73,115966.92,2128.54,515773.88,29.24,80.52,12624301.34
REC-002752,BIZ-0115,4,2025,10710252.41,1956695.79,59413.84,61.33,371.09,87.61,124330.3,1584.37,545742.76,31.14,87.08,12726362.04
REC-002753,BIZ-0115,5,2025,9994387.64,1178725.24,35791.25,31.74,428.65,45.34,116794.88,954.43,461807.16,30.76,67.1,11208904.13
REC-002754,BIZ-0115,6,2025,9286728.56,1399845.03,42505.42,56.18,378.45,80.25,109345.84,1133.48,496952.63,30.91,85.48,10729079.01
REC-002755,BIZ-0115,7,2025,7817432.41,1025195.23,31129.41,44.8,409.98,64.01,93879.56,830.12,433268.95,28.75,63.1,8873757.05
REC-002756,BIZ-0115,8,2025,6673530.52,1774709.45,53887.94,67.93,376.94,97.05,81838.49,1437.01,454047.45,27.13,89.89,8502127.91
REC-002757,BIZ-0115,9,2025,6121890.22,1154156.4,35045.23,39.77,401.89,56.81,76031.75,934.54,377566.72,26.07,76.07,7311091.85
REC-002758,BIZ-0115,10,2025,6247082.55,1211064.62,36773.22,29.79,431.44,42.55,77349.56,980.62,358906.76,25.45,57.69,7494920.39
REC-002759,BIZ-0115,11,2025,7670409.44,1725506.78,52393.93,74.09,352.85,105.85,92331.95,1397.17,493833.86,26.05,59.55,9448310.15
REC-002760,BIZ-0115,12,2025,8806682.51,1797460.04,54578.75,39.64,417.35,56.64,104292.72,1455.43,447950.33,25.52,55.74,10658721.3
REC-002761,BIZ-0116,1,2024,2164072.89,77022.47,19044.02,15.18,223.54,43.37,32084.51,84.64,52016.39,26.58,90.92,2260139.38
REC-002762,BIZ-0116,2,2024,2176552.57,211406.37,52270.81,21.79,187.44,62.25,32215.88,232.31,55755.45,28.59,73.65,2440229.75
REC-002763,BIZ-0116,3,2024,2158000.55,85309.66,21093.05,12.69,230.65,36.26,32020.6,93.75,50596.43,30.15,61.77,2264403.26
REC-002764,BIZ-0116,4,2024,2210017.23,108460.89,26817.25,13.08,220.92,37.38,32568.14,119.19,51250.7,30.42,86.18,2345295.37
REC-002765,BIZ-0116,5,2024,1373409.34,192359.33,47561.37,22.01,204.03,62.88,23761.74,211.38,49112.91,29.47,90.09,1613330.04
REC-002766,BIZ-0116,6,2024,1015720.62,104021.03,25719.48,13.77,218.96,39.34,19996.6,114.31,41570.36,29.57,70.9,1145461.13
REC-002767,BIZ-0116,7,2024,1781663.75,127632.29,31557.44,14.64,225.07,41.84,28059.16,140.26,48500.98,29.1,63.48,1940853.48
REC-002768,BIZ-0116,8,2024,312986.88,91415.8,22602.81,15.26,223.31,43.6,12599.4,100.46,36472.93,28.35,29.05,427005.49
REC-002769,BIZ-0116,9,2024,1202958.93,96657.22,23898.76,21.12,197.96,60.34,21967.53,106.22,47188.74,27.35,61.29,1323514.91
REC-002770,BIZ-0116,10,2024,1218406.33,83702.59,20695.7,11.7,233.48,33.43,22130.13,91.98,42139.34,25.9,74.32,1322804.62
REC-002771,BIZ-0116,11,2024,2267998.67,43935.68,10863.22,9.15,232.16,26.14,33178.47,48.28,49575.17,25.9,77.61,2322797.57
REC-002772,BIZ-0116,12,2024,747647.16,64233.62,15881.94,7.84,244.51,22.4,17174.77,70.59,36052.4,25.2,32.39,827762.72
REC-002773,BIZ-0116,1,2025,1881958.84,50831.49,12568.23,7.75,244.77,22.14,29114.89,55.86,45553.31,26.63,82.21,1945358.56
REC-002774,BIZ-0116,2,2025,2184202.28,63743.22,15760.69,11.5,208.22,32.86,32296.4,70.05,50162.56,28.15,82.64,2263706.19
REC-002775,BIZ-0116,3,2025,2554998.49,88252.26,21820.61,16.18,220.68,46.23,36199.52,96.98,55858.98,28.09,91.85,2665071.36
REC-002776,BIZ-0116,4,2025,1974323.89,147275.91,36414.37,16.86,210.13,48.17,30087.16,161.84,51342.13,30.78,82.6,2158014.17
REC-002777,BIZ-0116,5,2025,2114584.46,88303.98,21833.4,11.67,233.57,33.34,31563.58,97.04,49668.53,30.67,72.03,2224721.84
REC-002778,BIZ-0116,6,2025,2097371.0,175194.16,43317.24,17.68,207.78,50.52,31382.39,192.52,52831.51,30.42,79.21,2315882.4
REC-002779,BIZ-0116,7,2025,1483587.44,101059.14,24987.15,15.43,222.82,44.09,24921.51,111.05,46423.94,29.14,88.45,1609633.73
REC-002780,BIZ-0116,8,2025,390044.72,62383.01,15424.37,12.2,232.04,34.87,13410.53,68.55,35440.12,27.72,40.71,467852.1
REC-002781,BIZ-0116,9,2025,1398212.89,165326.7,40877.48,16.75,210.45,47.85,24022.83,181.68,46428.48,25.6,76.01,1604417.07
REC-002782,BIZ-0116,10,2025,1157901.31,87340.07,21595.07,9.91,238.59,28.32,21493.23,95.98,40646.76,25.1,65.6,1266836.45
REC-002783,BIZ-0116,11,2025,1111651.76,150434.32,37195.3,22.26,194.69,63.61,21006.4,165.31,47050.03,26.27,69.42,1299281.38
REC-002784,BIZ-0116,12,2025,524794.88,179397.76,44356.59,18.02,215.42,51.49,14828.96,197.14,39774.12,25.98,40.5,748549.23
REC-002785,BIZ-0117,1,2024,2473208.23,1638075.15,105004.82,70.98,619.9,94.65,30524.17,1400.06,226531.95,26.69,29.95,4216288.2
REC-002786,BIZ-0117,2,2024,3260766.75,1110261.93,71170.64,48.84,603.33,65.12,38814.26,948.94,213764.87,26.87,31.05,4442199.32
REC-002787,BIZ-0117,3,2024,2647512.92,1245240.89,79823.13,66.42,625.99,88.56,32358.96,1064.31,224177.21,29.79,33.0,3972576.94
REC-002788,BIZ-0117,4,2024,3461303.11,898991.18,57627.64,40.5,637.5,54.0,40925.17,768.37,206739.57,29.83,26.1,4417921.93
REC-002789,BIZ-0117,5,2024,3719740.55,1645207.21,105462.0,74.12,615.73,98.82,43645.56,1406.16,259782.17,31.12,40.9,5470409.76
REC-002790,BIZ-0117,6,2024,2626525.77,807105.92,51737.56,40.69,637.24,54.26,32138.04,689.83,187676.33,31.27,42.18,3485369.25
REC-002791,BIZ-0117,7,2024,3000300.99,1008549.09,64650.58,75.14,614.37,100.18,36072.52,862.01,244551.86,29.51,28.53,4073500.66
REC-002792,BIZ-0117,8,2024,3147699.82,813430.76,52143.0,54.91,641.33,73.22,37624.08,695.24,219653.42,28.22,28.97,4013273.58
REC-002793,BIZ-0117,9,2024,2787984.27,672621.19,43116.74,53.59,620.05,71.45,33837.6,574.89,209465.35,27.43,29.56,3503722.2
REC-002794,BIZ-0117,10,2024,2807660.12,1066456.5,68362.6,54.52,641.86,72.69,34044.72,911.5,211219.72,26.63,20.37,3942479.22
REC-002795,BIZ-0117,11,2024,2496430.54,1094273.07,70145.71,59.51,612.15,79.35,30768.62,935.28,211011.4,25.95,23.64,3660849.32
REC-002796,BIZ-0117,12,2024,2731620.55,639111.63,40968.69,43.11,657.07,57.48,33244.3,546.25,193494.25,26.99,38.76,3411700.87
REC-002797,BIZ-0117,1,2025,3253130.3,863339.22,55342.26,48.9,649.35,65.2,38733.88,737.9,213672.72,26.85,26.02,4171811.78
REC-002798,BIZ-0117,2,2025,2280673.73,1392656.64,89272.86,80.51,538.05,107.35,28497.49,1190.3,235411.42,28.3,21.01,3762603.23
REC-002799,BIZ-0117,3,2025,3249698.34,893589.84,57281.4,54.92,641.32,73.23,38697.75,763.75,222022.49,28.59,20.16,4200569.58
REC-002800,BIZ-0117,4,2025,2339533.45,1534740.65,98380.81,74.39,592.31,99.19,29117.07,1311.74,228208.28,31.09,21.57,3972654.91
REC-002801,BIZ-0117,5,2025,3073179.03,1147081.19,73530.85,73.45,616.62,97.93,36839.65,980.41,243874.15,30.51,21.88,4293791.07
REC-002802,BIZ-0117,6,2025,2528483.07,661002.86,42371.98,36.98,642.2,49.3,31106.01,564.96,180202.91,31.29,41.36,3231857.91
REC-002803,BIZ-0117,7,2025,2669764.32,1376335.03,88226.6,63.32,630.13,84.42,32593.18,1176.35,220350.93,29.52,26.98,4134325.95
REC-002804,BIZ-0117,8,2025,3294331.87,1349920.65,86533.37,75.82,613.46,101.09,39167.58,1153.78,252311.49,27.57,31.33,4730785.89
REC-002805,BIZ-0117,9,2025,3285480.35,790336.89,50662.62,64.32,605.75,85.75,39074.4,675.5,236004.91,27.64,43.74,4126479.86
REC-002806,BIZ-0117,10,2025,2724234.21,1304897.75,83647.29,77.42,611.33,103.22,33166.55,1115.3,241349.19,25.52,35.94,4112779.25
REC-002807,BIZ-0117,11,2025,2398508.65,1758544.25,112727.2,79.72,585.21,106.29,29737.86,1503.03,237028.33,25.74,29.77,4269780.1
REC-002808,BIZ-0117,12,2025,2936791.8,533389.24,34191.62,40.09,661.1,53.45,35404.0,455.89,194013.26,26.38,39.07,3504372.66
REC-002809,BIZ-0118,1,2024,1350456.04,117482.1,29047.77,14.75,247.71,42.14,21234.13,129.1,43100.07,25.6,85.56,1496985.91
REC-002810,BIZ-0118,2,2024,594082.59,79792.11,19728.82,9.54,243.91,27.24,13272.3,87.68,33862.26,27.94,72.3,693603.52
REC-002811,BIZ-0118,3,2024,876987.98,98247.87,24292.06,13.26,251.97,37.88,16250.25,107.96,38291.63,29.49,84.61,999527.91
REC-002812,BIZ-0118,4,2024,718635.68,59290.28,14659.69,10.19,251.38,29.12,14583.39,65.15,35272.31,30.25,62.15,792585.65
REC-002813,BIZ-0118,5,2024,982671.88,100156.26,24763.91,18.26,237.68,52.17,17362.71,110.06,41933.16,31.55,90.53,1107592.05
REC-002814,BIZ-0118,6,2024,747289.74,77616.11,19190.8,15.58,235.99,44.51,14885.01,85.29,38476.34,29.79,90.75,844096.65
REC-002815,BIZ-0118,7,2024,1516986.87,48943.58,12101.44,9.59,262.46,27.39,22987.08,53.78,41662.68,28.08,87.19,1578031.89
REC-002816,BIZ-0118,8,2024,76927.07,110071.68,27215.52,18.82,236.08,53.77,7828.56,120.96,34612.65,28.25,27.01,214214.27
REC-002817,BIZ-0118,9,2024,713543.61,113739.88,28122.5,14.81,238.19,42.31,14529.79,124.99,37768.25,26.78,81.43,855405.99
REC-002818,BIZ-0118,10,2024,723328.59,66972.75,16559.2,8.17,266.5,23.35,14632.79,73.6,34200.16,25.46,63.88,806860.54
REC-002819,BIZ-0118,11,2024,580831.35,205243.9,50747.12,22.14,217.24,63.26,13132.81,225.54,40682.97,25.01,68.47,836822.37
REC-002820,BIZ-0118,12,2024,235976.11,148307.41,36669.41,15.04,246.89,42.96,9502.76,162.98,33872.41,25.41,29.03,420952.93
REC-002821,BIZ-0118,1,2025,1491324.48,60796.78,15032.17,10.72,259.21,30.64,22716.95,66.81,42072.31,25.78,68.81,1567153.43
REC-002822,BIZ-0118,2,2025,958863.73,46348.54,11459.8,8.71,236.93,24.87,17112.1,50.93,36477.68,27.4,63.25,1016672.07
REC-002823,BIZ-0118,3,2025,1287624.98,53922.87,13332.58,9.68,262.19,27.66,20572.75,59.26,39783.58,29.16,85.31,1354880.43
REC-002824,BIZ-0118,4,2025,619336.42,133132.9,32917.47,14.74,238.38,42.12,13538.13,146.3,36938.78,29.0,65.17,785386.79
REC-002825,BIZ-0118,5,2025,1159383.64,107022.52,26461.61,11.11,258.1,31.75,19222.84,117.61,39490.04,30.59,65.84,1292867.77
REC-002826,BIZ-0118,6,2025,931275.08,177261.12,43828.3,20.07,223.16,57.34,16821.7,194.79,42495.04,29.97,78.32,1152364.5
REC-002827,BIZ-0118,7,2025,1320884.95,120065.8,29686.6,20.65,230.85,59.0,20922.85,131.94,46095.06,29.7,74.01,1470637.35
REC-002828,BIZ-0118,8,2025,90549.92,113635.5,28096.69,15.12,246.66,43.19,7971.96,124.87,32691.35,28.77,30.5,232282.11
REC-002829,BIZ-0118,9,2025,880197.72,112190.81,27739.49,16.02,234.74,45.76,16284.04,123.29,39835.87,27.94,73.07,1020128.02
REC-002830,BIZ-0118,10,2025,1250584.84,125026.12,30913.05,15.58,245.34,44.51,20182.85,137.39,42713.86,26.41,75.77,1406524.01
REC-002831,BIZ-0118,11,2025,733467.51,70975.3,17548.84,14.53,238.98,41.52,14739.51,77.99,37785.07,25.27,89.67,821991.65
REC-002832,BIZ-0118,12,2025,533974.34,135852.13,33589.81,15.16,246.53,43.32,12639.58,149.29,36451.24,26.7,34.15,703416.28
REC-002833,BIZ-0119,1,2024,10254295.01,1207411.25,36662.28,61.06,667.67,76.33,117951.55,977.66,425815.67,27.61,72.4,11498368.54
REC-002834,BIZ-0119,2,2024,8250120.93,1723781.36,52341.54,59.56,621.55,74.45,96854.98,1395.77,380919.78,28.38,76.44,10026243.83
REC-002835,BIZ-0119,3,2024,11110778.24,1859068.51,56449.45,60.5,668.38,75.62,126967.16,1505.32,442831.2,28.26,82.23,13026296.2
REC-002836,BIZ-0119,4,2024,8309712.66,1487970.61,45181.29,54.83,651.46,68.54,97482.26,1204.83,373667.31,30.26,83.63,9842864.56
REC-002837,BIZ-0119,5,2024,11511863.76,1704821.94,51765.85,49.76,681.8,62.2,131189.11,1380.42,431939.07,31.06,85.59,13268451.55
REC-002838,BIZ-0119,6,2024,11965799.73,2780999.68,84443.31,82.28,617.15,102.85,135967.39,2251.82,500035.05,29.3,86.76,14831242.72
REC-002839,BIZ-0119,7,2024,10709669.73,1492504.57,45318.96,53.17,677.53,66.47,122744.97,1208.51,421200.02,29.39,85.89,12247493.26
REC-002840,BIZ-0119,8,2024,11405516.83,1819244.52,55240.22,93.37,627.28,116.72,130069.67,1473.07,508210.5,28.1,92.37,13280001.57
REC-002841,BIZ-0119,9,2024,11139097.66,2728496.31,82849.08,93.28,603.4,116.6,127265.26,2209.31,502431.64,27.75,94.12,13950443.05
REC-002842,BIZ-0119,10,2024,9554044.97,2382760.34,72351.02,80.27,643.66,100.34,110580.49,1929.36,445655.23,25.19,93.89,12009156.33
REC-002843,BIZ-0119,11,2024,10591072.4,1573916.67,47790.99,56.7,649.13,70.87,121496.57,1274.43,425045.38,24.9,97.2,12212780.06
REC-002844,BIZ-0119,12,2024,9884351.98,818994.96,24868.27,43.7,689.38,54.62,114057.41,663.15,386769.36,26.67,87.85,10728215.21
REC-002845,BIZ-0119,1,2025,9702234.07,2842967.2,86324.92,93.9,626.63,117.37,112140.38,2302.0,473293.7,26.38,88.28,12631526.19
REC-002846,BIZ-0119,2,2025,7954643.57,1959049.63,59485.31,91.72,557.34,114.66,93744.69,1586.28,432593.24,26.89,89.03,9973178.51
REC-002847,BIZ-0119,3,2025,9743333.34,2393633.97,72681.19,70.2,656.25,87.75,112573.0,1938.17,431504.43,29.36,83.64,12209648.5
REC-002848,BIZ-0119,4,2025,10039111.22,1142633.92,34695.36,61.31,643.37,76.63,115686.45,925.21,421722.1,29.41,96.28,11216440.5
REC-002849,BIZ-0119,5,2025,11140591.13,1833237.96,55665.12,65.84,661.7,82.3,127280.98,1484.4,453071.68,30.77,90.7,13029494.21
REC-002850,BIZ-0119,6,2025,11679923.23,1792627.04,54432.0,72.18,629.78,90.22,132958.16,1451.52,475835.28,30.15,86.09,13526982.27
REC-002851,BIZ-0119,7,2025,11636406.2,1238629.56,37610.21,47.25,684.94,59.06,132500.09,1002.94,430052.51,29.24,93.98,12912645.97
REC-002852,BIZ-0119,8,2025,7948105.71,1732810.77,52615.71,76.03,648.97,95.03,93675.87,1403.09,404196.95,27.27,97.85,9733532.19
REC-002853,BIZ-0119,9,2025,8178157.45,1604944.12,48733.12,75.01,626.24,93.76,96097.47,1299.55,407215.11,26.81,82.36,9831834.69
REC-002854,BIZ-0119,10,2025,7441405.45,2119301.31,64351.25,90.1,631.37,112.63,88342.18,1716.03,418871.81,24.76,79.0,9625058.01
REC-002855,BIZ-0119,11,2025,9972744.78,2126943.48,64583.3,78.39,622.01,97.99,114987.86,1722.22,451085.45,26.69,81.9,12164271.56
REC-002856,BIZ-0119,12,2025,8368434.06,2162799.68,65672.06,70.34,656.08,87.92,98100.38,1751.25,402811.18,24.71,75.25,10596905.8
REC-002857,BIZ-0120,1,2024,1709517.53,1292498.37,82852.46,79.29,637.96,105.73,24572.12,1104.7,225069.92,26.37,29.36,3084868.36
REC-002858,BIZ-0120,2,2024,1768328.98,1112799.57,71333.31,73.49,597.72,97.99,25191.19,951.11,218309.83,28.22,24.9,2952461.86
REC-002859,BIZ-0120,3,2024,1660429.06,1101212.86,70590.57,59.72,664.06,79.63,24055.4,941.21,196528.87,29.58,35.85,2832232.49
REC-002860,BIZ-0120,4,2024,2302004.77,1061954.51,68074.01,75.98,618.39,101.31,30808.83,907.65,234153.86,29.61,29.78,3432033.29
REC-002861,BIZ-0120,5,2024,2523388.78,685737.89,43957.56,50.33,676.58,67.11,33139.19,586.1,203373.91,31.61,43.09,3253084.23
REC-002862,BIZ-0120,6,2024,1853885.19,935060.36,59939.77,59.74,640.05,79.65,26091.78,799.2,201031.92,29.16,37.01,2848885.32
REC-002863,BIZ-0120,7,2024,2377762.85,689764.11,44215.65,50.49,676.37,67.32,31606.28,589.54,200217.51,30.42,32.08,3111742.61
REC-002864,BIZ-0120,8,2024,2033069.97,1088005.46,69743.94,76.08,642.25,101.44,27977.94,929.92,228065.28,28.18,30.09,3190819.37
REC-002865,BIZ-0120,9,2024,1907309.71,1040291.62,66685.36,44.65,660.17,59.53,26654.14,889.14,181146.65,26.82,39.54,3014286.69
REC-002866,BIZ-0120,10,2024,1880070.13,1177847.88,75503.07,51.58,674.91,68.78,26367.41,1006.71,190224.44,25.85,34.0,3133421.08
REC-002867,BIZ-0120,11,2024,1811603.5,1165137.95,74688.33,75.19,619.44,100.26,25646.71,995.84,221693.61,25.48,26.57,3051429.78
REC-002868,BIZ-0120,12,2024,2290415.57,704974.31,45190.66,47.76,680.02,63.67,30686.84,602.54,194369.59,26.1,38.9,3040580.54
REC-002869,BIZ-0120,1,2025,2040788.02,1695999.1,108717.89,76.54,641.64,102.05,28059.18,1449.57,228886.64,25.57,27.67,3845505.01
REC-002870,BIZ-0120,2,2025,2183168.3,1464892.08,93903.34,78.3,567.32,104.4,29557.92,1252.04,234649.76,28.78,21.86,3741963.72
REC-002871,BIZ-0120,3,2025,2212277.14,723269.21,46363.41,50.01,677.01,66.68,29864.33,618.18,195720.75,28.45,24.98,2981909.76
REC-002872,BIZ-0120,4,2025,1774045.21,674585.64,43242.67,52.98,649.06,70.64,25251.36,576.57,189729.72,30.87,22.15,2491873.52
REC-002873,BIZ-0120,5,2025,2197412.32,620780.52,39793.62,43.61,685.54,58.15,29707.86,530.58,186414.07,30.0,22.69,2857986.46
REC-002874,BIZ-0120,6,2025,1734107.67,1095690.1,70236.55,54.2,647.43,72.27,24830.96,936.49,190507.89,29.38,35.48,2900034.32
REC-002875,BIZ-0120,7,2025,2171193.62,856283.26,54889.95,55.56,669.61,74.08,29431.87,731.87,202530.17,30.33,22.43,3082366.83
REC-002876,BIZ-0120,8,2025,2428469.1,895314.85,57391.98,41.05,688.96,54.73,32140.03,765.23,188174.18,26.84,35.52,3381175.93
REC-002877,BIZ-0120,9,2025,2171087.5,789714.95,50622.75,38.0,669.04,50.66,29430.75,674.97,177944.76,27.48,27.09,3011425.2
REC-002878,BIZ-0120,10,2025,1970880.13,1634812.07,104795.65,82.38,633.85,109.84,27323.31,1397.28,235447.03,25.06,29.57,3710487.85
REC-002879,BIZ-0120,11,2025,2083246.38,1531167.86,98151.79,74.45,620.43,99.27,28506.11,1308.69,226946.19,25.56,34.04,3712566.03
REC-002880,BIZ-0120,12,2025,1691661.48,1072071.36,68722.52,58.82,665.26,78.43,24384.16,916.3,195993.12,24.65,29.02,2832455.36
REC-002881,BIZ-0121,1,2024,1404415.01,802410.13,115732.23,64.83,476.84,86.43,14783.32,771.55,109324.61,27.39,75.27,2322557.37
REC-002882,BIZ-0121,2,2024,1239305.67,959395.48,138374.35,65.67,439.37,87.56,13045.32,922.5,108037.35,28.99,87.6,2337075.5
REC-002883,BIZ-0121,3,2024,1375141.12,502014.69,72405.96,48.48,498.63,64.64,14475.17,482.71,93426.43,29.45,75.71,1949561.77
REC-002884,BIZ-0121,4,2024,1350465.14,732018.72,105579.62,47.3,482.04,63.06,14215.42,703.86,91989.8,31.04,66.56,2188063.48
REC-002885,BIZ-0121,5,2024,1341791.93,643433.13,92802.85,56.48,487.96,75.31,14124.13,618.69,100606.49,31.44,71.23,2078027.91
REC-002886,BIZ-0121,6,2024,1463926.78,635065.19,91595.94,60.97,463.81,81.29,15409.76,610.64,106408.48,29.84,90.6,2190587.91
REC-002887,BIZ-0121,7,2024,1286497.08,277937.17,40087.09,31.14,521.74,41.53,13542.07,267.25,75837.89,29.25,72.05,1604521.34
REC-002888,BIZ-0121,8,2024,1049860.92,541407.84,78087.67,64.72,476.98,86.29,11051.17,520.58,104744.17,28.46,94.52,1669356.43
REC-002889,BIZ-0121,9,2024,1093550.27,662350.53,95531.33,52.62,474.95,70.15,11511.06,636.88,93798.05,25.64,67.15,1851432.13
REC-002890,BIZ-0121,10,2024,1051192.51,756144.18,109059.26,52.76,492.92,70.35,11065.18,727.06,93399.59,26.74,64.4,1916395.95
REC-002891,BIZ-0121,11,2024,1098110.62,386995.18,55816.61,39.34,492.64,52.46,11559.06,372.11,81245.58,26.68,65.82,1540922.41
REC-002892,BIZ-0121,12,2024,1234930.33,598108.42,86265.64,52.38,493.43,69.84,12999.27,575.1,95358.68,25.41,77.86,1919304.39
REC-002893,BIZ-0121,1,2025,1140637.11,459717.55,66305.42,37.98,512.63,50.64,12006.71,442.04,80489.02,27.32,84.51,1666660.08
REC-002894,BIZ-0121,2,2025,1277457.39,522926.15,75422.04,55.82,434.34,74.42,13446.92,502.81,99160.95,28.28,74.73,1875805.58
REC-002895,BIZ-0121,3,2025,1530208.09,649572.28,93688.31,43.7,505.0,58.27,16107.45,624.59,90845.59,30.36,84.78,2273468.68
REC-002896,BIZ-0121,4,2025,1208265.7,595666.26,85913.4,43.3,487.37,57.73,12718.59,572.76,86395.19,30.86,85.74,1889845.36
REC-002897,BIZ-0121,5,2025,1558203.11,829822.15,119685.89,55.28,489.57,73.7,16402.14,797.91,102195.69,29.61,89.92,2507711.15
REC-002898,BIZ-0121,6,2025,1091936.93,502208.51,72433.92,35.26,498.09,47.01,11494.07,482.89,77290.45,29.66,93.34,1666579.36
REC-002899,BIZ-0121,7,2025,1097984.58,457704.57,66015.08,31.77,520.92,42.35,11557.73,440.1,74047.16,29.75,88.66,1621704.23
REC-002900,BIZ-0121,8,2025,1427198.63,681074.25,98231.86,52.86,492.79,70.48,15023.14,654.88,98247.01,27.1,82.02,2206504.74
REC-002901,BIZ-0121,9,2025,1285272.47,759755.71,109580.15,62.78,461.4,83.7,13529.18,730.53,105872.35,27.05,63.95,2154608.33
REC-002902,BIZ-0121,10,2025,1080245.4,531300.88,76629.93,49.05,497.87,65.4,11371.0,510.87,90243.44,25.63,78.15,1688176.21
REC-002903,BIZ-0121,11,2025,1210476.16,728922.46,105133.05,55.38,471.26,73.84,12741.85,700.89,97900.63,25.58,87.31,2044531.67
REC-002904,BIZ-0121,12,2025,1116853.77,463781.72,66891.59,45.4,502.74,60.53,11756.36,445.94,87238.37,25.06,67.96,1647527.08
REC-002905,BIZ-0122,1,2024,1744310.38,950314.66,28855.71,47.6,684.5,59.5,33124.76,769.49,231924.72,27.89,86.61,2723480.75
REC-002906,BIZ-0122,2,2024,1464813.82,1415126.65,42969.43,45.05,639.68,56.32,30182.69,1145.85,221460.98,28.17,72.85,2922909.9
REC-002907,BIZ-0122,3,2024,2106615.52,1648650.16,50060.23,76.83,647.96,96.04,36938.5,1334.94,292170.93,30.1,91.29,3805325.91
REC-002908,BIZ-0122,4,2024,2531042.34,2719155.69,82565.46,80.22,619.72,100.28,41406.15,2201.75,307215.84,29.21,73.38,5332763.49
REC-002909,BIZ-0122,5,2024,2118238.95,1298374.65,39424.33,52.04,678.95,65.05,37060.85,1051.32,247800.61,30.85,76.56,3456037.93
REC-002910,BIZ-0122,6,2024,2271539.9,1489390.26,45224.4,72.62,629.22,90.78,38674.55,1205.98,288070.58,30.69,77.65,3806154.56
REC-002911,BIZ-0122,7,2024,1637603.74,1646004.01,49979.88,48.69,683.14,60.86,32001.53,1332.8,231646.39,30.06,72.76,3333587.63
REC-002912,BIZ-0122,8,2024,1929917.26,943785.55,28657.46,49.59,682.02,61.98,35078.52,764.2,239413.25,28.98,77.57,2902360.27
REC-002913,BIZ-0122,9,2024,2490862.69,996385.66,30254.63,44.22,664.72,55.28,40983.21,806.79,241562.99,26.58,80.5,3517502.98
REC-002914,BIZ-0122,10,2024,2493592.72,1372388.91,41671.73,58.21,671.24,72.76,41011.94,1111.25,266794.22,25.96,75.74,3907653.36
REC-002915,BIZ-0122,11,2024,2632080.97,1603529.93,48690.18,70.25,632.19,87.81,42469.72,1298.4,291387.92,26.61,92.52,4284301.08
REC-002916,BIZ-0122,12,2024,1479206.24,2038533.95,61898.8,80.59,643.26,100.74,30334.19,1650.63,285726.82,26.89,78.94,3579638.99
REC-002917,BIZ-0122,1,2025,1584109.27,1337175.38,40602.49,62.01,666.48,77.52,31438.43,1082.73,254499.51,27.33,84.82,2961887.14
REC-002918,BIZ-0122,2,2025,2508347.92,2443034.35,74181.21,72.35,581.57,90.43,41167.26,1978.17,292557.5,26.85,80.65,5025563.48
REC-002919,BIZ-0122,3,2025,1652748.79,2496017.5,75790.01,90.02,631.47,112.53,32160.96,2021.07,306363.72,29.25,90.6,4224556.3
REC-002920,BIZ-0122,4,2025,1567228.03,1792266.25,54421.04,71.98,630.03,89.97,31260.74,1451.23,272082.63,31.0,87.14,3413915.32
REC-002921,BIZ-0122,5,2025,2371938.99,2232360.75,67784.23,73.37,652.29,91.71,39731.38,1807.58,291529.05,29.69,80.61,4672083.97
REC-002922,BIZ-0122,6,2025,1925085.08,2502761.73,75994.79,79.64,620.45,99.55,35027.65,2026.53,293413.51,31.15,90.69,4503841.6
REC-002923,BIZ-0122,7,2025,2844867.44,1350089.47,40994.62,69.06,657.67,86.33,44709.57,1093.19,293728.79,28.38,96.73,4235951.53
REC-002924,BIZ-0122,8,2025,2760880.28,1121512.02,34054.01,47.54,684.57,59.43,43825.5,908.11,253230.4,26.87,89.56,3916446.31
REC-002925,BIZ-0122,9,2025,1486177.21,906970.0,27539.57,50.55,656.81,63.19,30407.57,734.39,231809.94,27.3,90.88,2420686.78
REC-002926,BIZ-0122,10,2025,2106505.78,2489705.28,75598.34,85.41,637.24,106.76,36937.35,2015.96,307606.64,24.74,91.79,4671809.4
REC-002927,BIZ-0122,11,2025,2557270.72,1878974.25,57053.87,64.55,639.31,80.69,41682.24,1521.44,279552.17,25.42,85.09,4493298.84
REC-002928,BIZ-0122,12,2025,2643963.01,1815818.03,55136.18,77.37,647.29,96.71,42594.79,1470.3,304458.25,26.3,90.77,4514917.22
REC-002929,BIZ-0123,1,2024,1633872.31,534048.22,77026.19,35.52,571.76,78.93,24097.46,513.51,92658.69,26.12,79.65,2244946.72
REC-002930,BIZ-0123,2,2024,1006136.82,249801.38,36029.05,16.18,572.76,35.95,17489.71,240.19,66357.79,28.7,88.85,1291967.25
REC-002931,BIZ-0123,3,2024,968837.98,421984.84,60863.2,29.92,584.19,66.5,17097.09,405.75,78943.82,28.62,74.8,1451686.02
REC-002932,BIZ-0123,4,2024,1225339.34,569837.03,82188.03,37.33,546.75,82.95,19797.11,547.92,89217.82,29.73,77.19,1877364.4
REC-002933,BIZ-0123,5,2024,1785664.19,252754.06,36454.91,18.07,610.54,40.15,25695.27,243.03,77996.87,31.39,80.83,2074873.16
REC-002934,BIZ-0123,6,2024,1653083.33,538044.76,77602.61,39.06,542.9,86.8,24299.68,517.35,96266.83,30.51,67.53,2268730.7
REC-002935,BIZ-0123,7,2024,1040035.12,330969.67,47736.01,22.61,600.44,50.25,17846.54,318.24,72895.64,29.64,65.05,1418740.8
REC-002936,BIZ-0123,8,2024,1452221.36,479580.07,69170.2,38.31,565.55,85.14,22185.34,461.13,93020.18,28.03,63.87,2000971.63
REC-002937,BIZ-0123,9,2024,1354703.96,358588.22,51719.46,28.12,567.21,62.49,21158.84,344.8,82106.19,27.93,64.73,1765011.64
REC-002938,BIZ-0123,10,2024,1378350.72,310209.41,44741.74,33.86,575.44,75.25,21407.75,298.28,87857.21,24.91,75.13,1733301.87
REC-002939,BIZ-0123,11,2024,1708029.04,446716.62,64430.28,39.51,541.89,87.81,24878.05,429.54,97390.84,24.68,90.6,2219175.94
REC-002940,BIZ-0123,12,2024,936305.6,460697.18,66446.71,34.84,573.26,77.43,16754.65,442.98,83205.08,26.44,66.61,1463449.49
REC-002941,BIZ-0123,1,2025,967500.95,330789.2,47709.98,38.35,565.46,85.23,17083.02,318.07,86935.74,25.83,74.63,1346000.13
REC-002942,BIZ-0123,2,2025,942395.2,332686.72,47983.66,24.24,533.86,53.86,16818.75,319.89,73208.35,28.28,63.05,1323065.58
REC-002943,BIZ-0123,3,2025,1129598.25,531767.5,76697.24,38.66,564.79,85.9,18789.31,511.31,89270.09,29.32,76.44,1738062.99
REC-002944,BIZ-0123,4,2025,1064960.9,247522.96,35700.43,25.16,573.78,55.92,18108.91,238.0,75634.62,29.48,71.69,1348184.29
REC-002945,BIZ-0123,5,2025,1395238.52,338701.68,48851.2,32.21,579.11,71.58,21585.52,325.67,86504.32,29.33,67.9,1782791.4
REC-002946,BIZ-0123,6,2025,1526160.89,180500.55,26033.73,20.11,585.01,44.69,22963.65,173.56,76660.31,30.22,66.94,1732695.17
REC-002947,BIZ-0123,7,2025,1227176.58,431997.48,62307.33,28.74,586.83,63.86,19816.45,415.38,81081.98,28.1,80.43,1721481.39
REC-002948,BIZ-0123,8,2025,1201822.45,241604.16,34846.75,19.08,608.29,42.4,19549.56,232.31,71587.56,28.86,81.02,1478273.36
REC-002949,BIZ-0123,9,2025,1442607.62,297569.25,42918.64,20.54,584.05,45.65,22084.14,286.12,76016.76,26.45,62.56,1783095.51
REC-002950,BIZ-0123,10,2025,1174376.61,502351.35,72454.52,35.33,572.19,78.5,19260.66,483.03,86673.1,27.02,73.55,1749182.48
REC-002951,BIZ-0123,11,2025,1518895.28,416993.91,60143.35,33.46,555.34,74.36,22887.17,400.96,89254.37,26.07,62.04,1996032.54
REC-002952,BIZ-0123,12,2025,1415443.38,504826.07,72811.45,36.13,570.4,80.29,21798.2,485.41,90482.74,25.46,87.71,1993080.9
REC-002953,BIZ-0124,1,2024,5529815.1,1330130.08,40388.57,29.34,518.29,53.35,58208.58,1077.03,310078.52,26.1,70.88,6900333.75
REC-002954,BIZ-0124,2,2024,6574146.36,1307048.21,39687.7,51.36,441.38,93.38,69201.54,1058.34,385993.71,28.12,73.89,7920882.27
REC-002955,BIZ-0124,3,2024,5283472.41,1319810.43,40075.22,50.59,479.65,91.99,55615.5,1068.67,350340.81,30.08,64.08,6643358.06
REC-002956,BIZ-0124,4,2024,5276729.26,1000123.77,30368.13,26.74,504.58,48.62,55544.52,809.82,297688.95,29.3,71.86,6307221.16
REC-002957,BIZ-0124,5,2024,6318034.53,1066016.69,32368.93,28.4,520.0,51.64,66505.63,863.17,328754.07,30.45,74.51,7416420.15
REC-002958,BIZ-0124,6,2024,5589761.62,1414324.77,42945.08,38.41,483.37,69.83,58839.6,1145.2,331598.03,30.03,80.25,7047031.47
REC-002959,BIZ-0124,7,2024,8194282.83,1934456.59,58738.56,42.45,494.47,77.17,86255.61,1566.36,409018.72,29.04,59.55,10187477.98
REC-002960,BIZ-0124,8,2024,8626575.71,1234729.35,37491.78,28.11,520.54,51.1,90806.06,999.78,388848.44,27.06,66.18,9898796.84
REC-002961,BIZ-0124,9,2024,7382923.01,1274898.29,38711.49,55.36,452.55,100.65,77714.98,1032.31,416076.13,27.07,55.27,8696532.79
REC-002962,BIZ-0124,10,2024,6110298.1,2606839.11,79155.03,56.85,468.28,103.36,64318.93,2110.8,385858.97,24.78,55.59,8796292.24
REC-002963,BIZ-0124,11,2024,6986775.36,1595466.35,48445.33,38.29,483.58,69.62,73545.0,1291.88,368106.63,25.65,81.89,8630687.04
REC-002964,BIZ-0124,12,2024,7246025.57,1601975.0,48642.97,51.97,477.15,94.49,76273.95,1297.15,405013.7,26.13,67.98,8896643.54
REC-002965,BIZ-0124,1,2025,9086406.18,1362534.36,41372.5,31.67,514.05,57.59,95646.38,1103.27,408799.47,26.23,84.52,10490313.04
REC-002966,BIZ-0124,2,2025,7059197.01,515489.62,15652.52,22.11,476.13,40.19,74307.34,417.4,334399.74,27.13,83.35,7590339.15
REC-002967,BIZ-0124,3,2025,7808336.46,730788.62,22189.94,26.72,523.06,48.58,82193.02,591.73,364269.88,28.19,59.15,8561315.02
REC-002968,BIZ-0124,4,2025,7041451.9,1028154.86,31219.28,30.85,497.11,56.09,74120.55,832.51,353169.74,30.9,80.78,8100826.04
REC-002969,BIZ-0124,5,2025,7440888.01,892115.44,27088.53,38.32,501.97,69.67,78325.14,722.36,380109.15,29.96,88.01,8360091.98
REC-002970,BIZ-0124,6,2025,7645284.92,898279.97,27275.71,36.1,487.56,65.64,80476.68,727.35,380612.57,29.0,58.41,8570840.6
REC-002971,BIZ-0124,7,2025,5734270.05,835233.85,25361.35,35.19,507.65,63.99,60360.74,676.3,328330.14,29.47,85.4,6594865.25
REC-002972,BIZ-0124,8,2025,6627831.09,610561.2,18539.31,25.91,524.52,47.12,69766.64,494.38,331427.76,27.0,72.79,7256931.6
REC-002973,BIZ-0124,9,2025,8700635.5,1563663.69,47479.67,53.3,456.29,96.91,91585.64,1266.12,446224.95,27.26,66.62,10311778.86
REC-002974,BIZ-0124,10,2025,7290291.59,953494.55,28952.26,29.68,517.68,53.96,76739.91,772.06,357146.97,26.96,88.39,8272738.4
REC-002975,BIZ-0124,11,2025,4897211.78,1195422.55,36298.26,38.75,482.74,70.46,51549.6,967.95,314126.63,24.57,61.88,6128932.59
REC-002976,BIZ-0124,12,2025,6901456.86,1813803.51,55075.01,49.08,482.4,89.24,72646.91,1468.67,389595.92,26.7,78.67,8770335.38
REC-002977,BIZ-0125,1,2024,1068176.0,135248.99,42015.22,16.01,325.47,40.02,15307.16,160.06,54166.15,26.74,61.75,1245440.21
REC-002978,BIZ-0125,2,2024,1193231.02,98019.18,30449.74,12.82,309.86,32.05,16623.53,116.0,53908.25,28.73,80.64,1321699.94
REC-002979,BIZ-0125,3,2024,1384990.42,157915.14,49056.48,26.01,300.46,65.03,18642.05,186.88,66172.49,30.3,85.42,1591962.04
REC-002980,BIZ-0125,4,2024,819661.1,68912.13,21407.61,14.33,317.88,35.82,12691.21,81.55,49067.72,29.32,66.66,909980.84
REC-002981,BIZ-0125,5,2024,798145.48,88396.44,27460.43,14.79,328.52,36.97,12464.73,104.61,49048.75,31.35,55.63,914002.35
REC-002982,BIZ-0125,6,2024,1242178.24,47139.79,14644.02,10.45,327.58,26.12,17138.76,55.79,53022.3,29.21,86.85,1303962.05
REC-002983,BIZ-0125,7,2024,1065414.22,148889.59,46252.68,18.41,319.46,46.03,15278.09,176.2,55805.85,28.33,69.75,1260556.49
REC-002984,BIZ-0125,8,2024,971044.65,106439.67,33065.58,14.25,329.87,35.62,14284.72,125.96,51400.08,26.89,79.72,1110549.9
REC-002985,BIZ-0125,9,2024,1161875.49,163032.76,50646.27,22.6,297.2,56.5,16293.47,192.94,60259.37,26.87,82.08,1375554.52
REC-002986,BIZ-0125,10,2024,978660.1,158868.86,49352.75,22.02,310.44,55.05,14364.89,188.01,56960.47,26.31,73.95,1186881.71
REC-002987,BIZ-0125,11,2024,890292.09,91908.95,28551.6,20.96,301.3,52.4,13434.7,108.77,54823.54,25.06,60.68,1010752.64
REC-002988,BIZ-0125,12,2024,1156468.03,153081.98,47555.05,18.94,318.13,47.36,16236.55,181.16,57615.83,26.05,76.34,1357105.06
REC-002989,BIZ-0125,1,2025,1076867.6,63119.91,19608.26,14.03,330.42,35.07,15398.65,74.7,52916.35,27.43,72.46,1159595.77
REC-002990,BIZ-0125,2,2025,847012.16,118266.01,36739.44,17.46,286.46,43.66,12979.12,139.96,51692.34,27.91,69.49,1002017.61
REC-002991,BIZ-0125,3,2025,1277788.64,131969.67,40996.49,27.2,297.49,68.0,17513.61,156.18,65309.11,29.85,58.37,1450754.8
REC-002992,BIZ-0125,4,2025,1166462.72,106944.25,33222.33,20.28,303.0,50.7,16341.75,126.56,58707.46,30.13,86.43,1306629.3
REC-002993,BIZ-0125,5,2025,1125614.28,98447.83,30582.9,13.8,331.0,34.49,15911.77,116.51,53525.44,31.29,80.15,1254645.01
REC-002994,BIZ-0125,6,2025,995391.66,95221.21,29580.55,20.23,303.12,50.58,14541.01,112.69,55974.14,30.2,74.5,1120193.42
REC-002995,BIZ-0125,7,2025,879608.89,132484.96,41156.57,24.81,303.48,62.01,13322.24,156.79,57347.44,29.52,81.63,1053250.42
REC-002996,BIZ-0125,8,2025,1420387.63,64195.04,19942.24,12.51,334.21,31.28,19014.65,75.97,57280.51,28.92,82.99,1504524.91
REC-002997,BIZ-0125,9,2025,1306525.28,117706.66,36565.68,25.2,290.71,62.99,17816.1,139.3,64361.71,25.67,70.2,1460797.62
REC-002998,BIZ-0125,10,2025,1224164.78,150667.02,46804.84,21.87,310.82,54.67,16949.15,178.3,60730.44,25.62,82.75,1421636.64
REC-002999,BIZ-0125,11,2025,1241092.74,171334.17,53225.11,26.23,288.11,65.59,17127.33,202.76,64055.4,25.89,63.56,1465652.02
REC-003000,BIZ-0125,12,2025,942407.0,154451.47,47980.49,22.63,308.91,56.58,13983.27,182.78,56817.8,26.97,57.76,1144838.96
REC-003001,BIZ-0126,1,2024,3556626.62,153477.82,37947.81,16.21,215.02,46.31,41842.17,168.66,60388.82,26.78,76.14,3748052.25
REC-003002,BIZ-0126,2,2024,2485060.63,67030.68,16573.52,7.35,223.46,21.01,30562.53,73.66,46494.18,28.95,62.67,2568664.83
REC-003003,BIZ-0126,3,2024,2359798.76,82157.86,20313.76,17.42,211.56,49.77,29243.99,90.28,50975.32,29.26,78.8,2462270.38
REC-003004,BIZ-0126,4,2024,2704474.82,79304.41,19608.23,13.28,214.94,37.96,32872.16,87.15,51604.08,30.93,62.26,2803387.46
REC-003005,BIZ-0126,5,2024,1978288.76,205395.5,50784.6,21.91,198.72,62.61,25228.09,225.71,50234.16,30.58,65.14,2234468.86
REC-003006,BIZ-0126,6,2024,2316422.44,221651.6,54803.97,22.48,188.67,64.23,28787.39,243.57,53393.91,30.22,83.6,2592878.01
REC-003007,BIZ-0126,7,2024,2907475.23,37390.95,9245.02,7.97,238.55,22.78,35009.0,41.09,50391.8,28.95,89.84,2954111.2
REC-003008,BIZ-0126,8,2024,1157567.98,158806.04,39265.23,17.5,211.33,50.0,16588.93,174.51,40895.43,28.1,33.03,1355639.25
REC-003009,BIZ-0126,9,2024,2697912.59,79115.65,19561.56,11.72,219.42,33.48,32803.08,86.94,50687.36,25.98,66.05,2796589.8
REC-003010,BIZ-0126,10,2024,3513014.81,109513.66,27077.55,15.05,218.34,42.99,41383.1,120.34,59382.14,26.47,81.38,3649606.02
REC-003011,BIZ-0126,11,2024,2033458.83,133551.98,33021.09,17.56,202.73,50.17,25808.83,146.76,48304.51,26.26,68.65,2200031.9
REC-003012,BIZ-0126,12,2024,1594003.73,161206.26,39858.69,16.11,215.29,46.04,21182.99,177.15,43808.48,25.85,33.67,1795068.68
REC-003013,BIZ-0126,1,2025,2914032.72,87026.06,21517.43,11.21,229.31,32.02,35078.03,95.63,52226.48,27.78,75.27,3022576.21
REC-003014,BIZ-0126,2,2025,3258376.97,64810.86,16024.66,8.39,212.06,23.98,38702.7,71.22,53578.25,27.35,63.77,3339212.49
REC-003015,BIZ-0126,3,2025,2657776.05,92654.05,22908.97,15.69,216.5,44.83,32380.59,101.82,52534.86,28.32,73.67,2773339.07
REC-003016,BIZ-0126,4,2025,3352314.1,90723.45,22431.62,15.71,208.01,44.89,39691.52,99.7,58395.41,30.14,81.57,3465469.17
REC-003017,BIZ-0126,5,2025,3211462.66,126904.39,31377.46,14.25,220.62,40.71,38208.87,139.46,56403.92,31.03,71.33,3369744.51
REC-003018,BIZ-0126,6,2025,2617581.87,55700.14,13772.01,11.61,219.72,33.18,31957.49,61.21,49952.81,30.9,81.44,2687054.02
REC-003019,BIZ-0126,7,2025,2943628.46,133101.52,32909.72,20.15,203.75,57.58,35389.56,146.27,57395.59,29.5,73.49,3109639.7
REC-003020,BIZ-0126,8,2025,1808293.59,82575.41,20417.0,13.76,222.01,39.32,23438.67,90.74,44319.82,28.11,37.37,1911286.0
REC-003021,BIZ-0126,9,2025,2481858.08,60175.68,14878.6,9.41,226.02,26.88,30528.82,66.13,47597.98,26.78,64.85,2556912.36
REC-003022,BIZ-0126,10,2025,3322906.88,94835.53,23448.34,16.13,215.23,46.1,39381.97,104.21,58379.8,25.56,65.11,3441190.75
REC-003023,BIZ-0126,11,2025,2695568.59,68887.18,17032.55,7.01,232.88,20.02,32778.41,75.7,48075.7,25.81,68.81,2781488.32
REC-003024,BIZ-0126,12,2025,1129070.12,111124.25,27475.78,13.3,223.32,38.01,16288.95,122.11,38347.29,26.94,38.21,1267670.15
REC-003025,BIZ-0127,1,2024,9022222.97,2295543.36,69702.73,95.16,625.05,118.95,106199.17,1858.74,463687.59,26.1,73.07,11387469.06
REC-003026,BIZ-0127,2,2024,10180374.24,1361276.64,41334.31,73.71,603.86,92.14,118390.23,1102.25,449456.27,27.16,97.68,11582985.19
REC-003027,BIZ-0127,3,2024,8146533.22,1525231.15,46312.69,44.14,688.83,55.17,96981.38,1235.0,353407.15,28.1,93.66,9718077.06
REC-003028,BIZ-0127,4,2024,12529406.79,1548220.18,47010.73,53.9,652.62,67.38,143116.89,1253.62,463260.93,29.24,95.3,14124637.7
REC-003029,BIZ-0127,5,2024,9072834.33,1790331.69,54362.3,85.96,636.55,107.45,106731.92,1449.66,448195.28,31.67,88.64,10917528.32
REC-003030,BIZ-0127,6,2024,9783968.14,1086747.13,32998.39,62.83,641.47,78.53,114217.54,879.96,421524.43,29.94,78.05,10903713.66
REC-003031,BIZ-0127,7,2024,11352427.05,1514995.98,46001.9,57.99,671.51,72.49,130727.63,1226.72,445833.99,28.5,78.46,12913424.93
REC-003032,BIZ-0127,8,2024,10767878.19,2139379.94,64960.93,90.96,630.3,113.7,124574.49,1732.29,492877.96,27.76,92.27,12972219.06
REC-003033,BIZ-0127,9,2024,9846746.69,1528120.96,46400.43,54.68,651.65,68.35,114878.37,1237.34,408184.75,27.84,91.51,11421268.08
REC-003034,BIZ-0127,10,2024,11403497.01,1740345.7,52844.51,79.03,645.21,98.79,131265.21,1409.19,484789.49,25.66,88.91,13196687.22
REC-003035,BIZ-0127,11,2024,11065324.71,1995673.33,60597.37,66.32,637.1,82.9,127705.5,1615.93,454791.66,26.19,82.83,13121595.41
REC-003036,BIZ-0127,12,2024,8087017.45,2024941.66,61486.08,68.88,657.89,86.11,96354.9,1639.63,396701.15,26.79,96.22,10173445.19
REC-003037,BIZ-0127,1,2025,9922705.88,1128200.34,34257.1,42.34,691.07,52.93,115677.94,913.52,387572.43,26.98,86.9,11085163.32
REC-003038,BIZ-0127,2,2025,9059803.14,1716427.93,52118.26,86.67,563.67,108.33,106594.75,1389.82,449188.95,28.98,72.07,10828349.33
REC-003039,BIZ-0127,3,2025,9405666.35,1670648.15,50728.18,87.48,634.65,109.35,110235.41,1352.75,457928.15,28.7,83.51,11127042.68
REC-003040,BIZ-0127,4,2025,8492182.12,1477830.33,44873.39,62.09,642.38,77.62,100619.79,1196.62,393007.16,29.51,80.49,10014885.84
REC-003041,BIZ-0127,5,2025,10778364.19,2469374.85,74981.02,74.57,650.78,93.22,124684.87,1999.49,463604.32,29.94,82.98,13322720.06
REC-003042,BIZ-0127,6,2025,11253760.84,1605022.06,48735.49,70.77,631.53,88.47,129689.04,1299.61,466772.93,30.64,87.13,12907518.39
REC-003043,BIZ-0127,7,2025,10853537.41,2031878.0,61696.7,88.54,633.33,110.67,125476.16,1645.25,490318.93,29.27,86.75,12947112.11
REC-003044,BIZ-0127,8,2025,11460610.17,831098.62,25235.79,42.76,690.55,53.45,131866.4,672.95,420702.3,28.21,97.45,12316944.58
REC-003045,BIZ-0127,9,2025,8361537.94,2688643.98,81638.99,87.31,610.86,109.14,99244.59,2177.04,435646.88,25.87,87.58,11131820.91
REC-003046,BIZ-0127,10,2025,11259532.6,1621583.22,49238.36,89.79,631.76,112.24,129749.8,1313.02,501126.3,27.02,78.41,12930354.18
REC-003047,BIZ-0127,11,2025,9308995.05,1713810.89,52038.79,80.78,619.03,100.97,109217.82,1387.7,443837.97,24.57,84.34,11074844.73
REC-003048,BIZ-0127,12,2025,10109448.3,1526341.92,46346.41,62.11,666.36,77.64,117643.65,1235.9,427091.78,26.07,91.57,11682136.63
REC-003049,BIZ-0128,1,2024,14246821.2,1202113.13,36501.41,32.9,548.82,47.0,173911.34,973.37,607159.24,26.15,89.16,15485435.74
REC-003050,BIZ-0128,2,2024,11368449.73,648167.14,19681.19,28.38,516.84,40.54,143612.69,524.83,521459.45,27.59,75.98,12036298.06
REC-003051,BIZ-0128,3,2024,15239017.51,1970700.82,59839.09,42.64,534.91,60.91,184355.51,1595.71,654690.08,29.62,75.03,17269557.42
REC-003052,BIZ-0128,4,2024,15170264.62,3006977.93,91305.0,76.93,466.7,109.9,183631.8,2434.8,728332.88,29.57,56.64,18268547.55
REC-003053,BIZ-0128,5,2024,16402878.18,1909123.57,57969.34,58.06,512.88,82.94,196606.68,1545.85,719240.18,29.96,86.61,18369971.09
REC-003054,BIZ-0128,6,2024,11760881.74,1526604.43,46354.39,35.93,525.27,51.33,147743.56,1236.12,548404.08,29.95,66.44,13333840.56
REC-003055,BIZ-0128,7,2024,15381780.84,1725451.96,52392.27,52.01,521.52,74.3,185858.28,1397.13,679070.87,30.29,66.02,17159625.07
REC-003056,BIZ-0128,8,2024,11129458.13,3077478.96,93445.72,74.7,489.11,106.71,141096.99,2491.89,617074.94,28.09,56.02,14300382.81
REC-003057,BIZ-0128,9,2024,11806421.0,1892583.38,57467.11,57.82,494.0,82.6,148222.92,1532.46,597765.52,27.87,61.73,13756471.49
REC-003058,BIZ-0128,10,2024,10598424.89,1513283.3,45949.9,47.82,527.51,68.31,135507.17,1225.33,543966.18,25.22,82.38,12157658.09
REC-003059,BIZ-0128,11,2024,14707406.68,1306771.44,39679.29,44.49,513.04,63.56,178759.61,1058.11,644774.51,24.61,77.17,16053857.41
REC-003060,BIZ-0128,12,2024,13304145.25,2029066.21,61611.32,45.0,531.53,64.29,163988.43,1642.97,608980.22,24.9,77.14,15394822.78
REC-003061,BIZ-0128,1,2025,12248116.62,1758906.38,53408.09,69.92,495.93,99.89,152872.34,1424.22,636011.9,25.57,87.62,14060431.09
REC-003062,BIZ-0128,2,2025,13835769.03,2309101.52,70114.42,50.14,466.53,71.63,169584.47,1869.72,634278.85,27.17,61.34,16214984.97
REC-003063,BIZ-0128,3,2025,11063385.36,1038696.52,31539.37,34.58,546.42,49.4,140401.49,841.05,527085.2,29.2,77.98,12133621.25
REC-003064,BIZ-0128,4,2025,8329338.91,1943031.76,58998.94,41.77,516.93,59.67,111622.05,1573.31,470939.45,29.13,55.97,10331369.61
REC-003065,BIZ-0128,5,2025,16235834.75,1932106.82,58667.21,67.95,498.75,97.07,194848.32,1564.46,736608.59,29.52,86.88,18226608.78
REC-003066,BIZ-0128,6,2025,17244482.71,1261312.78,38298.97,28.3,536.17,40.43,205465.67,1021.31,675923.84,30.88,77.38,18544094.46
REC-003067,BIZ-0128,7,2025,12565692.13,2596779.06,78849.57,76.12,487.08,108.74,156215.24,2102.66,657995.39,29.34,58.79,15241320.76
REC-003068,BIZ-0128,8,2025,9783203.43,1163611.91,35332.35,31.88,550.28,45.54,126925.89,942.2,487445.17,27.99,74.56,10982147.69
REC-003069,BIZ-0128,9,2025,15526739.75,3254686.87,98826.52,71.97,473.79,102.81,187384.17,2635.37,726785.62,27.67,67.54,18880253.14
REC-003070,BIZ-0128,10,2025,13405489.71,2893420.94,87856.91,66.83,500.34,95.48,165055.22,2342.85,659672.6,25.29,59.72,16386767.56
REC-003071,BIZ-0128,11,2025,9213264.78,879200.08,26696.36,33.43,528.84,47.76,120926.53,711.9,475872.19,25.83,69.87,10119161.22
REC-003072,BIZ-0128,12,2025,13745232.11,2188802.85,66461.63,71.34,493.91,101.91,168631.45,1772.31,678527.51,25.12,63.79,16000496.59
REC-003073,BIZ-0129,1,2024,4261103.28,2931426.89,89010.94,110.65,633.35,110.65,44853.72,2373.63,368873.63,26.58,90.11,7281541.11
REC-003074,BIZ-0129,2,2024,4286795.98,2119865.07,64368.37,61.82,634.18,61.82,45124.17,1716.49,281517.59,27.91,81.11,6471029.42
REC-003075,BIZ-0129,3,2024,3355514.35,2842916.75,86323.38,97.02,646.98,97.02,35321.2,2301.96,325282.8,30.33,76.55,6284754.48
REC-003076,BIZ-0129,4,2024,3534150.41,3621339.87,109959.71,105.78,614.22,105.78,37201.58,2932.26,344814.57,29.52,80.43,7265449.99
REC-003077,BIZ-0129,5,2024,4554797.88,1937897.55,58843.04,67.81,676.19,67.81,47945.24,1569.15,297953.03,29.94,72.82,6551538.47
REC-003078,BIZ-0129,6,2024,4356289.26,3538403.71,107441.41,110.89,609.11,110.89,45855.68,2865.1,371315.01,29.65,84.15,8002134.38
REC-003079,BIZ-0129,7,2024,3298635.86,3960941.78,120271.51,115.43,628.57,115.43,34722.48,3207.24,357211.47,28.23,75.64,7379849.15
REC-003080,BIZ-0129,8,2024,4265627.0,2608494.09,79205.29,101.17,642.83,101.17,44901.34,2112.14,351905.17,27.49,85.97,6953326.38
REC-003081,BIZ-0129,9,2024,4670212.04,2680731.74,81398.74,81.55,638.45,81.55,49160.13,2170.63,325114.77,27.81,91.07,7432342.52
REC-003082,BIZ-0129,10,2024,4006974.85,2761535.19,83852.28,95.15,648.85,95.15,42178.68,2236.06,335635.54,25.59,77.36,6852362.32
REC-003083,BIZ-0129,11,2024,3286489.39,2881122.03,87483.46,108.28,611.72,108.28,34594.63,2332.89,344097.36,24.7,76.41,6255094.88
REC-003084,BIZ-0129,12,2024,4565486.61,1308804.25,39741.02,74.75,669.25,74.75,48057.75,1059.76,310672.91,26.28,93.31,5914031.88
REC-003085,BIZ-0129,1,2025,3252597.9,3558506.17,108051.81,104.88,639.12,104.88,34237.87,2881.38,337264.55,26.85,92.83,6919155.88
REC-003086,BIZ-0129,2,2025,4168685.52,1524908.55,46302.89,63.61,608.39,63.61,43880.9,1234.74,282251.4,28.78,78.63,5739896.96
REC-003087,BIZ-0129,3,2025,3905049.06,2789442.49,84699.67,88.17,655.83,88.17,41105.78,2258.66,320921.71,30.44,97.45,6779191.22
REC-003088,BIZ-0129,4,2025,3823227.76,1491350.11,45283.91,66.07,653.93,66.07,40244.5,1207.57,279408.32,29.61,95.24,5359861.78
REC-003089,BIZ-0129,5,2025,4416552.26,1801767.73,54709.55,94.41,649.59,94.41,46490.02,1458.92,342910.57,29.39,95.94,6273029.54
REC-003090,BIZ-0129,6,2025,3956305.71,2234777.14,67857.61,85.36,634.64,85.36,41645.32,1809.54,316940.36,29.13,94.69,6258940.46
REC-003091,BIZ-0129,7,2025,4592419.12,1507777.19,45782.71,69.52,674.48,69.52,48341.25,1220.87,301818.13,28.21,83.05,6145979.02
REC-003092,BIZ-0129,8,2025,3472914.05,1423344.46,43218.96,53.74,690.26,53.74,36556.99,1152.51,249853.37,28.41,81.35,4939477.47
REC-003093,BIZ-0129,9,2025,4254372.9,2331373.72,70790.7,83.26,636.74,83.26,44782.87,1887.75,319429.79,27.52,94.85,6656537.32
REC-003094,BIZ-0129,10,2025,3311179.77,2709565.5,82274.26,94.93,649.07,94.93,34854.52,2193.98,320574.21,25.72,92.39,6103019.53
REC-003095,BIZ-0129,11,2025,3630630.73,1846207.48,56058.93,95.06,624.94,95.06,38217.17,1494.9,327534.15,26.48,90.88,5532897.14
REC-003096,BIZ-0129,12,2025,3999837.05,1806136.01,54842.19,67.88,676.12,67.88,42103.55,1462.46,286394.65,25.92,96.97,5860815.25
REC-003097,BIZ-0130,1,2024,1145676.85,313865.97,97502.74,48.63,322.37,69.47,12059.76,371.44,72128.83,26.48,75.53,1557045.56
REC-003098,BIZ-0130,2,2024,1268230.28,200661.46,62335.66,36.36,314.61,51.95,13349.79,237.47,65479.34,28.66,84.2,1531227.4
REC-003099,BIZ-0130,3,2024,1212476.63,204802.51,63622.08,43.88,329.15,62.69,12762.91,242.37,69861.47,30.41,70.88,1480901.22
REC-003100,BIZ-0130,4,2024,1036963.97,189869.23,58983.05,24.83,343.74,35.46,10915.41,224.7,53750.87,30.98,77.47,1285816.25
REC-003101,BIZ-0130,5,2024,1208601.54,345803.21,107424.07,47.85,323.48,68.36,12722.12,409.23,72578.51,31.37,87.55,1661828.82
REC-003102,BIZ-0130,6,2024,944196.12,181546.03,56397.44,35.04,329.15,50.05,9938.91,214.85,59434.63,29.39,59.36,1182139.59
REC-003103,BIZ-0130,7,2024,995390.67,206467.64,64139.36,42.46,331.18,60.66,10477.8,244.34,65437.99,29.13,72.21,1265997.67
REC-003104,BIZ-0130,8,2024,1135233.66,149643.34,46486.84,18.45,365.49,26.35,11949.83,177.09,50838.08,27.07,76.32,1331363.84
REC-003105,BIZ-0130,9,2024,1006955.25,180872.52,56188.21,22.93,346.44,32.76,10599.53,214.05,51950.77,25.93,84.09,1244015.98
REC-003106,BIZ-0130,10,2024,1145895.01,117050.08,36361.71,24.18,357.3,34.54,12062.05,138.52,55019.69,26.85,78.49,1299306.8
REC-003107,BIZ-0130,11,2024,921961.1,97530.46,30297.92,23.04,346.29,32.91,9704.85,115.42,50682.11,24.41,58.86,1049789.48
REC-003108,BIZ-0130,12,2024,1082422.77,130069.15,40406.1,29.45,349.77,42.07,11393.92,153.93,57706.71,24.79,72.23,1252898.02
REC-003109,BIZ-0130,1,2025,1178567.28,363631.14,112962.34,44.84,327.79,64.05,12405.97,430.33,69994.73,25.62,82.76,1655160.76
REC-003110,BIZ-0130,2,2025,955134.73,266921.02,82919.25,34.75,304.27,49.65,10054.05,315.88,59408.76,28.42,78.59,1304975.0
REC-003111,BIZ-0130,3,2025,912247.69,141669.15,44009.65,19.44,364.06,27.78,9602.61,167.66,48014.66,28.5,67.66,1097926.49
REC-003112,BIZ-0130,4,2025,1027283.41,206791.3,64239.9,25.19,343.22,35.98,10813.51,244.72,53849.77,31.12,64.55,1298314.61
REC-003113,BIZ-0130,5,2025,1287948.56,197414.51,61326.99,26.21,354.4,37.44,13557.35,233.63,58679.85,30.72,79.92,1546690.06
REC-003114,BIZ-0130,6,2025,969464.77,163182.46,50692.78,27.42,340.03,39.17,10204.89,193.12,54500.04,30.8,73.16,1183340.01
REC-003115,BIZ-0130,7,2025,1180469.8,87251.88,27104.87,20.58,362.45,29.39,12426.0,103.26,53042.36,30.41,65.44,1294826.55
REC-003116,BIZ-0130,8,2025,1138045.17,333318.05,103545.55,41.18,333.02,58.82,11979.42,394.46,66791.84,28.56,87.82,1574908.77
REC-003117,BIZ-0130,9,2025,1031881.92,205195.17,63744.06,27.88,339.38,39.82,10861.91,242.83,55806.67,25.56,81.97,1300821.15
REC-003118,BIZ-0130,10,2025,1057352.82,203051.37,63078.09,45.94,326.21,65.63,11130.03,240.3,68854.86,25.54,82.53,1323482.28
REC-003119,BIZ-0130,11,2025,1090508.79,117792.73,36592.42,25.96,342.11,37.09,11479.04,139.4,55392.79,25.34,84.6,1244893.94
REC-003120,BIZ-0130,12,2025,1029213.12,323662.1,100545.92,44.83,327.8,64.04,10833.82,383.03,67629.19,26.81,67.97,1453421.14
REC-003121,BIZ-0131,1,2024,3877633.89,260323.62,37546.68,31.25,493.22,89.27,40817.2,250.31,108663.91,27.24,91.43,4175504.19
REC-003122,BIZ-0131,2,2024,2991126.32,419671.83,60529.59,28.0,464.92,79.99,31485.54,403.53,94378.32,27.87,72.69,3471327.74
REC-003123,BIZ-0131,3,2024,2654018.56,264864.75,38201.65,24.09,513.66,68.83,27937.04,254.68,86411.97,28.7,82.41,2957084.96
REC-003124,BIZ-0131,4,2024,3102117.71,199428.09,28763.67,16.14,517.57,46.13,32653.87,191.76,84521.74,30.31,68.42,3330309.47
REC-003125,BIZ-0131,5,2024,3458498.55,223523.72,32239.0,20.05,525.2,57.29,36405.25,214.93,92734.92,30.21,85.95,3714261.27
REC-003126,BIZ-0131,6,2024,2800164.28,254611.85,36722.86,20.59,504.86,58.84,29475.41,244.82,84934.7,30.07,62.51,3091498.99
REC-003127,BIZ-0131,7,2024,3282853.43,412263.74,59461.12,31.4,492.76,89.73,34556.35,396.41,101301.3,30.2,80.67,3754578.29
REC-003128,BIZ-0131,8,2024,3033467.82,244822.03,35310.87,19.39,527.09,55.4,31931.24,235.41,86739.57,27.96,82.27,3313600.72
REC-003129,BIZ-0131,9,2024,2624097.54,232348.18,33511.76,21.0,503.7,60.0,27622.08,223.41,83095.13,25.98,76.97,2889957.48
REC-003130,BIZ-0131,10,2024,2499610.04,159602.05,23019.53,13.92,542.71,39.78,26311.68,153.46,74802.09,26.3,69.81,2682231.62
REC-003131,BIZ-0131,11,2024,3264041.45,373238.74,53832.51,30.8,475.71,87.99,34358.33,358.88,100485.53,25.98,94.61,3691112.7
REC-003132,BIZ-0131,12,2024,3130772.99,160756.42,23186.02,18.08,530.84,51.65,32955.51,154.57,86720.2,25.98,90.8,3314715.43
REC-003133,BIZ-0131,1,2025,3878831.04,351679.04,50722.94,23.25,516.05,66.44,40829.8,338.15,101087.12,27.6,87.11,4281233.02
REC-003134,BIZ-0131,2,2025,3138373.68,339824.11,49013.09,22.08,463.04,63.08,33035.51,326.75,90615.82,29.06,87.87,3527210.88
REC-003135,BIZ-0131,3,2025,2920302.71,192526.77,27768.28,13.99,542.53,39.96,30740.03,185.12,80175.29,28.33,78.06,3140597.76
REC-003136,BIZ-0131,4,2025,2846460.27,167857.62,24210.23,13.69,524.6,39.1,29962.74,161.4,78957.55,30.14,74.71,3038528.12
REC-003137,BIZ-0131,5,2025,2919742.6,189383.75,27314.96,14.02,542.44,40.05,30734.13,182.1,80199.12,31.21,83.28,3136441.31
REC-003138,BIZ-0131,6,2025,2869644.47,195524.79,28200.69,15.38,519.75,43.95,30206.78,188.0,80861.36,29.93,66.55,3093369.95
REC-003139,BIZ-0131,7,2025,2692126.65,178825.07,25792.08,13.28,544.55,37.94,28338.18,171.95,76619.76,29.2,78.9,2896743.8
REC-003140,BIZ-0131,8,2025,3659666.17,289372.39,41736.4,19.3,527.34,55.15,38522.8,278.24,94566.16,29.19,91.17,3990774.96
REC-003141,BIZ-0131,9,2025,3419796.64,279509.49,40313.87,19.43,508.19,55.51,35997.86,268.76,91653.4,25.8,80.27,3739620.0
REC-003142,BIZ-0131,10,2025,3159272.17,154160.08,22234.63,12.31,547.33,35.16,33255.5,148.23,81596.88,24.74,76.36,3335666.88
REC-003143,BIZ-0131,11,2025,3283468.12,153170.58,22091.91,12.25,528.7,35.0,34562.82,147.28,83114.0,24.6,90.7,3458730.61
REC-003144,BIZ-0131,12,2025,3192002.72,221543.43,31953.38,16.48,535.41,47.08,33600.03,213.02,85972.69,26.89,63.64,3445499.53
REC-003145,BIZ-0132,1,2024,2671508.51,1140602.18,73115.52,53.35,676.99,56.16,28121.14,974.87,196558.0,26.37,26.88,3885226.21
REC-003146,BIZ-0132,2,2024,3955996.92,1657815.12,106270.2,73.82,608.15,77.7,41642.07,1416.94,254955.44,27.47,41.61,5720082.24
REC-003147,BIZ-0132,3,2024,3850932.88,743498.59,47660.17,60.04,669.95,63.2,40536.14,635.47,233235.37,29.52,42.19,4642091.64
REC-003148,BIZ-0132,4,2024,3814606.56,1014044.45,65002.85,74.66,630.91,78.59,40153.75,866.7,252857.85,30.13,36.3,4893653.86
REC-003149,BIZ-0132,5,2024,2773088.3,1306384.91,83742.62,104.11,623.56,109.59,29190.4,1116.57,269973.02,29.93,31.32,4163215.83
REC-003150,BIZ-0132,6,2024,3813845.71,1064846.43,68259.39,90.45,614.29,95.21,40145.74,910.13,274947.12,31.22,33.56,4946951.53
REC-003151,BIZ-0132,7,2024,3873230.88,1689296.88,108288.26,82.36,646.45,86.7,40770.85,1443.84,265001.86,28.21,39.66,5670816.02
REC-003152,BIZ-0132,8,2024,2998980.33,590079.22,37825.59,42.81,688.08,45.07,31568.21,504.34,189388.74,26.94,22.9,3626885.14
REC-003153,BIZ-0132,9,2024,3923897.72,1281840.19,82169.24,83.32,621.8,87.7,41304.19,1095.59,267511.44,26.66,40.18,5287907.15
REC-003154,BIZ-0132,10,2024,2771456.43,1484077.56,95133.18,65.15,664.57,68.58,29173.23,1268.44,215388.87,25.66,38.69,4350667.17
REC-003155,BIZ-0132,11,2024,3614319.53,624796.81,40051.08,51.16,655.65,53.85,38045.47,534.01,215321.43,26.37,31.01,4279167.42
REC-003156,BIZ-0132,12,2024,3454115.59,996374.5,63870.16,84.77,643.92,89.23,36359.11,851.6,258668.01,25.74,40.24,4514360.25
REC-003157,BIZ-0132,1,2025,3771493.69,1825477.61,117017.8,83.11,645.66,87.49,39699.93,1560.24,263697.53,26.71,42.65,5713989.1
REC-003158,BIZ-0132,2,2025,3448540.69,1233477.83,79069.09,85.92,571.76,90.44,36300.43,1054.25,260150.46,28.18,27.81,4761087.61
REC-003159,BIZ-0132,3,2025,3379656.55,1242251.9,79631.53,68.27,661.29,71.86,35575.33,1061.75,233837.25,29.6,39.94,4701539.98
REC-003160,BIZ-0132,4,2025,3178305.17,1189721.88,76264.22,79.5,625.81,83.69,33455.84,1016.86,244905.99,29.48,41.44,4444291.27
REC-003161,BIZ-0132,5,2025,3555920.14,915869.53,58709.59,48.19,682.42,50.73,37430.74,782.79,209813.07,30.43,22.89,4530499.26
REC-003162,BIZ-0132,6,2025,3990503.73,847137.59,54303.69,55.23,651.36,58.14,42005.3,724.05,229740.52,30.7,43.14,4891945.01
REC-003163,BIZ-0132,7,2025,3499016.62,1096586.91,70294.03,90.51,637.88,95.27,36831.75,937.25,267744.28,29.34,25.33,4665897.56
REC-003164,BIZ-0132,8,2025,3471422.51,1375061.15,88144.95,83.75,644.99,88.16,36541.29,1175.27,257642.59,27.6,23.84,4934628.61
REC-003165,BIZ-0132,9,2025,3579250.39,1231171.65,78921.26,55.92,650.63,58.87,37676.32,1052.28,221180.78,27.19,21.72,4889343.3
REC-003166,BIZ-0132,10,2025,2928939.53,1918885.12,123005.46,89.92,638.49,94.66,30830.94,1640.07,253720.76,26.53,29.0,4970830.11
REC-003167,BIZ-0132,11,2025,3273664.05,1012704.44,64916.95,46.48,660.57,48.93,34459.62,865.56,200889.27,25.11,42.96,4351285.44
REC-003168,BIZ-0132,12,2025,3523895.63,1308275.42,83863.81,70.4,659.04,74.11,37093.64,1118.18,240168.72,26.98,30.89,4916034.86
REC-003169,BIZ-0133,1,2024,1481022.87,1520061.39,46155.71,42.68,346.06,60.97,44684.91,1230.82,305606.55,26.08,80.12,3047239.97
REC-003170,BIZ-0133,2,2024,1097015.22,2129265.88,64653.82,67.21,284.76,96.01,40642.73,1724.1,349468.59,27.27,65.63,3290934.92
REC-003171,BIZ-0133,3,2024,3818613.77,1909687.6,57986.47,42.6,346.18,60.85,69291.13,1546.31,366943.1,30.41,86.77,5786287.84
REC-003172,BIZ-0133,4,2024,868384.85,3068600.4,93176.13,68.0,296.76,97.14,38236.09,2484.7,345187.85,30.26,66.58,4030161.38
REC-003173,BIZ-0133,5,2024,2044743.1,1075845.55,32667.38,44.44,343.54,63.49,50618.81,871.13,324320.78,30.99,68.77,3153256.03
REC-003174,BIZ-0133,6,2024,2259063.67,1432042.33,43483.07,63.73,302.86,91.04,52874.82,1159.55,372393.35,31.27,60.58,3734589.07
REC-003175,BIZ-0133,7,2024,3469782.35,1022058.1,31034.15,43.9,344.31,62.72,65619.22,827.58,360634.82,28.13,87.79,4522874.6
REC-003176,BIZ-0133,8,2024,707994.29,1893178.02,57485.16,76.52,297.72,109.31,36547.77,1532.94,359703.59,28.31,65.83,2658657.47
REC-003177,BIZ-0133,9,2024,3742442.53,1761647.69,53491.33,50.67,321.51,72.39,68489.33,1426.44,382702.36,26.11,88.29,5557581.55
REC-003178,BIZ-0133,10,2024,2645508.07,1473253.99,44734.43,34.97,357.07,49.96,56942.65,1192.92,319299.18,25.57,76.04,4163496.49
REC-003179,BIZ-0133,11,2024,1739261.45,1640235.7,49804.73,61.65,305.83,88.07,47403.22,1328.13,354138.35,25.99,70.58,3429301.88
REC-003180,BIZ-0133,12,2024,2355006.09,2192480.81,66573.3,73.05,302.67,104.36,53884.74,1775.29,395420.71,26.16,69.21,4614060.2
REC-003181,BIZ-0133,1,2025,3140458.45,2880983.33,87479.25,61.45,319.25,87.78,62152.66,2332.78,390564.62,27.76,64.38,6108921.03
REC-003182,BIZ-0133,2,2025,1309764.63,3002925.35,91181.94,72.15,264.56,103.08,42882.2,2431.52,365945.89,28.94,78.34,4403871.92
REC-003183,BIZ-0133,3,2025,3415997.46,1239695.36,37642.57,28.52,366.29,40.74,65053.07,1003.8,325372.73,30.21,67.51,4693335.39
REC-003184,BIZ-0133,4,2025,1029744.89,1334138.07,40510.27,43.66,331.53,62.37,39934.62,1080.27,295879.46,30.79,79.49,2404393.23
REC-003185,BIZ-0133,5,2025,3720096.61,1887445.0,57311.08,45.0,342.74,64.29,68254.11,1528.3,369644.52,31.37,87.57,5664852.69
REC-003186,BIZ-0133,6,2025,2098350.99,2193785.0,66612.9,71.64,291.56,102.34,51183.11,1776.34,385564.1,30.61,75.59,4358748.89
REC-003187,BIZ-0133,7,2025,2790720.99,1091141.34,33131.82,32.89,360.04,46.99,58471.21,883.52,318546.5,29.1,56.53,3914994.15
REC-003188,BIZ-0133,8,2025,2133860.64,942318.86,28612.92,30.43,363.56,43.47,51556.89,763.01,295830.21,27.26,59.52,3104792.42
REC-003189,BIZ-0133,9,2025,2566649.12,2815112.13,85479.11,72.76,289.96,103.94,56112.56,2279.44,400351.88,27.33,78.59,5467240.36
REC-003190,BIZ-0133,10,2025,3109802.78,1640607.72,49816.02,42.1,346.88,60.15,61829.97,1328.43,347204.67,26.63,56.69,4800226.52
REC-003191,BIZ-0133,11,2025,2570625.9,1685130.74,51167.94,37.96,339.67,54.23,56154.42,1364.48,323897.85,24.82,65.64,4306924.58
REC-003192,BIZ-0133,12,2025,948917.18,813196.61,24692.2,29.54,364.83,42.2,39083.8,658.46,262697.95,24.92,64.71,1786805.99
REC-003193,BIZ-0134,1,2024,14932008.68,790895.05,24015.03,32.94,410.07,59.89,157179.04,640.4,565420.3,25.66,76.41,15746918.76
REC-003194,BIZ-0134,2,2024,9030929.77,1171551.45,35573.42,30.52,384.14,55.5,95062.42,948.62,404807.05,27.52,76.47,10238054.64
REC-003195,BIZ-0134,3,2024,9823437.2,1323478.24,40186.59,43.0,391.78,78.18,103404.6,1071.64,453110.56,30.16,76.58,11187102.03
REC-003196,BIZ-0134,4,2024,13859986.26,820084.46,24901.35,35.11,390.97,63.83,145894.59,664.04,541974.09,30.77,86.83,14704972.07
REC-003197,BIZ-0134,5,2024,10741600.07,1852369.53,56246.04,40.75,395.88,74.08,113069.47,1499.89,472313.5,30.23,56.16,12650215.64
REC-003198,BIZ-0134,6,2024,11613489.32,2604819.56,79093.71,58.3,348.8,106.0,122247.26,2109.17,533882.16,29.0,55.67,14297402.59
REC-003199,BIZ-0134,7,2024,10547396.69,1117522.28,33932.86,38.91,399.21,70.75,111025.23,904.88,463166.05,29.36,57.58,11698851.83
REC-003200,BIZ-0134,8,2024,15666107.02,1625928.47,49370.3,41.29,394.89,75.07,164906.39,1316.54,603096.76,28.67,86.34,17341405.79
REC-003201,BIZ-0134,9,2024,10150298.71,1272287.15,38632.2,29.46,401.23,53.57,106845.25,1030.19,431931.83,25.85,86.14,11461218.06
REC-003202,BIZ-0134,10,2024,15165419.35,1254668.19,38097.21,55.18,369.63,100.33,159635.99,1015.93,620491.9,25.37,79.46,16458184.75
REC-003203,BIZ-0134,11,2024,13280359.94,1664148.18,50530.82,54.59,355.54,99.26,139793.26,1347.49,569582.67,25.24,71.05,14995038.94
REC-003204,BIZ-0134,12,2024,10228806.46,771726.94,23433.0,22.43,429.19,40.77,107671.65,624.88,418515.41,24.65,60.62,11023966.4
REC-003205,BIZ-0134,1,2025,8982081.57,1085516.61,32961.03,37.06,402.58,67.38,94548.23,878.96,417902.07,27.91,65.96,10100559.21
REC-003206,BIZ-0134,2,2025,11849355.14,1780640.34,54068.03,46.17,340.54,83.94,124730.05,1441.81,513394.4,27.9,63.92,13684063.51
REC-003207,BIZ-0134,3,2025,10214487.84,928032.26,28179.12,30.52,414.47,55.49,107520.92,751.44,435948.32,29.42,82.27,11170699.22
REC-003208,BIZ-0134,4,2025,13017144.81,1676933.82,50919.04,44.0,374.81,79.99,137022.58,1357.84,539347.05,29.19,55.53,14744997.67
REC-003209,BIZ-0134,5,2025,9286820.84,1192416.02,36206.96,31.4,412.86,57.1,97756.01,965.52,413480.99,31.44,84.36,10515443.82
REC-003210,BIZ-0134,6,2025,11550996.63,716764.29,21764.1,31.75,397.07,57.73,121589.44,580.38,473826.15,31.27,74.45,12289525.02
REC-003211,BIZ-0134,7,2025,10681052.95,1636437.47,49689.4,39.1,398.87,71.09,112432.14,1325.05,467093.22,30.18,59.08,12367179.82
REC-003212,BIZ-0134,8,2025,13551439.05,1615557.82,49055.4,34.88,406.54,63.42,142646.73,1308.14,533349.96,28.28,55.23,15216052.27
REC-003213,BIZ-0134,9,2025,13871963.94,1822410.68,55336.36,43.66,375.42,79.38,146020.67,1475.64,561101.6,27.74,66.69,15749710.98
REC-003214,BIZ-0134,10,2025,11830210.09,771479.83,23425.5,29.16,416.94,53.02,124528.53,624.68,475481.28,25.94,66.31,12625115.42
REC-003215,BIZ-0134,11,2025,10668817.93,1039626.72,31567.61,37.22,387.13,67.67,112303.35,841.8,462635.31,26.07,81.99,11740012.26
REC-003216,BIZ-0134,12,2025,13523083.49,648459.72,19690.07,28.9,417.42,52.54,142348.25,525.07,519447.24,26.66,69.67,14191233.28
REC-003217,BIZ-0135,1,2024,3945799.22,1095356.62,33259.82,50.45,680.94,63.06,54462.33,886.93,279727.75,27.22,83.9,5074415.66
REC-003218,BIZ-0135,2,2024,5047188.85,1551953.13,47124.08,47.06,637.17,58.83,66055.9,1256.64,296820.91,29.16,95.14,6646266.06
REC-003219,BIZ-0135,3,2024,5228249.77,1594405.9,48413.13,52.64,678.2,65.8,67961.81,1291.02,310669.11,28.32,92.83,6871068.8
REC-003220,BIZ-0135,4,2024,4711719.35,1407399.45,42734.8,49.42,658.22,61.78,62524.65,1139.59,294008.74,28.98,76.92,6161853.6
REC-003221,BIZ-0135,5,2024,3667050.43,2392904.01,72659.03,90.79,630.52,113.48,51528.13,1937.57,346472.22,30.76,89.17,6132613.47
REC-003222,BIZ-0135,6,2024,4444330.56,950410.28,28858.61,40.24,669.7,50.3,59710.03,769.56,271851.07,29.26,86.89,5423599.45
REC-003223,BIZ-0135,7,2024,3317803.89,1710989.89,51953.13,64.45,663.44,80.56,47851.85,1385.42,291705.97,28.28,74.77,5080746.91
REC-003224,BIZ-0135,8,2024,4816217.12,2423050.93,73574.42,89.32,632.35,111.65,63624.62,1961.98,368026.28,27.6,86.32,7312842.47
REC-003225,BIZ-0135,9,2024,3723553.71,1879683.62,57075.41,78.68,621.65,98.35,52122.9,1522.01,325871.58,26.66,97.29,5660312.74
REC-003226,BIZ-0135,10,2024,4933606.71,2761051.66,83837.6,83.3,639.88,104.12,64860.3,2235.67,359651.77,25.88,90.43,7778495.97
REC-003227,BIZ-0135,11,2024,4844919.42,1624687.02,49332.6,88.05,609.93,110.07,63926.75,1315.54,366347.98,25.45,91.91,6518939.04
REC-003228,BIZ-0135,12,2024,3562582.67,2324967.43,70596.18,90.88,630.4,113.6,50428.47,1882.56,344445.32,26.98,87.83,5958146.28
REC-003229,BIZ-0135,1,2025,3917506.31,2884548.87,87587.52,89.4,632.26,111.74,54164.51,2335.67,349241.46,25.96,85.24,6889642.7
REC-003230,BIZ-0135,2,2025,3705194.61,2054248.43,62375.96,80.45,571.43,100.57,51929.65,1663.36,328675.45,28.38,97.88,5821819.0
REC-003231,BIZ-0135,3,2025,3539805.49,1101293.34,33440.08,56.49,673.38,70.62,50188.71,891.74,282067.61,28.05,76.62,4674538.91
REC-003232,BIZ-0135,4,2025,3994719.36,1702159.31,51685.0,92.95,603.81,116.19,54977.28,1378.27,357262.4,31.19,97.46,5748563.67
REC-003233,BIZ-0135,5,2025,5464797.44,2294864.8,69682.13,76.67,648.16,95.84,70451.78,1858.19,358910.8,29.51,79.25,7829344.37
REC-003234,BIZ-0135,6,2025,5433507.35,1491392.33,45285.19,43.7,665.38,54.62,70122.41,1207.61,298901.56,31.18,94.37,6970184.87
REC-003235,BIZ-0135,7,2025,5094813.27,2292908.81,69622.74,79.26,644.92,99.08,66557.21,1856.61,355785.39,30.35,87.01,7457344.82
REC-003236,BIZ-0135,8,2025,3606973.82,2583174.03,78436.46,75.51,649.62,94.38,50895.75,2091.64,317703.11,28.57,91.1,6268584.31
REC-003237,BIZ-0135,9,2025,3588870.75,1714988.01,52074.53,87.73,610.33,109.67,50705.19,1388.65,339329.8,26.21,90.57,5355933.29
REC-003238,BIZ-0135,10,2025,5165049.59,1505877.76,45725.03,78.95,645.32,98.68,67296.54,1219.33,356694.71,25.69,81.34,6716652.38
REC-003239,BIZ-0135,11,2025,5015297.66,2144945.63,65129.93,82.52,616.85,103.15,65720.21,1736.8,359978.26,25.2,77.04,7225373.22
REC-003240,BIZ-0135,12,2025,4236222.5,1078001.95,32732.85,62.17,666.29,77.71,57519.42,872.88,306942.82,25.64,95.04,5346957.3
REC-003241,BIZ-0136,1,2024,3664668.75,1799371.05,115344.3,79.48,602.36,83.67,38575.46,1537.92,256142.59,27.91,21.44,5579384.1
REC-003242,BIZ-0136,2,2024,3390550.61,1486255.18,95272.77,78.85,558.77,83.0,35690.01,1270.3,248903.42,27.86,31.49,4972078.56
REC-003243,BIZ-0136,3,2024,3863766.2,1933050.9,123913.52,83.0,598.67,87.36,40671.22,1652.18,265671.45,28.59,39.2,5920730.62
REC-003244,BIZ-0136,4,2024,4011961.77,1296306.12,83096.55,103.16,555.31,108.59,42231.18,1107.95,297330.91,29.18,37.07,5391364.44
REC-003245,BIZ-0136,5,2024,3054832.43,1871291.98,119954.61,101.1,579.61,106.42,32156.13,1599.39,272279.25,30.02,41.63,5046079.02
REC-003246,BIZ-0136,6,2024,4043606.78,650490.47,41698.11,44.55,617.0,46.9,42564.28,555.97,216013.31,31.26,25.45,4735795.36
REC-003247,BIZ-0136,7,2024,3280352.62,1319745.84,84599.09,81.04,600.72,85.31,34530.03,1127.99,249422.73,30.37,33.53,4684697.55
REC-003248,BIZ-0136,8,2024,3862439.56,1673229.03,107258.27,100.73,580.0,106.03,40657.26,1430.11,290462.66,27.16,22.03,5642926.86
REC-003249,BIZ-0136,9,2024,3281848.11,2243333.56,143803.43,97.39,561.39,102.51,34545.77,1917.38,272341.49,25.58,21.4,5668985.1
REC-003250,BIZ-0136,10,2024,3534170.26,2232612.86,143116.21,101.66,579.02,107.01,37201.79,1908.22,284171.28,25.64,44.24,5909899.33
REC-003251,BIZ-0136,11,2024,3319385.27,958988.6,61473.63,52.2,608.96,54.94,34940.9,819.65,209944.38,24.4,25.85,4339847.5
REC-003252,BIZ-0136,12,2024,2933471.51,1636653.87,104913.71,78.64,603.25,82.78,30878.65,1398.85,238028.93,26.56,29.05,4675039.09
REC-003253,BIZ-0136,1,2025,2887055.14,1666464.58,106824.65,102.36,578.28,107.75,30390.05,1424.33,270159.37,27.43,27.51,4660344.37
REC-003254,BIZ-0136,2,2025,3815911.89,1596382.81,102332.23,87.04,528.02,91.62,40167.49,1364.43,270227.32,27.27,27.65,5514626.93
REC-003255,BIZ-0136,3,2025,3614807.32,738880.86,47364.16,53.08,630.16,55.87,38050.6,631.52,218022.24,28.88,27.56,4401052.34
REC-003256,BIZ-0136,4,2025,3445184.24,1200283.63,76941.26,94.25,564.69,99.21,36265.1,1025.88,271734.53,31.0,29.63,4722409.13
REC-003257,BIZ-0136,5,2025,3860188.62,1883078.65,120710.17,83.84,597.77,88.26,40633.56,1609.47,266773.26,31.62,26.39,5863977.44
REC-003258,BIZ-0136,6,2025,3771920.94,1224625.94,78501.66,62.54,598.06,65.84,39704.43,1046.69,234912.28,30.74,43.52,5075048.54
REC-003259,BIZ-0136,7,2025,3558271.03,1185304.16,75981.04,97.48,583.42,102.61,37455.48,1013.08,278871.35,28.29,32.87,4819556.23
REC-003260,BIZ-0136,8,2025,3802667.29,1094452.7,70157.22,85.19,596.36,89.67,40028.08,935.43,267323.96,28.56,43.73,4967277.21
REC-003261,BIZ-0136,9,2025,3683220.58,1952271.0,125145.58,87.48,571.82,92.08,38770.74,1668.61,267766.11,27.04,30.19,5760637.16
REC-003262,BIZ-0136,10,2025,3674162.46,945854.97,60631.73,66.23,616.31,69.72,38675.39,808.42,237809.89,26.34,36.45,4680649.16
REC-003263,BIZ-0136,11,2025,4137500.45,2002588.9,128371.08,87.22,572.09,91.81,43552.64,1711.61,277924.1,25.64,40.12,6268460.43
REC-003264,BIZ-0136,12,2025,4108235.46,1904098.1,122057.57,97.64,583.25,102.78,43244.58,1627.43,291838.97,25.31,31.52,6134391.13
REC-003265,BIZ-0137,1,2024,2039348.74,3139815.96,95338.54,93.16,627.55,116.45,31551.63,2542.36,310786.17,26.43,78.13,5274503.24
REC-003266,BIZ-0137,2,2024,1912695.92,1878815.03,57049.04,79.56,596.55,99.45,30218.44,1521.31,283642.59,26.88,89.93,3848559.99
REC-003267,BIZ-0137,3,2024,1904862.45,2078776.17,63120.73,94.89,625.39,118.61,30135.98,1683.22,311069.86,29.65,84.99,4046759.35
REC-003268,BIZ-0137,4,2024,2589186.5,2277385.65,69151.39,78.63,621.71,98.29,37339.39,1844.04,296213.55,31.04,92.24,4935723.54
REC-003269,BIZ-0137,5,2024,2570493.96,2376236.92,72152.94,79.88,644.15,99.85,37142.63,1924.08,298065.58,30.5,92.7,5018883.82
REC-003270,BIZ-0137,6,2024,3417717.87,2108344.14,64018.55,91.31,605.87,114.13,46060.78,1707.16,336473.17,31.34,90.77,5590080.56
REC-003271,BIZ-0137,7,2024,2518771.89,2465006.64,74848.38,71.6,654.5,89.5,36598.19,1995.96,282079.6,28.53,97.14,5058626.91
REC-003272,BIZ-0137,8,2024,2726143.76,1995839.19,60602.4,83.51,639.62,104.38,38781.05,1616.06,307875.71,27.45,82.05,4782585.35
REC-003273,BIZ-0137,9,2024,2979578.87,958212.08,29095.51,47.08,661.15,58.85,41448.79,775.88,247646.07,27.49,83.2,3966886.46
REC-003274,BIZ-0137,10,2024,2583303.24,931453.0,28282.99,40.44,693.45,50.55,37277.47,754.21,227353.2,25.32,72.58,3543039.23
REC-003275,BIZ-0137,11,2024,3082618.93,2147793.72,65216.41,68.45,634.44,85.56,42533.42,1739.1,288277.83,26.31,88.08,5295629.06
REC-003276,BIZ-0137,12,2024,1938165.04,1992578.36,60503.39,84.05,638.94,105.06,30486.54,1613.42,292255.03,25.08,82.38,3991246.79
REC-003277,BIZ-0137,1,2025,2324642.25,1539759.65,46753.84,46.32,686.1,57.9,34554.72,1246.77,232483.88,26.47,79.85,3911155.74
REC-003278,BIZ-0137,2,2025,2229720.62,1641141.14,49832.22,53.42,605.23,66.77,33555.54,1328.86,243262.5,26.83,94.62,3920693.98
REC-003279,BIZ-0137,3,2025,2020387.15,1469496.24,44620.33,46.86,685.42,58.58,31352.03,1189.88,227056.08,29.46,75.09,3534503.72
REC-003280,BIZ-0137,4,2025,2241301.9,1456933.46,44238.87,70.49,631.89,88.11,33677.45,1179.7,274236.65,29.09,89.36,3742474.23
REC-003281,BIZ-0137,5,2025,2472340.36,1428950.39,43389.18,46.52,685.86,58.14,36109.44,1157.04,235946.34,31.2,76.09,3944679.93
REC-003282,BIZ-0137,6,2025,3040440.77,1596327.68,48471.49,65.36,638.3,81.7,42089.44,1292.57,281821.64,31.09,77.55,4685239.94
REC-003283,BIZ-0137,7,2025,2001515.5,2989212.85,90765.57,90.82,630.48,113.52,31153.38,2420.42,305778.77,29.63,83.91,5081493.92
REC-003284,BIZ-0137,8,2025,2803043.31,1793428.17,54456.32,67.76,659.3,84.7,39590.52,1452.17,281145.83,26.87,88.79,4650927.8
REC-003285,BIZ-0137,9,2025,2934686.4,1329383.82,40365.91,44.45,664.44,55.56,40976.24,1076.42,241956.07,26.41,76.34,4304436.13
REC-003286,BIZ-0137,10,2025,2635159.78,1208904.04,36707.61,57.83,671.72,72.28,37823.32,978.87,259734.88,25.71,95.82,3880771.43
REC-003287,BIZ-0137,11,2025,2817905.38,1628891.74,49460.28,49.87,657.66,62.34,39746.96,1318.94,249256.72,26.26,89.11,4496257.4
REC-003288,BIZ-0137,12,2025,2120852.25,2552408.02,77502.27,78.1,646.38,97.62,32409.56,2066.73,285390.97,25.85,83.98,4750762.54
REC-003289,BIZ-0138,1,2024,963700.39,1767261.87,113286.02,80.79,620.47,107.72,18155.41,1510.48,213044.52,26.75,22.81,2844248.28
REC-003290,BIZ-0138,2,2024,1426210.28,844105.64,54109.34,53.78,609.5,71.71,23023.94,721.46,185948.1,29.04,36.92,2324425.26
REC-003291,BIZ-0138,3,2024,1484679.95,745848.92,47810.83,56.31,653.11,75.08,23639.41,637.48,190842.74,29.83,23.69,2278339.7
REC-003292,BIZ-0138,4,2024,1220997.3,507809.64,32551.9,43.26,647.03,57.67,20863.8,434.03,166457.7,30.0,37.05,1761358.84
REC-003293,BIZ-0138,5,2024,1413692.62,1502983.57,96345.1,78.84,623.06,105.13,22892.17,1284.6,220744.06,29.97,21.55,3013021.29
REC-003294,BIZ-0138,6,2024,1154038.77,718411.46,46052.02,59.93,624.79,79.91,20158.98,614.03,188250.67,29.82,23.81,1918502.25
REC-003295,BIZ-0138,7,2024,1244063.44,990944.3,63522.07,81.72,619.22,108.97,21106.6,846.96,220848.23,30.3,28.14,2298529.81
REC-003296,BIZ-0138,8,2024,1383504.17,864246.91,55400.44,69.31,635.77,92.42,22574.4,738.67,206701.26,29.01,32.1,2303151.52
REC-003297,BIZ-0138,9,2024,1492749.12,721296.03,46236.93,43.25,647.03,57.67,23724.35,616.49,172743.28,26.0,31.58,2260282.08
REC-003298,BIZ-0138,10,2024,1251974.46,1497617.74,96001.14,72.35,631.73,96.46,21189.88,1280.02,207905.4,26.09,25.67,2845593.34
REC-003299,BIZ-0138,11,2024,1450687.93,1181735.69,75752.29,67.59,614.58,90.12,23281.6,1010.03,205843.74,24.82,29.95,2708175.91
REC-003300,BIZ-0138,12,2024,901065.8,821682.27,52671.94,52.18,658.61,69.58,17496.1,702.29,171545.62,25.03,20.88,1775420.01
REC-003301,BIZ-0138,1,2025,1170076.45,936340.08,60021.8,77.94,624.27,103.92,20327.79,800.29,213838.69,27.25,32.95,2166438.33
REC-003302,BIZ-0138,2,2025,1358529.92,836529.6,53623.69,57.38,581.22,76.5,22311.51,714.98,189411.99,28.35,34.39,2248683.21
REC-003303,BIZ-0138,3,2025,1310434.51,1611924.4,103328.49,74.08,629.42,98.77,21805.25,1377.71,211681.15,28.36,29.34,3025687.4
REC-003304,BIZ-0138,4,2025,1066138.22,814227.92,52194.1,41.1,649.9,54.8,19233.71,695.92,159854.64,30.6,42.74,1932560.24
REC-003305,BIZ-0138,5,2025,1302096.57,1450385.23,92973.41,77.31,625.1,103.09,21717.48,1239.65,216018.12,31.26,25.67,2845455.21
REC-003306,BIZ-0138,6,2025,1472104.54,1442738.62,92483.24,67.45,614.77,89.93,23507.04,1233.11,206139.19,29.38,27.18,3007326.4
REC-003307,BIZ-0138,7,2025,1105359.53,666879.93,42748.71,40.05,674.79,53.4,19646.56,569.98,159290.52,29.93,25.55,1814988.17
REC-003308,BIZ-0138,8,2025,885532.74,1185197.3,75974.19,53.11,657.38,70.81,17332.6,1012.99,172483.52,27.01,28.75,2146704.23
REC-003309,BIZ-0138,9,2025,1248066.52,923867.41,59222.27,52.72,634.41,70.29,21148.74,789.63,180332.62,26.87,31.48,2231156.2
REC-003310,BIZ-0138,10,2025,1521874.11,1041698.63,66775.55,74.2,629.26,98.93,24030.93,890.34,216749.49,26.94,39.11,2630348.29
REC-003311,BIZ-0138,11,2025,900077.89,840952.57,53907.22,53.08,633.93,70.77,17485.7,718.76,172774.6,24.39,20.35,1794937.68
REC-003312,BIZ-0138,12,2025,1343153.12,1408978.13,90319.11,77.28,625.15,103.04,22149.65,1204.25,216922.97,26.66,40.59,2842450.36
REC-003313,BIZ-0139,1,2024,12689023.92,2588066.09,78585.0,75.22,417.37,107.46,161923.47,2095.6,670290.96,26.89,88.67,15355675.01
REC-003314,BIZ-0139,2,2024,13961287.85,2314550.28,70279.87,65.34,397.63,93.34,175315.72,1874.13,682037.74,28.71,77.06,16346118.0
REC-003315,BIZ-0139,3,2024,8152311.54,1426925.38,43327.69,49.69,453.85,70.98,114168.61,1155.41,494735.54,28.67,69.09,9622564.61
REC-003316,BIZ-0139,4,2024,15024861.59,3539609.35,107478.02,76.13,399.15,108.75,186511.24,2866.08,733754.11,29.31,89.29,18671948.96
REC-003317,BIZ-0139,5,2024,11764966.26,716403.94,21753.16,28.83,483.65,41.18,152196.55,580.08,543911.83,29.64,60.65,12503123.36
REC-003318,BIZ-0139,6,2024,7853814.75,2150796.1,65307.57,55.45,428.69,79.21,111026.53,1741.54,499557.31,30.42,63.88,10069918.42
REC-003319,BIZ-0139,7,2024,12550164.72,2895418.52,87917.57,76.55,415.47,109.36,160461.8,2344.47,669564.07,29.83,60.4,15533500.81
REC-003320,BIZ-0139,8,2024,9627552.1,823956.23,25018.91,30.8,480.83,44.0,129697.45,667.17,492005.47,27.24,80.7,10476527.24
REC-003321,BIZ-0139,9,2024,9829873.55,1083480.6,32899.21,46.21,441.89,66.01,131827.15,877.31,531225.35,27.68,89.75,10946253.36
REC-003322,BIZ-0139,10,2024,11940112.72,2762330.05,83876.42,63.38,434.29,90.54,154040.2,2236.7,624538.54,25.57,84.16,14786319.19
REC-003323,BIZ-0139,11,2024,7922617.63,983867.43,29874.52,30.72,464.02,43.88,111750.78,796.65,446951.41,24.89,84.93,8936359.58
REC-003324,BIZ-0139,12,2024,12510538.61,1097110.04,33313.06,28.31,484.39,40.44,160044.68,888.35,562392.23,26.54,64.65,13640961.71
REC-003325,BIZ-0139,1,2025,9035231.61,1226772.09,37250.16,33.98,476.29,48.54,123462.5,993.34,483410.51,26.1,74.56,10299253.86
REC-003326,BIZ-0139,2,2025,7623226.96,1750709.23,53159.19,65.96,379.81,94.23,108599.29,1417.58,516618.26,27.16,86.1,9427095.38
REC-003327,BIZ-0139,3,2025,9064048.67,1728126.53,52473.48,47.57,456.88,67.95,123765.84,1399.29,514058.76,29.64,72.81,10844648.68
REC-003328,BIZ-0139,4,2025,10178505.51,1260910.72,38286.76,43.38,445.93,61.97,135496.96,1020.98,534173.39,30.69,77.99,11477702.99
REC-003329,BIZ-0139,5,2025,8721167.9,837524.51,25430.91,31.56,479.74,45.09,120156.57,678.16,469830.79,30.44,67.65,9584123.32
REC-003330,BIZ-0139,6,2025,7147834.19,2188784.01,66461.05,75.89,399.49,108.41,103595.16,1772.29,525946.66,30.47,57.36,9403079.25
REC-003331,BIZ-0139,7,2025,12173385.16,1278162.07,38810.59,44.17,461.73,63.1,156495.7,1034.95,588407.67,28.24,81.82,13490357.82
REC-003332,BIZ-0139,8,2025,11272226.18,2161153.38,65622.07,46.42,458.51,66.32,147009.81,1749.92,569654.66,28.17,78.47,13499001.63
REC-003333,BIZ-0139,9,2025,10331544.76,1599415.69,48565.25,67.44,411.56,96.34,137107.9,1295.07,591132.97,26.97,70.78,11979525.7
REC-003334,BIZ-0139,10,2025,7127028.33,1680894.03,51039.29,36.27,473.02,51.81,103376.15,1361.05,438229.18,26.56,83.39,8858961.65
REC-003335,BIZ-0139,11,2025,12452602.55,1338523.22,40643.42,52.31,433.17,74.73,159434.83,1083.82,613669.93,25.9,57.49,13831769.19
REC-003336,BIZ-0139,12,2025,6857211.35,1070252.31,32497.54,37.89,470.71,54.12,100535.97,866.6,434692.39,26.22,60.24,7959961.2
REC-003337,BIZ-0140,1,2024,10466323.62,1835618.74,55737.41,50.68,511.65,72.39,115853.83,1486.33,501119.82,27.27,86.71,12357679.77
REC-003338,BIZ-0140,2,2024,11286765.19,1233297.41,37448.3,51.25,473.14,73.22,124490.05,998.62,523983.4,27.89,56.27,12557510.9
REC-003339,BIZ-0140,3,2024,8278125.93,3124133.43,94862.35,67.1,488.19,95.85,92820.17,2529.66,479662.95,29.07,86.26,11497121.71
REC-003340,BIZ-0140,4,2024,8803345.22,2199798.75,66795.51,65.47,471.68,93.52,98348.79,1781.21,489900.24,29.41,70.32,11069939.48
REC-003341,BIZ-0140,5,2024,9843203.24,2236342.74,67905.14,58.46,500.53,83.51,109294.67,1810.8,501849.18,30.11,75.19,12147451.12
REC-003342,BIZ-0140,6,2024,10056123.59,1444233.41,43853.24,38.19,510.64,54.56,111535.93,1169.42,462862.76,29.97,63.3,11544210.24
REC-003343,BIZ-0140,7,2024,11100761.22,1408417.91,42765.73,37.95,529.83,54.21,122532.12,1140.42,489815.34,29.42,87.05,12551944.86
REC-003344,BIZ-0140,8,2024,8176556.48,1029666.86,31265.19,29.51,541.88,42.16,91751.02,833.74,394306.1,28.31,68.38,9237488.53
REC-003345,BIZ-0140,9,2024,8475535.18,1017371.8,30891.86,39.43,508.88,56.32,94898.16,823.78,423981.65,27.29,75.24,9523798.84
REC-003346,BIZ-0140,10,2024,8580372.46,899437.13,27310.84,29.15,542.39,41.65,96001.71,728.29,404139.62,25.02,75.51,9507120.43
REC-003347,BIZ-0140,11,2024,7898385.71,2492025.8,75668.8,59.36,480.39,84.81,88822.9,2017.83,452658.3,26.24,64.53,10466080.31
REC-003348,BIZ-0140,12,2024,6409884.04,1609206.6,48862.55,34.87,534.22,49.82,73154.46,1303.0,359608.39,25.32,55.24,8067953.19
REC-003349,BIZ-0140,1,2025,9376970.99,2254468.13,68455.51,65.36,490.66,93.38,104386.96,1825.48,504766.54,26.66,65.72,11699894.63
REC-003350,BIZ-0140,2,2025,8998432.97,1962869.17,59601.29,43.17,465.85,61.67,100402.35,1589.37,445970.99,27.51,70.67,11020903.43
REC-003351,BIZ-0140,3,2025,11301426.33,2283761.06,69344.97,48.9,514.18,69.86,124644.38,1849.2,519201.71,29.06,62.05,13654532.36
REC-003352,BIZ-0140,4,2025,6646866.89,1199225.75,36413.74,39.97,508.1,57.1,75649.02,971.03,377054.2,29.58,66.57,7882506.38
REC-003353,BIZ-0140,5,2025,9723304.66,1358719.89,41256.68,46.92,517.01,67.03,108032.58,1100.18,473305.27,29.83,61.97,11123281.23
REC-003354,BIZ-0140,6,2025,9033228.85,1403559.68,42618.21,31.87,519.66,45.54,100768.62,1136.49,422046.18,29.99,61.53,10479406.74
REC-003355,BIZ-0140,7,2025,9739911.63,1406341.32,42702.67,46.63,517.43,66.61,108207.39,1138.74,473099.38,29.41,67.53,11188955.62
REC-003356,BIZ-0140,8,2025,9008142.32,889164.93,26998.94,28.39,543.48,40.56,100504.55,719.97,413719.14,26.92,67.98,9924306.19
REC-003357,BIZ-0140,9,2025,9152040.71,2000265.77,60736.81,61.05,477.99,87.21,102019.27,1619.65,489350.78,25.81,73.52,11213043.29
REC-003358,BIZ-0140,10,2025,7888610.5,1485153.36,45095.75,42.21,523.74,60.3,88720.01,1202.55,414659.95,25.2,57.74,9418859.61
REC-003359,BIZ-0140,11,2025,11229768.4,1788073.19,54293.72,57.97,482.38,82.82,123890.09,1447.83,537269.07,26.34,84.42,13072135.31
REC-003360,BIZ-0140,12,2025,8052560.46,3089916.59,93823.38,75.65,475.97,108.07,90445.79,2501.96,492536.47,25.31,78.01,11236300.43
REC-003361,BIZ-0141,1,2024,1750913.35,1128196.24,72320.27,56.42,630.05,59.39,18430.67,964.27,179538.07,27.65,43.55,2951429.86
REC-003362,BIZ-0141,2,2024,1741567.22,922516.3,59135.66,50.24,592.07,52.89,18332.29,788.48,170668.48,28.69,39.79,2723219.18
REC-003363,BIZ-0141,3,2024,1862279.44,2144208.71,137449.28,94.24,590.24,99.2,19602.94,1832.66,235057.05,29.5,26.11,4143937.43
REC-003364,BIZ-0141,4,2024,1701288.23,1162405.81,74513.19,78.25,584.83,82.37,17908.3,993.51,208950.08,29.59,34.46,2938207.23
REC-003365,BIZ-0141,5,2024,1926233.95,1877593.73,120358.57,94.42,590.05,99.39,20276.15,1604.78,236796.42,30.28,20.43,3924186.25
REC-003366,BIZ-0141,6,2024,1849108.92,972345.97,62329.87,73.66,589.67,77.53,19464.3,831.06,205940.06,29.38,25.61,2883784.76
REC-003367,BIZ-0141,7,2024,1678244.5,1664979.39,106729.45,78.29,607.02,82.42,17665.73,1423.06,208476.91,29.79,38.09,3449953.34
REC-003368,BIZ-0141,8,2024,1943278.64,1291987.45,82819.71,100.41,583.75,105.69,20455.56,1104.26,245575.58,28.34,42.06,3318085.8
REC-003369,BIZ-0141,9,2024,2241553.13,1517004.58,97243.88,89.7,572.78,94.42,23595.3,1296.59,237483.16,25.93,44.18,3855801.59
REC-003370,BIZ-0141,10,2024,2005378.01,1553575.41,99588.17,89.78,594.93,94.51,21109.24,1327.84,232137.89,24.78,24.33,3658541.59
REC-003371,BIZ-0141,11,2024,1775741.56,1209776.02,77549.74,60.48,603.54,63.66,18692.02,1034.0,185789.24,25.02,41.29,3063067.32
REC-003372,BIZ-0141,12,2024,1995181.45,1058608.46,67859.52,50.9,635.87,53.57,21001.91,904.79,177457.97,25.63,28.42,3121649.43
REC-003373,BIZ-0141,1,2025,1621356.53,1681157.06,107766.48,77.74,607.61,81.83,17066.91,1436.89,206387.12,25.64,20.25,3410280.07
REC-003374,BIZ-0141,2,2025,1898520.95,697738.14,44726.8,56.55,563.2,59.52,19984.43,596.36,183132.66,27.72,21.6,2640985.89
REC-003375,BIZ-0141,3,2025,2144816.09,1026744.85,65816.98,49.33,637.51,51.93,22577.01,877.56,178738.11,28.12,42.43,3237377.92
REC-003376,BIZ-0141,4,2025,1775389.98,1063910.03,68199.36,67.05,596.62,70.58,18688.32,909.32,194980.84,29.45,41.59,2907499.37
REC-003377,BIZ-0141,5,2025,1711400.19,1247964.44,79997.72,63.58,622.51,66.93,18014.74,1066.64,188649.08,31.0,29.79,3039362.35
REC-003378,BIZ-0141,6,2025,2038131.6,1296374.66,83100.94,102.7,559.09,108.11,21454.02,1108.01,250979.02,30.1,20.06,3417607.2
REC-003379,BIZ-0141,7,2025,1507395.25,1568246.16,100528.6,86.33,598.56,90.88,15867.32,1340.38,215775.92,29.43,25.46,3176170.01
REC-003380,BIZ-0141,8,2025,1785479.57,707889.23,45377.52,56.41,630.06,59.38,18794.52,605.03,180328.23,27.25,37.39,2538746.32
REC-003381,BIZ-0141,9,2025,1531286.68,1225010.16,78526.29,55.39,608.89,58.31,16118.81,1047.02,173008.0,27.79,33.77,2834823.13
REC-003382,BIZ-0141,10,2025,2094693.71,1070100.88,68596.21,88.5,596.28,93.16,22049.41,914.62,232406.19,25.09,30.18,3233390.8
REC-003383,BIZ-0141,11,2025,1659290.25,835536.88,53560.06,59.12,604.97,62.23,17466.21,714.13,181195.56,24.9,27.75,2548387.19
REC-003384,BIZ-0141,12,2025,1899619.27,1438577.85,92216.53,86.85,598.02,91.42,19995.99,1229.55,225584.26,24.89,27.53,3430413.65
REC-003385,BIZ-0142,1,2024,13165403.52,2358252.69,71606.86,66.29,289.7,94.7,150587.99,1909.52,622308.24,27.33,78.62,15595263.07
REC-003386,BIZ-0142,2,2024,14785432.34,2234384.84,67845.69,74.53,253.13,106.47,167640.93,1809.22,683062.82,26.87,74.33,17087662.87
REC-003387,BIZ-0142,3,2024,14115280.68,1709760.61,51915.81,46.69,317.7,66.7,160586.7,1384.42,604184.81,29.75,59.93,15876957.1
REC-003388,BIZ-0142,4,2024,13638256.68,2760151.2,83810.26,59.69,286.74,85.26,155565.4,2234.94,620220.55,29.09,86.01,16482218.14
REC-003389,BIZ-0142,5,2024,11551211.84,862094.27,26176.95,37.23,331.22,53.18,133596.5,698.05,515892.55,30.35,65.01,12439483.06
REC-003390,BIZ-0142,6,2024,9182000.47,2268134.61,68870.48,54.29,294.44,77.56,108657.44,1836.55,491084.92,29.46,66.15,11519005.56
REC-003391,BIZ-0142,7,2024,8863711.27,2523509.39,76624.78,55.4,305.26,79.14,105307.02,2043.33,485136.87,28.93,56.64,11463845.44
REC-003392,BIZ-0142,8,2024,11147425.57,1947932.89,59147.76,44.5,320.83,63.57,129346.12,1577.27,521269.55,27.81,66.84,13154506.22
REC-003393,BIZ-0142,9,2024,9154611.59,1391786.99,42260.74,53.5,295.58,76.42,108369.13,1126.95,488612.68,27.76,60.58,10588659.32
REC-003394,BIZ-0142,10,2024,7694854.11,1608051.76,48827.48,44.18,321.29,63.11,93003.26,1302.07,429702.54,26.54,55.33,9351733.35
REC-003395,BIZ-0142,11,2024,7843144.2,788043.06,23928.43,29.08,330.46,41.54,94564.21,638.09,400378.53,24.56,62.15,8655115.69
REC-003396,BIZ-0142,12,2024,13372871.69,1513285.5,45949.96,34.02,335.8,48.6,152771.87,1225.33,556773.52,25.61,70.43,14932107.15
REC-003397,BIZ-0142,1,2025,13848323.75,1620310.58,49199.71,49.44,313.77,70.63,157776.63,1311.99,603208.34,27.43,67.78,15517834.04
REC-003398,BIZ-0142,2,2025,10849389.18,1926596.61,58499.9,67.88,250.23,96.97,126208.9,1560.0,564853.19,28.66,76.34,12834485.69
REC-003399,BIZ-0142,3,2025,12600068.93,925906.48,28114.57,38.32,329.66,54.74,144637.1,749.72,545896.45,29.85,61.07,13554089.98
REC-003400,BIZ-0142,4,2025,14678840.59,1580732.34,47997.95,55.25,293.07,78.93,166518.91,1279.95,637847.94,31.13,86.86,16307570.88
REC-003401,BIZ-0142,5,2025,9663928.33,2885464.73,87615.33,63.12,294.23,90.17,113730.36,2336.41,523190.35,30.47,63.22,12637008.39
REC-003402,BIZ-0142,6,2025,9957252.95,1449130.26,44001.93,31.34,327.23,44.77,116817.99,1173.38,460986.3,29.28,59.45,11450385.14
REC-003403,BIZ-0142,7,2025,16136587.17,1609389.99,48868.12,65.76,290.46,93.94,181863.61,1303.15,699326.76,29.45,80.95,17794845.28
REC-003404,BIZ-0142,8,2025,13709663.43,811059.93,24627.33,34.49,335.13,49.27,156317.05,656.73,566665.63,28.52,88.52,14545350.69
REC-003405,BIZ-0142,9,2025,14427986.71,2064024.8,62672.82,48.27,303.05,68.95,163878.34,1671.28,615880.56,26.45,70.38,16554684.33
REC-003406,BIZ-0142,10,2025,13503788.53,3206413.13,97360.72,74.96,277.31,107.09,154149.94,2596.29,650294.84,26.22,74.13,16807562.38
REC-003407,BIZ-0142,11,2025,11891640.38,2220398.85,67421.02,68.42,274.26,97.74,137179.96,1797.89,593467.69,25.44,77.26,14179460.25
REC-003408,BIZ-0142,12,2025,15516621.83,1062392.11,32258.87,36.96,331.6,52.8,175337.66,860.24,619658.27,26.13,84.13,16611272.81
REC-003409,BIZ-0143,1,2024,2294201.31,1285784.99,82422.11,76.28,616.56,101.71,31203.09,1098.96,235437.9,26.48,36.0,3662408.41
REC-003410,BIZ-0143,2,2024,2163722.33,1319668.53,84594.14,58.41,594.05,77.88,29829.62,1127.92,207395.29,28.69,31.73,3567985.0
REC-003411,BIZ-0143,3,2024,1998435.18,1675080.07,107376.93,80.34,611.14,107.13,28089.76,1431.69,234279.83,28.48,27.92,3780892.18
REC-003412,BIZ-0143,4,2024,2608532.95,1534434.79,98361.2,68.49,603.78,91.32,34511.84,1311.48,231811.79,29.79,29.86,4241328.94
REC-003413,BIZ-0143,5,2024,2218768.72,637705.03,40878.53,45.89,657.08,61.19,30409.06,545.05,191151.27,31.04,23.69,2897352.28
REC-003414,BIZ-0143,6,2024,3092336.77,489948.31,31406.94,38.61,643.62,51.48,39604.51,418.76,201186.48,30.34,43.51,3613692.02
REC-003415,BIZ-0143,7,2024,2448445.04,849881.44,54479.58,58.78,639.89,78.38,32826.71,726.39,214516.0,30.4,22.98,3352806.06
REC-003416,BIZ-0143,8,2024,2533000.6,1482797.0,95051.09,78.51,613.59,104.68,33716.76,1267.35,244094.93,27.63,37.21,4110848.69
REC-003417,BIZ-0143,9,2024,3178242.03,686427.16,44001.74,55.9,620.56,74.54,40508.78,586.69,227383.11,27.16,42.27,3908670.93
REC-003418,BIZ-0143,10,2024,1983968.12,923808.88,59218.52,64.43,632.37,85.9,27937.47,789.58,211660.77,26.61,27.28,2966995.52
REC-003419,BIZ-0143,11,2024,3008413.21,1265647.45,81131.25,63.84,609.98,85.12,38721.11,1081.75,234563.78,24.66,22.59,4355191.91
REC-003420,BIZ-0143,12,2024,2979084.07,1241242.61,79566.83,71.01,623.59,94.68,38412.38,1060.89,243921.95,25.06,27.96,4299893.51
REC-003421,BIZ-0143,1,2025,2471816.17,772879.53,49543.56,52.66,648.06,70.21,33072.72,660.58,206478.04,25.96,23.55,3294239.26
REC-003422,BIZ-0143,2,2025,2172147.69,774354.5,49638.11,51.33,580.31,68.45,29918.31,661.84,197689.19,27.33,31.36,2996140.3
REC-003423,BIZ-0143,3,2025,2405925.32,1046128.98,67059.55,49.37,652.44,65.83,32379.13,894.13,200358.4,28.4,29.39,3519113.85
REC-003424,BIZ-0143,4,2025,3067685.62,603136.97,38662.63,43.13,637.6,57.5,39345.03,515.5,206937.47,30.38,36.15,3709485.22
REC-003425,BIZ-0143,5,2025,3049381.82,658226.83,42194.03,43.61,660.12,58.15,39152.36,562.59,207196.03,31.07,37.31,3749802.68
REC-003426,BIZ-0143,6,2025,3113233.34,1046735.86,67098.45,48.61,630.29,64.81,39824.48,894.65,215661.89,29.69,41.93,4227067.65
REC-003427,BIZ-0143,7,2025,3126883.76,588154.18,37702.19,34.32,672.51,45.76,39968.17,502.7,195981.46,29.25,34.98,3752740.13
REC-003428,BIZ-0143,8,2025,2307797.11,1385405.32,88808.03,67.05,628.87,89.4,31346.2,1184.11,222834.35,28.73,20.26,3782010.46
REC-003429,BIZ-0143,9,2025,2763819.36,1025482.76,65736.07,49.02,629.74,65.36,36146.44,876.48,208149.55,27.19,21.78,3855038.19
REC-003430,BIZ-0143,10,2025,2746874.25,711412.86,45603.39,42.61,661.46,56.81,35968.07,608.05,198777.99,25.71,26.43,3503890.5
REC-003431,BIZ-0143,11,2025,2919106.89,1156136.49,74111.31,69.88,601.93,93.17,37781.04,988.15,240947.06,25.88,24.0,4149354.69
REC-003432,BIZ-0143,12,2025,2565436.18,675108.89,43276.21,49.3,652.54,65.73,34058.19,577.02,203943.41,25.28,31.31,3283821.28
REC-003433,BIZ-0144,1,2024,282499.97,67695.92,21029.8,11.45,465.21,28.62,5518.88,80.11,36293.3,27.74,73.72,371225.69
REC-003434,BIZ-0144,2,2024,406996.85,60727.1,18864.93,10.5,435.72,26.25,6829.38,71.87,37594.06,28.1,59.68,486588.88
REC-003435,BIZ-0144,3,2024,415969.55,67649.72,21015.44,12.11,463.56,30.27,6923.83,80.06,38860.26,29.79,60.2,504634.71
REC-003436,BIZ-0144,4,2024,426952.35,72325.33,22467.93,10.76,451.01,26.89,7039.44,85.59,38088.88,31.04,85.65,521745.61
REC-003437,BIZ-0144,5,2024,449544.32,74585.39,23170.02,14.19,458.36,35.47,7277.25,88.27,40846.52,30.06,76.94,547299.73
REC-003438,BIZ-0144,6,2024,480659.07,89814.11,27900.83,13.1,445.14,32.76,7604.77,106.29,40578.9,30.57,81.81,598374.01
REC-003439,BIZ-0144,7,2024,340204.49,80767.48,25090.49,17.77,449.41,44.42,6126.3,95.58,41625.9,28.76,80.21,446062.46
REC-003440,BIZ-0144,8,2024,290008.27,124739.47,38750.43,22.04,438.73,55.1,5597.92,147.62,43824.05,28.39,75.58,453498.17
REC-003441,BIZ-0144,9,2024,344926.4,154009.56,47843.21,19.69,428.68,49.22,6176.0,182.26,43046.71,26.02,78.89,546779.17
REC-003442,BIZ-0144,10,2024,499756.27,110069.45,34193.17,14.04,458.73,35.1,7805.79,130.26,41536.75,24.74,73.94,644018.89
REC-003443,BIZ-0144,11,2024,328121.0,104891.91,32584.77,12.73,446.07,31.83,5999.11,124.13,37911.84,24.45,76.2,465597.68
REC-003444,BIZ-0144,12,2024,437646.97,155113.27,48186.07,19.2,445.82,48.01,7152.01,183.57,44171.17,25.05,57.52,640946.31
REC-003445,BIZ-0144,1,2025,307001.36,106804.31,33178.85,17.84,449.24,44.59,5776.79,126.4,41151.74,25.82,67.29,446984.52
REC-003446,BIZ-0144,2,2025,497735.5,79392.18,24663.25,11.87,416.36,29.68,7784.52,93.96,39986.94,28.0,68.25,601790.93
REC-003447,BIZ-0144,3,2025,405952.99,142934.02,44402.58,17.01,451.3,42.53,6818.39,169.15,42134.82,29.32,63.65,593289.59
REC-003448,BIZ-0144,4,2025,491458.16,63149.81,19617.54,10.77,450.98,26.92,7718.44,74.73,39114.18,30.77,82.63,574225.51
REC-003449,BIZ-0144,5,2025,535531.85,115676.86,35935.12,17.96,448.93,44.9,8182.38,136.9,44845.84,30.67,71.58,687143.83
REC-003450,BIZ-0144,6,2025,356849.35,136384.47,42367.96,23.26,419.75,58.15,6301.51,161.4,45735.3,29.55,65.35,535601.78
REC-003451,BIZ-0144,7,2025,411806.54,114994.07,35723.01,15.59,454.84,38.99,6880.01,136.09,41235.99,29.01,86.21,562523.62
REC-003452,BIZ-0144,8,2025,344888.24,102651.0,31888.62,21.85,439.2,54.63,6175.6,121.48,44560.55,28.23,78.9,479427.86
REC-003453,BIZ-0144,9,2025,514508.85,66665.85,20709.8,13.22,444.84,33.06,7961.08,78.89,41197.6,25.89,85.7,601884.5
REC-003454,BIZ-0144,10,2025,296277.27,68477.18,21272.5,12.94,461.49,32.34,5663.91,81.04,37550.86,24.68,77.78,386026.95
REC-003455,BIZ-0144,11,2025,375039.51,119646.84,37168.4,18.74,431.05,46.85,6492.98,141.59,42858.01,24.82,87.1,531854.75
REC-003456,BIZ-0144,12,2025,474218.8,74672.83,23197.18,12.01,463.79,30.04,7536.98,88.37,39715.62,26.75,80.49,572088.81
REC-003457,BIZ-0145,1,2024,342559.02,383214.29,55271.29,30.31,534.98,67.35,8075.88,368.48,68481.91,27.03,67.06,781044.6
REC-003458,BIZ-0145,2,2024,311396.37,384452.63,55449.9,31.88,492.63,70.84,7747.86,369.67,69582.73,28.27,80.99,751298.9
REC-003459,BIZ-0145,3,2024,175665.07,242811.2,35020.85,21.18,555.27,47.06,6319.11,233.47,57702.66,28.53,86.27,453497.12
REC-003460,BIZ-0145,4,2024,412040.2,291559.14,42051.8,33.23,509.06,73.84,8807.27,280.35,72136.46,29.95,86.34,745651.14
REC-003461,BIZ-0145,5,2024,201888.94,295734.01,42653.94,24.08,548.81,53.52,6595.15,284.36,60792.41,30.13,68.49,540276.89
REC-003462,BIZ-0145,6,2024,233281.23,240198.24,34643.98,16.9,545.35,37.55,6925.59,230.96,54364.5,29.42,65.18,508123.45
REC-003463,BIZ-0145,7,2024,452128.91,244670.11,35288.96,29.36,537.09,65.24,9229.25,235.26,68965.56,28.7,91.25,732087.98
REC-003464,BIZ-0145,8,2024,432621.6,468637.73,67591.98,36.6,521.0,81.33,9023.91,450.61,75599.33,27.65,84.74,968851.31
REC-003465,BIZ-0145,9,2024,331551.94,193246.48,27872.09,17.23,544.62,38.28,7960.02,185.81,55916.84,27.13,80.63,552670.51
REC-003466,BIZ-0145,10,2024,259090.1,268016.03,38656.16,26.54,543.34,58.99,7197.26,257.71,63854.14,26.31,67.41,565762.29
REC-003467,BIZ-0145,11,2024,465664.12,306115.13,44151.22,20.87,536.53,46.37,9371.73,294.34,61071.17,24.85,89.85,815930.47
REC-003468,BIZ-0145,12,2024,368994.03,390353.67,56301.01,39.5,514.54,87.79,8354.15,375.34,77553.33,26.1,74.72,815648.71
REC-003469,BIZ-0145,1,2025,198389.75,220260.2,31768.3,24.07,548.84,53.49,6558.31,211.79,60737.91,26.71,91.7,450418.25
REC-003470,BIZ-0145,2,2025,392258.72,407502.22,58774.36,36.22,463.55,80.49,8599.04,391.83,74729.75,28.31,79.9,858535.3
REC-003471,BIZ-0145,3,2025,260686.52,325528.73,46951.26,23.29,550.57,51.76,7214.07,313.01,60783.71,29.0,65.46,633166.51
REC-003472,BIZ-0145,4,2025,179846.3,267483.27,38579.32,28.27,520.08,62.82,6363.12,257.2,64491.84,28.97,64.45,485908.89
REC-003473,BIZ-0145,5,2025,247279.75,469965.94,67783.55,32.41,530.31,72.02,7072.94,451.89,69274.58,31.46,85.66,785029.24
REC-003474,BIZ-0145,6,2025,426216.0,344647.23,49708.74,27.16,522.54,60.36,8956.48,331.39,66551.58,30.72,69.39,820571.97
REC-003475,BIZ-0145,7,2025,271745.11,533018.21,76877.63,38.96,515.75,86.58,7330.47,512.52,75811.34,30.1,79.44,881640.95
REC-003476,BIZ-0145,8,2025,408004.25,251886.14,36329.73,27.95,540.21,62.12,8764.78,242.2,67072.1,28.48,75.4,696220.12
REC-003477,BIZ-0145,9,2025,378663.81,345032.35,49764.28,36.18,502.5,80.4,8455.93,331.76,74519.7,25.65,86.93,773460.44
REC-003478,BIZ-0145,10,2025,332222.87,526083.15,75877.38,36.94,520.23,82.1,7967.08,505.85,74656.77,26.16,92.83,934183.4
REC-003479,BIZ-0145,11,2025,161930.67,470208.53,67818.54,30.77,514.53,68.37,6174.53,452.12,66636.95,24.89,64.48,699957.74
REC-003480,BIZ-0145,12,2025,382644.02,309309.61,44611.96,24.47,547.95,54.38,8497.83,297.41,63444.37,24.92,92.3,736565.59
REC-003481,BIZ-0146,1,2024,1874667.96,278058.1,40104.53,25.59,496.68,73.1,19733.35,267.36,77986.71,26.94,79.6,2192830.59
REC-003482,BIZ-0146,2,2024,1715685.39,355351.5,51252.62,26.04,458.63,74.39,18059.85,341.68,76406.65,27.99,86.24,2122289.51
REC-003483,BIZ-0146,3,2024,2283904.48,342674.74,49424.24,28.07,489.57,80.21,24041.1,329.49,85518.69,29.73,74.44,2676003.46
REC-003484,BIZ-0146,4,2024,2078656.99,263184.64,37959.32,28.22,470.78,80.62,21880.6,253.06,83062.48,30.8,82.18,2379800.95
REC-003485,BIZ-0146,5,2024,2133138.87,352907.77,50900.16,23.14,503.68,66.1,22454.09,339.33,78924.07,30.38,72.17,2536946.8
REC-003486,BIZ-0146,6,2024,1897922.31,267187.3,38536.63,20.63,492.47,58.93,19978.13,256.91,73569.16,29.79,69.38,2203646.24
REC-003487,BIZ-0146,7,2024,2539994.68,298260.2,43018.3,23.4,502.92,66.86,26736.79,286.79,84316.17,29.88,86.36,2881273.18
REC-003488,BIZ-0146,8,2024,1804203.0,275121.33,39680.96,24.13,500.83,68.95,18991.61,264.54,75717.08,27.87,82.7,2119005.29
REC-003489,BIZ-0146,9,2024,2254744.62,261102.45,37659.01,23.3,484.82,66.58,23734.15,251.06,80617.23,27.92,72.05,2553506.08
REC-003490,BIZ-0146,10,2024,2200531.57,280297.9,40427.58,21.05,509.63,60.15,23163.49,269.52,77796.28,24.69,62.13,2521257.05
REC-003491,BIZ-0146,11,2024,2246316.81,297381.76,42891.6,28.62,469.62,81.78,23645.44,285.94,85567.53,25.5,80.45,2586590.17
REC-003492,BIZ-0146,12,2024,1905500.29,287259.9,41431.72,23.96,501.33,68.45,20057.9,276.21,76830.58,25.3,93.47,2234191.91
REC-003493,BIZ-0146,1,2025,1848560.15,343574.5,49554.01,28.4,488.64,81.14,19458.53,330.36,80329.04,26.28,75.56,2241688.66
REC-003494,BIZ-0146,2,2025,2219570.58,275472.96,39731.68,22.58,450.14,64.5,23363.9,264.88,79484.23,28.31,68.81,2534775.22
REC-003495,BIZ-0146,3,2025,2197933.96,133396.92,19239.94,12.79,533.24,36.54,23136.15,128.27,69912.09,30.44,71.67,2350570.82
REC-003496,BIZ-0146,4,2025,2277113.37,248005.93,35770.09,22.16,488.09,63.31,23969.61,238.47,79814.89,28.99,81.96,2560889.39
REC-003497,BIZ-0146,5,2025,1885951.46,250788.75,36171.45,29.34,485.96,83.82,19852.12,241.14,81692.57,29.32,93.84,2172911.66
REC-003498,BIZ-0146,6,2025,1833893.19,246332.67,35528.75,19.95,494.39,57.01,19304.14,236.86,72121.39,29.92,93.72,2115754.61
REC-003499,BIZ-0146,7,2025,2095968.3,251195.63,36230.14,17.46,519.9,49.88,22062.82,241.53,73060.75,30.21,62.6,2383394.07
REC-003500,BIZ-0146,8,2025,1775489.77,281205.44,40558.48,22.96,504.18,65.6,18689.37,270.39,74237.75,27.66,65.44,2097253.69
REC-003501,BIZ-0146,9,2025,2418190.17,196069.87,28279.31,18.6,498.26,53.14,25454.63,188.53,78215.74,26.88,90.87,2642539.35
REC-003502,BIZ-0146,10,2025,2188770.74,270345.24,38992.1,26.44,494.25,75.53,23039.69,259.95,82761.07,26.59,80.19,2498108.08
REC-003503,BIZ-0146,11,2025,2226654.4,296186.37,42719.19,20.26,493.52,57.88,23438.47,284.79,77371.15,26.35,94.83,2565559.96
REC-003504,BIZ-0146,12,2025,2120111.5,163064.25,23518.88,19.38,514.4,55.38,22316.96,156.79,75194.44,24.67,92.54,2306694.63
REC-003505,BIZ-0147,1,2024,1321113.8,1036735.76,66457.42,52.78,614.42,70.37,20745.26,886.1,179532.83,25.55,21.15,2424306.98
REC-003506,BIZ-0147,2,2024,1824581.89,719415.97,46116.41,51.1,572.48,68.13,26044.93,614.89,188838.39,27.04,42.22,2590114.27
REC-003507,BIZ-0147,3,2024,1530656.68,567796.35,36397.2,38.48,633.48,51.31,22950.98,485.3,164368.63,30.24,43.76,2134850.23
REC-003508,BIZ-0147,4,2024,1992504.83,1468729.37,94149.32,66.17,574.48,88.22,27812.54,1255.32,213821.54,30.32,40.64,3555383.52
REC-003509,BIZ-0147,5,2024,1172663.36,1586742.27,101714.25,70.86,590.31,94.48,19182.62,1356.19,201401.63,30.01,31.22,2861119.88
REC-003510,BIZ-0147,6,2024,1598683.67,915190.08,58666.03,41.65,607.17,55.53,23667.05,782.21,170373.7,31.15,36.34,2572539.78
REC-003511,BIZ-0147,7,2024,1548493.8,701629.45,44976.25,43.7,626.53,58.26,23138.73,599.68,172081.28,29.98,20.78,2295099.5
REC-003512,BIZ-0147,8,2024,1268149.48,1098638.7,70425.56,48.16,620.57,64.22,20187.74,939.01,171839.53,28.45,21.19,2437213.74
REC-003513,BIZ-0147,9,2024,1892501.17,789094.26,50582.97,52.93,592.13,70.57,26759.86,674.44,192970.89,26.15,35.04,2732178.4
REC-003514,BIZ-0147,10,2024,1825380.32,1195006.29,76602.97,53.29,613.73,71.06,26053.33,1021.37,191926.65,25.46,30.55,3096989.58
REC-003515,BIZ-0147,11,2024,1506412.52,950367.99,60921.02,72.14,566.52,96.18,22695.77,812.28,210920.58,24.7,43.5,2517701.53
REC-003516,BIZ-0147,12,2024,1570784.96,1014571.42,65036.63,76.27,583.09,101.7,23373.38,867.16,218202.0,25.41,28.6,2650393.01
REC-003517,BIZ-0147,1,2025,1319025.86,992831.16,63643.02,75.44,584.21,100.58,20723.28,848.57,211202.37,27.79,39.2,2375500.04
REC-003518,BIZ-0147,2,2025,1808143.77,989561.65,63433.44,65.32,531.43,87.09,25871.89,845.78,208361.15,26.82,25.9,2861138.86
REC-003519,BIZ-0147,3,2025,1341260.23,1184492.16,75928.98,77.66,581.24,103.55,20957.33,1012.39,214833.44,29.95,26.47,2601681.37
REC-003520,BIZ-0147,4,2025,1484843.0,750117.6,48084.46,44.61,603.22,59.48,22468.73,641.13,171889.85,29.66,39.64,2283045.06
REC-003521,BIZ-0147,5,2025,1860964.13,918345.52,58868.3,59.8,605.06,79.73,26427.9,784.91,201862.64,29.71,41.2,2838177.95
REC-003522,BIZ-0147,6,2025,1180863.28,788160.21,50523.09,49.98,596.05,66.65,19268.94,673.64,172370.07,30.14,22.05,2019546.58
REC-003523,BIZ-0147,7,2025,1855120.23,737222.37,47257.84,62.8,601.05,83.74,26366.38,630.1,205928.4,28.29,37.54,2639600.44
REC-003524,BIZ-0147,8,2025,1213125.54,835426.41,53552.98,38.21,633.85,50.94,19608.54,714.04,156627.16,27.4,23.19,2102104.93
REC-003525,BIZ-0147,9,2025,1363428.74,959228.93,61489.03,71.72,567.08,95.62,21190.68,819.85,207022.66,27.78,39.48,2384146.7
REC-003526,BIZ-0147,10,2025,1464308.56,902205.88,57833.71,46.95,622.19,62.6,22252.57,771.12,174680.93,26.96,32.37,2424348.15
REC-003527,BIZ-0147,11,2025,1590603.16,1058556.01,67856.15,68.48,571.4,91.3,23581.99,904.75,207749.33,26.06,35.44,2717015.32
REC-003528,BIZ-0147,12,2025,1593830.57,906145.4,58086.24,42.05,628.72,56.07,23615.96,774.48,170828.86,25.41,24.52,2558062.21
REC-003529,BIZ-0148,1,2024,2322844.34,553879.85,35505.12,31.51,691.48,52.52,24450.99,473.4,157907.01,25.89,41.48,2912229.31
REC-003530,BIZ-0148,2,2024,2611334.99,653201.99,41871.92,29.13,647.44,48.56,27487.74,558.29,161261.78,27.97,35.37,3306408.9
REC-003531,BIZ-0148,3,2024,2543481.17,741600.12,47538.47,50.37,660.05,83.95,26773.49,633.85,189422.7,29.32,35.92,3332619.76
REC-003532,BIZ-0148,4,2024,2343537.65,586712.87,37609.8,41.28,651.2,68.8,24668.82,501.46,172061.63,30.05,26.73,2967860.32
REC-003533,BIZ-0148,5,2024,2968627.72,1204230.82,77194.28,55.54,651.43,92.57,31248.71,1029.26,206503.46,31.15,27.44,4250052.82
REC-003534,BIZ-0148,6,2024,3065210.32,585190.09,37512.19,31.64,667.26,52.74,32265.37,500.16,175285.72,29.67,40.83,3687912.6
REC-003535,BIZ-0148,7,2024,2717692.16,802731.99,51457.18,37.14,682.1,61.9,28607.29,686.1,174929.71,29.74,44.5,3571881.33
REC-003536,BIZ-0148,8,2024,2284123.5,565484.1,36248.98,46.91,665.81,78.19,24043.41,483.32,178571.25,28.25,20.92,2885856.58
REC-003537,BIZ-0148,9,2024,2566078.69,763694.47,48954.77,61.08,618.2,101.8,27011.35,652.73,204937.02,26.02,33.25,3378727.93
REC-003538,BIZ-0148,10,2024,2729780.98,697603.6,44718.18,50.43,659.94,84.06,28734.54,596.24,193823.78,25.12,40.64,3472102.76
REC-003539,BIZ-0148,11,2024,2643638.09,1308027.57,83847.92,61.7,617.17,102.83,27827.77,1117.97,207594.59,26.55,32.82,4035513.58
REC-003540,BIZ-0148,12,2024,2293088.43,674485.6,43236.26,48.19,663.69,80.31,24137.77,576.48,180567.56,25.97,28.82,3010810.29
REC-003541,BIZ-0148,1,2025,2343127.4,825028.09,52886.42,53.69,654.52,89.48,24664.5,705.15,189423.11,26.23,33.87,3221041.91
REC-003542,BIZ-0148,2,2025,2589430.4,843339.92,54060.25,59.44,572.94,99.06,27257.16,720.8,203178.34,27.09,37.29,3486830.57
REC-003543,BIZ-0148,3,2025,2871909.63,707442.14,45348.85,57.59,648.02,95.98,30230.63,604.65,207127.37,28.84,25.66,3624700.62
REC-003544,BIZ-0148,4,2025,2592453.41,746914.75,47879.15,53.74,630.44,89.56,27288.98,638.39,195267.29,30.19,41.59,3387247.31
REC-003545,BIZ-0148,5,2025,2229982.75,931358.39,59702.46,45.69,667.85,76.15,23473.5,796.03,175605.52,29.97,29.54,3221043.6
REC-003546,BIZ-0148,6,2025,2581524.52,1472790.36,94409.64,63.35,614.41,105.59,27173.94,1258.8,208477.65,31.21,34.81,4148724.52
REC-003547,BIZ-0148,7,2025,2352717.22,743838.78,47681.97,50.58,659.7,84.3,24765.44,635.76,185295.2,28.59,40.34,3144237.97
REC-003548,BIZ-0148,8,2025,2467907.71,767728.8,49213.38,62.34,640.11,103.89,25977.98,656.18,204421.07,27.7,39.85,3284849.89
REC-003549,BIZ-0148,9,2025,2199788.63,348798.4,22358.87,28.44,672.6,47.4,23155.67,298.12,150758.92,26.96,34.65,2570945.9
REC-003550,BIZ-0148,10,2025,2341439.34,616831.68,39540.49,27.66,697.9,46.1,24646.73,527.21,152948.93,26.06,28.51,2997811.51
REC-003551,BIZ-0148,11,2025,2521331.36,389877.86,24992.17,30.71,668.81,51.19,26540.33,333.23,161386.63,26.3,37.09,2936201.39
REC-003552,BIZ-0148,12,2025,2468548.13,737931.05,47303.27,38.21,680.31,63.69,25984.72,630.71,170663.32,26.06,36.59,3253782.45
REC-003553,BIZ-0149,1,2024,3823770.2,284740.69,41068.37,22.2,509.46,63.42,40250.21,273.79,99386.96,26.49,86.29,4149579.26
REC-003554,BIZ-0149,2,2024,4092193.99,232089.29,33474.42,21.06,475.74,60.18,43075.73,223.16,101700.78,29.05,89.7,4357757.7
REC-003555,BIZ-0149,3,2024,3696167.82,323045.23,46593.06,27.17,495.25,77.63,38907.03,310.62,102501.13,28.46,92.06,4065806.11
REC-003556,BIZ-0149,4,2024,4306404.88,177572.87,25611.47,14.68,512.45,41.95,45330.58,170.74,98346.07,30.49,80.84,4509589.22
REC-003557,BIZ-0149,5,2024,3360055.49,187283.19,27012.0,13.63,533.95,38.93,35369.01,180.08,85387.08,29.57,81.55,3574350.68
REC-003558,BIZ-0149,6,2024,4116959.23,322937.32,46577.5,25.0,482.96,71.44,43336.41,310.52,105758.03,30.08,79.78,4486474.05
REC-003559,BIZ-0149,7,2024,3639102.85,202205.44,29164.25,15.86,527.57,45.31,38306.35,194.43,91034.6,28.23,66.54,3870472.54
REC-003560,BIZ-0149,8,2024,3861579.54,414635.65,59803.22,30.08,486.94,85.94,40648.21,398.69,107353.78,28.86,91.66,4336018.41
REC-003561,BIZ-0149,9,2024,3500150.26,167943.2,24222.58,18.58,501.32,53.08,36843.69,161.48,91861.6,26.82,92.22,3692316.04
REC-003562,BIZ-0149,10,2024,3755491.55,255027.46,36782.81,26.89,496.05,76.83,39531.49,245.22,102983.84,25.27,92.56,4047301.82
REC-003563,BIZ-0149,11,2024,3276265.16,156071.95,22510.38,15.76,509.38,45.02,34487.0,150.07,86354.35,26.69,94.41,3454847.49
REC-003564,BIZ-0149,12,2024,3489727.83,251984.49,36343.92,20.61,513.99,58.89,36733.98,242.29,93662.68,24.71,79.43,3778056.24
REC-003565,BIZ-0149,1,2025,3908216.24,449476.47,64828.34,31.23,483.66,89.22,41139.12,432.19,109032.99,27.41,81.08,4422521.05
REC-003566,BIZ-0149,2,2025,3624437.46,178268.27,25711.77,12.47,481.82,35.62,38151.97,171.41,87627.55,26.99,93.19,3828417.5
REC-003567,BIZ-0149,3,2025,4528583.69,418363.25,60340.85,30.85,484.75,88.13,47669.3,402.27,116507.68,29.82,82.37,5007287.79
REC-003568,BIZ-0149,4,2025,3161352.64,184149.66,26560.05,21.26,493.66,60.74,33277.4,177.07,90129.11,30.48,67.51,3372062.35
REC-003569,BIZ-0149,5,2025,3759823.4,200498.63,28918.07,20.39,514.62,58.26,39577.09,192.79,96864.86,30.06,80.49,3989240.1
REC-003570,BIZ-0149,6,2025,4061189.36,342087.81,49339.59,24.9,483.27,71.13,42749.36,328.93,104951.49,30.94,74.33,4452616.76
REC-003571,BIZ-0149,7,2025,3947601.67,258525.01,37287.26,30.75,485.01,87.87,41553.7,248.58,109079.61,29.34,62.68,4243413.94
REC-003572,BIZ-0149,8,2025,3148953.63,272909.68,39361.97,19.85,516.18,56.7,33146.88,262.41,88629.34,28.81,72.51,3461225.28
REC-003573,BIZ-0149,9,2025,4173047.78,139656.98,20142.83,13.79,515.01,39.39,43926.82,134.29,95809.39,25.84,81.0,4332847.59
REC-003574,BIZ-0149,10,2025,3683790.23,198805.1,28673.81,21.38,511.79,61.09,38776.74,191.16,96843.54,26.69,66.15,3911269.14
REC-003575,BIZ-0149,11,2025,3284590.29,255742.69,36885.96,20.46,495.94,58.46,34574.63,245.91,90928.36,26.38,73.54,3577218.94
REC-003576,BIZ-0149,12,2025,3703673.1,170014.54,24521.33,14.2,532.32,40.56,38986.03,163.48,90268.95,26.29,72.83,3898208.97
REC-003577,BIZ-0150,1,2024,4804568.88,997526.77,30289.27,47.6,684.51,59.49,62293.61,807.71,290258.62,25.85,79.37,5832384.92
REC-003578,BIZ-0150,2,2024,7305708.61,2862506.47,86918.21,92.23,580.71,115.29,88621.4,2317.82,423255.54,27.91,82.41,10255133.29
REC-003579,BIZ-0150,3,2024,6986278.35,1190800.4,36157.91,47.83,684.21,59.79,85258.97,964.21,336615.92,29.32,77.35,8213236.66
REC-003580,BIZ-0150,4,2024,6994669.98,1344736.19,40832.07,62.45,641.93,78.07,85347.31,1088.86,363109.69,29.49,81.07,8380238.24
REC-003581,BIZ-0150,5,2024,5328819.89,931688.18,28290.13,40.4,693.5,50.5,67812.04,754.4,288341.21,30.15,92.76,6288798.2
REC-003582,BIZ-0150,6,2024,7462700.54,1779179.98,54023.68,94.38,602.03,117.97,90273.94,1440.63,430424.04,29.74,94.72,9295904.2
REC-003583,BIZ-0150,7,2024,6810161.99,1033849.82,31392.2,44.81,687.98,56.02,83405.12,837.13,327473.81,29.57,79.59,7875404.01
REC-003584,BIZ-0150,8,2024,6361408.34,1685013.38,51164.37,71.81,654.23,89.77,78681.39,1364.38,366627.25,27.73,81.76,8097586.09
REC-003585,BIZ-0150,9,2024,5631512.06,1819334.0,55242.94,53.78,652.77,67.23,70998.27,1473.14,318803.36,27.45,75.01,7506089.0
REC-003586,BIZ-0150,10,2024,7273704.33,2315727.66,70315.62,91.02,630.23,113.77,88284.51,1875.08,420399.18,26.11,89.16,9659747.61
REC-003587,BIZ-0150,11,2024,4962055.44,2530344.89,76832.33,73.29,628.38,91.62,63951.36,2048.86,339828.46,24.74,72.73,7569232.66
REC-003588,BIZ-0150,12,2024,5680370.83,1098287.63,33348.81,53.96,676.54,67.46,71512.58,889.3,320162.05,26.2,82.66,6812007.27
REC-003589,BIZ-0150,1,2025,5627942.17,2495241.01,75766.43,85.75,636.81,107.19,70960.7,2020.44,376275.01,25.75,92.99,8198949.61
REC-003590,BIZ-0150,2,2025,6774558.16,2675944.78,81253.38,79.01,573.24,98.76,83030.34,2166.76,388274.72,26.98,95.23,9531756.32
REC-003591,BIZ-0150,3,2025,6033250.09,2511223.2,76251.72,88.84,632.95,111.05,75227.1,2033.38,390371.18,28.83,95.18,8620725.01
REC-003592,BIZ-0150,4,2025,5225878.52,1184089.92,35954.15,60.91,643.87,76.13,66728.45,958.78,323086.04,29.68,93.53,6445922.59
REC-003593,BIZ-0150,5,2025,4982230.76,1416049.49,42997.45,67.46,659.67,84.33,64163.73,1146.6,329761.3,29.75,86.57,6441277.7
REC-003594,BIZ-0150,6,2025,5554312.03,1525989.81,46335.72,47.52,660.6,59.4,70185.64,1235.62,305910.83,29.6,84.65,7126637.56
REC-003595,BIZ-0150,7,2025,5668951.87,1064267.74,32315.82,55.15,675.06,68.94,71392.38,861.76,322060.04,30.14,78.85,6765535.43
REC-003596,BIZ-0150,8,2025,5601319.43,915667.1,27803.66,51.84,679.2,64.8,70680.46,741.43,314671.51,28.61,77.98,6544790.19
REC-003597,BIZ-0150,9,2025,6106486.29,1832414.08,55640.1,62.52,641.85,78.15,75998.0,1483.74,344530.91,26.54,92.73,7994540.47
REC-003598,BIZ-0150,10,2025,6589184.7,3121962.38,94796.43,94.05,626.44,117.56,81079.04,2527.9,411449.23,26.7,89.14,9805943.51
REC-003599,BIZ-0150,11,2025,6108093.99,2951420.0,89618.02,88.06,609.93,110.07,76014.93,2389.81,390536.03,25.67,76.5,9149132.01
REC-003600,BIZ-0150,12,2025,7437805.27,1920613.11,58318.21,82.25,641.19,102.81,90011.89,1555.15,408067.17,25.86,91.9,9416736.59
