dataset_source,source_grain,source_row_id,cbecs_public_building_id,cbecs_region_code,cbecs_building_activity_code,floor_area_sqft,cbecs_floor_count_code,cbecs_construction_period_code,cbecs_occupancy_code,cbecs_weekly_operating_hours,cbecs_worker_count,cbecs_energy_used_code,cbecs_electricity_used_code,cbecs_natural_gas_used_code,cbecs_fuel_oil_used_code,cbecs_propane_used_code,cbecs_district_steam_used_code,cbecs_district_hot_water_used_code,heating_degree_days,cooling_degree_days,electricity_btu,electricity_consumption_cbecs,electricity_expenditure,natural_gas_btu,natural_gas_consumption_cbecs,natural_gas_expenditure,survey_final_weight
cbecs,building_survey,1,1,3,2,210000,994,2,1,70,350,1,1,2,1,2,1,2,4463,1759,18708970.0,5483285.0,775800.0,,,,2.17
cbecs,building_survey,2,2,4,2,28000,5,6,2,45,12,1,1,1,2,2,2,2,2424,189,1528667.0,448027.0,77933.0,201988.0,1946.0,4097.0,312.77
cbecs,building_survey,3,3,3,8,2100,1,6,1,48,6,1,1,2,2,2,2,2,3218,2403,52387.0,15354.0,3472.0,,,,1218.03
cbecs,building_survey,4,4,3,5,240000,1,9,2,55,34,1,1,1,2,1,2,2,1045,3041,1974255.0,578621.0,41197.0,1211520.0,11672.0,9862.0,69.6
cbecs,building_survey,5,5,1,5,295000,1,4,2,80,10,1,1,1,2,2,2,2,5076,1316,1290564.0,378243.0,33688.0,3386445.0,32625.0,35297.0,199.58
cbecs,building_survey,6,6,3,14,94000,2,7,1,60,112,1,1,1,2,2,2,2,4830,1143,2701501.0,791765.0,83464.0,1234016.0,11888.0,9259.0,99.04
cbecs,building_survey,7,7,4,14,41000,2,8,1,50,43,1,1,2,2,2,2,2,1924,3577,2001353.0,586563.0,41661.0,,,,324.59
cbecs,building_survey,8,8,2,5,122000,2,4,1,168,110,1,1,1,1,2,2,2,4540,1184,2995725.0,877997.0,77439.0,894589.0,8618.0,4720.0,15.06
cbecs,building_survey,9,9,4,25,96000,1,8,1,95,30,1,1,1,2,2,2,2,5054,1269,2476873.0,725930.0,68336.0,505107.0,4866.0,4187.0,245.01
cbecs,building_survey,10,10,1,14,220000,3,3,2,80,80,1,1,1,2,2,2,2,8497,598,4985513.0,1461170.0,158941.0,19296036.0,185896.0,102029.0,44.64
cbecs,building_survey,11,11,1,25,7500,1,5,1,64,4,1,1,1,2,2,2,2,5951,1036,568248.0,166544.0,13908.0,402010.0,3873.0,2659.0,14.9
cbecs,building_survey,12,12,4,7,350000,5,5,5,54,250,1,1,1,2,2,2,2,1376,680,17352643.0,5085769.0,576798.0,9171345.0,88356.0,49886.0,17.76
cbecs,building_survey,13,13,4,2,30500,3,7,5,50,25,1,1,1,2,2,2,2,4615,1184,682778.0,200111.0,14249.0,1505253.0,14501.0,7140.0,621.37
cbecs,building_survey,14,14,3,14,8000,1,8,1,35,3,1,1,2,2,2,2,2,2886,2586,200139.0,58657.0,6795.0,,,,4468.96
cbecs,building_survey,15,15,2,5,3000,2,6,1,45,4,1,1,1,2,2,2,2,6250,894,70881.0,20774.0,2525.0,123806.0,1193.0,1197.0,3075.23
cbecs,building_survey,16,16,4,25,8500,1,8,1,98,2,1,1,2,2,2,2,2,1504,3786,549320.0,160996.0,11769.0,,,,2934.43
cbecs,building_survey,17,17,3,14,51000,1,3,1,60,48,1,1,1,2,2,2,2,2706,2195,1658447.0,486063.0,52848.0,286449.0,2760.0,2782.0,431.11
cbecs,building_survey,18,18,4,5,2100000,4,9,1,154,800,1,1,1,1,1,2,2,3826,401,15454465.0,4529445.0,390831.0,2083930.0,20076.0,16669.0,70.08
cbecs,building_survey,19,19,3,2,184000,3,2,30,38,400,1,1,1,1,2,2,2,3943,1680,10394225.0,3046373.0,294586.0,6001662.0,57819.0,61657.0,7.59
cbecs,building_survey,20,20,1,2,1500000,995,2,40,168,2500,1,1,1,1,2,1,2,5545,1262,105615166.0,30954035.0,2829675.0,4416227.0,42546.0,53023.0,58.26
cbecs,building_survey,21,21,2,2,240000,4,8,3,80,400,1,1,1,1,2,2,2,5213,1708,9557002.0,2800997.0,338196.0,7562621.0,72858.0,40230.0,15.06
cbecs,building_survey,22,22,4,2,210000,994,2,100,168,500,1,1,1,2,2,2,2,777,1583,7971075.0,2336188.0,459021.0,2977333.0,28683.0,20793.0,15.06
cbecs,building_survey,23,23,1,2,22000,3,6,2,168,25,1,1,2,1,2,2,2,6536,769,1201701.0,352198.0,53374.0,,,,1195.68
cbecs,building_survey,24,24,4,5,116000,1,8,2,86,20,1,1,2,2,1,2,2,4448,332,5776390.0,1692963.0,178655.0,,,,15.06
cbecs,building_survey,25,25,3,2,230000,995,8,2,50,247,1,1,2,1,2,2,2,4368,1744,9532404.0,2793788.0,398459.0,,,,14.9
cbecs,building_survey,26,26,1,2,182000,994,6,20,56,250,1,1,1,2,2,2,2,4590,1510,6348373.0,1860602.0,221378.0,4254287.0,40985.0,23237.0,14.9
cbecs,building_survey,27,27,3,1,2800,1,5,0,0,0,1,1,2,2,2,2,2,1507,3667,56254.0,16487.0,1894.0,,,,2990.63
cbecs,building_survey,28,28,3,5,4550,1,8,1,0,0,2,2,2,2,2,2,2,4145,2230,,,,,,,6659.94
cbecs,building_survey,29,29,2,2,420000,994,6,35,56,1053,1,1,1,1,2,2,2,6302,1375,16498277.0,4835368.0,463023.0,419495.0,4041.0,4851.0,15.06
cbecs,building_survey,30,30,3,2,3250,1,9,1,40,6,1,1,1,2,2,2,2,2496,2534,53185.0,15588.0,1769.0,50970.0,491.0,563.0,1218.03
cbecs,building_survey,31,31,3,8,1000000,3,4,15,168,1000,1,1,1,1,2,2,2,2245,2142,57519589.0,16858027.0,1348060.0,49329284.0,475234.0,240254.0,7.59
cbecs,building_survey,32,32,4,2,190000,5,8,1,60,612,1,1,1,2,2,2,2,2327,226,6827462.0,2001015.0,339955.0,2219538.0,21383.0,26820.0,59.79
cbecs,building_survey,33,33,3,25,158000,1,8,8,168,115,1,1,1,2,2,2,2,3733,1866,13555608.0,3972921.0,384779.0,3470047.0,33430.0,18933.0,161.63
cbecs,building_survey,34,34,3,12,62000,2,4,1,50,15,1,1,2,2,2,2,2,1523,3388,3571638.0,1046787.0,88014.0,,,,14.9
cbecs,building_survey,35,35,1,26,9000,1,2,1,70,10,1,1,2,1,2,2,2,6126,878,169314.0,49623.0,9272.0,,,,3356.48
cbecs,building_survey,36,36,3,26,5400,1,7,1,45,2,1,1,1,2,2,2,2,3762,1940,14633.0,4289.0,437.0,289430.0,2788.0,6067.0,1214.38
cbecs,building_survey,37,37,3,25,4500,1,5,1,75,4,1,1,2,2,2,2,2,5123,1521,487852.0,142981.0,17225.0,,,,2990.63
cbecs,building_survey,38,38,4,23,26500,2,8,3,55,41,1,1,1,1,2,2,2,1560,4335,1256258.0,368188.0,26738.0,24533.0,236.0,309.0,2009.74
cbecs,building_survey,39,39,3,14,50000,1,3,1,45,45,1,1,1,2,2,2,2,3592,2102,721728.0,211526.0,25725.0,928633.0,8946.0,7949.0,330.8
cbecs,building_survey,40,40,1,17,100001,3,7,1,168,73,1,1,1,1,2,2,2,6506,796,8713526.0,2553788.0,194441.0,14020105.0,135068.0,102768.0,9.01
cbecs,building_survey,41,41,3,5,15000,1,6,1,168,1,1,1,2,2,2,2,2,1339,3610,594099.0,174120.0,11036.0,,,,3420.76
cbecs,building_survey,42,42,2,13,20750,2,3,1,35,2,1,1,1,2,2,2,2,7612,1206,57141.0,16747.0,1921.0,201158.0,1938.0,1756.0,502.9
cbecs,building_survey,43,43,4,8,220000,4,8,3,168,300,1,1,1,1,2,2,2,6509,1197,15669966.0,4592604.0,361924.0,19585444.0,188684.0,147192.0,8.76
cbecs,building_survey,44,44,1,2,360000,994,2,150,40,1500,1,1,1,2,2,2,2,7124,668,7302609.0,2140272.0,259090.0,18096559.0,174341.0,163768.0,8.74
cbecs,building_survey,45,45,1,14,500001,4,2,1,80,400,1,1,1,1,2,1,2,4740,1523,12289194.0,3601757.0,404692.0,16018463.0,154320.0,85677.0,8.84
cbecs,building_survey,46,46,3,12,11250,2,8,1,35,3,1,1,1,1,1,2,2,3445,2207,373487.0,109463.0,9833.0,87537.0,843.0,1046.0,2990.63
cbecs,building_survey,47,47,4,5,62000,2,7,7,50,56,1,1,2,2,2,2,2,668,1460,1351575.0,396124.0,51157.0,,,,215.07
cbecs,building_survey,48,48,3,1,300000,6,8,0,0,0,1,1,2,2,2,2,2,3455,2143,12785.0,3747.0,648.0,,,,54.9
cbecs,building_survey,49,49,2,2,260000,7,5,1,168,53,1,1,1,2,2,1,2,5684,811,11625006.0,3407094.0,284335.0,744622.0,7174.0,4889.0,51.34
cbecs,building_survey,50,50,3,2,80000,1,7,3,168,12,1,1,2,2,2,2,2,1889,3143,5217785.0,1529245.0,92445.0,,,,245.01
cbecs,building_survey,51,51,2,2,124000,994,2,7,120,500,1,1,1,2,2,2,1,4613,2363,9024214.0,2644846.0,226336.0,2925422.0,28183.0,15614.0,137.69
cbecs,building_survey,52,52,4,5,260000,1,8,1,168,40,1,1,2,2,1,2,2,5669,698,9511405.0,2787633.0,199758.0,,,,31.35
cbecs,building_survey,53,53,3,14,220000,2,8,1,50,244,1,1,1,1,2,2,2,4285,1852,2853861.0,836419.0,86427.0,7937745.0,76472.0,64516.0,46.68
cbecs,building_survey,54,54,2,12,50000,1,6,1,85,11,1,1,1,2,2,2,2,6142,1097,608547.0,178355.0,24012.0,1256902.0,12109.0,7186.0,611.8
cbecs,building_survey,55,55,4,16,230000,6,8,1,168,400,1,1,1,1,2,1,2,511,3720,9916353.0,2906317.0,277878.0,5063676.0,48783.0,26733.0,9.01
cbecs,building_survey,56,56,3,26,25000,1,4,1,56,6,1,1,1,2,2,2,2,3147,2723,316701.0,92820.0,7576.0,98702.0,951.0,975.0,589.53
cbecs,building_survey,57,57,2,6,110000,1,6,2,168,50,1,1,1,2,2,2,2,6409,940,17696439.0,5186530.0,570612.0,5829457.0,56160.0,31094.0,24.95
cbecs,building_survey,58,58,4,25,41000,1,6,1,60,50,1,1,2,2,2,2,2,1669,4642,883430.0,258919.0,40835.0,,,,621.34
cbecs,building_survey,59,59,3,25,200001,1,7,4,168,150,1,1,1,2,2,2,2,3331,2182,16609029.0,4867828.0,466638.0,3219846.0,31020.0,22461.0,84.24
cbecs,building_survey,60,60,3,25,210000,1,8,4,168,150,1,1,1,2,2,2,2,3716,2125,14726719.0,4316154.0,366716.0,5235856.0,50442.0,43629.0,14.9
cbecs,building_survey,61,61,1,5,63000,1,3,2,50,20,1,1,2,2,2,2,2,6951,766,2587908.0,758472.0,68555.0,,,,552.0
cbecs,building_survey,62,62,2,15,8400,2,2,2,120,6,1,1,1,2,2,2,2,5641,1574,381141.0,111706.0,12219.0,613191.0,5907.0,4335.0,1195.14
cbecs,building_survey,63,63,3,23,25000,3,7,11,75,29,1,1,1,2,2,2,2,1229,3193,2206620.0,646723.0,39711.0,1366305.0,13163.0,11023.0,10.71
cbecs,building_survey,64,64,2,2,1800000,995,8,42,68,4500,1,1,1,1,2,2,2,6443,1276,47261583.0,13851578.0,1316550.0,1787002.0,17216.0,8232.0,15.06
cbecs,building_survey,65,65,3,26,12000,1,4,1,40,2,1,1,1,2,2,2,2,2375,2444,141733.0,41540.0,6293.0,90518.0,872.0,1081.0,1489.41
cbecs,building_survey,66,66,3,5,15250,1,5,1,48,2,1,1,1,2,2,2,2,3337,2268,105234.0,30842.0,3578.0,103662.0,999.0,2610.0,2990.63
cbecs,building_survey,67,67,1,8,31000,2,8,1,50,60,1,1,1,2,2,2,2,6648,689,1069233.0,313374.0,32338.0,277556.0,2674.0,1908.0,1218.03
cbecs,building_survey,68,68,3,5,31000,3,7,2,40,14,1,1,2,2,1,2,2,3731,1894,939923.0,275476.0,32011.0,,,,1632.49
cbecs,building_survey,69,69,3,2,12250,1,7,4,40,30,1,1,1,2,2,2,2,4085,1777,555866.0,162915.0,10511.0,91140.0,878.0,942.0,1413.09
cbecs,building_survey,70,70,1,1,25000,2,9,0,0,0,2,2,2,2,2,2,2,5308,1427,,,,,,,1030.4
cbecs,building_survey,71,71,3,2,200001,8,8,55,65,435,1,1,2,2,2,2,2,1816,3383,11714248.0,3433250.0,368392.0,,,,14.9
cbecs,building_survey,72,72,3,15,8000,1,8,1,98,9,1,1,1,2,2,2,2,4309,1866,1038845.0,304468.0,25824.0,377188.0,3634.0,3307.0,1218.03
cbecs,building_survey,73,73,3,26,3300,1,7,2,30,1,1,1,2,2,1,2,2,4609,1836,85747.0,25131.0,2560.0,,,,2990.63
cbecs,building_survey,74,74,1,13,100000,3,5,1,100,35,1,1,1,1,2,2,2,6419,1119,3314035.0,971288.0,136747.0,365682.0,3523.0,3277.0,220.83
cbecs,building_survey,75,75,3,23,21000,1,3,4,48,11,1,1,1,2,2,2,2,2838,2667,720047.0,211034.0,13278.0,690904.0,6656.0,5556.0,2822.81
cbecs,building_survey,76,76,1,14,335000,9,2,1,112,162,1,1,2,1,2,2,1,4791,1380,8213695.0,2407296.0,220541.0,,,,5.89
cbecs,building_survey,77,77,2,2,8800,3,2,1,36,2,1,1,1,2,2,2,2,5719,1320,330458.0,96852.0,19956.0,175729.0,1693.0,1942.0,3075.23
cbecs,building_survey,78,78,2,13,24000,1,4,1,25,3,1,1,1,2,2,2,2,5646,1005,167928.0,49217.0,7619.0,1638794.0,15788.0,13133.0,1531.55
cbecs,building_survey,79,79,4,14,1001,1,8,1,45,1,1,1,2,2,2,2,2,4568,1402,19549.0,5729.0,669.0,,,,4468.96
cbecs,building_survey,80,80,4,5,118000,2,5,2,60,40,1,1,2,2,1,2,2,711,1718,1189175.0,348527.0,51897.0,,,,70.08
cbecs,building_survey,81,81,2,8,42500,3,9,1,36,16,1,1,1,2,2,2,2,8548,568,3221965.0,944304.0,82548.0,438871.0,4228.0,2760.0,717.24
cbecs,building_survey,82,82,3,17,64000,2,8,1,168,25,1,1,1,2,2,2,2,3180,2609,3945937.0,1156488.0,97949.0,369099.0,3556.0,4421.0,8.7
cbecs,building_survey,83,83,4,2,300000,3,4,1,60,200,1,1,1,1,2,1,1,4153,316,9891979.0,2899173.0,375346.0,321324.0,3096.0,2674.0,70.08
cbecs,building_survey,84,84,3,1,3000,1,7,0,0,0,1,1,1,2,2,2,2,3858,1938,92539.0,27122.0,2556.0,52726.0,508.0,568.0,2990.63
cbecs,building_survey,85,85,1,14,285000,2,4,1,80,200,1,1,1,2,2,2,2,5462,1291,8418288.0,2467259.0,245984.0,17864532.0,172105.0,158320.0,44.64
cbecs,building_survey,86,86,1,2,43000,4,2,1,40,60,1,1,2,2,2,1,2,4251,1608,1195682.0,350434.0,21897.0,,,,7.84
cbecs,building_survey,87,87,4,18,85000,4,7,1,168,50,1,1,1,2,2,2,2,2151,655,2255206.0,660963.0,131709.0,953982.0,9191.0,9854.0,100.08
cbecs,building_survey,88,88,1,14,320000,6,2,1,78,300,1,1,1,2,2,2,2,3948,1483,5531334.0,1621141.0,123523.0,23072012.0,222274.0,212787.0,50.66
cbecs,building_survey,89,89,4,14,45000,3,4,1,75,30,1,1,2,2,2,1,2,5869,479,570184.0,167111.0,14479.0,,,,495.15
cbecs,building_survey,90,90,2,17,176000,4,3,1,168,60,1,1,1,1,2,2,2,6655,832,5860318.0,1717561.0,143243.0,22732391.0,219002.0,118965.0,15.06
cbecs,building_survey,91,91,2,5,1200,1,9,1,168,0,2,2,2,2,2,2,2,7079,1163,,,,,,,3600.3
cbecs,building_survey,92,92,3,1,3300,1,4,0,0,0,2,2,2,2,2,2,2,2825,2836,,,,,,,1218.03
cbecs,building_survey,93,93,4,14,65000,1,3,1,40,50,1,1,1,2,2,2,2,864,1344,624679.0,183083.0,27179.0,1520347.0,14647.0,12263.0,100.08
cbecs,building_survey,94,94,4,5,430000,1,9,1,90,100,1,1,2,2,1,2,2,2187,866,1156897.0,339067.0,74853.0,,,,52.43
cbecs,building_survey,95,95,4,14,19750,2,7,4,55,30,1,1,1,2,2,2,2,3967,1625,488303.0,143113.0,10648.0,868786.0,8370.0,6252.0,621.37
cbecs,building_survey,96,96,2,13,87000,4,5,1,60,30,1,1,1,2,2,2,2,5347,1746,7264907.0,2129222.0,242654.0,1096394.0,10563.0,7419.0,489.02
cbecs,building_survey,97,97,2,15,1200,1,4,1,80,2,1,1,1,2,2,2,2,7821,958,173048.0,50717.0,7240.0,203808.0,1963.0,1734.0,1265.79
cbecs,building_survey,98,98,2,5,25000,2,8,1,40,5,1,1,1,2,2,2,2,7736,580,41276.0,12097.0,1876.0,389075.0,3748.0,2858.0,3554.88
cbecs,building_survey,99,99,4,18,255000,7,4,1,168,40,1,1,1,2,2,1,2,4908,253,5859243.0,1717246.0,104644.0,927245.0,8933.0,5978.0,7.45
cbecs,building_survey,100,100,4,14,52000,1,7,1,45,45,1,1,1,2,2,2,2,5203,412,1186816.0,347836.0,36627.0,736357.0,7094.0,4593.0,330.8
cbecs,building_survey,101,101,1,5,158000,3,3,5,40,15,1,1,1,2,2,2,2,6938,766,756882.0,221829.0,19626.0,705926.0,6801.0,5698.0,8.76
cbecs,building_survey,102,102,2,2,5000,2,8,1,40,9,1,1,2,2,2,2,2,7646,693,204586.0,59961.0,8360.0,,,,3075.23
cbecs,building_survey,103,103,3,2,2500,1,5,1,40,10,1,1,2,1,1,2,2,1282,3831,140996.0,41324.0,2987.0,,,,2990.63
cbecs,building_survey,104,104,3,4,315000,4,4,10,168,315,1,1,2,2,2,1,2,3520,2286,75975483.0,22267140.0,1681101.0,,,,3.85
cbecs,building_survey,105,105,3,25,40000,1,4,1,55,22,1,1,1,2,2,2,2,3278,2514,1217606.0,356860.0,27125.0,1139341.0,10976.0,10438.0,591.56
cbecs,building_survey,106,106,3,5,85000,1,7,1,60,55,1,1,2,2,2,2,2,1313,4166,1426722.0,418148.0,43086.0,,,,32.47
cbecs,building_survey,107,107,1,2,102000,4,2,15,54,150,1,1,1,2,2,2,2,6123,743,2129844.0,624222.0,63214.0,4323131.0,41649.0,23456.0,224.76
cbecs,building_survey,108,108,3,2,128000,6,7,20,55,300,1,1,2,1,2,2,2,1585,3488,8189837.0,2400304.0,178204.0,,,,14.9
cbecs,building_survey,109,109,3,2,45500,4,6,14,72,60,1,1,2,1,2,2,2,1517,4409,6404607.0,1877083.0,175872.0,,,,304.76
cbecs,building_survey,110,110,3,18,210000,9,4,1,168,22,1,1,2,2,2,1,2,1943,3092,6237286.0,1828044.0,127920.0,,,,15.29
cbecs,building_survey,111,111,3,26,55000,1,4,1,72,60,1,1,1,2,2,2,2,1139,3560,2022131.0,592653.0,56688.0,1707570.0,16451.0,6932.0,14.9
cbecs,building_survey,112,112,4,26,6700,1,8,1,43,4,1,1,1,2,2,2,2,1504,833,239928.0,70319.0,14878.0,135126.0,1302.0,1256.0,1531.55
cbecs,building_survey,113,113,4,26,4000,2,3,1,55,3,1,1,2,2,2,2,2,6968,252,81278.0,23821.0,3254.0,,,,1420.0
cbecs,building_survey,114,114,3,25,100000,1,8,5,70,35,1,1,1,2,2,2,2,2849,2178,2017570.0,591316.0,84649.0,1358773.0,13090.0,24835.0,213.58
cbecs,building_survey,115,115,2,2,176000,7,5,6,65,80,1,1,1,2,2,2,2,6034,731,5190386.0,1521215.0,164421.0,4855109.0,46774.0,30123.0,141.31
cbecs,building_survey,116,116,3,5,215000,2,4,1,13,100,1,1,1,2,2,2,2,4025,1924,3509887.0,1028689.0,79347.0,2936841.0,28293.0,10918.0,14.9
cbecs,building_survey,117,117,2,8,94000,4,7,1,72,45,1,1,1,2,2,2,2,7979,907,8742584.0,2562305.0,240728.0,6735663.0,64891.0,39616.0,53.61
cbecs,building_survey,118,118,3,17,58000,1,8,1,168,50,1,1,1,1,2,2,2,3880,1858,2990008.0,876321.0,104840.0,2356156.0,22699.0,25189.0,245.01
cbecs,building_survey,119,119,4,14,1200,1,8,1,35,5,1,1,2,2,2,2,2,4987,1518,52978.0,15527.0,1598.0,,,,4468.96
cbecs,building_survey,120,120,2,25,64000,1,8,1,85,25,1,1,1,2,2,2,2,5694,1035,1928059.0,565082.0,47317.0,741084.0,7140.0,4291.0,215.07
cbecs,building_survey,121,121,2,18,340000,994,6,1,168,60,1,1,1,1,2,2,2,5615,1747,9964525.0,2920435.0,346973.0,17713048.0,170646.0,95834.0,10.62
cbecs,building_survey,122,122,4,15,5500,1,5,1,168,13,1,1,1,2,2,2,2,6012,201,2382485.0,698266.0,75064.0,330072.0,3180.0,2823.0,1265.79
cbecs,building_survey,123,123,4,2,330000,995,6,28,66,900,1,1,2,2,2,2,2,5953,506,21980043.0,6441982.0,621159.0,,,,15.06
cbecs,building_survey,124,124,3,2,126000,6,7,20,70,200,1,1,2,1,2,2,2,4124,1752,17168890.0,5031914.0,358742.0,,,,54.0
cbecs,building_survey,125,125,2,26,5001,1,7,1,45,6,1,1,2,1,2,2,2,5688,1133,206662.0,60569.0,5750.0,,,,3075.23
cbecs,building_survey,126,126,4,5,112000,2,5,2,60,10,1,1,1,2,2,2,2,4183,1550,1412827.0,414076.0,45489.0,2130419.0,20524.0,16318.0,247.57
cbecs,building_survey,127,127,2,5,260000,1,7,2,60,175,1,1,1,1,1,2,2,5553,1114,6590740.0,1931635.0,167524.0,9889853.0,95278.0,53102.0,15.06
cbecs,building_survey,128,128,1,18,142000,994,5,1,168,5,1,1,2,2,2,1,2,4435,1561,5805598.0,1701523.0,155592.0,,,,97.52
cbecs,building_survey,129,129,2,25,64000,1,7,1,96,25,1,1,1,2,2,2,2,7437,570,2950035.0,864606.0,96060.0,2804781.0,27021.0,18695.0,125.92
cbecs,building_survey,130,130,3,12,22000,1,8,1,37,4,1,1,2,2,1,2,2,2921,2613,462721.0,135616.0,18000.0,,,,1413.09
cbecs,building_survey,131,131,3,12,9600,2,8,1,15,3,1,1,2,2,2,2,2,3577,2170,57140.0,16747.0,1924.0,,,,2577.06
cbecs,building_survey,132,132,4,15,1800,1,2,1,95,1,1,1,1,2,2,2,2,5506,226,169699.0,49736.0,5281.0,191133.0,1841.0,1876.0,1265.79
cbecs,building_survey,133,133,2,18,3200,2,8,1,168,0,1,1,2,2,2,2,2,5071,1194,402998.0,118112.0,10641.0,,,,12528.53
cbecs,building_survey,134,134,3,5,900000,1,8,1,100,300,1,1,2,2,2,2,2,1501,3321,90576828.0,26546550.0,1634639.0,,,,69.6
cbecs,building_survey,135,135,1,25,124000,1,7,3,105,80,1,1,1,2,2,2,2,4945,1028,7471950.0,2189903.0,320521.0,2103962.0,20269.0,23552.0,105.74
cbecs,building_survey,136,136,1,2,5000,2,2,1,56,2,1,1,2,1,2,2,2,5241,1356,176824.0,51824.0,5347.0,,,,10800.91
cbecs,building_survey,137,137,3,12,11250,1,7,1,52,8,1,1,1,2,2,2,2,2348,3462,336266.0,98554.0,10372.0,201651.0,1943.0,1936.0,2990.63
cbecs,building_survey,138,138,3,14,69000,2,3,1,40,20,1,1,1,2,2,2,2,2195,2475,2365705.0,693348.0,53688.0,136556.0,1316.0,1747.0,97.52
cbecs,building_survey,139,139,3,25,70000,1,7,1,102,80,1,1,2,1,2,2,2,4294,1981,5123219.0,1501530.0,163981.0,,,,125.04
cbecs,building_survey,140,140,2,5,500001,1,7,1,112,185,1,1,1,1,1,2,2,5034,1569,4731714.0,1386786.0,125863.0,15418955.0,148545.0,103495.0,15.06
cbecs,building_survey,141,141,3,13,60000,3,8,1,40,5,1,1,1,2,2,2,2,1404,2997,2369400.0,694431.0,60629.0,656623.0,6326.0,6390.0,431.11
cbecs,building_survey,142,142,4,5,5300,1,5,1,3,0,1,1,2,2,2,2,2,1394,3491,35894.0,10520.0,1389.0,,,,6534.79
cbecs,building_survey,143,143,3,16,1700000,7,4,1,168,3250,1,1,1,1,1,2,2,2443,3314,221352215.0,64874623.0,3422393.0,234936243.0,2263355.0,674994.0,8.78
cbecs,building_survey,144,144,1,14,310000,3,9,1,50,200,1,1,1,2,2,2,2,5493,980,7449864.0,2183430.0,428471.0,15841910.0,152620.0,85320.0,44.12
cbecs,building_survey,145,145,3,2,85000,4,7,1,45,150,1,1,1,1,2,2,2,1799,2566,5447676.0,1596623.0,175844.0,1818372.0,17518.0,6785.0,304.76
cbecs,building_survey,146,146,1,5,102000,5,2,2,40,7,1,1,1,1,1,2,2,6819,685,118174.0,34635.0,7145.0,1389023.0,13382.0,10930.0,68.56
cbecs,building_survey,147,147,3,2,2500,1,2,1,40,2,1,1,2,2,2,2,2,2748,2686,157129.0,46052.0,3746.0,,,,2990.63
cbecs,building_survey,148,148,4,15,5000,1,3,1,80,7,1,1,1,2,2,2,2,8906,232,165432.0,48485.0,5172.0,814575.0,7848.0,5492.0,1049.59
cbecs,building_survey,149,149,1,5,800000,2,5,3,60,150,1,1,1,2,2,2,2,4162,1709,9263237.0,2714899.0,225275.0,4186296.0,40330.0,51120.0,31.35
cbecs,building_survey,150,150,3,2,480000,995,6,14,168,800,1,1,1,1,2,2,2,1485,4131,43114267.0,12636069.0,1076180.0,885243.0,8528.0,7243.0,14.9
cbecs,building_survey,151,151,2,18,30000,2,6,1,168,10,1,1,1,2,2,2,2,4933,1722,1256238.0,368182.0,53411.0,1373858.0,13236.0,10158.0,495.15
cbecs,building_survey,152,152,3,2,800000,994,6,37,55,2192,1,1,1,1,2,2,2,2079,3465,46744811.0,13700120.0,1076605.0,8599652.0,82848.0,45133.0,14.9
cbecs,building_survey,153,153,4,25,220000,1,8,4,126,150,1,1,1,2,2,2,2,1090,1501,13205071.0,3870185.0,498547.0,12234145.0,117863.0,65633.0,15.06
cbecs,building_survey,154,154,3,16,130000,2,9,1,168,110,1,1,2,1,1,2,2,3573,2011,20578353.0,6031170.0,560307.0,,,,92.78
cbecs,building_survey,155,155,4,24,800000,2,6,996,74,400,1,1,1,1,2,2,2,4472,825,33742746.0,9889433.0,1255647.0,1881206.0,18123.0,18260.0,15.08
cbecs,building_survey,156,156,1,14,58000,1,7,1,45,80,1,1,2,1,1,2,2,8216,516,1498773.0,439265.0,65711.0,,,,97.52
cbecs,building_survey,157,157,3,15,7400,2,9,1,84,21,1,1,1,2,2,2,2,2899,2169,1213654.0,355702.0,30578.0,902650.0,8696.0,6313.0,1218.03
cbecs,building_survey,158,158,2,13,1500,1,9,1,60,12,1,1,2,2,2,2,2,6549,1286,47809.0,14012.0,1662.0,,,,1472.45
cbecs,building_survey,159,159,3,16,1700000,994,4,1,168,2200,1,1,1,1,2,2,2,2440,3292,126265452.0,37006287.0,2822741.0,11147904.0,107398.0,60305.0,3.91
cbecs,building_survey,160,160,1,14,11250,1,9,1,60,16,1,1,1,1,2,2,2,6898,696,491110.0,143936.0,21771.0,626774.0,6038.0,5189.0,677.21
cbecs,building_survey,161,161,4,18,84000,2,5,1,168,25,1,1,1,2,2,2,2,1830,332,2872578.0,841904.0,142339.0,2558914.0,24652.0,28356.0,100.08
cbecs,building_survey,162,162,3,13,66000,2,9,1,84,30,1,1,1,2,2,1,2,4255,1529,2339307.0,685612.0,53559.0,263293.0,2537.0,2424.0,117.32
cbecs,building_survey,163,163,2,1,3600,1,3,0,0,0,1,1,2,2,2,2,2,5365,1175,2780.0,815.0,433.0,,,,8786.36
cbecs,building_survey,164,164,4,2,10250,2,8,1,45,11,1,1,1,2,2,2,2,5902,872,436235.0,127853.0,10236.0,817569.0,7876.0,6418.0,8.84
cbecs,building_survey,165,165,4,5,46000,1,5,3,60,20,1,1,1,2,2,2,2,1086,1579,455665.0,133548.0,28511.0,46307.0,446.0,584.0,611.8
cbecs,building_survey,166,166,3,2,13250,3,9,1,168,8,1,1,2,1,2,2,2,4385,1888,172686.0,50611.0,6339.0,,,,2934.43
cbecs,building_survey,167,167,4,2,176000,4,6,23,65,450,1,1,1,2,2,2,2,6235,684,7981670.0,2339294.0,205432.0,2707480.0,26084.0,11957.0,58.26
cbecs,building_survey,168,168,2,13,144000,5,8,1,96,50,1,1,1,1,2,2,2,7446,1344,19677890.0,5767260.0,381060.0,2584564.0,24899.0,20344.0,22.05
cbecs,building_survey,169,169,3,2,1200,1,5,1,40,1,1,1,2,2,1,2,2,3716,1815,90328.0,26474.0,2640.0,,,,6659.94
cbecs,building_survey,170,170,1,14,270000,5,2,1,40,85,1,1,1,1,2,2,2,4769,1461,3768415.0,1104459.0,67492.0,6678608.0,64341.0,35806.0,50.03
cbecs,building_survey,171,171,2,2,37000,3,5,9,70,75,1,1,1,2,2,2,2,8311,645,378124.0,110822.0,13989.0,281106.0,2708.0,2426.0,648.9
cbecs,building_survey,172,172,4,2,20000,1,8,2,80,20,1,1,1,1,2,2,2,5111,1283,967812.0,283649.0,25517.0,707196.0,6813.0,5364.0,1445.98
cbecs,building_survey,173,173,3,2,370000,8,7,11,168,850,1,1,2,2,2,2,2,1775,3999,12294672.0,3603362.0,327818.0,,,,58.26
cbecs,building_survey,174,174,3,2,152000,4,7,1,55,612,1,1,1,2,2,2,2,3699,1717,7563614.0,2216768.0,185964.0,3654568.0,35208.0,19935.0,340.6
cbecs,building_survey,175,175,3,14,82000,3,2,1,60,300,1,1,2,2,2,1,2,3098,1672,4357119.0,1276999.0,91076.0,,,,97.52
cbecs,building_survey,176,176,4,15,2700,1,2,3,96,15,1,1,2,2,1,2,2,434,1454,117174.0,34342.0,13035.0,,,,1029.87
cbecs,building_survey,177,177,3,14,260000,3,9,1,44,60,1,1,1,1,2,2,2,1248,3483,5115286.0,1499205.0,81640.0,559944.0,5394.0,4679.0,44.64
cbecs,building_survey,178,178,3,4,365000,994,8,3,60,200,1,1,1,1,2,2,2,2711,2886,29154277.0,8544630.0,729361.0,62986354.0,606805.0,352352.0,5.52
cbecs,building_survey,179,179,1,8,78000,2,7,1,35,166,1,1,1,2,2,2,2,6233,934,5351316.0,1568381.0,52224.0,1551864.0,14951.0,8406.0,51.49
cbecs,building_survey,180,180,1,12,3600,1,2,1,8,3,1,1,2,1,2,2,2,7438,718,122141.0,35797.0,3870.0,,,,2934.43
cbecs,building_survey,181,181,4,5,300000,2,9,2,168,350,1,1,2,2,2,2,2,998,914,8850236.0,2593856.0,384579.0,,,,15.06
cbecs,building_survey,182,182,2,25,176000,1,8,2,168,115,1,1,1,2,2,2,2,5954,794,13867528.0,4064340.0,387905.0,9383038.0,90395.0,50562.0,98.46
cbecs,building_survey,183,183,2,13,7000,1,7,1,168,1,1,1,1,2,2,2,2,6944,610,60693.0,17788.0,2660.0,215125.0,2072.0,1587.0,1399.59
cbecs,building_survey,184,184,2,15,3300,1,8,1,91,7,1,1,1,2,2,2,2,7428,816,904381.0,265059.0,33696.0,1058051.0,10193.0,7042.0,1265.79
cbecs,building_survey,185,185,1,14,138000,3,9,1,45,40,1,1,1,1,2,2,2,6972,577,3135143.0,918858.0,157710.0,6420327.0,61853.0,52889.0,50.23
cbecs,building_survey,186,186,3,25,128000,1,8,1,100,70,1,1,2,2,2,2,2,3335,2450,10281916.0,3013457.0,265011.0,,,,125.04
cbecs,building_survey,187,187,1,2,28000,2,6,8,40,35,1,1,2,2,1,2,2,5003,1249,932163.0,273201.0,46301.0,,,,589.53
cbecs,building_survey,188,188,4,23,5200,2,6,7,25,13,1,1,1,2,2,2,2,5634,1263,219674.0,64383.0,5168.0,172156.0,1659.0,1396.0,1930.83
cbecs,building_survey,189,189,4,14,50001,2,9,1,45,55,1,1,1,2,2,2,2,5969,397,1334555.0,391136.0,60279.0,2057416.0,19821.0,10650.0,99.04
cbecs,building_survey,190,190,1,2,250000,8,7,5,168,615,1,1,1,1,2,2,2,4978,1159,17208986.0,5043665.0,625150.0,426207.0,4106.0,3862.0,58.26
cbecs,building_survey,191,191,2,26,5500,1,8,1,40,1,1,1,1,2,2,2,2,6259,589,196975.0,57730.0,5474.0,464111.0,4471.0,3919.0,3075.23
cbecs,building_survey,192,192,1,91,15000,1,6,1,168,1,1,1,2,1,2,2,2,4868,1221,14535869.0,4260220.0,534700.0,,,,690.18
cbecs,building_survey,193,193,1,14,128000,1,7,1,60,117,1,1,1,2,2,2,2,5716,1127,4037377.0,1183288.0,146883.0,5654084.0,54471.0,52048.0,99.38
cbecs,building_survey,194,194,3,14,27500,1,6,1,50,30,1,1,2,2,1,2,2,2866,2537,507645.0,148782.0,16107.0,,,,1426.39
cbecs,building_survey,195,195,3,2,250000,4,9,1,130,1200,1,1,2,2,2,2,2,2765,2434,13960208.0,4091503.0,248622.0,,,,58.26
cbecs,building_survey,196,196,2,2,4150,2,5,1,45,9,1,1,1,2,2,2,2,8901,632,67292.0,19722.0,2220.0,147285.0,1419.0,1321.0,22.22
cbecs,building_survey,197,197,2,6,1800,1,4,1,112,2,1,1,1,2,2,2,2,4875,1587,249079.0,73001.0,6711.0,129958.0,1252.0,1221.0,2934.43
cbecs,building_survey,198,198,3,12,6100,1,3,1,8,4,1,1,1,2,2,2,2,2147,2522,146796.0,43023.0,3808.0,29959.0,289.0,287.0,2990.63
cbecs,building_survey,199,199,4,5,130000,2,9,1,40,45,1,1,2,2,2,2,2,966,977,818256.0,239817.0,46713.0,,,,49.37
cbecs,building_survey,200,200,2,2,10000,2,8,1,168,20,1,1,1,2,2,2,2,6112,1437,379390.0,111193.0,9812.0,260168.0,2506.0,1414.0,1745.76
cbecs,building_survey,201,201,3,23,150000,1,5,22,75,141,1,1,1,2,2,2,2,2842,2738,14142122.0,4144819.0,245478.0,7772111.0,74876.0,41430.0,175.02
cbecs,building_survey,202,202,4,2,6200,2,9,2,40,4,1,1,2,2,2,2,2,1032,915,55760.0,16342.0,391.0,,,,1265.79
cbecs,building_survey,203,203,2,2,2400,3,5,1,24,6,1,1,2,2,1,2,2,5659,1574,32835.0,9623.0,1850.0,,,,1335.8
cbecs,building_survey,204,204,3,5,370000,1,8,1,40,8,1,1,1,2,2,2,2,3103,2150,19265390.0,5646363.0,485057.0,584398.0,5630.0,5315.0,32.47
cbecs,building_survey,205,205,4,25,7200,1,8,1,66,10,1,1,1,2,2,2,2,7221,545,247231.0,72459.0,6851.0,895833.0,8630.0,5173.0,2990.63
cbecs,building_survey,206,206,3,14,58000,1,7,1,81,25,1,1,1,2,2,2,2,4336,1485,7300767.0,2139732.0,183240.0,2179808.0,21000.0,25409.0,288.37
cbecs,building_survey,207,207,3,17,53000,1,3,1,168,42,1,1,1,1,2,2,2,3148,2136,7830958.0,2295123.0,196962.0,1150064.0,11080.0,9736.0,460.21
cbecs,building_survey,208,208,1,5,1950,1,8,1,168,0,1,1,2,2,2,2,2,7028,632,4953.0,1452.0,276.0,,,,6534.79
cbecs,building_survey,209,209,4,26,2150,2,8,1,79,5,1,1,2,2,2,2,2,743,1392,91132.0,26709.0,4127.0,,,,3075.23
cbecs,building_survey,210,210,2,14,30000,2,8,2,55,20,1,1,1,2,2,2,2,8801,561,687792.0,201580.0,18735.0,1139761.0,10980.0,8464.0,504.63
cbecs,building_survey,211,211,1,23,13000,2,4,3,75,8,1,1,1,2,2,2,2,4937,1254,857413.0,251293.0,23867.0,446031.0,4297.0,3678.0,2009.74
cbecs,building_survey,212,212,2,26,1050,1,4,1,45,1,1,1,2,2,2,2,2,5607,1164,8195.0,2402.0,607.0,,,,3075.23
cbecs,building_survey,213,213,3,2,17750,2,5,1,40,30,1,1,2,1,2,2,2,4346,1644,1862216.0,545784.0,56465.0,,,,589.53
cbecs,building_survey,214,214,3,2,275000,994,6,8,45,325,1,1,2,1,2,2,2,4869,1535,35191676.0,10314090.0,1129098.0,,,,81.37
cbecs,building_survey,215,215,2,2,800000,995,6,15,168,2500,1,1,1,1,2,2,2,5105,1303,69455191.0,20356152.0,1785014.0,423094.0,4076.0,4750.0,15.06
cbecs,building_survey,216,216,4,2,13500,2,5,1,50,50,1,1,1,2,2,2,2,2036,1281,352041.0,103177.0,22497.0,47664.0,459.0,728.0,1531.55
cbecs,building_survey,217,217,1,14,35500,1,4,1,35,16,1,1,2,2,2,2,1,4494,1259,915708.0,268379.0,25365.0,,,,288.37
cbecs,building_survey,218,218,4,5,8500,1,7,1,112,0,2,2,2,2,2,2,2,604,4557,,,,,,,6921.06
cbecs,building_survey,219,219,2,14,77000,2,8,1,68,50,1,1,2,1,2,2,2,5504,1404,3684652.0,1079910.0,122606.0,,,,100.08
cbecs,building_survey,220,220,3,14,8800,1,8,1,84,30,1,1,2,2,1,2,2,4539,1489,877540.0,257192.0,25799.0,,,,4468.96
cbecs,building_survey,221,221,1,2,700000,5,5,4,168,600,1,1,1,1,2,2,2,5756,1089,63815447.0,18703238.0,1616775.0,18423964.0,177495.0,99987.0,14.9
cbecs,building_survey,222,222,3,6,2400,3,3,2,40,3,1,1,1,2,2,2,2,2740,2169,398078.0,116670.0,10502.0,11739.0,113.0,271.0,1195.14
cbecs,building_survey,223,223,2,14,118000,3,2,1,100,100,1,1,1,2,2,2,2,6244,1276,1724997.0,505568.0,49029.0,6905362.0,66526.0,31830.0,100.08
cbecs,building_survey,224,224,3,5,140000,1,2,1,84,2,1,1,1,2,2,2,2,3589,2260,2511644.0,736121.0,63139.0,869968.0,8381.0,8245.0,32.47
cbecs,building_survey,225,225,1,91,17000,4,3,3,24,5,1,1,2,1,2,1,1,5614,1402,505148.0,148050.0,14344.0,,,,1421.48
cbecs,building_survey,226,226,4,6,120000,1,7,4,168,100,1,1,1,2,2,2,2,1328,4464,19430036.0,5694618.0,496047.0,821952.0,7919.0,7229.0,14.67
cbecs,building_survey,227,227,1,26,6400,1,5,1,75,2,1,1,1,2,1,2,2,5979,831,47771.0,14001.0,1753.0,201189.0,1938.0,1733.0,6659.94
cbecs,building_survey,228,228,3,2,1500,1,8,1,45,3,1,1,2,2,2,2,2,3153,1900,18878.0,5533.0,941.0,,,,3320.27
cbecs,building_survey,229,229,3,5,182000,1,3,1,50,22,1,1,2,2,2,2,2,2759,2908,3641614.0,1067296.0,64690.0,,,,69.6
cbecs,building_survey,230,230,3,25,198000,1,7,1,168,115,1,1,1,2,2,2,2,1366,3667,16651849.0,4880378.0,421121.0,5597696.0,53928.0,29609.0,14.9
cbecs,building_survey,231,231,4,14,51000,1,3,1,55,50,1,1,1,2,2,2,2,3759,1986,854515.0,250444.0,23117.0,345655.0,3330.0,2495.0,423.01
cbecs,building_survey,232,232,1,17,215000,4,5,3,168,350,1,1,1,1,2,2,2,8552,494,14038179.0,4114355.0,273191.0,17510676.0,168696.0,94244.0,11.64
cbecs,building_survey,233,233,3,17,35000,1,5,1,168,30,1,1,1,1,2,2,2,3110,1963,4380221.0,1283769.0,110291.0,1269526.0,12231.0,7007.0,1218.58
cbecs,building_survey,234,234,2,14,39000,3,8,1,80,15,1,1,2,2,1,2,2,7896,629,1566570.0,459135.0,33523.0,,,,502.9
cbecs,building_survey,235,235,1,16,425000,8,5,1,168,350,1,1,1,1,2,2,2,8338,628,46135340.0,13521495.0,921872.0,82828304.0,797961.0,303789.0,10.07
cbecs,building_survey,236,236,2,2,230000,994,7,23,68,400,1,1,2,1,2,2,2,5999,1258,12863829.0,3770173.0,399302.0,,,,15.06
cbecs,building_survey,237,237,2,5,10250,3,4,3,43,4,1,1,1,2,2,2,2,7304,736,103787.0,30418.0,4521.0,513236.0,4944.0,3538.0,1265.79
cbecs,building_survey,238,238,3,2,196000,2,4,1,60,140,1,1,2,2,1,2,2,3609,2150,1927233.0,564840.0,41678.0,,,,125.04
cbecs,building_survey,239,239,1,8,60000,994,2,9,50,50,1,1,1,2,2,2,2,4260,1472,2047302.0,600030.0,129462.0,1162558.0,11200.0,9387.0,127.33
cbecs,building_survey,240,240,4,5,26500,1,8,39,60,20,1,1,1,2,2,2,2,505,4530,594567.0,174258.0,22256.0,82538.0,795.0,807.0,611.8
cbecs,building_survey,241,241,3,2,1700,1,8,2,45,2,1,1,2,2,2,2,2,3732,1601,79780.0,23382.0,2494.0,,,,2990.63
cbecs,building_survey,242,242,3,2,8000,1,5,3,45,8,1,1,1,2,2,2,2,3838,1834,261975.0,76780.0,5177.0,95443.0,919.0,645.0,30.86
cbecs,building_survey,243,243,3,2,13000,1,6,2,40,15,1,1,1,2,2,2,2,3417,2233,557940.0,163523.0,10576.0,111327.0,1073.0,1058.0,1413.09
cbecs,building_survey,244,244,3,6,1900,1,6,1,80,3,1,1,1,2,2,2,2,2747,2064,291799.0,85521.0,13836.0,222254.0,2141.0,1950.0,2990.63
cbecs,building_survey,245,245,2,1,9100,2,4,0,0,0,2,2,2,2,2,2,2,5436,1386,,,,,,,524.46
cbecs,building_survey,246,246,1,13,285000,4,6,1,47,75,1,1,1,2,2,1,2,5715,909,15092754.0,4423433.0,398909.0,22201273.0,213885.0,71862.0,14.9
cbecs,building_survey,247,247,4,2,245000,995,6,40,168,247,1,1,1,1,2,2,2,927,1067,12274102.0,3597334.0,699582.0,2140559.0,20622.0,14941.0,15.06
cbecs,building_survey,248,248,1,13,32500,4,7,1,168,75,1,1,1,1,2,2,2,6782,724,1518126.0,444937.0,65181.0,933033.0,8989.0,8970.0,1461.43
cbecs,building_survey,249,249,3,12,50000,2,8,1,168,3,1,1,1,1,1,2,2,3555,2096,831183.0,243606.0,29730.0,567024.0,5463.0,5889.0,591.56
cbecs,building_survey,250,250,4,5,15000,1,6,1,45,7,1,1,1,2,2,2,2,5154,1455,167443.0,49075.0,4109.0,246063.0,2371.0,1875.0,1030.4
cbecs,building_survey,251,251,1,2,57000,1,7,1,50,200,1,1,1,2,2,2,2,6226,1002,2226416.0,652525.0,61254.0,1469986.0,14162.0,7416.0,117.32
cbecs,building_survey,252,252,1,14,106000,1,3,1,55,114,1,1,1,2,2,2,2,6657,802,2902836.0,850773.0,102187.0,4411725.0,42502.0,22564.0,117.32
cbecs,building_survey,253,253,2,16,400000,7,8,1,168,400,1,1,1,1,2,2,2,5057,1708,45852579.0,13438622.0,989494.0,68628082.0,661157.0,359335.0,43.44
cbecs,building_survey,254,254,2,17,55000,1,6,1,168,57,1,1,2,2,1,2,2,6486,828,5064065.0,1484193.0,184677.0,,,,290.39
cbecs,building_survey,255,255,2,2,270000,994,7,42,50,900,1,1,1,1,2,2,2,5728,1469,14195972.0,4160601.0,431872.0,16484875.0,158814.0,86591.0,31.68
cbecs,building_survey,256,256,1,5,400000,2,5,4,60,75,1,1,1,2,2,2,2,5006,1431,7512102.0,2201671.0,285211.0,11283812.0,108707.0,102379.0,69.6
cbecs,building_survey,257,257,3,12,10000,1,8,1,4,0,1,1,1,2,2,2,2,3954,1682,70355.0,20620.0,2616.0,65302.0,629.0,667.0,2990.63
cbecs,building_survey,258,258,4,7,72000,3,5,2,45,200,1,1,1,1,2,2,2,2343,548,3162203.0,926789.0,183827.0,3028211.0,29174.0,33155.0,290.39
cbecs,building_survey,259,259,3,7,410000,8,8,7,55,280,1,1,1,1,2,2,2,2156,2346,13531021.0,3965715.0,302040.0,10971033.0,105694.0,57846.0,6.42
cbecs,building_survey,260,260,2,26,65000,2,8,1,40,50,1,1,1,1,2,2,2,7596,605,1572183.0,460780.0,34171.0,2895637.0,27896.0,16276.0,290.39
cbecs,building_survey,261,261,1,14,138000,1,5,1,40,25,1,1,1,2,2,2,2,6944,697,2409860.0,706290.0,118898.0,6212067.0,59847.0,106522.0,8.84
cbecs,building_survey,262,262,3,5,210000,1,8,1,40,3,1,1,2,2,2,2,2,3652,2092,138288.0,40530.0,4100.0,,,,173.7
cbecs,building_survey,263,263,3,14,81000,1,5,1,55,50,1,1,1,2,2,2,2,1268,3406,3587657.0,1051482.0,101194.0,418428.0,4031.0,2703.0,330.8
cbecs,building_survey,264,264,3,5,75000,1,6,1,40,2,1,1,2,2,2,2,2,2619,2966,943335.0,276476.0,38732.0,,,,570.75
cbecs,building_survey,265,265,3,14,460000,3,8,1,126,130,1,1,1,1,2,2,2,4735,1518,18124895.0,5312103.0,466320.0,15057872.0,145066.0,108400.0,17.7
cbecs,building_survey,266,266,4,14,49000,1,4,1,50,45,1,1,1,2,2,2,2,848,1835,3798577.0,1113299.0,255253.0,825117.0,7949.0,7059.0,306.64
cbecs,building_survey,267,267,1,13,8200,2,4,1,56,2,1,1,1,2,2,2,2,6643,934,627491.0,183907.0,27896.0,200811.0,1935.0,3089.0,2934.43
cbecs,building_survey,268,268,3,25,31000,2,5,2,56,3,1,1,2,2,2,2,2,3743,1513,924312.0,270900.0,28242.0,,,,14.9
cbecs,building_survey,269,269,4,7,136000,5,4,1,50,100,1,1,1,1,2,2,2,4108,1327,2928075.0,858170.0,59669.0,2411510.0,23232.0,11311.0,50.03
cbecs,building_survey,270,270,2,5,495000,2,7,1,168,50,1,1,1,1,2,2,2,8901,668,9311970.0,2729182.0,238387.0,9230141.0,88922.0,49914.0,14.9
cbecs,building_survey,271,271,3,14,5001,1,4,1,53,12,1,1,1,2,2,2,2,3816,2184,255416.0,74858.0,7099.0,359240.0,3461.0,3156.0,1426.39
cbecs,building_survey,272,272,1,16,430000,6,9,1,168,1100,1,1,1,1,2,1,2,5526,1121,29619615.0,8681013.0,668568.0,71613942.0,689922.0,248564.0,10.07
cbecs,building_survey,273,273,2,2,21750,1,5,1,45,50,1,1,1,2,2,2,2,4575,1446,2315664.0,678682.0,61199.0,482181.0,4645.0,3963.0,15.06
cbecs,building_survey,274,274,2,26,12750,2,7,2,45,11,1,1,1,1,2,2,2,7777,498,222689.0,65266.0,9049.0,999199.0,9626.0,7127.0,4375.84
cbecs,building_survey,275,275,3,18,200000,994,5,1,168,40,1,1,1,2,2,2,2,2410,3074,8893753.0,2606610.0,191811.0,6381931.0,61483.0,45180.0,9.01
cbecs,building_survey,276,276,3,13,30000,2,3,1,40,5,1,1,2,2,2,2,2,1824,3605,1448211.0,424446.0,40302.0,,,,621.37
cbecs,building_survey,277,277,3,6,2400,1,8,1,74,3,1,1,1,2,2,2,2,4474,1547,271796.0,79659.0,8433.0,189990.0,1830.0,1665.0,3480.09
cbecs,building_survey,278,278,3,2,200000,3,3,1,60,600,1,1,2,2,2,1,2,3430,1987,5340657.0,1565257.0,87858.0,,,,5.98
cbecs,building_survey,279,279,2,2,5600,1,8,5,50,15,1,1,1,2,2,2,2,8836,901,129973.0,38093.0,5037.0,180277.0,1737.0,1929.0,2990.63
cbecs,building_survey,280,280,1,18,280000,995,2,3,168,200,1,1,1,1,2,1,2,5108,1390,21411312.0,6275297.0,1192662.0,2658639.0,25613.0,34818.0,9.01
cbecs,building_survey,281,281,4,2,66000,1,4,1,50,150,1,1,1,1,2,2,2,4136,1355,4506874.0,1320889.0,91842.0,2715637.0,26162.0,13114.0,245.01
cbecs,building_survey,282,282,2,14,390000,3,4,1,50,130,1,1,1,2,2,2,2,8536,539,6440189.0,1887511.0,117018.0,16279822.0,156838.0,59228.0,10.55
cbecs,building_survey,283,283,3,13,280000,1,9,1,48,30,1,1,1,1,2,2,2,4180,2039,41814853.0,12255232.0,745970.0,3578766.0,34478.0,19365.0,52.07
cbecs,building_survey,284,284,3,26,5200,2,8,1,45,10,1,1,1,2,2,2,2,4894,1841,332316.0,97396.0,16019.0,174617.0,1682.0,1854.0,2990.63
cbecs,building_survey,285,285,4,2,280000,2,5,1,71,450,1,1,1,1,1,2,2,714,1638,7389056.0,2165608.0,337824.0,667455.0,6430.0,5113.0,15.06
cbecs,building_survey,286,286,2,14,75000,3,5,1,60,75,1,1,1,2,2,2,2,6337,816,1770382.0,518869.0,44764.0,4947935.0,47668.0,26481.0,306.64
cbecs,building_survey,287,287,1,16,126000,3,4,1,168,100,1,1,1,1,1,2,2,7472,507,9936565.0,2912241.0,422270.0,14901944.0,143564.0,47985.0,61.59
cbecs,building_survey,288,288,3,18,64000,5,8,1,168,5,1,1,2,2,2,1,2,4300,1664,1789650.0,524516.0,40874.0,,,,9.07
cbecs,building_survey,289,289,4,8,100000,6,2,1,40,50,1,1,1,2,2,1,2,2475,48,4661801.0,1366296.0,176127.0,38958.0,375.0,463.0,611.8
cbecs,building_survey,290,290,3,2,430000,995,7,2,60,582,1,1,1,1,2,2,2,4470,1524,23494806.0,6885934.0,1006113.0,2747180.0,26466.0,14892.0,14.9
cbecs,building_survey,291,291,3,12,20000,2,7,1,34,25,1,1,1,2,2,2,2,3702,1912,663612.0,194494.0,12140.0,880946.0,8487.0,6997.0,1241.41
cbecs,building_survey,292,292,2,18,15000,2,6,1,168,2,1,1,2,2,2,2,2,6100,1180,983537.0,288258.0,20974.0,,,,1399.59
cbecs,building_survey,293,293,1,12,18500,3,5,1,16,12,1,1,1,2,2,2,2,5847,933,70150.0,20560.0,5157.0,380315.0,3664.0,5274.0,1461.43
cbecs,building_survey,294,294,4,14,240000,3,5,1,60,100,1,1,1,2,2,2,2,5966,744,3903925.0,1144175.0,118426.0,6617915.0,63756.0,40357.0,8.84
cbecs,building_survey,295,295,1,14,150000,4,8,2,122,80,1,1,1,1,2,2,2,4280,1630,6126938.0,1795703.0,160771.0,8324200.0,80195.0,43921.0,110.84
cbecs,building_survey,296,296,2,14,130000,1,8,1,40,60,1,1,1,2,2,2,2,5137,1812,4108891.0,1204247.0,144211.0,1862018.0,17939.0,11443.0,99.38
cbecs,building_survey,297,297,1,14,280000,2,3,1,40,220,1,1,1,2,2,2,2,7481,784,8087451.0,2370296.0,95704.0,17566136.0,169231.0,79089.0,8.84
cbecs,building_survey,298,298,1,14,59000,2,7,1,80,90,1,1,2,2,1,2,2,4690,713,1041496.0,305245.0,43860.0,,,,324.59
cbecs,building_survey,299,299,4,5,27000,2,5,1,45,10,1,1,2,2,2,2,2,698,1454,44671.0,13092.0,3962.0,,,,611.8
cbecs,building_survey,300,300,3,18,210000,994,6,2,168,40,1,1,1,1,2,2,2,1442,3720,6264798.0,1836107.0,155983.0,6300615.0,60700.0,43523.0,9.01
cbecs,building_survey,301,301,4,15,5000,1,8,1,140,10,1,1,2,1,2,2,2,1664,3397,1918125.0,562170.0,39298.0,,,,1195.14
cbecs,building_survey,302,302,4,13,16000,1,8,1,36,4,1,1,1,2,2,2,2,2125,1379,59825.0,17534.0,3774.0,488385.0,4705.0,4121.0,1531.55
cbecs,building_survey,303,303,4,26,2200,1,3,1,55,2,1,1,1,1,2,2,2,1347,3806,79062.0,23172.0,4613.0,7582.0,73.0,161.0,2934.43
cbecs,building_survey,304,304,3,6,2100,1,8,1,85,2,1,1,2,2,2,2,2,3692,2009,379329.0,111175.0,7362.0,,,,2990.63
cbecs,building_survey,305,305,4,18,2100000,995,6,10,168,400,1,1,1,1,2,2,2,4080,1291,29581677.0,8669894.0,617794.0,50139154.0,483036.0,137563.0,8.84
cbecs,building_survey,306,306,2,2,275000,5,7,1,168,900,1,1,1,1,2,2,2,7972,968,118576004.0,34752639.0,2711913.0,8251440.0,79494.0,57606.0,14.9
cbecs,building_survey,307,307,1,13,400000,3,2,1,45,30,1,1,2,2,2,1,2,4143,1602,13119867.0,3845213.0,355963.0,,,,8.57
cbecs,building_survey,308,308,1,14,82000,2,8,1,50,94,1,1,1,2,2,2,2,6038,995,3458026.0,1013489.0,104479.0,4910354.0,47306.0,32989.0,99.04
cbecs,building_survey,309,309,3,5,70000,1,7,3,80,20,1,1,2,2,2,2,2,1092,4154,1818117.0,532860.0,32465.0,,,,247.57
cbecs,building_survey,310,310,1,14,164000,5,4,1,55,250,1,1,1,2,2,2,2,4864,1453,7666739.0,2246993.0,206902.0,12291386.0,118414.0,64353.0,50.03
cbecs,building_survey,311,311,4,18,250000,995,8,1,168,60,1,1,1,1,2,2,2,1148,885,5538017.0,1623100.0,321796.0,6835967.0,65857.0,44271.0,9.11
cbecs,building_survey,312,312,3,23,35000,1,7,3,89,37,1,1,2,2,1,2,2,3557,1844,3379054.0,990344.0,85307.0,,,,841.34
cbecs,building_survey,313,313,3,16,1700000,995,9,3,168,7500,1,1,1,2,2,1,1,2048,3574,230101220.0,67438810.0,3683081.0,19543334.0,188279.0,486074.0,8.78
cbecs,building_survey,314,314,1,1,415000,6,8,0,0,0,2,2,2,2,2,2,2,4723,1588,,,,,,,9.21
cbecs,building_survey,315,315,1,2,72000,995,6,19,85,220,1,1,1,2,2,2,2,4135,1613,4956353.0,1452624.0,145947.0,1722227.0,16592.0,19114.0,246.59
cbecs,building_survey,316,316,3,13,180000,2,6,1,112,150,1,1,1,2,2,2,2,1479,4236,16368208.0,4797247.0,444999.0,7013912.0,67571.0,107533.0,14.9
cbecs,building_survey,317,317,2,5,174000,1,3,1,120,80,1,1,1,2,2,2,2,5100,1720,11266913.0,3302143.0,242691.0,3416301.0,32912.0,18306.0,55.13
cbecs,building_survey,318,318,2,14,450000,4,5,1,96,172,1,1,1,1,2,2,2,6223,961,15938590.0,4671334.0,405285.0,1028434.0,9908.0,8243.0,8.93
cbecs,building_survey,319,319,1,2,1500000,995,7,40,168,7500,1,1,1,1,2,1,2,4291,1525,114207304.0,33472246.0,2706559.0,38227831.0,368284.0,356907.0,14.9
cbecs,building_survey,320,320,4,14,225000,6,6,1,120,100,1,1,1,2,2,2,1,4977,1386,4830438.0,1415720.0,122152.0,4258894.0,41030.0,19262.0,6.77
cbecs,building_survey,321,321,1,8,5800,3,3,1,86,6,1,1,1,2,2,2,2,5108,1270,79681.0,23353.0,2918.0,155765.0,1501.0,1405.0,1195.14
cbecs,building_survey,322,322,3,18,375000,6,6,1,168,140,1,1,1,1,1,2,2,1936,2954,10166471.0,2979622.0,175456.0,8100016.0,78035.0,53972.0,9.01
cbecs,building_survey,323,323,4,5,180000,2,6,1,40,275,1,1,1,1,2,2,2,594,1960,8686685.0,2545922.0,326459.0,1087467.0,10477.0,8670.0,15.06
cbecs,building_survey,324,324,3,25,102000,1,8,1,103,40,1,1,1,2,2,2,2,4172,2138,6503663.0,1906115.0,116498.0,2544452.0,24513.0,20966.0,125.04
cbecs,building_survey,325,325,3,15,2450,1,3,2,65,6,1,1,1,2,2,2,2,2088,3708,370153.0,108486.0,7196.0,119795.0,1154.0,1136.0,2990.63
cbecs,building_survey,326,326,3,2,1700000,4,7,3,72,1200,1,1,1,1,2,2,2,1514,3719,57808912.0,16942823.0,1443991.0,1694439.0,16324.0,8847.0,14.9
cbecs,building_survey,327,327,4,6,2350,1,4,1,140,1,1,1,1,2,2,2,2,5477,560,644654.0,188937.0,8578.0,7916.0,76.0,216.0,3075.23
cbecs,building_survey,328,328,2,14,156000,3,7,2,50,120,1,1,1,2,2,2,2,5892,1212,2707725.0,793589.0,68068.0,3895811.0,37532.0,17773.0,100.08
cbecs,building_survey,329,329,3,2,83000,3,4,49,54,25,1,1,1,2,2,2,2,4764,1485,1736586.0,508964.0,52565.0,2591248.0,24964.0,32620.0,12.83
cbecs,building_survey,330,330,2,26,8400,1,4,1,45,5,1,1,1,2,2,2,2,5470,1629,176912.0,51850.0,5109.0,186758.0,1799.0,1300.0,1829.53
cbecs,building_survey,331,331,3,14,31000,3,2,1,78,12,1,1,2,2,2,2,2,2376,2010,1720784.0,504333.0,40005.0,,,,611.8
cbecs,building_survey,332,332,3,25,220000,1,7,4,168,150,1,1,1,2,2,2,2,4297,1551,16115134.0,4723076.0,279981.0,6743924.0,64970.0,54506.0,14.9
cbecs,building_survey,333,333,1,6,3000,1,4,2,70,6,1,1,1,2,2,2,2,7990,442,326605.0,95722.0,9491.0,195246.0,1881.0,1757.0,1218.03
cbecs,building_survey,334,334,1,18,110000,6,7,1,168,35,1,1,1,2,2,2,2,6078,869,5509040.0,1614607.0,287218.0,1832013.0,17649.0,9959.0,97.52
cbecs,building_survey,335,335,3,23,48500,1,8,4,75,32,1,1,1,2,2,2,2,2456,2492,3794340.0,1112057.0,84579.0,2683148.0,25849.0,14808.0,395.28
cbecs,building_survey,336,336,4,2,43500,4,8,1,42,60,1,1,1,1,2,2,2,6059,609,1905270.0,558403.0,59497.0,915499.0,8820.0,5241.0,9.01
cbecs,building_survey,337,337,2,15,1600,1,8,1,84,5,1,1,1,2,2,2,2,7504,1286,259831.0,76152.0,6889.0,103200.0,994.0,899.0,1265.79
cbecs,building_survey,338,338,4,2,40500,3,8,8,65,200,1,1,2,2,2,2,2,1363,711,1296988.0,380125.0,62085.0,,,,312.77
cbecs,building_survey,339,339,3,5,126000,1,8,1,50,36,1,1,2,2,1,2,2,1078,3523,1245092.0,364916.0,20324.0,,,,31.35
cbecs,building_survey,340,340,3,5,128000,1,7,2,168,75,1,1,1,2,2,2,2,2842,1911,4176030.0,1223924.0,99604.0,5693979.0,54855.0,51634.0,66.03
cbecs,building_survey,341,341,3,23,12000,1,4,6,75,23,1,1,1,2,2,2,2,2317,2715,826449.0,242218.0,14927.0,258662.0,2492.0,2243.0,841.34
cbecs,building_survey,342,342,2,18,162000,5,4,1,168,50,1,1,1,2,2,2,2,5585,873,8577682.0,2513975.0,565786.0,8713746.0,83947.0,46131.0,8.93
cbecs,building_survey,343,343,4,26,1300,2,7,1,50,10,1,1,1,2,2,2,2,4138,1385,61308.0,17968.0,1783.0,76019.0,732.0,685.0,2990.63
cbecs,building_survey,344,344,2,15,1200,1,4,1,50,3,1,1,1,2,2,2,2,5854,1592,78781.0,23089.0,2828.0,234473.0,2259.0,2513.0,3816.56
cbecs,building_survey,345,345,3,1,140000,4,2,0,0,0,1,1,2,2,2,2,2,1347,4285,2198067.0,644217.0,56246.0,,,,9.01
cbecs,building_survey,346,346,4,5,240000,2,6,1,126,50,1,1,1,1,2,2,2,1601,1544,6540674.0,1916962.0,311993.0,1237131.0,11918.0,8833.0,32.81
cbecs,building_survey,347,347,3,5,250000,1,8,2,60,10,1,1,1,2,2,2,2,3176,2061,669115.0,196106.0,25424.0,5091793.0,49054.0,26958.0,32.47
cbecs,building_survey,348,348,2,14,90000,2,6,1,90,65,1,1,1,2,2,2,2,5446,1189,3819834.0,1119529.0,105455.0,1182122.0,11388.0,3176.0,282.95
cbecs,building_survey,349,349,3,13,255000,4,3,20,112,200,1,1,1,1,2,1,2,2356,2532,12524690.0,3670777.0,226389.0,469910.0,4527.0,1315.0,8.44
cbecs,building_survey,350,350,3,14,7500,1,4,1,50,7,1,1,1,2,2,2,2,3292,2461,293996.0,86165.0,6907.0,266645.0,2569.0,2260.0,4468.96
cbecs,building_survey,351,351,3,18,375000,994,7,1,168,180,1,1,1,1,2,2,2,5892,1283,14606702.0,4280979.0,471307.0,14075450.0,135602.0,33042.0,8.84
cbecs,building_survey,352,352,2,5,20000,5,2,1,0,1,1,1,1,2,2,2,2,5061,1330,86839.0,25451.0,767.0,689205.0,6640.0,1822.0,946.18
cbecs,building_survey,353,353,2,2,5000,1,2,2,50,5,1,1,2,2,1,2,2,5936,963,167799.0,49179.0,4774.0,,,,3075.23
cbecs,building_survey,354,354,1,2,2300,3,2,2,45,1,1,1,1,2,2,2,2,5888,911,36764.0,10775.0,1653.0,120116.0,1157.0,994.0,1218.03
cbecs,building_survey,355,355,3,5,250000,1,3,6,50,20,1,1,2,2,1,2,2,3286,2495,4721061.0,1383664.0,119363.0,,,,28.53
cbecs,building_survey,356,356,3,5,7800,1,5,1,40,1,1,1,2,2,2,2,2,4077,1680,21916.0,6423.0,837.0,,,,2934.43
cbecs,building_survey,357,357,1,5,11000,1,2,1,55,5,2,2,2,2,2,2,2,4602,1589,,,,,,,3408.99
cbecs,building_survey,358,358,2,14,152000,2,3,1,80,50,1,1,1,2,2,2,2,8073,465,3277982.0,960722.0,82357.0,3634505.0,35014.0,23359.0,290.39
cbecs,building_survey,359,359,4,13,180000,2,7,2,96,8,1,1,1,1,2,2,1,4831,1240,5376820.0,1575856.0,114457.0,9655350.0,93019.0,74662.0,8.57
cbecs,building_survey,360,360,2,2,124000,3,8,2,55,300,1,1,2,2,2,2,2,5379,1562,6484762.0,1900575.0,160484.0,,,,27.6
cbecs,building_survey,361,361,3,15,3300,1,8,1,98,9,1,1,2,2,2,2,2,2343,3387,804421.0,235762.0,14825.0,,,,1218.03
cbecs,building_survey,362,362,1,17,106000,3,8,3,168,75,1,1,1,1,2,2,2,5585,1054,8785399.0,2574853.0,286851.0,7113313.0,68529.0,59645.0,54.94
cbecs,building_survey,363,363,4,14,2700,2,2,1,40,3,1,1,2,1,2,2,2,8411,112,160991.0,47184.0,6456.0,,,,4384.99
cbecs,building_survey,364,364,2,5,6300,1,2,1,48,10,1,1,1,2,2,2,2,6100,773,55403.0,16238.0,2136.0,438466.0,4224.0,3586.0,3709.28
cbecs,building_survey,365,365,3,13,64000,4,8,1,14,25,1,1,1,2,2,2,2,1851,3027,5940755.0,1741136.0,114286.0,354891.0,3419.0,2569.0,14.9
cbecs,building_survey,366,366,1,11,66000,2,4,9,168,100,1,1,1,2,2,2,2,5543,936,6648768.0,1948642.0,285779.0,3043411.0,29320.0,43519.0,105.74
cbecs,building_survey,367,367,1,2,700000,995,2,30,168,1500,1,1,1,1,2,2,2,4867,1333,20708305.0,6069257.0,615389.0,11633607.0,112077.0,111886.0,8.76
cbecs,building_survey,368,368,3,14,280000,3,3,1,40,135,1,1,1,2,2,2,2,3307,2274,9343109.0,2738309.0,196043.0,8431329.0,81227.0,26194.0,44.64
cbecs,building_survey,369,369,4,14,49000,1,9,1,60,45,1,1,1,2,2,2,2,6151,416,1346828.0,394733.0,34831.0,1044359.0,10061.0,5815.0,99.04
cbecs,building_survey,370,370,2,13,26500,2,7,1,56,5,1,1,1,2,2,2,2,4828,2298,1005281.0,294631.0,25836.0,443728.0,4275.0,3274.0,747.01
cbecs,building_survey,371,371,4,2,91000,4,6,8,50,200,1,1,2,2,2,2,1,4801,1466,1812076.0,531089.0,47819.0,,,,14.9
cbecs,building_survey,372,372,3,2,6000,1,7,1,60,11,1,1,1,2,2,2,2,4070,2336,201699.0,59115.0,9032.0,152059.0,1465.0,3145.0,1218.03
cbecs,building_survey,373,373,2,18,80000,6,7,1,168,25,1,1,1,1,2,2,2,6021,802,4959227.0,1453466.0,140864.0,4165645.0,40131.0,24845.0,100.08
cbecs,building_survey,374,374,3,25,35000,1,7,1,50,4,1,1,1,2,2,2,2,3330,2214,533239.0,156283.0,14201.0,1233409.0,11883.0,9973.0,591.56
cbecs,building_survey,375,375,3,2,700000,995,7,55,50,480,1,1,2,1,2,2,2,3967,1822,14851609.0,4352758.0,371139.0,,,,14.9
cbecs,building_survey,376,376,2,2,800000,8,6,8,11,2500,1,1,2,2,2,2,2,4751,2067,35905423.0,10523278.0,802296.0,,,,14.9
cbecs,building_survey,377,377,4,13,270000,3,5,1,168,100,1,1,1,2,2,2,2,5188,285,7663187.0,2245952.0,133973.0,12660122.0,121966.0,61121.0,8.6
cbecs,building_survey,378,378,2,13,1001,1,2,1,12,2,1,1,2,1,2,2,2,9560,630,45521.0,13341.0,988.0,,,,2990.63
cbecs,building_survey,379,379,3,13,5500,1,7,1,40,10,1,1,2,2,1,2,2,1561,3060,150138.0,44003.0,3084.0,,,,4468.96
cbecs,building_survey,380,380,3,14,63000,1,7,1,47,65,1,1,1,2,2,2,2,5458,1190,2574805.0,754632.0,79738.0,1749468.0,16854.0,14375.0,288.37
cbecs,building_survey,381,381,3,5,350000,2,6,1,100,150,1,1,1,2,2,2,2,3583,1967,4296204.0,1259145.0,142960.0,5462031.0,52621.0,54671.0,27.17
cbecs,building_survey,382,382,3,25,205000,1,8,5,133,150,1,1,1,2,2,2,2,1478,3741,20401695.0,5979395.0,482910.0,906773.0,8736.0,5284.0,14.9
cbecs,building_survey,383,383,3,14,182000,1,8,1,65,75,1,1,2,2,1,2,2,4651,1661,4874771.0,1428714.0,156105.0,,,,145.49
cbecs,building_survey,384,384,1,91,420000,3,8,1,168,30,1,1,1,1,2,2,2,5324,1409,200637888.0,58803601.0,6689605.0,3569555.0,34389.0,26822.0,48.85
cbecs,building_survey,385,385,3,2,120000,3,8,12,15,45,1,1,1,2,2,2,2,2244,3207,3079797.0,902637.0,76391.0,3042647.0,29313.0,16502.0,9.07
cbecs,building_survey,386,386,1,26,26500,2,8,1,40,10,1,1,1,1,1,2,2,6205,889,856200.0,250938.0,26726.0,150126.0,1446.0,1556.0,1489.41
cbecs,building_survey,387,387,3,16,800000,6,4,1,168,1100,1,1,1,2,2,2,2,2151,2329,81836701.0,23984965.0,1704373.0,42492918.0,409373.0,223528.0,8.78
cbecs,building_survey,388,388,3,23,265000,1,7,9,168,128,1,1,1,2,2,2,2,2753,1866,35740845.0,10475042.0,887879.0,19987951.0,192562.0,106731.0,10.71
cbecs,building_survey,389,389,3,25,5300,1,5,1,100,2,1,1,2,2,2,2,2,3512,1829,331567.0,97177.0,10717.0,,,,5337.59
cbecs,building_survey,390,390,4,5,2100000,2,7,7,75,300,1,1,1,1,1,2,2,5654,1043,13221227.0,3874920.0,330373.0,26752490.0,257731.0,207105.0,14.9
cbecs,building_survey,391,391,2,2,12250,1,9,1,40,5,1,1,2,2,2,2,2,6453,1194,313969.0,92019.0,8243.0,,,,1662.63
cbecs,building_survey,392,392,1,2,900000,995,7,30,168,3000,1,1,1,1,2,2,2,5229,940,66270500.0,19422773.0,3064762.0,5799874.0,55875.0,31283.0,14.73
cbecs,building_survey,393,393,4,8,225000,3,6,1,80,800,1,1,1,1,2,2,2,1656,1553,29679733.0,8698632.0,1057630.0,2341914.0,22562.0,18266.0,9.16
cbecs,building_survey,394,394,3,5,355000,1,4,1,43,8,1,1,2,2,2,2,2,1985,2253,3918808.0,1148537.0,63166.0,,,,69.6
cbecs,building_survey,395,395,4,25,205000,1,7,4,168,150,1,1,1,2,2,2,2,1592,3880,16940743.0,4965048.0,427593.0,7261298.0,69955.0,31631.0,14.67
cbecs,building_survey,396,396,1,14,108000,1,7,1,40,50,1,1,1,1,1,2,2,6638,555,1838159.0,538734.0,49893.0,5091999.0,49056.0,27031.0,44.64
cbecs,building_survey,397,397,3,26,1200,1,6,1,50,4,1,1,2,2,2,2,2,1658,3629,19287.0,5653.0,322.0,,,,2990.63
cbecs,building_survey,398,398,3,2,138000,6,7,12,168,200,1,1,2,2,2,2,2,3049,2072,5308247.0,1555758.0,133621.0,,,,149.25
cbecs,building_survey,399,399,2,2,24000,2,8,1,40,15,1,1,1,2,2,2,2,7540,641,547894.0,160579.0,14534.0,839914.0,8092.0,6796.0,611.8
cbecs,building_survey,400,400,1,16,450000,994,4,1,168,1377,1,1,1,1,2,2,2,5116,1420,44298869.0,12983256.0,1668464.0,102132119.0,983932.0,544251.0,8.78
cbecs,building_survey,401,401,4,1,158000,3,5,0,0,0,1,1,2,2,2,1,2,5057,835,4459635.0,1307044.0,95213.0,,,,99.04
cbecs,building_survey,402,402,2,14,270000,2,7,1,96,200,1,1,1,2,2,2,2,7867,478,5886875.0,1725344.0,147362.0,11173879.0,107648.0,23927.0,43.95
cbecs,building_survey,403,403,2,16,265000,4,6,8,168,400,1,1,1,1,2,1,2,5582,1451,17821165.0,5223085.0,460718.0,29379345.0,283038.0,180249.0,10.07
cbecs,building_survey,404,404,1,6,1900,1,4,2,80,3,1,1,2,1,2,2,2,6080,1052,202546.0,59363.0,5861.0,,,,1779.2
cbecs,building_survey,405,405,2,14,69000,2,7,1,80,10,1,1,2,2,2,1,2,5360,1707,2650398.0,776787.0,66120.0,,,,221.3
cbecs,building_survey,406,406,3,2,110000,1,7,2,92,150,1,1,2,2,2,2,2,2704,2705,5514416.0,1616183.0,134080.0,,,,125.04
cbecs,building_survey,407,407,2,15,1650,1,4,1,91,7,1,1,1,2,2,2,2,4360,2007,410172.0,120215.0,10910.0,503613.0,4852.0,4118.0,1195.14
cbecs,building_survey,408,408,4,14,24500,1,9,1,35,8,1,1,1,2,2,2,2,1790,1666,167968.0,49229.0,7561.0,406460.0,3916.0,3420.0,4384.99
cbecs,building_survey,409,409,3,13,144000,7,8,1,76,150,1,1,2,1,2,2,2,1268,3124,14999162.0,4396003.0,304482.0,,,,137.69
cbecs,building_survey,410,410,4,2,7000,2,4,1,45,7,1,1,1,2,2,2,2,4166,1540,91602.0,26847.0,3060.0,186062.0,1793.0,1721.0,2990.63
cbecs,building_survey,411,411,2,14,67000,3,3,1,60,60,1,1,1,2,2,2,2,7753,764,615528.0,180401.0,18187.0,5153727.0,49651.0,28693.0,100.08
cbecs,building_survey,412,412,2,14,21000,3,2,1,60,30,1,1,1,2,2,1,2,5098,1234,916358.0,268569.0,35358.0,92209.0,888.0,899.0,1399.59
cbecs,building_survey,413,413,4,23,37500,1,4,8,55,43,1,1,1,2,2,2,2,1476,4190,2357534.0,690954.0,49089.0,449689.0,4332.0,3274.0,841.34
cbecs,building_survey,414,414,2,16,900000,6,8,3,168,700,1,1,1,1,2,1,2,4228,1922,54314461.0,15918658.0,1390380.0,20773000.0,200125.0,111805.0,57.33
cbecs,building_survey,415,415,1,18,205000,9,6,1,168,75,1,1,1,1,2,2,2,4829,1254,12639354.0,3704383.0,406819.0,5701183.0,54925.0,44092.0,8.84
cbecs,building_survey,416,416,4,17,400000,3,5,4,168,60,1,1,1,1,2,2,2,3496,956,6685503.0,1959409.0,167119.0,5164728.0,49757.0,25783.0,12.46
cbecs,building_survey,417,417,3,4,85000,1,5,1,43,7,1,1,1,2,2,2,2,2157,2559,1368925.0,401209.0,21810.0,105352.0,1015.0,995.0,633.24
cbecs,building_survey,418,418,3,2,55000,3,8,2,44,105,1,1,1,2,2,2,2,2728,2102,1110561.0,325487.0,41892.0,397787.0,3832.0,5432.0,224.76
cbecs,building_survey,419,419,2,17,176000,9,5,1,168,50,1,1,1,1,2,2,2,5187,1744,5495802.0,1610727.0,43700.0,7896467.0,76074.0,41425.0,110.84
cbecs,building_survey,420,420,4,18,255000,994,6,1,168,40,1,1,1,2,2,2,2,849,1080,7227834.0,2118357.0,409454.0,10756305.0,103625.0,73197.0,15.06
cbecs,building_survey,421,421,3,2,84000,3,3,8,44,70,1,1,1,1,2,2,2,4752,1800,4033111.0,1182037.0,115545.0,2902396.0,27961.0,22742.0,288.37
cbecs,building_survey,422,422,3,8,42500,2,9,1,60,5,1,1,2,2,2,2,2,2597,2381,4446407.0,1303167.0,113563.0,,,,687.8
cbecs,building_survey,423,423,3,2,365000,994,5,7,70,740,1,1,2,1,2,2,2,4150,1783,17292901.0,5068259.0,751476.0,,,,9.07
cbecs,building_survey,424,424,1,2,285000,9,6,17,60,200,1,1,1,1,2,2,2,5127,1008,17040515.0,4994289.0,855547.0,5739507.0,55294.0,55556.0,14.73
cbecs,building_survey,425,425,4,14,3600,1,3,1,60,3,1,1,1,2,2,2,2,1334,4020,92745.0,27182.0,2658.0,40422.0,389.0,462.0,4384.99
cbecs,building_survey,426,426,2,13,7000,1,5,1,49,1,1,1,1,2,2,2,2,5876,1022,97778.0,28657.0,5488.0,768759.0,7406.0,6165.0,3075.23
cbecs,building_survey,427,427,2,2,44500,1,8,1,45,58,1,1,2,2,2,2,2,5740,1731,2336127.0,684680.0,58655.0,,,,48.85
cbecs,building_survey,428,428,3,2,1700000,8,2,33,84,4750,1,1,2,1,1,1,2,3853,2060,84759399.0,24841559.0,2124846.0,,,,12.54
cbecs,building_survey,429,429,3,26,8000,1,5,1,60,18,1,1,1,2,2,2,2,1597,2819,467108.0,136902.0,12032.0,183970.0,1772.0,1965.0,1489.41
cbecs,building_survey,430,430,3,14,110000,2,2,1,10,155,1,1,1,2,2,2,2,1533,3146,1585801.0,464772.0,25876.0,379042.0,3652.0,3788.0,99.04
cbecs,building_survey,431,431,3,2,215000,7,8,15,60,710,1,1,2,1,2,2,2,1938,3756,10504992.0,3078837.0,351622.0,,,,14.9
cbecs,building_survey,432,432,3,91,20000,3,9,1,40,15,1,1,1,2,2,2,2,2569,3090,669502.0,196220.0,17309.0,653967.0,6300.0,5442.0,589.53
cbecs,building_survey,433,433,4,14,87000,3,8,1,112,50,1,1,1,2,2,1,2,5672,784,2279356.0,668041.0,53200.0,107.0,1.0,506.0,97.52
cbecs,building_survey,434,434,3,18,73000,4,8,1,168,12,1,1,1,2,1,2,2,4261,2151,3145495.0,921892.0,71709.0,1199842.0,11559.0,9504.0,324.59
cbecs,building_survey,435,435,4,14,76000,3,8,1,65,70,1,1,1,2,2,2,2,3703,945,869584.0,254860.0,27187.0,780380.0,7518.0,7266.0,100.08
cbecs,building_survey,436,436,2,5,6000,1,3,1,168,1,1,1,2,2,2,2,2,8406,533,20233.0,5930.0,1027.0,,,,6921.06
cbecs,building_survey,437,437,3,2,2500,1,5,1,60,12,1,1,2,2,2,2,2,1442,3729,169576.0,49700.0,6288.0,,,,1218.03
cbecs,building_survey,438,438,3,8,5700,1,8,1,54,12,1,1,1,2,2,2,2,3539,2180,807400.0,236635.0,25299.0,10180.0,98.0,194.0,1218.03
cbecs,building_survey,439,439,2,14,140000,2,5,1,66,60,1,1,1,2,2,2,2,9035,855,3542564.0,1038266.0,123568.0,4005005.0,38584.0,25332.0,99.04
cbecs,building_survey,440,440,2,14,63000,2,2,1,50,32,1,1,1,2,2,2,2,4735,1290,769597.0,225556.0,28860.0,5777496.0,55660.0,31093.0,100.08
cbecs,building_survey,441,441,4,7,460000,7,2,2,52,200,1,1,1,1,2,2,2,2729,64,8952031.0,2623690.0,457563.0,6290732.0,60604.0,59971.0,6.59
cbecs,building_survey,442,442,1,4,400000,994,8,1,168,300,1,1,2,2,2,1,2,6507,896,45828273.0,13431499.0,1217397.0,,,,9.88
cbecs,building_survey,443,443,2,8,86000,2,7,2,37,200,1,1,1,1,2,2,2,6530,644,6095042.0,1786355.0,173412.0,5314770.0,51202.0,32248.0,74.25
cbecs,building_survey,444,444,4,14,65000,1,7,1,45,26,1,1,1,2,2,2,2,5328,1351,1444902.0,423477.0,56495.0,1288941.0,12418.0,9348.0,383.99
cbecs,building_survey,445,445,1,18,315000,995,2,5,168,7,1,1,1,1,2,2,2,4695,1528,3833702.0,1123594.0,104481.0,6519889.0,62812.0,34245.0,8.76
cbecs,building_survey,446,446,3,2,3050,1,6,1,40,3,1,1,2,2,2,2,2,1797,2996,41418.0,12139.0,2283.0,,,,3320.27
cbecs,building_survey,447,447,4,2,13500,1,7,1,70,70,1,1,2,2,2,2,2,4599,1223,544100.0,159467.0,11386.0,,,,1489.41
cbecs,building_survey,448,448,3,14,54000,3,8,1,45,38,1,1,2,2,2,2,2,2988,1788,2194173.0,643075.0,55624.0,,,,431.11
cbecs,building_survey,449,449,4,12,21000,1,9,1,20,12,1,1,1,2,2,2,2,4669,1540,139994.0,41030.0,3254.0,716048.0,6898.0,6179.0,774.84
cbecs,building_survey,450,450,1,2,134000,5,8,3,50,550,1,1,2,1,2,2,2,5396,1121,5843901.0,1712749.0,402829.0,,,,14.9
cbecs,building_survey,451,451,2,23,98000,1,8,16,168,95,1,1,1,1,2,2,2,8113,912,7840442.0,2297902.0,195768.0,10478855.0,100952.0,56763.0,175.02
cbecs,building_survey,452,452,1,8,2650,1,6,2,70,8,1,1,2,1,2,2,2,8073,492,66795.0,19576.0,4276.0,,,,1195.14
cbecs,building_survey,453,453,1,14,67000,2,4,2,40,38,1,1,1,2,2,2,2,3974,1781,4037736.0,1183393.0,72397.0,2335946.0,22504.0,14772.0,303.46
cbecs,building_survey,454,454,4,18,345000,994,6,1,168,100,1,1,1,1,1,2,2,805,1240,7390323.0,2165980.0,330932.0,30129788.0,290268.0,185433.0,9.11
cbecs,building_survey,455,455,2,6,54000,2,7,2,168,125,1,1,1,2,1,2,2,7883,523,13109570.0,3842195.0,274926.0,9438806.0,90933.0,34455.0,215.07
cbecs,building_survey,456,456,3,13,2900,1,8,1,98,1,1,1,1,2,2,2,2,3016,1863,400108.0,117265.0,10727.0,305833.0,2946.0,2587.0,2800.45
cbecs,building_survey,457,457,3,5,4000,1,6,3,60,15,1,1,2,2,2,2,2,1297,3300,8096.0,2373.0,367.0,,,,6659.94
cbecs,building_survey,458,458,2,14,67000,1,8,1,42,60,1,1,1,2,2,2,2,6663,891,1075719.0,315275.0,27320.0,4567996.0,44008.0,25038.0,290.39
cbecs,building_survey,459,459,3,26,10000,1,4,1,85,2,1,1,2,2,2,2,2,1210,3753,231805.0,67938.0,4710.0,,,,2990.63
cbecs,building_survey,460,460,4,5,56000,2,6,6,40,40,1,1,1,2,2,2,2,718,1698,680694.0,199500.0,40781.0,32451.0,313.0,406.0,118.55
cbecs,building_survey,461,461,3,2,415000,995,4,14,40,825,1,1,1,1,2,2,2,3427,2049,22430717.0,6574067.0,556083.0,2770283.0,26689.0,13719.0,14.9
cbecs,building_survey,462,462,2,2,1800000,995,2,1,55,3000,1,1,1,1,2,1,1,6974,834,98375659.0,28832256.0,2426530.0,239114.0,2304.0,2057.0,59.79
cbecs,building_survey,463,463,4,15,9400,1,6,1,84,15,1,1,1,1,2,2,2,5948,626,1386481.0,406354.0,29952.0,695561.0,6701.0,5066.0,4468.96
cbecs,building_survey,464,464,2,14,215000,3,5,1,50,200,1,1,1,2,2,2,2,6376,1185,8340390.0,2444428.0,237927.0,11260325.0,108481.0,50642.0,100.08
cbecs,building_survey,465,465,4,14,57000,5,4,1,60,100,1,1,1,2,2,1,2,2017,1490,3307620.0,969408.0,123895.0,1552178.0,14954.0,12475.0,227.11
cbecs,building_survey,466,466,4,2,11000,3,6,8,60,24,1,1,1,2,2,2,2,892,1223,361186.0,105858.0,13844.0,57325.0,552.0,681.0,611.8
cbecs,building_survey,467,467,3,25,95000,1,8,1,156,70,1,1,2,1,2,2,2,3106,2428,7206017.0,2111963.0,122790.0,,,,125.04
cbecs,building_survey,468,468,4,2,485000,6,7,2,50,500,1,1,1,1,2,2,2,5277,802,18639030.0,5462787.0,461601.0,1350280.0,13008.0,9586.0,58.26
cbecs,building_survey,469,469,3,5,3000,1,6,1,20,1,1,1,2,1,2,2,2,1609,3788,110258.0,32315.0,3220.0,,,,2990.63
cbecs,building_survey,470,470,3,14,126000,3,2,1,35,110,1,1,2,1,1,2,2,4507,1553,6557788.0,1921978.0,195333.0,,,,99.04
cbecs,building_survey,471,471,3,26,10000,2,3,1,45,5,1,1,1,2,2,2,2,4402,1848,109574.0,32114.0,3676.0,125408.0,1208.0,925.0,27.17
cbecs,building_survey,472,472,3,17,83000,3,7,3,168,20,1,1,1,2,2,2,2,3492,2156,2768450.0,811386.0,62566.0,798682.0,7694.0,6676.0,99.04
cbecs,building_survey,473,473,2,2,13000,2,4,1,20,1,1,1,1,2,2,2,2,8471,464,2148746.0,629761.0,65674.0,471263.0,4540.0,3831.0,4375.84
cbecs,building_survey,474,474,2,12,30000,2,7,1,40,2,1,1,1,2,2,2,2,5055,907,134854.0,39523.0,6811.0,477439.0,4600.0,4021.0,4375.84
cbecs,building_survey,475,475,3,2,225000,8,8,9,168,850,1,1,1,2,2,2,2,1550,3479,13534159.0,3966635.0,355401.0,563315.0,5427.0,8786.0,58.26
cbecs,building_survey,476,476,2,2,285000,994,6,17,66,900,1,1,1,1,2,2,2,8735,891,21584807.0,6326145.0,578074.0,1849390.0,17817.0,14648.0,14.9
cbecs,building_survey,477,477,4,2,77000,3,6,15,65,80,1,1,2,2,2,2,2,630,1443,3326793.0,975027.0,164148.0,,,,227.11
cbecs,building_survey,478,478,3,25,102000,2,6,1,65,17,1,1,2,2,2,2,2,2995,2129,1991738.0,583745.0,43117.0,,,,125.04
cbecs,building_survey,479,479,2,25,176000,4,8,1,168,300,1,1,1,2,2,2,2,6580,977,19090198.0,5595017.0,543396.0,8940644.0,86133.0,40513.0,15.06
cbecs,building_survey,480,480,2,23,30000,1,5,14,57,37,1,1,1,2,2,2,2,7110,715,1748551.0,512471.0,44500.0,2602610.0,25073.0,20368.0,395.28
cbecs,building_survey,481,481,1,6,120000,2,7,1,168,50,1,1,1,2,2,2,2,7256,775,17417956.0,5104911.0,470860.0,12580202.0,121197.0,68302.0,97.78
cbecs,building_survey,482,482,3,8,7000,2,8,1,40,40,1,1,2,2,2,2,2,3217,1859,457570.0,134106.0,12233.0,,,,687.8
cbecs,building_survey,483,483,2,25,12500,3,3,7,44,1,1,1,1,2,2,2,2,8230,740,166025.0,48659.0,8693.0,255364.0,2460.0,2503.0,2934.43
cbecs,building_survey,484,484,3,5,37000,2,6,1,50,30,1,1,2,2,2,2,2,1197,3368,1179473.0,345684.0,49471.0,,,,1026.85
cbecs,building_survey,485,485,3,2,800000,995,5,10,11,2500,1,1,2,1,2,1,2,3558,2150,24147211.0,7077143.0,765064.0,,,,14.67
cbecs,building_survey,486,486,3,26,5000,1,3,1,45,3,1,1,1,2,2,2,2,3123,2504,39429.0,11556.0,1311.0,52591.0,507.0,1006.0,1218.03
cbecs,building_survey,487,487,4,5,55000,2,5,1,55,20,1,1,1,2,2,2,2,4569,332,760744.0,222961.0,24406.0,218072.0,2101.0,3351.0,808.37
cbecs,building_survey,488,488,4,14,1200,1,7,1,49,3,1,1,1,2,2,2,2,3803,1878,39782.0,11659.0,1365.0,65958.0,635.0,604.0,3778.59
cbecs,building_survey,489,489,3,25,2100,2,7,1,50,2,1,1,2,2,2,2,2,1022,3970,139492.0,40883.0,2973.0,,,,2990.63
cbecs,building_survey,490,490,1,5,142000,1,3,7,40,213,1,1,1,2,2,2,2,5374,1039,1922203.0,563365.0,66983.0,4064854.0,39160.0,21962.0,246.72
cbecs,building_survey,491,491,2,16,162000,3,6,1,168,125,1,1,1,1,2,2,2,6335,947,9370566.0,2746356.0,246645.0,11716181.0,112873.0,72439.0,111.06
cbecs,building_survey,492,492,2,2,1001,1,5,1,35,2,1,1,2,1,2,2,2,8376,733,14472.0,4242.0,435.0,,,,6659.94
cbecs,building_survey,493,493,3,14,20750,3,3,1,50,13,1,1,1,2,2,2,1,2106,2440,733017.0,214835.0,22612.0,655175.0,6312.0,6085.0,1461.43
cbecs,building_survey,494,494,3,2,210000,994,5,1,168,600,1,1,1,1,2,2,2,4501,1666,20531586.0,6017464.0,521829.0,14875344.0,143308.0,78323.0,8.84
cbecs,building_survey,495,495,2,5,200000,3,3,1,45,100,1,1,1,2,2,2,2,8084,597,2311318.0,677409.0,70929.0,3588590.0,34572.0,26994.0,15.06
cbecs,building_survey,496,496,3,2,355000,994,8,7,72,325,1,1,2,1,2,2,2,3518,1866,20959847.0,6142980.0,879487.0,,,,14.9
cbecs,building_survey,497,497,2,2,1800000,995,6,16,55,2500,1,1,1,1,2,2,2,6326,1203,46338800.0,13581125.0,1164139.0,14831329.0,142884.0,50305.0,15.06
cbecs,building_survey,498,498,1,5,255000,1,7,1,70,60,1,1,1,2,1,2,2,5055,1299,1916259.0,561623.0,105867.0,5525116.0,53228.0,53283.0,14.9
cbecs,building_survey,499,499,3,15,1500,1,5,1,60,3,1,1,1,2,2,2,2,4065,2223,275306.0,80688.0,5444.0,130730.0,1259.0,1201.0,1218.03
cbecs,building_survey,500,500,3,14,375000,2,9,1,70,68,1,1,1,1,2,2,2,4488,1760,15322027.0,4490629.0,466920.0,13233825.0,127493.0,90730.0,57.95
cbecs,building_survey,501,501,2,2,4500,3,2,2,42,3,1,1,1,2,2,2,2,4896,2033,27009.0,7916.0,917.0,124181.0,1196.0,1128.0,2934.43
cbecs,building_survey,502,502,4,2,110000,4,9,3,55,197,1,1,1,2,2,2,2,1060,2043,2235350.0,655144.0,72027.0,2759969.0,26589.0,18095.0,141.31
cbecs,building_survey,503,503,3,7,3000,1,5,1,168,3,1,1,1,2,2,2,2,2160,2376,151541.0,44414.0,4125.0,200415.0,1931.0,2430.0,6659.94
cbecs,building_survey,504,504,1,16,136000,5,5,2,168,400,1,1,1,1,2,2,2,7203,667,17912924.0,5249978.0,782267.0,15704448.0,151295.0,155356.0,7.62
cbecs,building_survey,505,505,3,23,305000,1,7,18,168,171,1,1,1,2,2,2,2,4440,1869,55311340.0,16210826.0,1198743.0,24085222.0,232035.0,129462.0,75.35
cbecs,building_survey,506,506,3,26,1800,1,5,2,48,1,1,1,2,2,2,2,2,1052,3648,48865.0,14322.0,1341.0,,,,2990.63
cbecs,building_survey,507,507,2,17,67000,1,9,1,168,40,1,1,1,1,2,2,2,7749,903,5639672.0,1652893.0,106687.0,2023775.0,19497.0,11877.0,330.8
cbecs,building_survey,508,508,2,15,4500,4,6,1,105,3,1,1,1,2,2,2,2,7765,543,355416.0,104166.0,11468.0,214305.0,2065.0,1494.0,1265.79
cbecs,building_survey,509,509,4,6,180000,2,9,2,168,100,1,1,1,1,1,2,2,10141,10,12276132.0,3597928.0,537145.0,14884663.0,143398.0,133623.0,125.92
cbecs,building_survey,510,510,3,14,285000,2,8,1,55,244,1,1,1,2,2,2,2,4422,1418,11635039.0,3410035.0,350789.0,8716346.0,83973.0,64387.0,99.04
cbecs,building_survey,511,511,2,14,152000,1,7,1,60,110,1,1,1,2,2,2,2,7542,444,5546330.0,1625536.0,163055.0,3848290.0,37074.0,20813.0,48.01
cbecs,building_survey,512,512,2,23,6500,1,5,4,55,13,1,1,1,2,2,2,2,7159,1045,539610.0,158151.0,14146.0,408272.0,3933.0,3352.0,4740.75
cbecs,building_survey,513,513,3,14,102000,2,5,1,60,100,1,1,1,2,2,2,2,3662,2238,5104552.0,1496059.0,126291.0,2712212.0,26129.0,14407.0,44.64
cbecs,building_survey,514,514,1,13,800000,7,7,46,168,600,1,1,1,1,2,2,2,6548,868,36539800.0,10709203.0,991772.0,39676484.0,382240.0,215479.0,48.85
cbecs,building_survey,515,515,4,13,16250,2,8,1,25,20,1,1,1,2,2,2,2,4149,1578,85930.0,25185.0,3061.0,337350.0,3250.0,3126.0,621.37
cbecs,building_survey,516,516,2,26,260000,1,4,8,40,13,1,1,1,2,2,2,2,6972,987,3225596.0,945368.0,80982.0,1661785.0,16009.0,9598.0,14.93
cbecs,building_survey,517,517,4,15,1300,1,7,1,56,4,1,1,1,2,2,2,2,404,5026,93537.0,27414.0,3788.0,53301.0,513.0,590.0,3075.23
cbecs,building_survey,518,518,2,25,80000,1,5,1,90,10,1,1,2,2,2,2,2,5751,1638,3646245.0,1068653.0,79340.0,,,,352.17
cbecs,building_survey,519,519,4,15,1800,1,2,1,84,3,1,1,1,2,2,2,2,912,1792,177405.0,51994.0,8758.0,95731.0,922.0,914.0,1265.79
cbecs,building_survey,520,520,4,8,51000,4,8,6,96,130,1,1,1,2,2,2,2,3965,1558,4208619.0,1233476.0,89883.0,3491578.0,33638.0,23925.0,126.08
cbecs,building_survey,521,521,4,18,194000,9,8,2,168,40,1,1,1,1,2,2,2,4858,1002,10232031.0,2998837.0,216629.0,11217643.0,108070.0,48817.0,6.63
cbecs,building_survey,522,522,1,2,300000,8,8,7,54,608,1,1,2,2,2,2,2,6335,1047,15140259.0,4437356.0,550438.0,,,,58.26
cbecs,building_survey,523,523,3,23,255000,1,6,41,42,358,1,1,1,2,1,2,2,1685,3216,14616258.0,4283780.0,254605.0,12616581.0,121547.0,66221.0,98.04
cbecs,building_survey,524,524,3,2,600000,995,8,9,60,1200,1,1,2,1,2,2,2,4116,2117,22789106.0,6679105.0,918815.0,,,,6.52
cbecs,building_survey,525,525,2,2,106000,2,6,1,60,300,1,1,1,1,2,2,2,7712,957,4394076.0,1287830.0,133573.0,2866981.0,27620.0,21422.0,139.58
cbecs,building_survey,526,526,1,13,25000,1,4,1,86,2,1,1,1,2,2,2,2,4296,1564,741560.0,217339.0,8343.0,2541172.0,24481.0,19982.0,14.9
cbecs,building_survey,527,527,1,91,10000,1,6,1,84,0,1,1,2,2,2,2,2,7002,907,57128.0,16743.0,1939.0,,,,1218.03
cbecs,building_survey,528,528,3,25,5500,1,6,2,40,6,1,1,2,2,2,2,2,3368,2464,68469.0,20067.0,2014.0,,,,2990.63
cbecs,building_survey,529,529,4,5,116000,1,7,2,12,25,1,1,1,2,1,2,2,2202,178,775775.0,227367.0,46138.0,944692.0,9101.0,11555.0,70.08
cbecs,building_survey,530,530,1,13,5200,2,4,1,10,1,1,1,1,2,2,2,2,4959,1393,157729.0,46228.0,4827.0,425653.0,4101.0,3487.0,1779.2
cbecs,building_survey,531,531,4,26,1600,2,3,1,50,4,1,1,1,2,1,2,2,2123,650,90578.0,26547.0,6509.0,25490.0,246.0,261.0,3075.23
cbecs,building_survey,532,532,3,16,260000,5,3,1,168,400,1,1,1,1,2,2,2,2934,1748,29451202.0,8631654.0,738775.0,32947550.0,317414.0,380309.0,10.07
cbecs,building_survey,533,533,1,91,6000,3,5,1,24,1,1,1,1,2,2,2,2,4086,1424,103750.0,30407.0,5893.0,550809.0,5306.0,5891.0,1408.23
cbecs,building_survey,534,534,1,17,290000,4,6,2,168,200,1,1,1,2,2,2,2,6806,812,21833938.0,6399161.0,593750.0,22118505.0,213088.0,116391.0,8.84
cbecs,building_survey,535,535,3,5,450000,2,6,1,168,7,1,1,2,1,1,2,2,2895,2700,1756953.0,514933.0,40820.0,,,,14.9
cbecs,building_survey,536,536,2,8,118000,4,7,4,59,400,1,1,1,1,2,2,2,7326,866,14848462.0,4351835.0,394630.0,3995330.0,38491.0,26783.0,17.78
cbecs,building_survey,537,537,3,16,23500,1,4,1,168,70,1,1,1,2,2,2,2,1344,3029,3453112.0,1012049.0,87702.0,566476.0,5457.0,4371.0,195.61
cbecs,building_survey,538,538,3,8,10000,2,4,1,50,15,1,1,1,2,2,2,2,3273,2162,294247.0,86239.0,8400.0,158854.0,1530.0,1704.0,1218.03
cbecs,building_survey,539,539,4,25,2350,1,8,1,85,2,1,1,1,2,2,2,2,5287,382,16591.0,4863.0,937.0,59109.0,569.0,954.0,3872.84
cbecs,building_survey,540,540,3,14,8000,2,4,1,70,2,1,1,1,2,2,2,2,4961,1584,495567.0,145242.0,11711.0,122151.0,1177.0,1066.0,1426.39
cbecs,building_survey,541,541,2,5,340000,1,7,3,120,66,1,1,1,1,2,2,2,6339,938,5340844.0,1565312.0,132255.0,12986959.0,125115.0,68596.0,15.06
cbecs,building_survey,542,542,4,26,60000,1,5,2,60,25,1,1,1,2,2,2,2,1115,1600,823593.0,241381.0,61760.0,568068.0,5473.0,4537.0,215.07
cbecs,building_survey,543,543,3,2,205000,994,7,20,60,600,1,1,2,1,2,2,2,3515,2124,13285135.0,3893650.0,490649.0,,,,14.67
cbecs,building_survey,544,544,2,26,4000,1,8,1,25,1,1,1,2,2,2,2,2,4344,1762,66805.0,19579.0,1673.0,,,,2990.63
cbecs,building_survey,545,545,1,16,415000,4,7,1,168,180,1,1,1,2,2,1,2,6032,919,19416720.0,5690715.0,524828.0,40523976.0,390404.0,216273.0,50.87
cbecs,building_survey,546,546,3,5,34000,1,7,1,20,1,1,1,2,2,2,2,2,1000,4155,63440.0,18593.0,2385.0,,,,1030.4
cbecs,building_survey,547,547,1,5,33500,1,6,1,40,12,1,1,2,2,1,2,2,7301,700,340020.0,99654.0,15542.0,,,,27.28
cbecs,building_survey,548,548,4,12,2000,1,5,1,30,5,1,1,1,2,2,2,2,1201,2216,45031.0,13198.0,2200.0,27562.0,266.0,419.0,3075.23
cbecs,building_survey,549,549,3,13,2600,1,8,1,84,0,1,1,2,2,2,2,2,1578,4090,454970.0,133344.0,12027.0,,,,2990.63
cbecs,building_survey,550,550,1,13,12000,2,4,1,168,50,1,1,2,2,1,2,2,5488,1050,76824.0,22516.0,3984.0,,,,1195.14
cbecs,building_survey,551,551,1,8,75000,4,7,1,50,135,1,1,1,2,2,2,2,5404,975,5215982.0,1528717.0,137548.0,600950.0,5789.0,4973.0,127.33
cbecs,building_survey,552,552,3,5,75000,1,8,2,60,140,1,1,2,2,2,2,2,1195,3930,4252887.0,1246450.0,83725.0,,,,247.57
cbecs,building_survey,553,553,3,5,425000,2,5,1,70,97,1,1,1,2,2,2,2,2423,3725,4148550.0,1215870.0,140214.0,172571.0,1663.0,2537.0,32.47
cbecs,building_survey,554,554,4,18,174000,2,6,1,168,20,1,1,1,1,2,2,2,2162,1283,3930421.0,1151941.0,239739.0,2412488.0,23242.0,24794.0,15.06
cbecs,building_survey,555,555,1,18,190000,5,8,1,168,5,1,1,1,2,2,2,2,4758,1450,10272116.0,3010585.0,272837.0,8320574.0,80160.0,45025.0,6.63
cbecs,building_survey,556,556,3,13,130000,3,8,1,168,150,1,1,1,2,2,2,2,3441,1777,9239946.0,2708073.0,192027.0,7481625.0,72077.0,40792.0,117.32
cbecs,building_survey,557,557,4,2,60000,2,5,25,50,60,1,1,2,2,2,2,2,983,1844,3103909.0,909704.0,187686.0,,,,141.31
cbecs,building_survey,558,558,3,2,150000,3,2,1,60,76,1,1,2,1,2,2,2,4081,1377,1727182.0,506208.0,10773.0,,,,8.84
cbecs,building_survey,559,559,3,23,10250,1,6,5,55,32,1,1,1,2,2,2,2,1483,4199,909869.0,266667.0,22874.0,373020.0,3594.0,3099.0,4740.75
cbecs,building_survey,560,560,3,91,230000,1,8,1,168,35,1,1,1,1,2,2,2,4645,1459,196749871.0,57664089.0,3454154.0,2483772.0,23928.0,19336.0,20.9
cbecs,building_survey,561,561,4,5,600000,2,6,1,40,600,1,1,2,1,1,2,2,754,1467,12521459.0,3669830.0,592449.0,,,,70.08
cbecs,building_survey,562,562,1,5,150000,2,7,1,168,120,1,1,1,1,1,2,2,5476,1121,4011065.0,1175576.0,228825.0,724687.0,6982.0,7199.0,14.9
cbecs,building_survey,563,563,1,17,58000,1,6,1,168,60,1,1,1,1,2,2,2,4811,1504,7173243.0,2102357.0,190709.0,6615261.0,63731.0,35585.0,8.84
cbecs,building_survey,564,564,1,2,900000,995,5,15,168,2750,1,1,2,2,2,1,2,4364,1475,110479546.0,32379703.0,2974778.0,,,,58.26
cbecs,building_survey,565,565,2,14,62000,3,2,1,55,27,1,1,1,2,2,2,2,6894,734,960076.0,281382.0,30468.0,679472.0,6546.0,5620.0,306.64
cbecs,building_survey,566,566,4,5,132000,2,7,1,50,20,1,1,1,2,2,2,2,4686,841,1611257.0,472232.0,48072.0,1954760.0,18832.0,15691.0,338.72
cbecs,building_survey,567,567,4,2,4000,2,6,1,40,5,1,1,2,2,2,2,2,489,1493,20963.0,6144.0,2251.0,,,,677.49
cbecs,building_survey,568,568,1,23,37500,1,7,14,55,41,1,1,1,2,2,2,2,5906,719,1810845.0,530728.0,49519.0,1129459.0,10881.0,9118.0,841.34
cbecs,building_survey,569,569,4,25,205000,1,7,5,168,150,1,1,1,2,2,2,2,6569,561,14173407.0,4153988.0,298855.0,8068676.0,77733.0,48153.0,44.87
cbecs,building_survey,570,570,3,5,8100,1,6,1,40,8,1,1,2,2,2,2,2,1133,4068,81184.0,23794.0,4172.0,,,,3420.76
cbecs,building_survey,571,571,4,18,200000,5,6,1,168,35,1,1,1,1,2,2,2,1391,3976,9238147.0,2707546.0,259162.0,4737068.0,45636.0,38252.0,8.87
cbecs,building_survey,572,572,1,2,245000,995,6,43,66,350,1,1,1,1,2,2,2,4862,1409,8114237.0,2378147.0,221728.0,6280974.0,60510.0,33463.0,14.9
cbecs,building_survey,573,573,4,18,96000,1,3,1,168,100,1,1,1,1,2,2,2,829,1861,5939861.0,1740874.0,224443.0,1364906.0,13149.0,6521.0,100.08
cbecs,building_survey,574,574,2,23,420000,1,6,25,75,215,1,1,1,2,1,2,2,6939,699,28824030.0,8447840.0,732853.0,33456670.0,322319.0,176823.0,78.48
cbecs,building_survey,575,575,3,25,100000,1,7,1,102,80,1,1,1,1,2,2,2,3315,2314,6974248.0,2044035.0,133407.0,919788.0,8861.0,7156.0,125.04
cbecs,building_survey,576,576,3,2,305000,6,6,19,60,750,1,1,2,1,2,2,2,4622,1531,7237683.0,2121244.0,88980.0,,,,63.15
cbecs,building_survey,577,577,3,13,4000,3,7,1,40,6,1,1,2,2,1,2,2,4690,1495,165444.0,48489.0,5696.0,,,,1745.76
cbecs,building_survey,578,578,2,14,48500,1,3,1,40,54,1,1,1,2,2,2,2,5034,1117,1185182.0,347357.0,36290.0,1231268.0,11862.0,3365.0,292.55
cbecs,building_survey,579,579,4,2,700000,995,8,3,50,500,1,1,1,1,2,2,2,4188,357,25247946.0,7399750.0,767753.0,12618072.0,121561.0,80480.0,6.59
cbecs,building_survey,580,580,3,12,41000,1,8,1,48,9,1,1,1,2,2,2,2,2661,3021,823561.0,241372.0,19177.0,184311.0,1776.0,1720.0,244.16
cbecs,building_survey,581,581,4,25,65000,1,7,1,80,28,1,1,1,2,2,2,2,3870,1018,1936209.0,567470.0,71653.0,2647372.0,25505.0,14587.0,125.92
cbecs,building_survey,582,582,3,26,20250,1,7,1,38,20,1,1,1,1,2,2,2,2406,3201,841348.0,246585.0,23944.0,967583.0,9322.0,9518.0,591.56
cbecs,building_survey,583,583,4,2,27000,2,5,1,66,111,1,1,1,2,2,2,2,1361,808,2529737.0,741424.0,130623.0,94094.0,906.0,1036.0,312.77
cbecs,building_survey,584,584,3,2,62000,3,8,6,54,178,1,1,1,1,2,2,2,1494,4024,3528201.0,1034057.0,90468.0,1363603.0,13137.0,11053.0,309.52
cbecs,building_survey,585,585,3,18,2500,1,5,1,168,2,1,1,1,2,2,2,2,4272,1604,141331.0,41422.0,4860.0,132644.0,1278.0,687.0,1195.14
cbecs,building_survey,586,586,1,5,500001,2,9,1,45,85,1,1,1,2,2,2,2,4844,1433,2530841.0,741747.0,157001.0,13199780.0,127166.0,119608.0,69.36
cbecs,building_survey,587,587,2,18,235000,8,4,1,168,110,1,1,1,1,2,2,2,4729,1955,9174654.0,2688937.0,228461.0,15034400.0,144840.0,79656.0,50.03
cbecs,building_survey,588,588,3,23,215000,1,7,22,75,197,1,1,1,2,2,2,2,3346,2002,18175641.0,5326976.0,451157.0,14494457.0,139638.0,75831.0,10.71
cbecs,building_survey,589,589,3,25,186000,1,7,1,168,115,1,1,2,2,2,2,2,1147,3412,8233711.0,2413163.0,404308.0,,,,125.04
cbecs,building_survey,590,590,3,18,30000,2,4,1,168,2,1,1,1,2,2,2,2,3576,1727,699960.0,205147.0,16056.0,2005868.0,19324.0,15969.0,495.15
cbecs,building_survey,591,591,3,14,62000,3,7,1,50,38,1,1,1,2,2,2,2,4744,1511,1179874.0,345801.0,10796.0,1324730.0,12762.0,10403.0,429.63
cbecs,building_survey,592,592,4,23,14000,1,8,9,84,21,1,1,1,2,2,2,2,819,1487,1225098.0,359056.0,45536.0,678223.0,6534.0,5524.0,2009.74
cbecs,building_survey,593,593,3,12,50000,2,6,2,105,15,1,1,2,2,1,2,2,1689,3219,584143.0,171203.0,20171.0,,,,1489.41
cbecs,building_survey,594,594,4,2,390000,5,7,1,50,2100,1,1,1,1,2,2,2,5418,784,8427748.0,2470032.0,234241.0,8118464.0,78213.0,29312.0,14.9
cbecs,building_survey,595,595,3,5,15250,1,7,1,60,4,1,1,2,2,1,2,2,2674,2507,311667.0,91344.0,8815.0,,,,3420.76
cbecs,building_survey,596,596,2,14,86000,1,3,1,60,26,1,1,2,1,2,2,2,8796,594,3326945.0,975072.0,72029.0,,,,945.16
cbecs,building_survey,597,597,4,25,8500,1,5,1,50,4,1,1,2,2,2,2,2,3112,2135,125535.0,36792.0,2933.0,,,,1461.43
cbecs,building_survey,598,598,3,2,6200,1,5,1,50,4,1,1,2,1,2,2,2,3925,1598,368760.0,108077.0,8589.0,,,,2990.63
cbecs,building_survey,599,599,1,14,124000,3,4,1,86,55,1,1,2,1,1,2,2,5362,972,1923587.0,563771.0,109544.0,,,,97.52
cbecs,building_survey,600,600,4,25,39500,1,8,1,126,50,1,1,1,2,2,2,2,1705,4051,6442158.0,1888089.0,130826.0,729980.0,7033.0,4499.0,14.67
cbecs,building_survey,601,601,3,5,100000,1,6,1,168,20,1,1,1,2,2,2,2,3252,2723,5298243.0,1552826.0,92213.0,2686081.0,25877.0,21015.0,245.01
cbecs,building_survey,602,602,4,2,8500,2,7,2,40,2,1,1,2,2,2,2,2,3825,1053,156430.0,45847.0,5795.0,,,,3075.23
cbecs,building_survey,603,603,3,16,220000,4,8,1,168,600,1,1,2,1,2,2,2,4452,1806,33868753.0,9926364.0,892861.0,,,,10.07
cbecs,building_survey,604,604,1,14,84000,1,6,1,9,125,1,1,1,2,2,2,2,6495,806,1707511.0,500443.0,45756.0,4973692.0,47916.0,26488.0,288.37
cbecs,building_survey,605,605,4,23,17500,1,7,9,56,26,1,1,1,2,2,2,2,4417,251,1833194.0,537278.0,68458.0,767695.0,7396.0,6239.0,2009.74
cbecs,building_survey,606,606,2,25,99000,1,8,3,126,125,1,1,1,2,2,2,2,5345,1753,9504720.0,2785674.0,241518.0,3315477.0,31941.0,17877.0,216.68
cbecs,building_survey,607,607,2,2,2200,3,2,2,40,2,1,1,1,2,2,2,2,5457,1010,54824.0,16068.0,2356.0,86131.0,830.0,838.0,3075.23
cbecs,building_survey,608,608,1,12,15000,3,2,1,72,1,1,1,1,2,2,2,2,4624,1241,150084.0,43987.0,12189.0,1407875.0,13563.0,13420.0,1484.29
cbecs,building_survey,609,609,4,2,142000,5,9,4,60,550,1,1,1,1,2,2,2,4149,1570,4723630.0,1384417.0,100979.0,2803255.0,27006.0,12731.0,589.62
cbecs,building_survey,610,610,3,23,75000,1,6,4,55,26,1,1,1,2,2,2,2,3308,2681,4145098.0,1214859.0,72105.0,2023035.0,19490.0,16116.0,395.28
cbecs,building_survey,611,611,1,5,14000,1,7,2,60,10,1,1,1,2,2,2,2,6780,794,362367.0,106204.0,16245.0,690434.0,6652.0,4696.0,623.52
cbecs,building_survey,612,612,3,23,30000,1,5,4,52,85,1,1,1,2,2,2,2,3646,2275,1305788.0,382705.0,23542.0,1212163.0,11678.0,9786.0,841.34
cbecs,building_survey,613,613,1,13,2600,1,6,1,84,0,1,1,2,2,2,2,2,4820,955,82067.0,24052.0,5270.0,,,,4084.96
cbecs,building_survey,614,614,3,5,460000,1,4,6,168,20,1,1,1,2,1,2,2,4282,1971,2604680.0,763388.0,77701.0,15061103.0,145097.0,81866.0,69.6
cbecs,building_survey,615,615,4,14,162000,3,3,1,60,102,1,1,1,2,2,2,2,6023,366,2041963.0,598465.0,94357.0,11958027.0,115203.0,59248.0,99.38
cbecs,building_survey,616,616,2,13,32000,1,8,4,89,1,1,1,1,2,2,2,2,7467,1083,358806.0,105160.0,10980.0,500159.0,4818.0,3310.0,749.58
cbecs,building_survey,617,617,2,12,270000,4,8,1,168,70,1,1,1,1,2,2,2,5510,1613,17064163.0,5001220.0,420768.0,6403085.0,61687.0,42265.0,15.06
cbecs,building_survey,618,618,3,15,2100,1,7,1,75,2,1,1,2,2,1,2,2,1093,3538,125595.0,36810.0,3329.0,,,,1218.03
cbecs,building_survey,619,619,3,14,108000,8,4,1,80,300,1,1,2,2,2,1,2,4599,1645,3027403.0,887281.0,78203.0,,,,97.52
cbecs,building_survey,620,620,2,14,144000,2,5,1,40,40,1,1,1,2,2,2,2,5111,1545,5056019.0,1481834.0,151675.0,6472219.0,62353.0,30608.0,174.24
cbecs,building_survey,621,621,4,2,3100,1,6,1,50,15,1,1,1,2,2,2,2,3805,1806,289831.0,84945.0,6582.0,13873.0,134.0,226.0,2934.43
cbecs,building_survey,622,622,2,26,6500,1,3,1,98,1,1,1,2,2,1,2,2,4301,1691,66460.0,19478.0,3064.0,,,,1218.03
cbecs,building_survey,623,623,3,12,1250,1,5,1,8,2,1,1,2,2,2,2,2,5122,1601,31934.0,9359.0,1290.0,,,,1500.65
cbecs,building_survey,624,624,4,5,5000,1,9,1,48,2,1,1,1,2,2,2,2,6894,377,139787.0,40969.0,5936.0,263101.0,2535.0,1976.0,6659.94
cbecs,building_survey,625,625,1,18,250000,4,4,1,168,30,1,1,2,1,1,2,2,6060,517,3108660.0,911096.0,73551.0,,,,50.03
cbecs,building_survey,626,626,3,5,8700,1,9,1,168,0,2,2,2,2,2,2,2,3703,1613,,,,,,,6659.94
cbecs,building_survey,627,627,4,18,77000,1,8,1,168,40,1,1,1,2,2,2,2,994,1122,3091847.0,906169.0,117614.0,2008130.0,19346.0,12958.0,59.79
cbecs,building_survey,628,628,3,2,136000,5,6,10,60,244,1,1,1,1,2,2,2,3764,1605,8447387.0,2475788.0,268221.0,1894145.0,18248.0,15008.0,14.9
cbecs,building_survey,629,629,3,18,250000,5,4,1,168,25,1,1,1,2,2,2,2,4754,1215,20504403.0,6009497.0,652940.0,4481927.0,43178.0,43645.0,8.84
cbecs,building_survey,630,630,3,18,20000,2,4,1,168,10,1,1,1,2,2,2,2,2413,3270,1173488.0,343930.0,30398.0,329089.0,3170.0,3308.0,1413.09
cbecs,building_survey,631,631,3,2,49500,1,7,1,33,8,1,1,1,2,2,2,2,5267,1340,2331787.0,683408.0,59949.0,61844.0,596.0,854.0,683.41
cbecs,building_survey,632,632,2,1,9100,3,5,0,0,0,2,2,2,2,2,2,2,7715,1011,,,,,,,807.86
cbecs,building_survey,633,633,1,8,4650,3,6,4,50,10,1,1,1,2,2,2,2,5508,1053,144657.0,42397.0,5324.0,76029.0,732.0,768.0,687.8
cbecs,building_survey,634,634,1,18,56000,4,4,1,168,30,1,1,2,2,1,1,2,6610,529,2203066.0,645682.0,94989.0,,,,423.01
cbecs,building_survey,635,635,3,2,290000,994,8,20,76,1000,1,1,1,2,2,2,2,4070,2035,16678209.0,4888103.0,696906.0,270368.0,2605.0,4124.0,14.9
cbecs,building_survey,636,636,2,26,63000,2,7,1,45,44,1,1,1,2,2,2,2,7490,531,611569.0,179241.0,24097.0,2408391.0,23202.0,18953.0,215.07
cbecs,building_survey,637,637,4,5,120000,2,4,1,60,60,1,1,2,2,2,2,2,1718,4544,6516375.0,1909840.0,194255.0,,,,242.92
cbecs,building_survey,638,638,1,26,4000,1,7,1,60,2,1,1,2,2,1,2,2,6289,741,48910.0,14335.0,2126.0,,,,2990.63
cbecs,building_survey,639,639,1,15,5100,1,6,1,70,15,1,1,1,2,2,2,2,5518,999,678044.0,198723.0,38346.0,2366329.0,22797.0,20600.0,1195.14
cbecs,building_survey,640,640,2,25,150000,1,8,1,116,115,1,1,1,2,2,2,2,5751,999,7693778.0,2254917.0,192936.0,7188760.0,69256.0,38101.0,52.43
cbecs,building_survey,641,641,2,25,205000,1,7,5,168,150,1,1,1,2,2,2,2,9123,585,14555032.0,4265836.0,359408.0,14898991.0,143536.0,80358.0,52.07
cbecs,building_survey,642,642,3,18,210000,6,6,1,168,60,1,1,1,2,2,2,2,3521,2038,9787322.0,2868500.0,171483.0,8822233.0,84993.0,37176.0,14.67
cbecs,building_survey,643,643,3,16,500000,5,8,1,168,500,1,1,1,1,2,1,2,2661,2262,77192266.0,22623759.0,1423670.0,18682108.0,179982.0,100770.0,9.91
cbecs,building_survey,644,644,3,2,146000,4,6,5,50,450,1,1,2,2,2,2,2,1529,4131,15513444.0,4546730.0,414152.0,,,,137.69
cbecs,building_survey,645,645,1,14,74000,1,4,1,40,32,1,1,1,2,2,2,2,6542,637,1222554.0,358310.0,39916.0,4430701.0,42685.0,23859.0,288.37
cbecs,building_survey,646,646,4,8,8200,2,8,2,38,7,1,1,1,2,2,2,2,4662,1535,494862.0,145036.0,10756.0,232046.0,2236.0,1804.0,1391.33
cbecs,building_survey,647,647,1,14,98000,5,2,1,50,65,1,1,1,1,2,2,2,4855,1477,1573903.0,461285.0,51397.0,177476.0,1710.0,1483.0,97.52
cbecs,building_survey,648,648,4,2,106000,4,7,5,45,263,1,1,1,2,2,2,2,6333,387,3553478.0,1041465.0,154064.0,3109386.0,29956.0,17110.0,137.69
cbecs,building_survey,649,649,2,6,2400,1,8,1,112,3,1,1,2,2,2,2,2,6125,1544,385562.0,113002.0,14539.0,,,,3075.23
cbecs,building_survey,650,650,3,2,182000,995,4,1,168,750,1,1,2,2,2,2,2,1718,2633,7533691.0,2207999.0,133012.0,,,,14.9
cbecs,building_survey,651,651,3,2,148000,9,6,45,65,350,1,1,2,1,2,2,2,1505,3798,8115163.0,2378418.0,200912.0,,,,14.9
cbecs,building_survey,652,652,3,13,76000,3,9,4,110,12,1,1,1,2,2,2,2,1573,3056,6610149.0,1937324.0,174880.0,3324771.0,32031.0,11657.0,137.69
cbecs,building_survey,653,653,1,14,200001,2,3,1,80,75,1,1,1,2,2,1,2,7303,654,4039741.0,1183980.0,109679.0,9923496.0,95602.0,52020.0,44.64
cbecs,building_survey,654,654,2,18,900000,995,8,2,168,200,1,1,1,2,2,2,2,5645,1423,36353110.0,10654487.0,927071.0,41677536.0,401518.0,191674.0,9.11
cbecs,building_survey,655,655,2,26,1050,1,5,1,168,1,1,1,2,2,1,2,2,9275,669,26258.0,7696.0,1114.0,,,,8544.65
cbecs,building_survey,656,656,3,5,10000,2,2,1,50,3,1,1,1,2,2,2,2,4227,2036,63816.0,18703.0,2234.0,84294.0,812.0,985.0,1413.09
cbecs,building_survey,657,657,4,5,210000,1,5,7,40,20,1,1,1,2,2,2,2,7326,342,1113685.0,326402.0,49375.0,6847235.0,65966.0,36658.0,59.85
cbecs,building_survey,658,658,1,13,25000,2,8,8,168,4,1,1,1,1,2,2,2,5351,1147,256012.0,75033.0,9882.0,2075096.0,19991.0,24008.0,611.8
cbecs,building_survey,659,659,3,26,25000,1,6,1,61,6,1,1,1,2,2,2,2,3194,2884,234157.0,68627.0,5106.0,263731.0,2541.0,2195.0,2990.63
cbecs,building_survey,660,660,3,13,5001,1,4,1,15,1,1,1,1,2,2,2,2,2957,2185,172785.0,50640.0,4855.0,182279.0,1756.0,2315.0,1413.09
cbecs,building_survey,661,661,2,15,3000,1,4,1,70,7,1,1,1,2,2,2,2,5282,1405,431398.0,126436.0,11455.0,214904.0,2070.0,1906.0,1195.14
cbecs,building_survey,662,662,3,7,13250,3,2,1,40,9,1,1,1,1,2,2,2,3393,2200,375088.0,109932.0,8695.0,398048.0,3835.0,3262.0,1386.54
cbecs,building_survey,663,663,3,26,25500,1,7,1,55,23,1,1,1,2,2,2,2,3310,1651,1449266.0,424756.0,37264.0,856269.0,8249.0,6901.0,591.56
cbecs,building_survey,664,664,3,16,205000,3,8,1,168,250,1,1,1,1,2,2,2,1416,3731,26747668.0,7839293.0,612704.0,17866403.0,172123.0,311591.0,116.61
cbecs,building_survey,665,665,3,2,5500,1,5,1,46,12,1,1,1,2,2,2,2,4179,2077,145826.0,42739.0,6521.0,160938.0,1550.0,1777.0,2990.63
cbecs,building_survey,666,666,3,14,35500,3,4,1,45,15,1,1,1,2,2,2,2,3759,2398,1269567.0,372089.0,22788.0,370767.0,3572.0,3421.0,422.54
cbecs,building_survey,667,667,2,91,36000,2,7,4,45,40,1,1,1,2,1,2,2,6641,909,2053557.0,601863.0,86980.0,1035744.0,9978.0,7293.0,623.52
cbecs,building_survey,668,668,3,2,380000,995,5,25,80,1478,1,1,1,2,2,2,2,1494,3570,34654470.0,10156644.0,835782.0,9171583.0,88358.0,49749.0,14.9
cbecs,building_survey,669,669,1,26,28000,1,4,2,120,3,1,1,1,2,2,2,2,5508,1057,2269499.0,665152.0,62433.0,354560.0,3416.0,3028.0,504.63
cbecs,building_survey,670,670,4,14,8000,1,5,1,35,3,1,1,2,2,1,2,2,6641,291,302262.0,88588.0,11847.0,,,,3825.74
cbecs,building_survey,671,671,3,25,142000,1,7,1,96,45,1,1,2,1,2,2,2,1811,3057,8951093.0,2623415.0,156649.0,,,,125.04
cbecs,building_survey,672,672,2,18,50000,3,8,1,168,1,1,1,1,2,2,2,2,8027,631,819778.0,240263.0,27105.0,940369.0,9059.0,5324.0,495.15
cbecs,building_survey,673,673,3,13,23000,1,6,1,66,1,1,1,1,2,2,2,2,4452,1611,594098.0,174120.0,7840.0,376445.0,3627.0,1723.0,1413.09
cbecs,building_survey,674,674,3,16,800000,8,5,2,168,2000,1,1,1,1,2,2,2,3154,1930,69947375.0,20500403.0,1796883.0,38006945.0,366156.0,204373.0,8.92
cbecs,building_survey,675,675,1,18,146000,995,6,1,168,5,1,1,2,2,2,2,1,5284,1329,2261054.0,662677.0,91071.0,,,,50.03
cbecs,building_survey,676,676,3,18,30000,3,7,7,168,12,1,1,1,2,2,2,2,2901,2175,2160802.0,633295.0,60468.0,1662433.0,16016.0,8596.0,303.46
cbecs,building_survey,677,677,3,18,170000,6,9,2,168,20,1,1,2,2,2,2,2,2065,4134,5908248.0,1731608.0,128399.0,,,,5.52
cbecs,building_survey,678,678,3,2,11250,1,7,1,80,10,1,1,2,1,1,2,2,4889,1644,494651.0,144974.0,14817.0,,,,1413.09
cbecs,building_survey,679,679,3,25,1600,1,2,1,50,1,1,1,1,2,2,2,2,2190,2064,59489.0,17435.0,1738.0,39850.0,384.0,637.0,2990.63
cbecs,building_survey,680,680,3,2,350000,994,7,1,50,975,1,1,1,2,2,2,2,3328,2119,46145251.0,13524399.0,943250.0,108.0,1.0,64.0,14.9
cbecs,building_survey,681,681,3,13,29000,1,3,1,24,5,1,1,1,2,1,2,2,3626,2209,631635.0,185122.0,9382.0,977013.0,9412.0,4670.0,591.56
cbecs,building_survey,682,682,3,26,50000,2,8,1,70,45,1,1,2,2,2,2,2,1499,3646,2009225.0,588870.0,53526.0,,,,623.52
cbecs,building_survey,683,683,3,18,205000,8,4,1,168,15,1,1,2,2,2,1,2,2539,2374,10499131.0,3077119.0,212846.0,,,,5.89
cbecs,building_survey,684,684,4,12,140000,3,2,1,55,5,1,1,1,2,2,2,2,3178,2094,692670.0,203010.0,22918.0,1030909.0,9932.0,6491.0,115.51
cbecs,building_survey,685,685,2,5,290000,1,8,2,50,25,1,1,1,2,2,2,2,7604,668,2162837.0,633891.0,64587.0,1913657.0,18436.0,11134.0,66.72
cbecs,building_survey,686,686,2,13,255000,3,7,1,60,8,1,1,1,2,2,2,2,7221,757,6636402.0,1945018.0,251365.0,12336617.0,118850.0,55563.0,15.06
cbecs,building_survey,687,687,3,23,5000,1,7,3,51,8,1,1,1,2,2,2,2,964,3767,413930.0,121316.0,7836.0,52237.0,503.0,569.0,4740.75
cbecs,building_survey,688,688,3,15,8600,1,7,1,70,30,1,1,2,2,2,2,2,4112,1849,1083874.0,317665.0,32496.0,,,,2990.63
cbecs,building_survey,689,689,2,26,17000,1,5,1,50,2,1,1,1,2,2,2,2,7972,520,131748.0,38613.0,4553.0,1010879.0,9739.0,5795.0,1531.55
cbecs,building_survey,690,690,4,5,3200,1,4,1,60,7,1,1,2,2,2,2,2,3673,339,204218.0,59853.0,8318.0,,,,3075.23
cbecs,building_survey,691,691,3,25,220000,1,8,5,168,150,1,1,1,2,2,2,2,4451,1714,19036977.0,5579419.0,332540.0,6764980.0,65173.0,36785.0,52.07
cbecs,building_survey,692,692,3,18,340000,995,8,1,168,75,1,1,1,1,2,2,2,4199,2224,14781999.0,4332356.0,424357.0,4741187.0,45676.0,35157.0,17.7
cbecs,building_survey,693,693,3,26,164000,4,4,3,168,45,1,1,1,1,2,2,2,2791,2582,13708066.0,4017604.0,319944.0,3094068.0,29808.0,25059.0,14.9
cbecs,building_survey,694,694,2,14,190000,2,7,1,70,75,1,1,1,1,2,2,2,8872,620,4059864.0,1189878.0,107407.0,1642032.0,15819.0,12406.0,22.22
cbecs,building_survey,695,695,1,25,148000,1,9,1,133,115,1,1,1,2,2,2,2,6085,983,9866457.0,2891693.0,261011.0,7408519.0,71373.0,39312.0,107.76
cbecs,building_survey,696,696,3,2,120000,3,8,8,168,45,1,1,1,2,2,2,2,4775,1349,5658436.0,1658393.0,173387.0,778139.0,7497.0,6422.0,116.06
cbecs,building_survey,697,697,3,2,900000,994,5,2,60,1532,1,1,1,2,2,2,2,4113,1958,55162085.0,16167082.0,420609.0,23802400.0,229310.0,105827.0,14.9
cbecs,building_survey,698,698,3,13,140000,3,8,1,50,17,1,1,1,2,2,2,2,3278,2406,2404875.0,704829.0,44261.0,9015845.0,86858.0,47526.0,83.86
cbecs,building_survey,699,699,3,15,58000,2,8,1,65,105,1,1,1,2,2,2,2,3336,1877,6673845.0,1955992.0,139420.0,7773175.0,74886.0,33860.0,460.21
cbecs,building_survey,700,700,1,2,305000,3,3,1,168,500,1,1,1,1,2,2,2,5119,1218,32988332.0,9668327.0,1106882.0,15700243.0,151255.0,137419.0,14.9
cbecs,building_survey,701,701,4,2,26000,2,4,40,168,40,1,1,1,2,2,2,2,809,1196,445172.0,130472.0,23789.0,10247.0,99.0,274.0,611.8
cbecs,building_survey,702,702,2,2,60000,2,6,4,50,300,1,1,2,1,2,2,2,5117,1791,2869956.0,841136.0,73366.0,,,,126.08
cbecs,building_survey,703,703,3,91,38500,2,3,1,50,30,1,1,2,1,2,2,2,4889,1519,6412281.0,1879332.0,133134.0,,,,1122.76
cbecs,building_survey,704,704,4,15,8000,1,6,1,84,28,1,1,1,2,2,2,2,1338,4720,784849.0,230026.0,25307.0,1469407.0,14156.0,12983.0,1195.14
cbecs,building_survey,705,705,2,12,10000,1,7,1,35,1,1,1,2,2,2,2,2,8967,440,46812.0,13720.0,2595.0,,,,1531.55
cbecs,building_survey,706,706,2,24,1800000,2,5,996,77,500,1,1,1,2,2,2,2,8501,680,66451993.0,19475965.0,1674265.0,3596364.0,34647.0,20208.0,15.06
cbecs,building_survey,707,707,2,2,138000,4,6,11,55,500,1,1,1,1,2,2,2,4918,1147,8828063.0,2587357.0,319016.0,201.0,2.0,630.0,59.79
cbecs,building_survey,708,708,4,26,3900,1,6,1,98,6,1,1,1,2,2,2,2,6462,515,316009.0,92617.0,12122.0,235467.0,2268.0,2010.0,1486.89
cbecs,building_survey,709,709,2,16,800000,994,5,3,168,2000,1,1,1,1,2,2,2,5754,1581,83194559.0,24382931.0,3113982.0,74271246.0,715523.0,388020.0,28.37
cbecs,building_survey,710,710,3,8,29000,3,8,6,86,20,1,1,1,2,2,2,2,4904,1388,1652253.0,484248.0,58135.0,812674.0,7829.0,7348.0,681.06
cbecs,building_survey,711,711,1,7,350000,994,7,1,168,200,1,1,1,1,1,2,2,4338,1470,25979677.0,7614208.0,328580.0,29675909.0,285895.0,151854.0,2.06
cbecs,building_survey,712,712,3,26,24750,1,8,1,50,16,1,1,1,2,2,2,2,3629,2248,999761.0,293013.0,17906.0,1318874.0,12706.0,10404.0,1030.4
cbecs,building_survey,713,713,1,13,30000,2,6,2,42,5,1,1,1,2,2,2,2,6401,717,763534.0,223779.0,33665.0,1149552.0,11075.0,9205.0,240.4
cbecs,building_survey,714,714,4,2,110000,7,7,20,62,250,1,1,1,2,2,2,2,6664,565,5559574.0,1629418.0,154244.0,210292.0,2026.0,1051.0,14.9
cbecs,building_survey,715,715,2,1,10000,3,2,0,0,0,1,1,2,2,2,2,2,7102,1135,282486.0,82792.0,7847.0,,,,4384.99
cbecs,building_survey,716,716,3,14,65000,2,5,1,50,60,1,1,1,1,2,2,2,4384,1706,2163931.0,634212.0,61697.0,1389596.0,13387.0,10135.0,303.46
cbecs,building_survey,717,717,3,13,60000,4,2,1,150,30,1,1,2,2,1,2,2,1866,3649,7143754.0,2093715.0,181022.0,,,,309.52
cbecs,building_survey,718,718,2,26,5000,1,4,1,40,4,1,1,1,2,2,2,2,5237,1364,60800.0,17819.0,2709.0,229980.0,2216.0,1545.0,3075.23
cbecs,building_survey,719,719,3,5,4650,1,7,1,168,0,2,2,2,2,2,2,2,4714,2193,,,,,,,6659.94
cbecs,building_survey,720,720,4,14,4000,2,5,1,10,5,1,1,2,2,2,2,2,5990,308,24715.0,7244.0,1022.0,,,,3414.19
cbecs,building_survey,721,721,1,15,2600,1,6,1,168,12,1,1,1,2,2,2,2,5665,816,293702.0,86079.0,17183.0,507681.0,4891.0,4822.0,1195.14
cbecs,building_survey,722,722,3,8,44500,4,8,9,51,200,1,1,1,1,2,2,2,4536,1769,3995286.0,1170951.0,36234.0,47337.0,456.0,709.0,116.06
cbecs,building_survey,723,723,1,25,128000,2,6,8,66,80,1,1,1,2,2,2,2,4807,1598,4324874.0,1267548.0,172990.0,3120769.0,30065.0,23988.0,14.9
cbecs,building_survey,724,724,2,24,1800000,3,5,996,70,135,1,1,1,1,2,2,2,5383,1671,52797417.0,15474038.0,1460033.0,20505167.0,197545.0,109045.0,64.71
cbecs,building_survey,725,725,3,14,31000,2,7,1,60,10,1,1,1,2,2,2,2,3691,2148,505358.0,148112.0,11550.0,727264.0,7006.0,3807.0,1426.39
cbecs,building_survey,726,726,4,26,1600,1,6,1,1,0,1,1,2,2,2,2,2,6666,217,118899.0,34847.0,2133.0,,,,991.58
cbecs,building_survey,727,727,2,12,20000,1,5,1,38,10,1,1,1,2,2,2,2,7598,1037,138593.0,40619.0,5568.0,690041.0,6648.0,4491.0,4255.47
cbecs,building_survey,728,728,1,13,6000,2,4,1,52,7,1,1,1,2,2,2,2,6434,771,197012.0,57741.0,8916.0,483544.0,4658.0,3662.0,2990.63
cbecs,building_survey,729,729,2,13,5001,2,7,1,168,1,1,1,2,2,2,2,2,4670,1698,348342.0,102093.0,10604.0,,,,1408.23
cbecs,building_survey,730,730,4,14,154000,4,9,1,60,120,1,1,1,2,2,2,1,1048,1353,9582007.0,2808326.0,765911.0,1582313.0,15244.0,10429.0,45.1
cbecs,building_survey,731,731,2,2,8000,1,3,3,45,8,1,1,1,2,2,2,2,6300,1260,74658.0,21881.0,2848.0,375960.0,3622.0,1739.0,3075.23
cbecs,building_survey,732,732,3,23,96000,2,8,14,66,88,1,1,1,2,2,2,2,2527,2735,5420982.0,1588799.0,138654.0,1310571.0,12626.0,10594.0,395.28
cbecs,building_survey,733,733,3,13,34000,2,2,1,61,20,1,1,1,2,2,2,2,4168,1482,3370282.0,987773.0,116053.0,2262996.0,21802.0,17459.0,14.9
cbecs,building_survey,734,734,2,25,3450,3,4,1,54,2,1,1,1,2,2,2,2,4539,797,39332.0,11528.0,1868.0,76155.0,734.0,680.0,3075.23
cbecs,building_survey,735,735,2,13,10000,2,2,1,0,0,1,1,1,2,1,2,2,5226,1104,79847.0,23402.0,3252.0,171094.0,1648.0,925.0,1386.54
cbecs,building_survey,736,736,2,14,49500,1,6,1,45,17,1,1,1,2,2,2,2,5938,1082,1387929.0,406779.0,43114.0,2471766.0,23813.0,6255.0,456.48
cbecs,building_survey,737,737,4,2,56000,2,8,5,45,200,1,1,2,2,2,2,2,5142,298,2657715.0,778932.0,87556.0,,,,312.77
cbecs,building_survey,738,738,3,18,440000,995,7,3,168,100,1,1,1,1,2,2,2,3422,1728,25199628.0,7385589.0,694596.0,18330539.0,176595.0,79581.0,9.01
cbecs,building_survey,739,739,1,14,365000,2,8,1,60,140,1,1,2,1,2,2,2,7839,414,31677591.0,9284171.0,646099.0,,,,44.64
cbecs,building_survey,740,740,3,2,59000,4,9,1,80,26,1,1,1,2,2,1,2,4601,1705,3101703.0,909057.0,67489.0,1424728.0,13726.0,11859.0,244.16
cbecs,building_survey,741,741,2,17,27500,1,5,2,168,12,1,1,1,2,2,2,2,6827,421,1043576.0,305855.0,25966.0,4276918.0,41203.0,15484.0,451.56
cbecs,building_survey,742,742,1,2,166000,995,8,1,60,185,1,1,2,1,2,1,2,5672,1413,7356942.0,2156196.0,197494.0,,,,137.69
cbecs,building_survey,743,743,4,14,61000,2,8,1,60,45,1,1,1,2,2,2,2,7221,386,2049503.0,600675.0,54899.0,3180780.0,30643.0,15540.0,330.8
cbecs,building_survey,744,744,2,18,94000,5,8,5,168,20,1,1,1,2,2,2,2,7208,734,4401370.0,1289968.0,128301.0,8626870.0,83111.0,45605.0,100.08
cbecs,building_survey,745,745,3,13,12000,1,2,1,6,1,1,1,1,2,2,2,2,2812,3007,554581.0,162538.0,14463.0,179149.0,1726.0,2639.0,2990.63
cbecs,building_survey,746,746,1,14,325000,2,7,1,100,100,1,1,1,1,2,2,2,4784,1198,7428692.0,2177225.0,511895.0,25713576.0,247722.0,189699.0,44.64
cbecs,building_survey,747,747,1,5,150000,1,5,1,50,20,1,1,1,2,1,2,2,7555,842,1072779.0,314414.0,24874.0,4465842.0,43024.0,8623.0,31.35
cbecs,building_survey,748,748,4,7,900000,995,2,5,50,500,1,1,2,1,2,2,2,837,1224,22230709.0,6515448.0,828653.0,,,,6.59
cbecs,building_survey,749,749,3,91,10000,1,5,1,45,7,1,1,1,1,2,2,2,3019,2693,586545.0,171907.0,15836.0,6331.0,61.0,156.0,1413.09
cbecs,building_survey,750,750,3,5,80000,1,4,1,70,42,1,1,1,2,2,2,2,3662,2115,2774895.0,813275.0,81264.0,1443362.0,13905.0,11386.0,213.58
cbecs,building_survey,751,751,3,14,21000,1,4,1,72,15,1,1,1,2,2,2,2,4861,1552,942846.0,276332.0,24889.0,1204109.0,11600.0,9907.0,1218.58
cbecs,building_survey,752,752,3,2,44000,2,6,8,45,60,1,1,2,2,2,2,2,1467,3380,1197132.0,350859.0,39141.0,,,,244.16
cbecs,building_survey,753,753,1,5,20000,1,3,3,50,3,1,1,1,2,2,2,2,4297,1624,208802.0,61196.0,6150.0,708441.0,6825.0,5814.0,6659.94
cbecs,building_survey,754,754,2,18,27000,1,8,1,168,25,1,1,1,2,2,2,2,6496,1010,1124559.0,329589.0,39198.0,1777912.0,17128.0,9878.0,227.11
cbecs,building_survey,755,755,3,25,1500,1,9,1,55,1,1,1,2,2,2,2,2,2737,2620,41240.0,12087.0,2556.0,,,,21.45
cbecs,building_survey,756,756,3,14,90000,2,8,1,40,70,1,1,1,2,2,2,2,2345,3125,2306828.0,676093.0,41336.0,1024099.0,9866.0,6751.0,99.04
cbecs,building_survey,757,757,2,25,4500,1,3,1,72,2,1,1,1,2,2,2,2,5041,1934,207361.0,60774.0,5729.0,64228.0,619.0,672.0,8544.65
cbecs,building_survey,758,758,4,23,83000,1,6,8,133,91,1,1,1,2,2,2,2,5408,937,8448366.0,2476074.0,176026.0,7134817.0,68736.0,31268.0,190.79
cbecs,building_survey,759,759,3,15,4650,1,8,1,67,15,1,1,1,2,2,2,2,3081,2541,1489861.0,436653.0,39485.0,1424718.0,13726.0,6691.0,1218.03
cbecs,building_survey,760,760,2,5,55000,1,7,1,40,12,1,1,1,2,2,2,2,6044,1221,1721550.0,504557.0,44823.0,1285650.0,12386.0,7599.0,1011.03
cbecs,building_survey,761,761,3,8,1950,1,5,1,61,7,1,1,1,2,2,2,2,1121,3726,96409.0,28256.0,5160.0,36825.0,355.0,516.0,1218.03
cbecs,building_survey,762,762,2,15,2000,1,4,1,54,4,1,1,1,2,2,2,2,8051,497,253155.0,74195.0,11199.0,363721.0,3504.0,2660.0,1265.79
cbecs,building_survey,763,763,2,14,168000,3,5,1,85,110,1,1,1,1,2,2,2,7858,877,4661873.0,1366317.0,102790.0,2240358.0,21583.0,51376.0,51.3
cbecs,building_survey,764,764,3,2,66000,5,2,1,35,350,1,1,1,2,2,2,2,4086,2006,1077187.0,315705.0,22671.0,1551872.0,14951.0,8325.0,14.9
cbecs,building_survey,765,765,3,14,68000,3,7,1,50,52,1,1,1,2,2,2,2,4272,2029,2243599.0,657561.0,67352.0,634313.0,6111.0,5789.0,330.8
cbecs,building_survey,766,766,2,26,63000,2,9,1,40,44,1,1,1,1,2,2,2,8195,989,776954.0,227712.0,25294.0,2863275.0,27585.0,19343.0,99.04
cbecs,building_survey,767,767,3,17,400000,7,6,1,168,51,1,1,2,1,1,2,2,1312,4093,10938009.0,3205747.0,278925.0,,,,9.01
cbecs,building_survey,768,768,1,14,92000,2,8,1,50,75,1,1,1,2,2,2,2,5705,972,3429904.0,1005247.0,152137.0,4192401.0,40389.0,22360.0,324.59
cbecs,building_survey,769,769,3,8,186000,5,7,3,55,200,1,1,2,2,2,1,2,3683,2129,8380408.0,2456157.0,166879.0,,,,8.78
cbecs,building_survey,770,770,2,26,1450,1,2,1,20,1,1,1,1,2,2,2,2,8086,729,13808.0,4047.0,491.0,74550.0,718.0,692.0,2990.63
cbecs,building_survey,771,771,2,2,49000,4,7,1,70,173,1,1,1,2,2,2,2,5211,1314,2474913.0,725356.0,72506.0,2424560.0,23358.0,11389.0,253.07
cbecs,building_survey,772,772,3,2,1700000,995,6,16,60,3500,1,1,2,1,2,2,2,1554,3269,77702793.0,22773386.0,2004142.0,,,,14.9
cbecs,building_survey,773,773,3,25,200001,1,7,4,168,150,1,1,1,2,2,2,2,2178,2174,15683914.0,4596692.0,346856.0,820076.0,7901.0,6637.0,18.35
cbecs,building_survey,774,774,2,5,5600,1,7,1,40,1,1,1,2,2,2,2,2,9948,694,7232.0,2120.0,334.0,,,,2990.63
cbecs,building_survey,775,775,2,5,700000,3,5,1,168,250,1,1,1,1,2,2,2,4554,1883,79953045.0,23432897.0,2389185.0,13655793.0,131559.0,74095.0,58.26
cbecs,building_survey,776,776,2,15,2500,2,3,1,72,2,1,1,2,2,1,2,2,8264,733,201754.0,59131.0,6906.0,,,,1218.03
cbecs,building_survey,777,777,3,23,136000,1,8,16,75,91,1,1,1,2,2,2,2,3844,1873,10905350.0,3196175.0,195039.0,10667528.0,102770.0,56928.0,175.02
cbecs,building_survey,778,778,4,15,6600,1,8,2,74,28,1,1,1,2,2,2,2,4272,1483,896095.0,262630.0,18993.0,341109.0,3286.0,2045.0,2990.63
cbecs,building_survey,779,779,3,2,245000,9,6,28,60,850,1,1,2,1,2,2,2,1752,3470,13776571.0,4037682.0,432810.0,,,,14.9
cbecs,building_survey,780,780,4,2,8800,1,5,1,40,4,1,1,2,2,2,2,2,3569,2014,641817.0,188106.0,11734.0,,,,4384.99
cbecs,building_survey,781,781,1,5,72000,1,4,1,45,6,1,1,1,2,2,2,2,5518,1138,593231.0,173866.0,26610.0,444461.0,4282.0,4416.0,213.58
cbecs,building_survey,782,782,3,1,160000,1,6,1,168,450,1,1,2,1,2,2,2,1500,3812,4357888.0,1277224.0,109462.0,,,,235.71
cbecs,building_survey,783,783,2,23,5700,2,5,5,42,12,1,1,1,2,2,2,2,5736,1153,451281.0,132263.0,12058.0,290917.0,2803.0,2444.0,2009.74
cbecs,building_survey,784,784,3,14,166000,1,3,1,60,100,1,1,1,2,2,2,2,1202,3445,7237749.0,2121263.0,127054.0,5394417.0,51969.0,28669.0,99.38
cbecs,building_survey,785,785,4,5,3800,1,8,1,168,0,2,2,2,2,2,2,2,3836,1658,,,,,,,1854.64
cbecs,building_survey,786,786,3,13,59000,1,3,3,128,30,1,1,1,2,2,2,1,3868,2160,2925263.0,857346.0,52176.0,1064493.0,10255.0,8674.0,99.04
cbecs,building_survey,787,787,3,16,215000,4,4,1,168,95,1,1,1,1,2,2,2,2926,2716,22828590.0,6690677.0,573880.0,36896461.0,355457.0,195305.0,85.53
cbecs,building_survey,788,788,1,14,47500,2,2,1,45,47,1,1,2,1,1,2,2,6195,992,1170417.0,343030.0,31804.0,,,,303.46
cbecs,building_survey,789,789,1,2,235000,994,7,3,105,1000,1,1,1,1,2,2,2,4665,1544,15105233.0,4427091.0,688464.0,3220965.0,31030.0,31574.0,8.84
cbecs,building_survey,790,790,3,14,152000,2,3,1,40,40,1,1,1,2,2,2,2,2171,2265,9037297.0,2648680.0,199980.0,9053858.0,87224.0,94883.0,97.52
cbecs,building_survey,791,791,3,2,86000,4,2,1,40,200,1,1,1,1,2,2,2,3928,1725,5167909.0,1514627.0,137643.0,3818748.0,36789.0,20829.0,137.69
cbecs,building_survey,792,792,3,14,24500,2,4,1,40,9,1,1,1,2,2,2,2,3999,1720,975656.0,285948.0,29575.0,1124914.0,10837.0,13489.0,429.63
cbecs,building_survey,793,793,3,25,205000,1,8,4,133,150,1,1,2,2,2,2,2,1490,4035,22456955.0,6581757.0,563861.0,,,,14.9
cbecs,building_survey,794,794,3,1,4000,1,5,0,0,0,2,2,2,2,2,2,2,4025,2038,,,,,,,2990.63
cbecs,building_survey,795,795,1,8,2000,3,2,1,24,5,1,1,1,2,2,2,2,6089,903,37863.0,11097.0,1564.0,42776.0,412.0,500.0,1195.14
cbecs,building_survey,796,796,3,26,3900,1,9,1,77,6,1,1,1,2,2,2,2,2873,3418,274791.0,80537.0,8172.0,72784.0,701.0,754.0,6659.94
cbecs,building_survey,797,797,3,12,50000,3,4,1,50,15,1,1,1,2,2,2,2,3014,2073,1270280.0,372298.0,31901.0,1237025.0,11917.0,9922.0,468.41
cbecs,building_survey,798,798,3,18,36000,2,6,1,168,7,1,1,2,2,2,2,2,3486,2129,1399167.0,410072.0,20720.0,,,,429.63
cbecs,building_survey,799,799,4,26,6300,1,3,3,50,2,1,1,1,2,2,2,2,9406,222,66519.0,19496.0,1973.0,138554.0,1335.0,906.0,2577.06
cbecs,building_survey,800,800,4,15,2550,1,3,1,92,10,1,1,2,2,2,2,2,5793,560,479774.0,140614.0,3658.0,,,,1265.79
cbecs,building_survey,801,801,3,5,150000,1,5,12,40,8,1,1,2,2,1,2,2,3344,2325,2016906.0,591121.0,51099.0,,,,32.47
cbecs,building_survey,802,802,1,8,7200,3,9,1,60,9,1,1,2,2,1,2,2,4416,1579,388640.0,113904.0,10997.0,,,,784.42
cbecs,building_survey,803,803,1,8,20250,4,5,7,51,12,1,1,1,2,2,2,2,4754,1464,776352.0,227536.0,63658.0,366430.0,3530.0,3095.0,677.21
cbecs,building_survey,804,804,4,5,15750,1,6,1,40,20,1,1,1,2,2,2,2,915,2095,298061.0,87357.0,19884.0,36400.0,351.0,524.0,1531.55
cbecs,building_survey,805,805,3,14,150000,4,8,2,50,80,1,1,1,2,2,2,2,4256,1833,3929754.0,1151745.0,97866.0,4686433.0,45149.0,45317.0,99.04
cbecs,building_survey,806,806,2,2,6200,1,8,1,41,5,1,1,1,2,2,2,2,5973,1822,475491.0,139358.0,14535.0,238457.0,2297.0,1985.0,14.9
cbecs,building_survey,807,807,2,5,72000,1,6,4,168,20,1,1,1,2,2,2,2,4975,1538,589021.0,172632.0,25447.0,758809.0,7310.0,6628.0,209.56
cbecs,building_survey,808,808,3,7,14250,1,6,1,40,30,1,1,2,2,2,2,2,1163,4314,284387.0,83349.0,5886.0,,,,1426.39
cbecs,building_survey,809,809,4,2,11000,2,8,15,56,40,1,1,2,2,2,2,2,1334,683,414115.0,121370.0,21994.0,,,,15.06
cbecs,building_survey,810,810,3,12,82000,3,8,1,60,65,1,1,1,2,2,2,2,3039,1841,2393267.0,701426.0,60008.0,1661112.0,16003.0,13035.0,117.32
cbecs,building_survey,811,811,4,2,300000,6,4,1,60,100,1,1,1,2,2,2,2,965,1089,8397132.0,2461059.0,312088.0,2602776.0,25075.0,18282.0,8.66
cbecs,building_survey,812,812,3,18,210000,3,9,1,168,88,1,1,1,2,2,2,2,1511,3659,11418683.0,3346625.0,306447.0,7642992.0,73632.0,40513.0,48.46
cbecs,building_survey,813,813,3,5,49000,1,4,1,60,20,1,1,1,2,2,2,2,2765,2425,268258.0,78622.0,7914.0,254543.0,2452.0,2329.0,470.02
cbecs,building_survey,814,814,3,5,15250,1,8,1,40,4,1,1,1,2,2,2,2,4160,2153,139270.0,40818.0,5031.0,87162.0,840.0,788.0,2990.63
cbecs,building_survey,815,815,4,2,102000,9,9,5,50,150,1,1,1,2,2,2,2,8598,16,5050568.0,1480237.0,198275.0,1841849.0,17744.0,22129.0,15.06
cbecs,building_survey,816,816,4,26,13000,2,3,1,58,20,1,1,2,1,2,2,2,6652,165,332568.0,97470.0,9364.0,,,,1626.87
cbecs,building_survey,817,817,1,14,70000,2,9,1,40,58,1,1,1,2,2,2,2,4950,1433,2544472.0,745742.0,68793.0,2531130.0,24385.0,20397.0,303.46
cbecs,building_survey,818,818,2,2,2550,1,5,1,18,10,1,1,1,2,2,2,2,4902,1042,30412.0,8913.0,1421.0,85512.0,824.0,1150.0,1265.79
cbecs,building_survey,819,819,2,13,50000,1,6,2,60,12,1,1,1,2,2,2,2,6014,1127,1893571.0,554974.0,49052.0,5001367.0,48183.0,26441.0,648.9
cbecs,building_survey,820,820,3,18,144000,6,8,2,168,15,1,1,1,1,2,2,2,3979,1453,4842733.0,1419324.0,119821.0,2474570.0,23840.0,19247.0,8.84
cbecs,building_survey,821,821,3,14,112000,2,8,1,80,80,1,1,2,2,2,2,2,1470,2995,2862153.0,838849.0,97084.0,,,,44.64
cbecs,building_survey,822,822,2,15,2500,2,2,1,98,3,1,1,1,2,2,2,2,6851,846,230100.0,67438.0,9429.0,349640.0,3368.0,2360.0,8.85
cbecs,building_survey,823,823,2,2,3000,1,6,1,40,6,1,1,2,2,1,2,2,5774,1052,97460.0,28564.0,2996.0,,,,8384.09
cbecs,building_survey,824,824,2,25,12000,1,7,1,84,6,1,1,1,2,2,2,2,7778,759,863192.0,252987.0,36795.0,568938.0,5481.0,4759.0,623.52
cbecs,building_survey,825,825,3,14,114000,1,8,1,50,85,1,1,1,2,2,2,2,3220,1888,3627270.0,1063092.0,100842.0,6961180.0,67063.0,37849.0,59.48
cbecs,building_survey,826,826,3,4,315000,994,5,1,168,80,1,1,2,2,2,1,2,3715,1998,36813414.0,10789394.0,843688.0,,,,50.03
cbecs,building_survey,827,827,3,13,150000,1,8,1,80,8,1,1,1,2,2,2,2,2980,2606,7153458.0,2096559.0,200992.0,11025231.0,106216.0,113881.0,17.47
cbecs,building_survey,828,828,2,2,6000,1,7,1,42,13,1,1,1,2,2,2,2,6926,1217,220518.0,64630.0,6024.0,51247.0,494.0,1092.0,1265.79
cbecs,building_survey,829,829,2,5,10000,1,8,1,40,1,1,1,2,2,2,2,2,6082,1490,253022.0,74157.0,6597.0,,,,3075.23
cbecs,building_survey,830,830,4,7,285000,9,2,3,40,500,1,1,1,1,2,2,2,2301,154,7680924.0,2251150.0,449897.0,13906287.0,133972.0,121830.0,9.11
cbecs,building_survey,831,831,4,15,6800,3,2,3,101,13,1,1,1,2,2,2,2,8031,80,686027.0,201063.0,20064.0,1167606.0,11249.0,7048.0,1049.59
cbecs,building_survey,832,832,3,2,2000,2,7,1,47,2,1,1,2,2,2,2,2,3153,1859,167739.0,49161.0,5572.0,,,,2990.63
cbecs,building_survey,833,833,1,2,220000,4,4,1,168,650,1,1,2,1,2,2,2,8620,483,10288715.0,3015450.0,453783.0,,,,115.51
cbecs,building_survey,834,834,1,5,460000,2,9,2,130,350,1,1,2,1,2,2,2,4184,1591,10376127.0,3041069.0,340640.0,,,,14.9
cbecs,building_survey,835,835,3,5,36000,2,7,4,112,1,1,1,1,2,2,2,2,3489,2520,1180387.0,345952.0,40099.0,801762.0,7724.0,6592.0,3420.76
cbecs,building_survey,836,836,3,18,30000,2,8,1,168,2,1,1,1,2,2,2,2,4147,1684,742462.0,217603.0,15254.0,296312.0,2855.0,1924.0,495.15
cbecs,building_survey,837,837,3,14,800000,2,6,1,50,300,1,1,1,2,2,2,2,2294,3095,16521932.0,4842301.0,393918.0,3811263.0,36717.0,22490.0,9.01
cbecs,building_survey,838,838,4,4,275000,7,7,1,72,450,1,1,1,1,2,2,2,4421,292,26737907.0,7836432.0,641871.0,9514446.0,91661.0,49991.0,17.76
cbecs,building_survey,839,839,4,14,158000,6,2,1,42,70,1,1,1,2,2,2,2,4970,286,1632432.0,478438.0,41554.0,3642343.0,35090.0,21693.0,9.11
cbecs,building_survey,840,840,2,2,21750,1,4,1,50,75,1,1,1,2,2,2,2,7174,957,644308.0,188836.0,17003.0,1094425.0,10544.0,8889.0,460.21
cbecs,building_survey,841,841,1,18,450000,995,4,6,168,120,1,1,1,2,2,1,2,5476,1296,30643789.0,8981181.0,836453.0,17633950.0,169884.0,94721.0,50.03
cbecs,building_survey,842,842,4,2,210000,1,8,3,50,750,1,1,1,2,2,2,2,4275,332,5109915.0,1497630.0,187459.0,2725983.0,26262.0,21191.0,6.59
cbecs,building_survey,843,843,4,2,192000,4,7,20,60,800,1,1,1,2,2,2,2,6203,463,6400016.0,1875737.0,188607.0,1853549.0,17857.0,11258.0,8.93
cbecs,building_survey,844,844,4,2,1400,2,4,1,45,3,1,1,1,2,2,2,2,6367,69,19549.0,5729.0,790.0,118674.0,1143.0,1098.0,2577.06
cbecs,building_survey,845,845,1,14,300000,4,2,1,95,205,1,1,1,1,2,2,2,7080,620,7075514.0,2073715.0,230182.0,16167321.0,155755.0,141745.0,9.96
cbecs,building_survey,846,846,1,26,4200,2,8,1,60,4,1,1,2,2,1,2,2,4994,881,52531.0,15396.0,3188.0,,,,1745.76
cbecs,building_survey,847,847,3,5,8700,1,3,1,40,0,1,1,2,2,2,2,2,1106,3875,143222.0,41976.0,6847.0,,,,31.35
cbecs,building_survey,848,848,2,2,1800000,995,6,25,65,1800,1,1,1,1,2,2,2,6150,1351,33666217.0,9867004.0,961666.0,1984935.0,19123.0,8970.0,15.06
cbecs,building_survey,849,849,2,12,1600,2,2,1,4,1,1,1,2,2,1,2,2,6067,1346,11837.0,3469.0,717.0,,,,4207.0
cbecs,building_survey,850,850,1,17,270000,4,8,1,168,42,1,1,2,1,1,1,2,5669,765,21759265.0,6377276.0,774676.0,,,,8.74
cbecs,building_survey,851,851,2,15,5300,1,8,1,130,26,1,1,1,2,2,2,2,6226,1079,925102.0,271132.0,25302.0,951032.0,9162.0,5623.0,1265.79
cbecs,building_survey,852,852,4,2,600000,7,4,130,168,1100,1,1,1,1,1,2,1,5722,1001,15439799.0,4525146.0,323477.0,7913700.0,76240.0,34538.0,8.84
cbecs,building_survey,853,853,3,12,15000,3,5,1,32,2,1,1,1,2,2,2,2,2960,3287,369038.0,108159.0,13698.0,266057.0,2563.0,2581.0,1118.9
cbecs,building_survey,854,854,2,26,4500,1,4,1,40,1,1,1,1,2,2,2,2,6454,1015,18009.0,5278.0,876.0,51768.0,499.0,192.0,8786.36
cbecs,building_survey,855,855,3,26,52000,2,6,4,168,45,1,1,2,2,2,2,2,3109,2029,5885149.0,1724839.0,145876.0,,,,213.58
cbecs,building_survey,856,856,3,18,23000,2,7,1,168,7,1,1,1,2,2,2,2,3329,2035,1375136.0,403029.0,51401.0,145652.0,1403.0,1460.0,1399.59
cbecs,building_survey,857,857,1,17,83000,4,8,1,168,45,1,1,1,1,2,1,2,8091,706,6702913.0,1964511.0,179636.0,2003280.0,19299.0,15734.0,303.46
cbecs,building_survey,858,858,2,2,5700,3,5,10,45,10,1,1,1,2,2,2,2,7151,794,147830.0,43326.0,5715.0,482871.0,4652.0,4086.0,1965.15
cbecs,building_survey,859,859,3,16,600000,5,4,3,168,800,1,1,1,1,2,2,2,2641,2160,59449874.0,17423761.0,1519521.0,23760278.0,228904.0,124250.0,10.07
cbecs,building_survey,860,860,2,5,20000,2,5,6,98,14,1,1,1,1,2,2,2,6926,862,43189.0,12658.0,1225.0,878010.0,8459.0,4863.0,3554.88
cbecs,building_survey,861,861,2,2,245000,994,6,23,60,470,1,1,2,1,2,2,2,6947,956,13790378.0,4041729.0,499076.0,,,,15.06
cbecs,building_survey,862,862,4,13,30500,3,2,1,50,3,1,1,1,2,2,2,2,3474,1952,679823.0,199245.0,18386.0,639945.0,6165.0,3244.0,587.89
cbecs,building_survey,863,863,3,2,210000,994,6,75,60,250,1,1,2,2,2,2,2,1464,3306,13529021.0,3965129.0,304507.0,,,,14.9
cbecs,building_survey,864,864,3,25,205000,1,7,5,168,150,1,1,1,2,2,2,2,5444,1169,15859772.0,4648233.0,403240.0,5231893.0,50404.0,18531.0,14.9
cbecs,building_survey,865,865,3,25,41000,2,8,1,77,66,1,1,2,2,2,2,2,1593,3660,2906662.0,851894.0,78518.0,,,,117.32
cbecs,building_survey,866,866,1,13,66000,3,3,1,35,12,1,1,1,2,2,2,2,4727,1559,2467732.0,723251.0,66313.0,5088196.0,49019.0,27642.0,224.76
cbecs,building_survey,867,867,4,5,4150,1,7,1,112,1,2,2,2,2,2,2,2,6740,642,,,,,,,6659.94
cbecs,building_survey,868,868,1,5,360000,1,7,2,144,40,1,1,2,2,2,2,2,5656,1267,3088428.0,905166.0,173696.0,,,,69.6
cbecs,building_survey,869,869,3,18,375000,8,4,2,168,40,1,1,1,2,2,2,2,2503,2993,11823221.0,3465188.0,286419.0,1951504.0,18801.0,11726.0,5.89
cbecs,building_survey,870,870,3,18,124000,5,8,2,168,20,1,1,1,1,2,2,2,4349,1745,11377199.0,3334466.0,333851.0,1517408.0,14619.0,11132.0,17.7
cbecs,building_survey,871,871,3,5,800000,2,5,1,14,20,1,1,1,2,1,2,2,4437,2351,7779043.0,2279907.0,247788.0,10896761.0,104978.0,66650.0,52.07
cbecs,building_survey,872,872,4,24,1000000,1,7,996,74,1000,1,1,1,1,2,2,2,2557,1825,27793299.0,8145750.0,1050200.0,11263954.0,108516.0,59453.0,15.06
cbecs,building_survey,873,873,1,2,130000,3,8,1,168,100,1,1,1,1,2,2,2,5696,791,7122667.0,2087534.0,312062.0,2638451.0,25419.0,14265.0,8.74
cbecs,building_survey,874,874,3,2,215000,4,9,100,125,500,1,1,2,2,2,2,2,1983,3612,12587506.0,3689187.0,266431.0,,,,68.29
cbecs,building_survey,875,875,2,5,10500,1,7,1,168,0,2,2,2,2,2,2,2,4685,1514,,,,,,,19028.4
cbecs,building_survey,876,876,4,25,146000,1,7,1,126,70,1,1,1,2,2,2,2,786,1760,7401794.0,2169342.0,351114.0,490364.0,4724.0,2724.0,125.92
cbecs,building_survey,877,877,4,5,100000,2,7,1,84,75,1,1,1,2,2,2,2,1466,2018,3811942.0,1117216.0,180009.0,1713709.0,16510.0,12086.0,118.55
cbecs,building_survey,878,878,2,6,2500,3,2,1,32,4,1,1,2,1,2,2,2,4887,1541,332671.0,97500.0,9059.0,,,,2934.43
cbecs,building_survey,879,879,3,18,295000,995,4,1,168,7,1,1,2,2,2,1,2,3791,1854,10107158.0,2962239.0,218496.0,,,,64.52
cbecs,building_survey,880,880,3,18,210000,4,6,1,168,40,1,1,1,2,2,2,2,2394,2234,7360051.0,2157108.0,201544.0,4651532.0,44812.0,30412.0,9.01
cbecs,building_survey,881,881,2,8,2000,1,4,1,24,5,1,1,2,2,2,2,2,6955,604,57497.0,16851.0,2530.0,,,,1265.79
cbecs,building_survey,882,882,3,26,1200,1,6,1,44,3,1,1,2,1,2,2,2,3258,1898,18583.0,5446.0,553.0,,,,2990.63
cbecs,building_survey,883,883,2,13,9000,1,6,1,93,5,1,1,1,2,2,2,2,5486,1958,620258.0,181787.0,18143.0,830926.0,8005.0,6408.0,5115.88
cbecs,building_survey,884,884,4,18,144000,994,8,1,168,50,1,1,1,1,2,2,2,616,1599,14558975.0,4266992.0,506334.0,11110775.0,107040.0,59787.0,9.11
cbecs,building_survey,885,885,4,14,130000,3,8,1,80,62,1,1,1,1,2,2,1,4475,1533,3916182.0,1147767.0,81958.0,861639.0,8301.0,6082.0,6.87
cbecs,building_survey,886,886,3,18,700000,995,9,1,168,400,1,1,1,1,2,2,2,1304,3679,33484322.0,9813693.0,984438.0,46615187.0,449087.0,321577.0,9.01
cbecs,building_survey,887,887,1,12,6800,2,2,3,30,1,1,1,2,2,2,2,2,5505,1168,268819.0,78786.0,5026.0,,,,2990.63
cbecs,building_survey,888,888,1,5,375000,1,8,1,48,82,1,1,1,2,2,2,2,5631,1176,3743127.0,1097048.0,208635.0,12050879.0,116097.0,100580.0,14.9
cbecs,building_survey,889,889,1,14,160000,994,2,1,168,125,1,1,1,2,2,2,2,5556,1404,9335860.0,2736184.0,522076.0,8796452.0,84744.0,46582.0,13.73
cbecs,building_survey,890,890,3,5,22000,2,5,1,55,6,1,1,2,2,2,2,2,2960,3159,453794.0,132999.0,12352.0,,,,1413.09
cbecs,building_survey,891,891,1,23,150000,3,6,12,80,115,1,1,1,1,2,2,2,6576,899,13074899.0,3832034.0,564513.0,10286978.0,99104.0,55707.0,175.02
cbecs,building_survey,892,892,1,14,110000,3,8,1,50,100,1,1,1,2,2,2,2,7502,675,2099170.0,615232.0,57674.0,7928274.0,76380.0,131525.0,9.81
cbecs,building_survey,893,893,2,16,1000000,5,8,1,168,1800,1,1,1,1,1,2,2,7228,642,51573994.0,15115473.0,1276201.0,105539237.0,1016756.0,452032.0,16.25
cbecs,building_survey,894,894,2,16,365000,5,3,3,168,400,1,1,1,1,2,2,2,7505,631,21346474.0,6256294.0,537206.0,48085406.0,463251.0,184325.0,10.17
cbecs,building_survey,895,895,3,18,100000,9,4,1,168,5,1,1,1,2,2,1,2,4249,1633,3074580.0,901108.0,71225.0,235719.0,2271.0,1938.0,97.52
cbecs,building_survey,896,896,3,13,37500,1,5,3,168,28,1,1,1,2,2,2,2,1073,2113,7380438.0,2163083.0,127530.0,748134.0,7207.0,6913.0,329.67
cbecs,building_survey,897,897,3,25,200000,1,7,10,168,115,1,1,1,2,2,2,2,2346,2433,14549425.0,4264193.0,312165.0,857530.0,8261.0,6834.0,18.35
cbecs,building_survey,898,898,2,11,300000,2,8,3,168,70,1,1,2,2,2,2,2,5531,1306,43446702.0,12733500.0,1228602.0,,,,90.5
cbecs,building_survey,899,899,4,18,70000,3,4,1,168,15,1,1,1,2,2,2,2,5585,700,3160418.0,926266.0,43352.0,2758685.0,26577.0,22754.0,97.52
cbecs,building_survey,900,900,4,18,112000,3,6,1,168,30,1,1,1,2,2,2,2,2014,1512,4148514.0,1215860.0,159716.0,819577.0,7896.0,11571.0,146.5
cbecs,building_survey,901,901,3,14,108000,1,8,1,68,84,1,1,1,2,2,2,2,3283,2346,6972311.0,2043467.0,151516.0,1038158.0,10002.0,6760.0,99.38
cbecs,building_survey,902,902,2,12,10000,2,5,2,40,4,1,1,1,2,2,2,2,5289,1176,120415.0,35292.0,5607.0,289711.0,2791.0,2077.0,4384.99
cbecs,building_survey,903,903,2,16,600000,9,3,7,168,700,1,1,2,1,2,1,2,7260,865,45913382.0,13456443.0,1058566.0,,,,14.9
cbecs,building_survey,904,904,4,25,205000,4,7,50,100,150,1,1,1,1,2,2,2,6139,507,16119023.0,4724215.0,481121.0,8089773.0,77936.0,49897.0,52.8
cbecs,building_survey,905,905,3,16,1000000,9,7,1,168,3000,1,1,1,1,2,2,2,1628,3957,104550468.0,30641989.0,2298524.0,87032518.0,838464.0,1365375.0,3.91
cbecs,building_survey,906,906,2,18,134000,3,9,1,168,20,1,1,1,2,2,2,2,7189,526,5952452.0,1744564.0,152320.0,2668502.0,25708.0,17130.0,285.94
cbecs,building_survey,907,907,2,14,66000,4,5,1,119,18,1,1,2,2,2,1,2,9087,547,2671835.0,783070.0,66740.0,,,,305.57
cbecs,building_survey,908,908,2,2,1800000,995,5,140,168,7500,1,1,2,2,2,2,2,6071,1486,308575674.0,90438357.0,8772482.0,,,,15.06
cbecs,building_survey,909,909,2,24,500001,3,5,996,77,200,1,1,1,2,2,2,2,6441,953,32146383.0,9421566.0,821118.0,5683488.0,54754.0,31376.0,49.37
cbecs,building_survey,910,910,3,14,172000,2,8,1,50,55,1,1,1,2,2,2,2,5203,1201,3780343.0,1107955.0,122587.0,2157358.0,20784.0,16321.0,224.76
cbecs,building_survey,911,911,1,13,12000,3,8,1,54,5,1,1,1,2,2,2,2,5150,1029,506069.0,148320.0,29292.0,448216.0,4318.0,6089.0,1461.43
cbecs,building_survey,912,912,4,18,61000,7,8,1,168,15,1,1,1,2,2,2,2,2267,242,2915486.0,854480.0,120916.0,2862090.0,27573.0,30525.0,422.29
cbecs,building_survey,913,913,3,5,37000,1,7,1,50,55,1,1,2,1,2,2,2,1259,3806,870554.0,255145.0,31554.0,,,,633.24
cbecs,building_survey,914,914,1,14,87000,6,5,2,70,75,1,1,2,2,2,2,1,4202,1595,2637014.0,772865.0,68739.0,,,,297.74
cbecs,building_survey,915,915,4,8,365000,994,7,1,72,1100,1,1,1,1,2,2,2,2501,59,13271335.0,3889606.0,684768.0,9399011.0,90549.0,50995.0,9.16
cbecs,building_survey,916,916,3,25,205000,1,8,5,126,150,1,1,1,2,2,2,2,1316,3483,18198550.0,5333690.0,322062.0,668699.0,6442.0,4924.0,14.9
cbecs,building_survey,917,917,3,12,14000,1,8,1,6,0,1,1,2,2,2,2,2,3925,2259,298289.0,87424.0,10071.0,,,,1413.09
cbecs,building_survey,918,918,2,2,48000,3,7,1,168,180,1,1,1,1,2,2,2,6371,1046,3402432.0,997196.0,81616.0,3625720.0,34930.0,22020.0,244.16
cbecs,building_survey,919,919,1,8,28000,1,9,1,168,110,1,1,1,2,2,2,2,7502,780,2831014.0,829723.0,67173.0,1790020.0,17245.0,7443.0,460.21
cbecs,building_survey,920,920,1,25,1700,3,2,1,91,3,1,1,1,2,2,2,2,5092,1418,184811.0,54165.0,5546.0,5965.0,57.0,151.0,2934.43
cbecs,building_survey,921,921,4,8,31000,2,6,1,168,96,1,1,1,2,2,2,2,896,2200,2955038.0,866072.0,156744.0,436239.0,4203.0,3617.0,611.8
cbecs,building_survey,922,922,2,13,31000,3,8,1,71,11,1,1,1,2,2,2,2,6711,1226,2187066.0,640992.0,64510.0,1743711.0,16799.0,9997.0,141.31
cbecs,building_survey,923,923,2,5,210000,1,7,3,60,12,1,1,1,2,2,2,2,6314,1175,566583.0,166056.0,21206.0,2734824.0,26347.0,17490.0,66.26
cbecs,building_survey,924,924,4,1,100001,2,6,0,0,0,2,2,2,2,2,2,2,786,1789,,,,,,,32.81
cbecs,building_survey,925,925,2,13,14000,1,4,2,45,4,1,1,1,2,2,2,2,5611,1708,505643.0,148195.0,11442.0,999427.0,9628.0,8042.0,1632.49
cbecs,building_survey,926,926,2,2,290000,994,2,46,168,1200,1,1,1,2,2,2,2,5624,1429,12209329.0,3578350.0,351583.0,15390845.0,148274.0,71501.0,15.06
cbecs,building_survey,927,927,2,2,89000,5,4,9,45,178,1,1,1,2,2,2,2,6279,519,2392893.0,701317.0,82128.0,5539851.0,53370.0,32065.0,27.22
cbecs,building_survey,928,928,4,2,14500,3,6,4,50,22,1,1,1,2,2,2,2,806,1751,610108.0,178812.0,23563.0,54637.0,526.0,612.0,1641.81
cbecs,building_survey,929,929,1,18,120000,5,2,1,168,150,1,1,2,2,2,2,1,5107,917,3060502.0,896982.0,58436.0,,,,50.03
cbecs,building_survey,930,930,4,25,240000,1,8,6,126,150,1,1,1,2,2,2,2,1353,4702,16053760.0,4705088.0,329215.0,1210930.0,11666.0,8526.0,17.3
cbecs,building_survey,931,931,3,13,60000,2,7,1,98,10,1,1,2,2,2,2,2,1887,3153,4750078.0,1392168.0,143934.0,,,,117.32
cbecs,building_survey,932,932,3,25,5000,1,7,1,91,5,1,1,2,2,2,2,2,2420,3103,538624.0,157862.0,17378.0,,,,3320.27
cbecs,building_survey,933,933,3,8,6000,2,8,1,32,9,1,1,2,2,1,2,2,3404,2286,353845.0,103706.0,11297.0,,,,1218.03
cbecs,building_survey,934,934,4,14,168000,994,8,1,104,51,1,1,1,1,2,2,1,1370,3988,11162095.0,3271423.0,317845.0,2913390.0,28067.0,13283.0,5.89
cbecs,building_survey,935,935,2,13,60000,4,2,6,70,10,1,1,1,2,2,2,2,5824,1170,826462.0,242222.0,70345.0,4834522.0,46575.0,41221.0,306.64
cbecs,building_survey,936,936,3,15,2900,2,4,2,84,4,1,1,1,2,2,2,2,1510,3430,387551.0,113585.0,7490.0,202154.0,1948.0,1758.0,2934.43
cbecs,building_survey,937,937,3,2,156000,8,6,2,55,470,1,1,2,1,2,2,2,1155,3946,9986644.0,2926918.0,221940.0,,,,137.69
cbecs,building_survey,938,938,3,2,55000,2,4,1,168,25,1,1,1,2,2,2,2,2685,3015,3557410.0,1042617.0,89608.0,1177593.0,11345.0,9636.0,589.53
cbecs,building_survey,939,939,4,14,280000,2,6,1,60,200,1,1,1,2,2,2,1,1553,4116,10458602.0,3065241.0,222001.0,206595.0,1990.0,2580.0,8.87
cbecs,building_survey,940,940,2,5,52000,2,5,2,40,12,1,1,1,2,2,2,2,8384,618,378008.0,110788.0,18760.0,1289952.0,12427.0,8616.0,541.63
cbecs,building_survey,941,941,1,2,9500,2,3,3,55,18,1,1,1,2,2,2,2,5643,931,255750.0,74956.0,10280.0,203818.0,1964.0,3304.0,2934.43
cbecs,building_survey,942,942,4,16,800000,994,8,2,168,2000,1,1,1,1,2,1,1,1107,1334,60007158.0,17587092.0,2233911.0,14295184.0,137719.0,75231.0,9.53
cbecs,building_survey,943,943,3,11,53000,1,9,1,168,35,1,1,1,2,2,2,2,3704,2078,6435980.0,1886278.0,163474.0,580935.0,5597.0,4142.0,605.33
cbecs,building_survey,944,944,1,23,14000,1,3,10,51,21,1,1,1,2,2,2,2,8321,659,1101208.0,322746.0,30163.0,778878.0,7504.0,6443.0,1428.4
cbecs,building_survey,945,945,3,2,275000,8,4,1,60,487,1,1,1,1,2,1,2,4598,1337,12197717.0,3574946.0,272472.0,1945186.0,18740.0,5712.0,11.75
cbecs,building_survey,946,946,4,18,10000,2,6,1,168,2,1,1,1,2,2,2,2,1889,460,383190.0,112307.0,19221.0,815842.0,7860.0,6712.0,1399.59
cbecs,building_survey,947,947,1,2,600000,995,2,9,168,1200,1,1,1,2,2,2,2,4679,1663,55747428.0,16338637.0,1411371.0,13902687.0,133937.0,71485.0,14.9
cbecs,building_survey,948,948,2,8,6400,2,8,3,75,20,1,1,1,2,2,2,2,7528,702,201733.0,59125.0,8353.0,91757.0,884.0,1026.0,1265.79
cbecs,building_survey,949,949,4,25,2600,1,5,1,168,12,1,1,1,2,2,2,2,3549,2019,218651.0,64083.0,5025.0,237335.0,2286.0,1649.0,2934.43
cbecs,building_survey,950,950,3,14,250000,3,8,3,85,300,1,1,1,1,2,2,2,3583,1585,13167994.0,3859318.0,274253.0,11419596.0,110015.0,60589.0,44.79
cbecs,building_survey,951,951,1,14,250000,3,3,1,45,175,1,1,1,2,2,2,2,7749,634,5278422.0,1547017.0,267721.0,11425745.0,110075.0,151433.0,44.64
cbecs,building_survey,952,952,4,18,200000,8,6,1,168,150,1,1,1,1,1,2,2,944,937,18051029.0,5290454.0,699795.0,8691001.0,83728.0,45990.0,9.11
cbecs,building_survey,953,953,3,15,3500,2,2,1,14,6,1,1,2,2,1,2,2,3023,2262,224383.0,65763.0,8338.0,,,,1218.03
cbecs,building_survey,954,954,4,2,94000,3,7,19,40,800,1,1,1,2,2,2,2,5597,1076,2004414.0,587460.0,68430.0,3348123.0,32256.0,22659.0,14.9
cbecs,building_survey,955,955,3,8,15000,1,7,4,64,40,1,1,1,1,2,2,2,3981,1999,1203766.0,352804.0,22879.0,697738.0,6722.0,5776.0,460.21
cbecs,building_survey,956,956,3,16,700000,6,4,1,168,1100,1,1,1,1,2,2,2,5235,1333,53997935.0,15825890.0,1207634.0,73332248.0,706476.0,547568.0,16.55
cbecs,building_survey,957,957,3,5,8500,1,7,1,50,1,1,1,2,2,2,2,2,2703,3136,82233.0,24101.0,3181.0,,,,2800.45
cbecs,building_survey,958,958,3,14,200001,3,7,1,40,125,1,1,1,2,1,2,2,5037,1304,6742959.0,1976248.0,183465.0,3856758.0,37156.0,33497.0,80.59
cbecs,building_survey,959,959,3,14,60000,6,7,1,105,7,1,1,1,1,2,2,2,3830,1916,6314419.0,1850650.0,49079.0,3492848.0,33650.0,18634.0,97.52
cbecs,building_survey,960,960,1,2,52000,3,3,4,168,105,1,1,1,1,2,1,2,4396,1441,3411959.0,999988.0,92883.0,328102.0,3161.0,2794.0,117.32
cbecs,building_survey,961,961,2,23,11250,1,8,3,55,16,1,1,1,2,2,2,2,6686,1038,410043.0,120177.0,10937.0,489927.0,4720.0,4002.0,2009.74
cbecs,building_survey,962,962,2,6,7500,1,8,2,168,20,1,1,1,2,2,2,2,5925,1335,1633921.0,478875.0,58247.0,1061041.0,10222.0,8539.0,1265.79
cbecs,building_survey,963,963,2,12,4800,2,5,1,3,1,1,1,2,2,1,2,2,5294,1606,18161.0,5323.0,665.0,,,,1472.45
cbecs,building_survey,964,964,2,2,152000,1,6,1,7,800,1,1,1,1,2,2,2,6998,1026,6635364.0,1944714.0,238153.0,6600837.0,63592.0,30246.0,14.9
cbecs,building_survey,965,965,4,2,700000,995,8,3,60,1532,1,1,1,2,2,2,2,1988,265,30039406.0,8804046.0,1507526.0,15099601.0,145468.0,126780.0,15.06
cbecs,building_survey,966,966,3,23,380000,1,8,17,75,184,1,1,1,2,2,2,2,3242,1981,26173932.0,7671141.0,655381.0,12528748.0,120701.0,67968.0,116.43
cbecs,building_survey,967,967,2,5,410000,2,5,3,168,100,1,1,1,2,2,2,2,10352,554,10976750.0,3217101.0,277925.0,25968342.0,250177.0,122642.0,11.33
cbecs,building_survey,968,968,3,12,1600,2,3,1,20,3,1,1,1,2,2,2,2,4832,1744,76306.0,22364.0,2219.0,5922.0,57.0,154.0,2934.43
cbecs,building_survey,969,969,4,23,295000,1,7,8,99,47,1,1,1,1,2,2,2,4204,1607,37083284.0,10868489.0,763975.0,14652380.0,141160.0,65718.0,72.88
cbecs,building_survey,970,970,2,5,44500,1,7,1,65,11,1,1,1,2,2,2,2,8507,469,336976.0,98762.0,13700.0,265714.0,2560.0,2059.0,611.8
cbecs,building_survey,971,971,2,13,33000,5,5,1,168,15,1,1,1,2,2,2,2,6977,923,2257269.0,661568.0,57915.0,2085671.0,20093.0,11720.0,253.07
cbecs,building_survey,972,972,4,2,32500,2,6,3,45,55,1,1,1,2,2,2,2,603,1681,1643391.0,481650.0,73276.0,1350431.0,13010.0,9648.0,611.8
cbecs,building_survey,973,973,3,13,2400,1,6,1,12,0,1,1,2,2,2,2,2,3579,2371,31249.0,9159.0,1122.0,,,,460.31
cbecs,building_survey,974,974,1,14,250000,2,4,1,40,175,1,1,1,2,2,2,2,5321,1183,7077312.0,2074242.0,157641.0,6710594.0,64649.0,58093.0,8.84
cbecs,building_survey,975,975,1,8,2500,1,7,1,41,14,1,1,1,2,1,2,2,9052,469,234122.0,68617.0,7719.0,145081.0,1398.0,1312.0,1195.14
cbecs,building_survey,976,976,2,14,78000,3,2,1,50,44,1,1,1,2,2,2,2,5348,1702,2285124.0,669732.0,57463.0,6356247.0,61236.0,40905.0,99.04
cbecs,building_survey,977,977,2,26,3000,1,2,1,65,4,1,1,1,2,1,2,2,6660,689,88646.0,25981.0,3887.0,52641.0,507.0,441.0,3075.23
cbecs,building_survey,978,978,3,25,205000,1,6,1,168,100,1,1,1,2,2,2,2,3241,2163,18811349.0,5513291.0,470155.0,5900110.0,56841.0,51567.0,83.17
cbecs,building_survey,979,979,3,12,8000,1,6,2,40,8,1,1,2,2,2,2,2,4184,1476,206897.0,60638.0,5747.0,,,,2990.63
cbecs,building_survey,980,980,3,12,100000,3,7,1,40,30,1,1,1,2,2,2,2,4011,1859,3165630.0,927793.0,77688.0,561464.0,5409.0,4940.0,117.32
cbecs,building_survey,981,981,1,2,126000,4,8,1,50,300,1,1,1,2,2,2,2,5540,1162,4128687.0,1210049.0,109411.0,3465148.0,33383.0,18734.0,137.69
cbecs,building_survey,982,982,3,26,2300,1,9,1,50,5,1,1,1,2,2,2,2,4340,1543,56007.0,16415.0,1695.0,122515.0,1180.0,1175.0,2990.63
cbecs,building_survey,983,983,3,25,225000,1,7,4,168,150,1,1,1,2,2,2,2,1234,3619,19923678.0,5839296.0,344187.0,972018.0,9364.0,6549.0,14.9
cbecs,building_survey,984,984,2,16,200000,4,3,1,168,80,1,1,1,1,2,2,2,7437,764,14850434.0,4352413.0,335724.0,27046120.0,260560.0,138642.0,52.3
cbecs,building_survey,985,985,1,14,24500,4,2,2,105,7,1,1,1,2,2,2,2,8143,684,242082.0,70950.0,6319.0,5930816.0,57137.0,26262.0,502.9
cbecs,building_survey,986,986,1,7,192000,4,7,1,168,40,1,1,1,1,2,2,2,5501,1108,10112904.0,2963923.0,267024.0,8290980.0,79875.0,44558.0,97.52
cbecs,building_survey,987,987,1,2,1500000,995,6,30,168,2500,1,1,1,1,2,1,2,5150,1366,67918333.0,19905725.0,2010108.0,1468814.0,14150.0,16330.0,14.9
cbecs,building_survey,988,988,4,13,39000,1,9,1,50,4,1,1,1,2,2,2,2,3417,1889,761823.0,223278.0,20497.0,502349.0,4840.0,3163.0,240.4
cbecs,building_survey,989,989,2,6,126000,1,8,3,168,50,1,1,1,2,2,2,2,5964,1155,11847455.0,3472290.0,339952.0,8501259.0,81900.0,52469.0,125.92
cbecs,building_survey,990,990,4,8,2200,1,8,1,40,5,1,1,1,2,2,2,2,5627,446,94328.0,27646.0,3914.0,62478.0,602.0,650.0,1049.59
cbecs,building_survey,991,991,4,25,15000,3,3,1,74,8,1,1,1,2,2,2,2,8193,240,135873.0,39822.0,3719.0,552177.0,5320.0,2974.0,2577.06
cbecs,building_survey,992,992,4,16,300000,3,5,2,168,250,1,1,1,1,2,2,2,8271,79,20285846.0,5945441.0,394349.0,43845909.0,422408.0,234708.0,16.62
cbecs,building_survey,993,993,3,8,18000,1,7,1,30,25,1,1,1,2,2,2,2,1723,3218,884390.0,259200.0,15024.0,555380.0,5350.0,6970.0,516.96
cbecs,building_survey,994,994,3,23,81000,1,7,5,75,96,1,1,1,2,2,2,2,3357,2286,6535931.0,1915572.0,112816.0,5376564.0,51797.0,28393.0,395.28
cbecs,building_survey,995,995,4,26,3100,1,5,1,70,1,1,1,2,2,1,2,2,6609,283,115827.0,33947.0,4886.0,,,,884.91
cbecs,building_survey,996,996,4,2,154000,5,8,5,50,400,1,1,1,2,2,2,2,956,1190,4159088.0,1218959.0,200440.0,746710.0,7194.0,5475.0,15.06
cbecs,building_survey,997,997,3,5,9600,1,8,1,70,1,1,1,1,2,2,2,2,1681,2946,22012.0,6451.0,690.0,1641.0,16.0,84.0,6659.94
cbecs,building_survey,998,998,2,7,3700,1,7,1,0,0,1,1,2,2,2,2,2,9106,565,225627.0,66127.0,6191.0,,,,1218.03
cbecs,building_survey,999,999,2,91,138000,1,2,1,80,40,1,1,1,2,2,2,2,5431,1134,8173032.0,2395379.0,236690.0,4903805.0,47243.0,26056.0,237.36
cbecs,building_survey,1000,1000,4,14,45500,2,3,1,60,50,1,1,1,2,2,2,2,3791,1391,768186.0,225142.0,16062.0,1159395.0,11170.0,5899.0,431.11
cbecs,building_survey,1001,1001,1,26,5500,1,7,1,55,2,1,1,2,1,1,2,2,8707,700,5391.0,1580.0,329.0,,,,1195.14
cbecs,building_survey,1002,1002,3,25,205000,1,8,4,168,150,1,1,1,2,2,2,2,3332,2063,15531084.0,4551900.0,389965.0,6447411.0,62114.0,33501.0,55.7
cbecs,building_survey,1003,1003,1,14,28000,1,5,1,45,25,1,1,1,2,2,2,2,8103,650,936689.0,274528.0,23896.0,2137435.0,20592.0,16981.0,224.76
cbecs,building_survey,1004,1004,3,25,35500,1,7,1,58,2,1,1,2,2,2,2,2,2845,2116,1498968.0,439322.0,47008.0,,,,591.56
cbecs,building_survey,1005,1005,3,7,350000,994,7,4,45,350,1,1,2,1,2,2,2,4013,1762,25388812.0,7441035.0,728390.0,,,,50.03
cbecs,building_survey,1006,1006,2,2,305000,994,2,55,62,800,1,1,1,2,2,2,2,7199,999,10791731.0,3162875.0,318589.0,11702035.0,112736.0,62791.0,14.9
cbecs,building_survey,1007,1007,3,2,305000,7,6,1,60,600,1,1,1,1,2,2,2,4242,1569,26801564.0,7855089.0,679390.0,4690891.0,45192.0,35254.0,68.33
cbecs,building_survey,1008,1008,3,12,76000,2,8,1,68,8,1,1,1,2,2,2,2,2383,3126,955185.0,279949.0,22011.0,532027.0,5126.0,3897.0,623.52
cbecs,building_survey,1009,1009,4,14,250000,3,7,1,35,120,1,1,1,2,2,2,2,4205,327,7002236.0,2052238.0,190264.0,1081359.0,10418.0,8591.0,9.11
cbecs,building_survey,1010,1010,4,5,57000,2,7,6,40,75,1,1,1,2,2,2,2,4288,1773,707192.0,207266.0,15511.0,130182.0,1254.0,1430.0,117.32
cbecs,building_survey,1011,1011,3,16,500001,6,5,1,168,1643,1,1,1,1,2,2,2,1335,4108,65547510.0,19210876.0,1712623.0,62203961.0,599267.0,380230.0,8.92
cbecs,building_survey,1012,1012,3,13,310000,3,9,3,168,700,1,1,1,1,2,2,2,4480,1790,5829596.0,1708557.0,52909.0,84460757.0,813687.0,207919.0,58.26
cbecs,building_survey,1013,1013,4,2,106000,5,6,13,54,180,1,1,1,2,2,2,2,706,1437,1843239.0,540222.0,79848.0,37736.0,364.0,500.0,141.31
cbecs,building_survey,1014,1014,3,5,5100,1,8,1,168,2,2,2,2,2,2,2,2,2424,3473,,,,,,,6659.94
cbecs,building_survey,1015,1015,1,14,120000,994,4,1,83,140,1,1,1,2,2,2,2,5082,1380,4162857.0,1220064.0,110520.0,6545325.0,63057.0,34480.0,9.01
cbecs,building_survey,1016,1016,3,12,132000,1,8,1,48,7,1,1,1,2,2,2,2,4714,1504,1026243.0,300775.0,39129.0,1519886.0,14642.0,12091.0,240.4
cbecs,building_survey,1017,1017,3,2,2100,1,4,1,40,2,1,1,1,2,2,2,2,1556,2575,20196.0,5919.0,1141.0,15333.0,148.0,312.0,1218.03
cbecs,building_survey,1018,1018,3,5,112000,1,8,2,50,85,1,1,1,2,2,2,2,1107,4217,912779.0,267520.0,18468.0,10053.0,97.0,195.0,31.35
cbecs,building_survey,1019,1019,2,2,60000,2,8,8,90,205,1,1,2,2,2,2,2,6687,1030,2251397.0,659847.0,64678.0,,,,611.8
cbecs,building_survey,1020,1020,1,14,415000,8,2,3,95,300,1,1,1,1,2,1,2,5424,1387,19962902.0,5850792.0,535182.0,8927566.0,86007.0,48409.0,5.89
cbecs,building_survey,1021,1021,2,14,93000,1,7,2,60,55,1,1,1,2,2,2,2,4814,1681,3267481.0,957644.0,83118.0,4911074.0,47313.0,37922.0,282.95
cbecs,building_survey,1022,1022,1,13,4050,1,2,1,42,3,1,1,2,2,2,2,2,6839,835,27573.0,8081.0,1413.0,,,,4468.96
cbecs,building_survey,1023,1023,1,2,36000,4,8,9,55,263,1,1,2,2,2,2,2,6649,1213,3809888.0,1116614.0,217613.0,,,,224.76
cbecs,building_survey,1024,1024,2,14,50000,3,3,1,45,30,1,1,1,2,2,2,2,6226,1043,1672047.0,490049.0,36101.0,1801666.0,17357.0,10854.0,306.64
cbecs,building_survey,1025,1025,3,23,136000,2,5,21,71,164,1,1,1,2,2,2,2,2760,2484,9166776.0,2686628.0,226257.0,6670623.0,64264.0,36096.0,10.71
cbecs,building_survey,1026,1026,3,14,150000,2,4,1,40,35,1,1,1,2,2,2,2,4037,2197,1471678.0,431324.0,40857.0,4696841.0,45249.0,66640.0,142.75
cbecs,building_survey,1027,1027,4,26,6100,1,2,1,168,0,1,1,1,2,2,2,2,3425,1972,40572.0,11891.0,2515.0,266097.0,2564.0,2041.0,5631.1
cbecs,building_survey,1028,1028,3,16,500001,4,6,1,168,1200,1,1,1,1,2,2,2,1404,2580,51025060.0,14954590.0,918252.0,3753934.0,36165.0,20155.0,10.07
cbecs,building_survey,1029,1029,2,25,156000,1,8,1,168,200,1,1,1,2,2,2,2,7433,687,11881107.0,3482153.0,304855.0,10451583.0,100690.0,56161.0,125.92
cbecs,building_survey,1030,1030,3,13,5000,1,8,1,56,6,1,1,2,2,2,2,2,1653,4224,65555.0,19213.0,2205.0,,,,2990.63
cbecs,building_survey,1031,1031,2,24,500001,2,5,996,84,1000,1,1,1,2,2,2,2,6704,1008,16563004.0,4854339.0,415446.0,688004.0,6628.0,4629.0,15.06
cbecs,building_survey,1032,1032,2,16,600000,6,5,95,168,550,1,1,1,1,2,2,1,7132,638,89006634.0,26086352.0,2153190.0,18730320.0,180446.0,99298.0,13.0
cbecs,building_survey,1033,1033,1,12,2500,3,4,1,14,1,1,1,1,2,2,2,2,4505,1673,40347.0,11825.0,1782.0,73679.0,710.0,759.0,3257.88
cbecs,building_survey,1034,1034,1,16,80000,1,6,1,168,150,1,1,1,1,2,2,2,6610,778,7191011.0,2107565.0,170546.0,3437215.0,33114.0,12429.0,55.13
cbecs,building_survey,1035,1035,3,25,46000,1,9,1,168,4,1,1,2,2,2,2,2,2319,2172,1031202.0,302228.0,31561.0,,,,623.52
cbecs,building_survey,1036,1036,4,91,7000,1,3,1,87,0,1,1,2,2,2,2,2,3092,2290,124.0,36.0,206.0,,,,1195.14
cbecs,building_survey,1037,1037,2,25,186000,1,8,1,168,200,1,1,1,2,2,2,2,6200,1604,15671251.0,4592981.0,396510.0,10266297.0,98905.0,54776.0,125.04
cbecs,building_survey,1038,1038,2,13,200000,3,7,2,112,15,1,1,1,2,1,2,2,7196,747,14014652.0,4107460.0,357041.0,14144572.0,136268.0,66041.0,15.06
cbecs,building_survey,1039,1039,3,2,7200,1,8,2,35,15,1,1,1,2,2,2,2,4116,1884,359068.0,105237.0,6783.0,172163.0,1659.0,1922.0,2990.63
cbecs,building_survey,1040,1040,1,2,150000,995,7,8,168,600,1,1,2,1,2,1,2,5646,1256,18596811.0,5450414.0,470119.0,,,,14.9
cbecs,building_survey,1041,1041,3,2,370000,994,7,19,69,1350,1,1,2,1,2,2,2,3555,1945,19869867.0,5823525.0,830682.0,,,,14.9
cbecs,building_survey,1042,1042,4,2,8400,1,4,2,45,17,1,1,1,2,2,2,2,854,1088,249249.0,73051.0,15639.0,51208.0,493.0,656.0,1531.55
cbecs,building_survey,1043,1043,1,18,100000,2,7,1,168,10,1,1,2,2,1,2,2,5718,846,3522310.0,1032330.0,88854.0,,,,99.04
cbecs,building_survey,1044,1044,4,5,200000,1,7,2,40,45,1,1,2,2,2,2,2,3551,415,2110578.0,618575.0,67855.0,,,,70.08
cbecs,building_survey,1045,1045,3,14,93000,1,8,2,60,55,1,1,1,2,2,2,2,2872,2265,3592184.0,1052809.0,54377.0,903382.0,8703.0,8149.0,99.38
cbecs,building_survey,1046,1046,2,18,1500,1,2,1,168,2,1,1,1,2,2,2,2,6045,1283,214306.0,62809.0,5935.0,152892.0,1473.0,1872.0,3271.02
cbecs,building_survey,1047,1047,3,12,6000,1,6,1,6,15,1,1,1,2,2,2,2,2628,3210,137235.0,40221.0,4032.0,113767.0,1096.0,1087.0,2800.45
cbecs,building_survey,1048,1048,3,8,1800,1,5,1,27,3,1,1,1,2,2,2,2,1844,2927,40600.0,11899.0,1229.0,14736.0,142.0,359.0,1218.03
cbecs,building_survey,1049,1049,1,14,170000,3,4,1,35,100,1,1,1,2,2,2,2,4805,1282,2078411.0,609147.0,67452.0,9255218.0,89164.0,85950.0,61.88
cbecs,building_survey,1050,1050,3,7,13250,1,9,1,168,9,1,1,1,2,2,2,2,2545,2550,108105.0,31684.0,5219.0,214867.0,2070.0,2622.0,8.7
cbecs,building_survey,1051,1051,2,8,200000,994,6,2,76,450,1,1,2,1,2,2,2,5915,1936,23302370.0,6829534.0,698600.0,,,,50.09
cbecs,building_survey,1052,1052,2,14,126000,2,8,1,68,125,1,1,1,2,2,2,2,6802,1010,3964614.0,1161962.0,121953.0,6365779.0,61327.0,35617.0,45.1
cbecs,building_survey,1053,1053,3,5,7800,2,3,1,12,28,1,1,1,2,2,2,2,4136,1971,212042.0,62146.0,6058.0,223929.0,2157.0,1936.0,7397.53
cbecs,building_survey,1054,1054,3,25,124000,3,9,12,84,45,1,1,1,2,2,2,2,1156,4156,9050655.0,2652595.0,198616.0,4079257.0,39299.0,21727.0,117.32
cbecs,building_survey,1055,1055,1,18,56000,4,8,1,168,15,1,1,1,2,2,2,2,6502,836,2039135.0,597636.0,54164.0,1094427.0,10544.0,8802.0,8.84
cbecs,building_survey,1056,1056,1,16,400000,5,2,1,168,1000,1,1,1,1,1,1,2,5866,955,52729535.0,15454143.0,2388513.0,7173529.0,69109.0,38144.0,8.82
cbecs,building_survey,1057,1057,1,14,40000,2,9,1,70,20,1,1,1,2,2,2,2,5646,1211,1612121.0,472486.0,33168.0,1319087.0,12708.0,4513.0,502.9
cbecs,building_survey,1058,1058,4,5,475000,1,5,1,90,70,1,1,1,2,2,2,2,2119,1357,8902288.0,2609111.0,337854.0,5714244.0,55051.0,30116.0,70.08
cbecs,building_survey,1059,1059,3,23,81000,1,5,7,42,90,1,1,1,2,2,2,2,3194,2063,3029296.0,887836.0,75504.0,1085602.0,10459.0,8734.0,395.28
cbecs,building_survey,1060,1060,4,14,245000,1,4,1,35,85,1,1,1,2,2,2,2,3849,316,4317832.0,1265484.0,112445.0,2961954.0,28535.0,24128.0,9.11
cbecs,building_survey,1061,1061,2,13,330000,2,6,1,12,100,1,1,1,1,2,2,2,6099,1043,6279270.0,1840349.0,171516.0,21902438.0,211006.0,115448.0,12.34
cbecs,building_survey,1062,1062,4,2,1200,1,4,1,54,1,1,1,1,2,2,2,2,938,1731,109280.0,32028.0,4652.0,40485.0,390.0,551.0,1265.79
cbecs,building_survey,1063,1063,3,16,210000,994,7,12,168,220,1,1,1,1,2,2,2,2578,2449,19465871.0,5705120.0,373401.0,9742080.0,93854.0,81425.0,52.53
cbecs,building_survey,1064,1064,3,16,500001,8,9,1,168,450,1,1,1,1,2,2,1,2143,2752,40052517.0,11738721.0,956892.0,1770636.0,17058.0,11490.0,7.06
cbecs,building_survey,1065,1065,2,14,34000,1,3,1,64,26,1,1,1,2,2,2,2,7124,1229,932584.0,273325.0,23620.0,701254.0,6756.0,4789.0,504.63
cbecs,building_survey,1066,1066,1,14,245000,994,4,1,168,250,1,1,1,1,2,2,2,4654,1556,10111312.0,2963456.0,264096.0,19959402.0,192287.0,77065.0,8.84
cbecs,building_survey,1067,1067,4,5,130000,2,7,1,50,42,1,1,1,2,1,2,2,673,1459,517630.0,151709.0,29906.0,97508.0,939.0,702.0,70.08
cbecs,building_survey,1068,1068,3,5,4500,1,8,1,112,0,1,1,2,2,2,2,2,3439,1925,21372.0,6264.0,453.0,,,,3420.76
cbecs,building_survey,1069,1069,2,14,85000,1,8,1,40,37,1,1,1,2,2,2,2,8474,372,1229553.0,360361.0,31165.0,248809.0,2397.0,702.0,282.95
cbecs,building_survey,1070,1070,2,14,58000,1,7,1,60,50,1,1,1,2,2,2,2,5522,1418,1862649.0,545911.0,47414.0,1637081.0,15771.0,9857.0,282.95
cbecs,building_survey,1071,1071,3,23,96000,1,5,3,51,142,1,1,1,2,2,2,2,1019,3723,5528344.0,1620265.0,98366.0,1344881.0,12956.0,10905.0,7.69
cbecs,building_survey,1072,1072,3,18,154000,994,2,1,168,30,1,1,1,1,2,2,2,2425,2180,9704877.0,2844337.0,212002.0,4854901.0,46772.0,26472.0,8.7
cbecs,building_survey,1073,1073,2,26,36000,1,6,1,72,6,1,1,1,2,2,2,2,6319,1080,305548.0,89551.0,12085.0,446337.0,4300.0,4328.0,1906.18
cbecs,building_survey,1074,1074,2,11,500001,1,8,1,168,160,1,1,1,1,2,2,2,7269,648,36891920.0,10812403.0,892625.0,9764673.0,94072.0,54199.0,16.83
cbecs,building_survey,1075,1075,3,15,15000,1,9,1,50,16,1,1,1,2,2,2,2,3513,2209,812196.0,238041.0,29910.0,1114921.0,10741.0,8109.0,690.18
cbecs,building_survey,1076,1076,3,14,108000,3,2,1,80,70,1,1,1,1,2,2,2,5202,1489,3738664.0,1095740.0,93747.0,5040200.0,48557.0,27347.0,8.84
cbecs,building_survey,1077,1077,1,14,215000,8,5,5,120,300,1,1,1,2,2,2,2,6259,1031,35990386.0,10548179.0,593173.0,16948315.0,163279.0,58094.0,6.63
cbecs,building_survey,1078,1078,4,5,90000,1,8,1,40,40,1,1,2,2,2,2,2,1354,1764,593006.0,173800.0,39229.0,,,,215.07
cbecs,building_survey,1079,1079,1,14,102000,5,2,1,50,300,1,1,1,1,2,2,2,4631,1410,3761811.0,1102524.0,101944.0,3691368.0,35562.0,20146.0,97.52
cbecs,building_survey,1080,1080,3,26,5000,1,3,1,40,4,1,1,2,2,2,2,2,1700,3702,81727.0,23953.0,3657.0,,,,2990.63
cbecs,building_survey,1081,1081,4,2,435000,995,5,4,66,582,1,1,2,1,2,2,2,1362,4350,22113763.0,6481173.0,471544.0,,,,14.67
cbecs,building_survey,1082,1082,3,11,230000,2,9,2,70,65,1,1,2,2,1,2,2,1156,3822,17826134.0,5224541.0,317473.0,,,,69.6
cbecs,building_survey,1083,1083,2,15,6400,1,4,1,80,2,1,1,2,2,2,2,2,5686,1269,223269.0,65436.0,10787.0,,,,3075.23
cbecs,building_survey,1084,1084,4,15,3500,1,6,1,98,5,1,1,1,2,2,2,2,5871,337,96141.0,28177.0,3484.0,10759.0,104.0,204.0,1090.74
cbecs,building_survey,1085,1085,2,2,420000,9,5,9,60,160,1,1,1,2,2,2,2,5791,871,5396514.0,1581628.0,166619.0,8225965.0,79248.0,44578.0,6.59
cbecs,building_survey,1086,1086,3,13,2800,1,7,1,6,2,1,1,2,2,1,2,2,2659,3437,151406.0,44375.0,4934.0,,,,2800.45
cbecs,building_survey,1087,1087,2,15,12750,1,5,1,84,20,1,1,1,2,2,2,2,7470,647,1031761.0,302392.0,29418.0,3145115.0,30300.0,8839.0,717.24
cbecs,building_survey,1088,1088,3,2,39000,4,6,12,65,35,1,1,2,2,2,2,2,4672,1137,3243572.0,950637.0,95756.0,,,,349.71
cbecs,building_survey,1089,1089,3,18,100000,9,4,1,168,20,1,1,1,2,2,2,2,3736,2179,6021893.0,1764916.0,130413.0,2552114.0,24587.0,13625.0,8.7
cbecs,building_survey,1090,1090,2,17,34000,3,8,1,168,10,1,1,1,2,2,2,2,7478,918,1032792.0,302694.0,45195.0,1130300.0,10889.0,7453.0,1436.84
cbecs,building_survey,1091,1091,3,5,50000,3,3,1,40,36,1,1,1,2,2,2,2,2161,2336,830013.0,243263.0,30684.0,1914891.0,18448.0,15909.0,621.34
cbecs,building_survey,1092,1092,4,14,44000,1,6,1,60,48,1,1,1,2,2,2,2,5791,786,984674.0,288591.0,35096.0,1472388.0,14185.0,7927.0,431.11
cbecs,building_survey,1093,1093,4,4,100001,2,7,1,168,250,1,1,1,1,2,2,2,671,1461,8662408.0,2538807.0,328678.0,203660.0,1962.0,1956.0,52.84
cbecs,building_survey,1094,1094,3,2,285000,995,2,23,168,350,1,1,2,2,2,1,2,3861,2151,12970387.0,3801403.0,264475.0,,,,14.9
cbecs,building_survey,1095,1095,1,14,108000,1,8,1,45,117,1,1,1,1,2,2,2,6067,950,3141820.0,920815.0,95535.0,4854397.0,46767.0,37863.0,99.38
cbecs,building_survey,1096,1096,3,26,35000,1,8,1,46,105,1,1,1,2,2,2,2,1273,3866,1499433.0,439459.0,34468.0,875699.0,8436.0,6955.0,623.52
cbecs,building_survey,1097,1097,3,5,37000,2,4,1,65,27,1,1,1,2,2,2,2,4304,1757,461671.0,135308.0,13157.0,421844.0,4064.0,3857.0,1030.4
cbecs,building_survey,1098,1098,4,18,225000,7,5,3,168,100,1,1,1,2,1,2,2,406,4509,16869035.0,4944031.0,1493718.0,10292547.0,99157.0,202626.0,8.7
cbecs,building_survey,1099,1099,2,18,88000,3,3,2,168,6,1,1,1,2,2,2,2,5181,1745,2214158.0,648933.0,90530.0,5144553.0,49562.0,27433.0,306.64
cbecs,building_survey,1100,1100,3,5,2000,1,8,1,70,1,2,2,2,2,2,2,2,2921,2504,,,,,,,6659.94
cbecs,building_survey,1101,1101,3,6,1800,1,8,1,168,8,1,1,2,2,2,2,2,3422,2000,389542.0,114168.0,10439.0,,,,2990.63
cbecs,building_survey,1102,1102,1,26,10000,3,2,2,55,1,1,1,1,1,2,2,2,5654,1165,60484.0,17727.0,4407.0,37361.0,360.0,822.0,2934.43
cbecs,building_survey,1103,1103,3,2,54000,1,9,4,50,95,1,1,1,2,2,2,2,3625,2318,933993.0,273738.0,24453.0,694982.0,6695.0,3765.0,591.56
cbecs,building_survey,1104,1104,2,14,154000,3,8,1,70,100,1,1,1,1,2,2,2,6071,1151,3599281.0,1054889.0,117115.0,4584202.0,44164.0,24442.0,59.65
cbecs,building_survey,1105,1105,4,25,41000,3,7,1,70,50,1,1,1,2,2,2,2,822,1926,5919200.0,1734818.0,295442.0,184375.0,1776.0,1739.0,227.11
cbecs,building_survey,1106,1106,2,16,900000,994,9,1,168,2000,1,1,1,1,2,2,2,9588,716,83737083.0,24541935.0,1628061.0,140709309.0,1355581.0,539983.0,9.77
cbecs,building_survey,1107,1107,4,2,240000,8,4,2,60,300,1,1,1,2,2,2,2,1088,2034,9664521.0,2832509.0,373319.0,4501635.0,43368.0,29774.0,15.06
cbecs,building_survey,1108,1108,4,14,5100,1,3,1,50,6,1,1,2,2,2,2,2,6202,734,197126.0,57774.0,2843.0,,,,4384.99
cbecs,building_survey,1109,1109,3,15,13000,1,4,1,105,14,1,1,2,2,2,2,2,2544,2189,2972540.0,871202.0,65710.0,,,,451.56
cbecs,building_survey,1110,1110,2,2,385000,6,6,21,65,900,1,1,1,1,2,2,2,7067,955,8809937.0,2582045.0,256444.0,13017199.0,125407.0,90048.0,58.26
cbecs,building_survey,1111,1111,2,14,120000,2,2,1,60,75,1,1,1,2,2,2,2,9191,519,2442541.0,715868.0,81204.0,5091556.0,49052.0,18379.0,829.67
cbecs,building_survey,1112,1112,3,2,60000,4,7,7,40,136,1,1,2,2,2,2,2,1611,3085,2815273.0,825109.0,81085.0,,,,246.59
cbecs,building_survey,1113,1113,4,14,66000,2,5,1,45,44,1,1,1,2,2,2,2,4964,1388,1102506.0,323126.0,32568.0,1306614.0,12588.0,10068.0,8.84
cbecs,building_survey,1114,1114,4,2,41500,2,7,1,60,84,1,1,1,2,2,2,2,2572,60,1221473.0,357993.0,58852.0,234173.0,2256.0,923.0,9.11
cbecs,building_survey,1115,1115,1,26,36500,3,4,1,140,60,1,1,1,2,2,2,2,5208,1333,827877.0,242637.0,19090.0,1252778.0,12069.0,12427.0,1489.41
cbecs,building_survey,1116,1116,1,5,700000,1,8,1,72,120,1,1,1,2,2,2,2,4890,1259,9205034.0,2697841.0,316952.0,4464087.0,43007.0,40985.0,197.52
cbecs,building_survey,1117,1117,1,16,1500000,9,5,2,168,7500,1,1,1,1,1,2,2,5011,1311,342844277.0,100481910.0,7820834.0,456926121.0,4401986.0,1415837.0,9.21
cbecs,building_survey,1118,1118,3,14,188000,4,8,1,50,100,1,1,1,2,2,2,2,3914,1709,9033726.0,2647634.0,260798.0,4778541.0,46036.0,25429.0,99.04
cbecs,building_survey,1119,1119,3,1,415000,1,5,2,75,5,1,1,2,2,1,2,2,4481,1625,65895.0,19313.0,2021.0,,,,66.26
cbecs,building_survey,1120,1120,4,2,300000,3,7,1,168,20,1,1,1,1,2,2,2,981,912,9981073.0,2925285.0,384977.0,364705.0,3514.0,3219.0,15.06
cbecs,building_survey,1121,1121,1,2,118000,6,6,21,65,400,1,1,1,1,2,2,2,4834,960,6722027.0,1970113.0,311460.0,2596550.0,25015.0,20683.0,14.73
cbecs,building_survey,1122,1122,3,14,205000,2,3,1,72,167,1,1,1,2,2,2,2,4605,1758,8932336.0,2617918.0,82843.0,8449585.0,81403.0,86616.0,99.38
cbecs,building_survey,1123,1123,4,13,40500,1,8,1,54,6,1,1,1,2,2,2,1,1502,4421,1518906.0,445166.0,32781.0,928649.0,8947.0,6668.0,97.52
cbecs,building_survey,1124,1124,3,2,83000,4,2,6,168,30,1,1,1,2,2,2,2,3726,2272,7965650.0,2334598.0,62538.0,3838510.0,36980.0,20974.0,14.9
cbecs,building_survey,1125,1125,3,12,156000,2,7,1,50,45,1,1,1,2,2,2,2,3100,2366,3144382.0,921566.0,93745.0,2234698.0,21529.0,8102.0,54.73
cbecs,building_survey,1126,1126,1,12,1600,2,2,1,20,1,1,1,1,2,2,2,2,6634,807,37173.0,10895.0,1482.0,109234.0,1052.0,1044.0,2990.63
cbecs,building_survey,1127,1127,2,13,6000,4,3,3,40,5,1,1,1,2,2,2,2,5988,1056,33847.0,9920.0,1344.0,354008.0,3410.0,3043.0,3075.23
cbecs,building_survey,1128,1128,2,4,210000,4,3,1,60,101,1,1,1,1,2,1,2,5814,1199,8211819.0,2406746.0,126419.0,310.0,3.0,61.0,3.95
cbecs,building_survey,1129,1129,3,13,6400,1,2,1,0,0,1,1,2,2,1,2,2,3323,2006,228528.0,66978.0,6160.0,,,,2800.45
cbecs,building_survey,1130,1130,1,18,500000,995,3,1,168,300,1,1,1,2,2,2,2,5291,1486,17036605.0,4993143.0,423606.0,46967661.0,452482.0,354496.0,9.01
cbecs,building_survey,1131,1131,3,26,110000,1,2,1,168,50,1,1,1,1,2,2,2,1110,3605,5605174.0,1642783.0,111914.0,571722.0,5508.0,4131.0,14.9
cbecs,building_survey,1132,1132,1,7,8700,2,9,2,168,12,1,1,1,2,1,2,2,5302,1394,486741.0,142656.0,13714.0,356468.0,3434.0,3025.0,2050.06
cbecs,building_survey,1133,1133,1,16,1000000,995,2,1,168,3000,1,1,1,1,2,2,2,6035,1307,71010792.0,20812073.0,1884341.0,121101131.0,1166678.0,640756.0,9.88
cbecs,building_survey,1134,1134,1,26,1350,1,7,1,24,1,1,1,2,1,1,2,2,6676,886,5650.0,1656.0,466.0,,,,2990.63
cbecs,building_survey,1135,1135,4,2,5200,1,7,1,45,50,1,1,2,2,2,2,2,1381,4158,124981.0,36630.0,4965.0,,,,2934.43
cbecs,building_survey,1136,1136,3,25,3200,1,4,1,40,2,1,1,1,2,2,2,2,3573,2372,134882.0,39532.0,3986.0,168191.0,1620.0,1602.0,2990.63
cbecs,building_survey,1137,1137,3,5,27500,1,8,7,168,10,1,1,1,2,2,2,2,3094,3386,783435.0,229612.0,19874.0,964109.0,9288.0,7916.0,591.56
cbecs,building_survey,1138,1138,4,2,65000,2,5,51,45,150,1,1,2,2,2,2,2,854,1053,5577588.0,1634698.0,236526.0,,,,15.06
cbecs,building_survey,1139,1139,2,5,2000,1,6,1,50,0,2,2,2,2,2,2,2,9078,716,,,,,,,6659.94
cbecs,building_survey,1140,1140,3,26,4500,1,3,1,70,4,1,1,2,2,2,2,2,1362,2860,197932.0,58011.0,4065.0,,,,2990.63
cbecs,building_survey,1141,1141,3,2,1250,1,5,1,168,2,1,1,2,2,2,2,2,1332,3461,34631.0,10150.0,522.0,,,,2990.63
cbecs,building_survey,1142,1142,2,23,250000,1,9,28,69,241,1,1,1,2,2,2,2,6494,1245,15565565.0,4562006.0,399414.0,21918099.0,211157.0,117535.0,175.02
cbecs,building_survey,1143,1143,1,14,240000,4,2,1,50,504,1,1,1,2,2,2,2,6393,982,5724226.0,1677675.0,135880.0,16335120.0,157371.0,76384.0,8.84
cbecs,building_survey,1144,1144,2,17,250000,2,4,1,168,150,1,1,1,1,2,2,2,5814,1079,7405573.0,2170449.0,174071.0,5557801.0,53543.0,30627.0,58.11
cbecs,building_survey,1145,1145,4,5,355000,1,9,1,72,35,1,1,2,1,2,2,2,2299,223,6756787.0,1980301.0,252054.0,,,,70.08
cbecs,building_survey,1146,1146,2,4,86000,3,3,1,77,106,1,1,1,2,2,1,2,7450,734,10388203.0,3044608.0,298768.0,20672.0,199.0,330.0,111.56
cbecs,building_survey,1147,1147,3,14,265000,2,5,1,50,125,1,1,1,2,2,2,2,4418,1729,7519746.0,2203911.0,214968.0,5315703.0,51211.0,52630.0,8.7
cbecs,building_survey,1148,1148,2,14,420000,4,3,1,55,200,1,1,1,2,2,2,2,6331,1161,9144531.0,2680109.0,229937.0,22382677.0,215633.0,121131.0,45.1
cbecs,building_survey,1149,1149,3,23,45500,1,6,13,71,64,1,1,1,2,2,2,2,2559,3138,2982424.0,874098.0,73788.0,2760351.0,26593.0,14685.0,406.08
cbecs,building_survey,1150,1150,2,14,23000,1,9,1,60,6,1,1,1,2,2,2,2,9277,543,789612.0,231422.0,22240.0,294499.0,2837.0,1671.0,495.15
cbecs,building_survey,1151,1151,2,5,6300,1,7,1,56,6,1,1,2,2,2,2,2,4783,2016,71738.0,21025.0,2979.0,,,,1413.09
cbecs,building_survey,1152,1152,4,14,200001,6,8,1,120,100,1,1,2,1,2,2,1,854,1689,5553629.0,1627676.0,210864.0,,,,51.34
cbecs,building_survey,1153,1153,4,18,118000,4,9,1,168,50,1,1,2,1,1,2,2,5479,752,16376755.0,4799752.0,159679.0,,,,97.52
cbecs,building_survey,1154,1154,4,14,280000,3,4,1,50,135,1,1,1,2,2,1,2,5833,706,7022900.0,2058294.0,214072.0,10354051.0,99750.0,46216.0,9.01
cbecs,building_survey,1155,1155,3,14,37000,1,8,1,50,26,1,1,1,2,2,2,2,2236,3179,662871.0,194276.0,19234.0,369137.0,3556.0,2885.0,504.63
cbecs,building_survey,1156,1156,2,26,35500,1,4,1,40,25,1,1,1,2,2,2,2,7622,922,1208441.0,354174.0,45974.0,4316382.0,41584.0,28035.0,1030.4
cbecs,building_survey,1157,1157,2,1,9100,2,8,0,0,0,2,2,2,2,2,2,2,5764,1552,,,,,,,4207.0
cbecs,building_survey,1158,1158,3,23,80000,1,8,17,46,85,1,1,1,2,2,2,2,1910,3177,4442110.0,1301908.0,109540.0,5633101.0,54269.0,30295.0,395.28
cbecs,building_survey,1159,1159,4,2,16000,3,2,3,45,8,1,1,1,2,2,2,2,9649,236,308520.0,90422.0,10294.0,14891.0,143.0,311.0,1441.01
cbecs,building_survey,1160,1160,1,7,300000,6,6,1,48,300,1,1,1,1,2,2,2,5629,1046,4300388.0,1260372.0,115051.0,8728173.0,84086.0,46042.0,97.52
cbecs,building_survey,1161,1161,4,16,300000,7,9,1,168,2000,1,1,1,1,2,2,2,1457,793,4507095.0,1320954.0,165451.0,3323767.0,32021.0,18224.0,9.53
cbecs,building_survey,1162,1162,4,12,57000,3,4,2,40,4,1,1,1,2,2,2,2,739,1251,377744.0,110710.0,21469.0,413936.0,3988.0,3951.0,655.85
cbecs,building_survey,1163,1163,1,14,130000,6,2,1,50,120,1,1,2,1,2,2,2,5331,1320,2935372.0,860308.0,103624.0,,,,8.84
cbecs,building_survey,1164,1164,2,18,73000,4,8,1,168,10,1,1,1,2,2,2,2,6058,1010,3303155.0,968099.0,91484.0,2498217.0,24068.0,12860.0,341.69
cbecs,building_survey,1165,1165,3,14,5000,1,6,1,40,2,1,1,1,2,2,2,2,1412,3442,75314.0,22073.0,3221.0,32595.0,314.0,475.0,4468.96
cbecs,building_survey,1166,1166,4,14,12000,1,8,1,15,27,1,1,1,2,2,2,2,7131,635,1022096.0,299559.0,28188.0,156784.0,1510.0,902.0,429.63
cbecs,building_survey,1167,1167,2,16,500001,994,2,1,168,2000,1,1,1,1,2,1,2,6508,846,131923153.0,38664465.0,3340440.0,7075402.0,68164.0,44841.0,9.01
cbecs,building_survey,1168,1168,1,14,82000,4,8,1,45,85,1,1,1,1,2,2,2,5238,956,3733854.0,1094330.0,123954.0,2299880.0,22157.0,20129.0,278.62
cbecs,building_survey,1169,1169,3,13,16000,1,8,3,40,3,1,1,1,2,2,2,2,2686,2412,440253.0,129031.0,14900.0,191236.0,1842.0,1864.0,1413.09
cbecs,building_survey,1170,1170,4,23,17500,1,8,4,42,23,1,1,1,2,2,2,2,6826,399,644562.0,188910.0,14062.0,1286180.0,12391.0,8977.0,2009.74
cbecs,building_survey,1171,1171,3,18,600000,995,6,2,168,200,1,1,1,1,1,2,2,1643,3896,10528705.0,3085787.0,265940.0,15585698.0,150151.0,45571.0,9.01
cbecs,building_survey,1172,1172,1,15,10000,3,2,1,98,20,1,1,1,2,2,2,2,5898,1117,1285480.0,376753.0,34473.0,755598.0,7279.0,6240.0,1218.03
cbecs,building_survey,1173,1173,2,8,25000,1,7,1,45,50,1,1,1,2,2,2,2,6377,1094,1192702.0,349561.0,39982.0,970727.0,9352.0,7688.0,690.18
cbecs,building_survey,1174,1174,3,23,18750,1,8,4,55,10,1,1,1,2,2,2,2,3514,2385,1276396.0,374090.0,23278.0,789532.0,7606.0,6284.0,2009.74
cbecs,building_survey,1175,1175,3,7,475000,7,8,6,50,472,1,1,2,1,2,2,2,1381,3133,10070577.0,2951517.0,253453.0,,,,6.52
cbecs,building_survey,1176,1176,1,23,79000,1,4,8,83,28,1,1,1,2,2,2,2,6805,829,4940482.0,1447972.0,213855.0,4798724.0,46230.0,26084.0,395.28
cbecs,building_survey,1177,1177,2,11,250000,2,6,20,12,12,1,1,1,2,2,2,2,5274,1387,19566002.0,5734467.0,448594.0,4893.0,47.0,134.0,31.68
cbecs,building_survey,1178,1178,1,14,120000,5,2,1,86,80,1,1,1,1,2,2,2,4934,1240,1778352.0,521205.0,43273.0,5829725.0,56163.0,59336.0,97.52
cbecs,building_survey,1179,1179,4,18,200000,994,5,1,168,80,1,1,1,1,2,2,2,5511,594,11407535.0,3343357.0,348097.0,15551964.0,149826.0,87718.0,8.93
cbecs,building_survey,1180,1180,1,8,40000,3,8,1,168,75,1,1,1,1,2,2,2,5599,985,4134675.0,1211804.0,177698.0,1108806.0,10682.0,12187.0,384.05
cbecs,building_survey,1181,1181,2,2,245000,7,2,8,60,325,1,1,1,2,2,2,2,5645,1328,10253732.0,3005197.0,308520.0,4621723.0,44525.0,24652.0,15.06
cbecs,building_survey,1182,1182,4,14,310000,7,6,1,100,120,1,1,2,2,2,1,2,6775,250,14378293.0,4214037.0,325538.0,,,,13.29
cbecs,building_survey,1183,1183,3,18,215000,5,5,1,168,50,1,1,1,1,2,2,2,1445,3458,12088490.0,3542934.0,395887.0,5736039.0,55260.0,37522.0,50.03
cbecs,building_survey,1184,1184,1,23,120000,1,6,6,75,55,1,1,1,2,2,2,2,5591,1068,9636277.0,2824231.0,417615.0,7502953.0,72283.0,40110.0,175.02
cbecs,building_survey,1185,1185,2,15,1900,2,2,1,40,1,1,1,1,2,2,2,2,7103,874,74749.0,21908.0,2038.0,93121.0,897.0,824.0,1195.14
cbecs,building_survey,1186,1186,4,8,11000,1,8,1,40,12,1,1,1,2,2,2,2,4039,1380,266340.0,78060.0,5536.0,360143.0,3470.0,1911.0,1218.03
cbecs,building_survey,1187,1187,1,2,160000,3,4,9,168,308,1,1,1,1,2,2,2,6544,1055,8757596.0,2566705.0,236908.0,2626177.0,25300.0,24719.0,48.85
cbecs,building_survey,1188,1188,3,7,255000,5,4,16,168,500,1,1,1,2,2,2,2,1960,3185,8347085.0,2446391.0,234856.0,4964558.0,47828.0,31790.0,7.84
cbecs,building_survey,1189,1189,3,5,7800,1,8,1,48,2,1,1,2,2,2,2,2,3561,1930,39983.0,11718.0,1107.0,,,,6659.94
cbecs,building_survey,1190,1190,3,26,260000,2,5,1,60,50,1,1,1,1,2,2,2,5335,1175,8829205.0,2587692.0,222783.0,11856068.0,114220.0,63262.0,14.9
cbecs,building_survey,1191,1191,3,5,128000,1,8,1,40,85,1,1,1,2,2,2,2,3616,2150,1450514.0,425121.0,31972.0,3581791.0,34507.0,19420.0,247.57
cbecs,building_survey,1192,1192,3,5,130000,2,9,1,110,25,1,1,1,2,2,2,2,3125,1984,4254340.0,1246876.0,109741.0,556145.0,5358.0,5058.0,922.6
cbecs,building_survey,1193,1193,3,14,83000,1,6,1,56,80,1,1,1,2,2,2,2,1009,3889,2490408.0,729897.0,69049.0,52909.0,510.0,451.0,330.8
cbecs,building_survey,1194,1194,3,2,260000,994,8,35,60,375,1,1,2,2,2,2,2,4729,1790,10899407.0,3194433.0,269222.0,,,,14.9
cbecs,building_survey,1195,1195,2,12,90000,2,6,1,65,22,1,1,1,2,2,2,2,8196,463,1116200.0,327140.0,45050.0,3213553.0,30959.0,17552.0,59.79
cbecs,building_survey,1196,1196,3,5,25000,1,8,1,60,6,1,1,1,2,2,2,2,2870,2762,218910.0,64159.0,6082.0,68056.0,656.0,1040.0,1413.09
cbecs,building_survey,1197,1197,1,18,132000,994,8,1,168,8,1,1,1,1,2,2,2,3866,1636,8158899.0,2391237.0,162426.0,2570678.0,24766.0,34338.0,97.52
cbecs,building_survey,1198,1198,3,26,6000,1,4,1,84,18,1,1,2,2,2,2,2,1091,4029,584727.0,171374.0,10816.0,,,,2990.63
cbecs,building_survey,1199,1199,4,16,2100000,994,8,2,168,1200,1,1,1,1,2,2,2,4561,239,63293771.0,18550343.0,1604052.0,79751222.0,768316.0,325885.0,10.17
cbecs,building_survey,1200,1200,3,26,2050,1,7,1,38,1,1,1,2,2,2,2,2,3889,2038,100809.0,29545.0,2818.0,,,,460.31
cbecs,building_survey,1201,1201,4,11,164000,2,7,1,100,170,1,1,1,1,2,2,2,569,2188,19527308.0,5723127.0,682828.0,484866.0,4671.0,4206.0,54.0
cbecs,building_survey,1202,1202,4,14,12750,2,6,1,43,32,1,1,1,2,2,2,2,2126,3072,456230.0,133713.0,9438.0,53717.0,518.0,565.0,1195.68
cbecs,building_survey,1203,1203,2,26,7000,1,7,2,53,5,1,1,1,2,2,2,2,7314,941,187167.0,54856.0,5301.0,46690.0,450.0,419.0,2990.63
cbecs,building_survey,1204,1204,1,14,150000,3,3,2,90,76,1,1,2,1,1,2,2,5783,1051,5407922.0,1584971.0,137438.0,,,,288.37
cbecs,building_survey,1205,1205,4,8,74000,5,2,3,40,200,1,1,1,2,2,1,2,2947,52,3730618.0,1093382.0,137045.0,163020.0,1571.0,1466.0,161.5
cbecs,building_survey,1206,1206,4,2,64000,1,8,1,50,115,1,1,1,2,2,2,2,1100,1360,2730523.0,800271.0,233912.0,603390.0,5813.0,4488.0,118.55
cbecs,building_survey,1207,1207,1,13,1001,3,4,1,15,1,1,1,2,2,1,2,2,5889,900,35265.0,10336.0,2230.0,,,,2934.43
cbecs,building_survey,1208,1208,3,2,51000,1,6,2,55,150,1,1,2,2,2,2,2,1191,3104,3280859.0,961565.0,57486.0,,,,117.32
cbecs,building_survey,1209,1209,1,2,88000,4,2,2,168,75,1,1,1,1,2,2,2,5593,735,11095440.0,3251887.0,489818.0,2566043.0,24721.0,20540.0,134.42
cbecs,building_survey,1210,1210,3,2,500000,995,6,60,55,200,1,1,2,1,2,2,2,1198,3527,21703302.0,6360874.0,379625.0,,,,14.9
cbecs,building_survey,1211,1211,3,2,94000,4,6,2,50,95,1,1,2,2,2,2,2,1264,3119,3500611.0,1025970.0,61877.0,,,,240.4
cbecs,building_survey,1212,1212,4,18,49500,4,3,1,168,5,1,1,1,2,2,1,2,5308,588,430098.0,126055.0,22995.0,53929.0,520.0,450.0,495.15
cbecs,building_survey,1213,1213,3,4,365000,994,8,1,168,101,1,1,1,2,2,1,2,4048,2059,45054236.0,13204641.0,1068743.0,50035.0,482.0,314.0,50.09
cbecs,building_survey,1214,1214,3,7,46500,1,8,1,168,5,1,1,2,2,1,2,2,3334,1900,3861256.0,1131669.0,96708.0,,,,1218.58
cbecs,building_survey,1215,1215,2,8,2750,2,7,1,52,6,1,1,1,2,2,2,2,8172,501,194429.0,56984.0,7479.0,101964.0,982.0,822.0,1265.79
cbecs,building_survey,1216,1216,3,25,41000,1,9,1,126,50,1,1,1,2,2,2,2,1479,3178,5512287.0,1615559.0,137892.0,1559274.0,15022.0,12677.0,623.52
cbecs,building_survey,1217,1217,1,2,800000,7,4,1,168,1500,1,1,2,1,2,2,2,5173,1382,15719820.0,4607216.0,386301.0,,,,63.15
cbecs,building_survey,1218,1218,3,5,2000,1,9,1,168,0,1,1,2,2,2,2,2,2543,3145,48822.0,14309.0,1853.0,,,,2990.63
cbecs,building_survey,1219,1219,4,6,25500,1,6,3,105,12,1,1,1,2,2,2,2,7368,468,3014763.0,883576.0,63238.0,2070685.0,19949.0,13222.0,623.52
cbecs,building_survey,1220,1220,1,25,9600,2,6,1,48,4,1,1,2,1,2,2,2,5234,505,188438.0,55228.0,10456.0,,,,2747.83
cbecs,building_survey,1221,1221,2,1,9100,3,2,0,0,0,2,2,2,2,2,2,2,6703,1144,,,,,,,1236.43
cbecs,building_survey,1222,1222,3,12,8000,1,2,1,12,2,1,1,2,2,1,2,2,1648,2597,248109.0,72717.0,6656.0,,,,2990.63
cbecs,building_survey,1223,1223,4,2,12000,1,8,1,40,23,1,1,1,2,2,2,2,3389,2307,397197.0,116412.0,11631.0,189927.0,1830.0,1159.0,1418.81
cbecs,building_survey,1224,1224,3,2,106000,2,8,1,12,100,1,1,1,2,2,2,2,2076,2079,10336527.0,3029463.0,166606.0,1881864.0,18130.0,14443.0,240.4
cbecs,building_survey,1225,1225,3,16,900000,994,3,1,168,1000,1,1,1,1,2,1,2,3989,2149,155384259.0,45540521.0,3136634.0,1175195.0,11322.0,4337.0,8.78
cbecs,building_survey,1226,1226,3,15,3900,1,2,1,55,18,1,1,1,1,2,2,2,2550,3094,465705.0,136490.0,13894.0,249733.0,2406.0,2164.0,1218.03
cbecs,building_survey,1227,1227,3,16,1000000,7,4,8,168,1500,1,1,1,1,2,1,2,4188,2072,102956532.0,30174834.0,2716606.0,139741802.0,1346260.0,689943.0,9.07
cbecs,building_survey,1228,1228,1,25,9000,2,6,1,58,5,1,1,1,2,2,2,2,6020,837,266901.0,78224.0,11996.0,271854.0,2619.0,2321.0,1461.43
cbecs,building_survey,1229,1229,4,16,250000,4,6,1,168,750,1,1,2,1,1,1,2,551,1339,30627329.0,8976357.0,2693027.0,,,,9.91
cbecs,building_survey,1230,1230,3,13,9000,2,4,1,12,2,1,1,1,2,2,2,2,3540,2250,284487.0,83378.0,5645.0,141801.0,1366.0,1436.0,1591.15
cbecs,building_survey,1231,1231,3,17,120000,4,7,2,168,140,1,1,1,2,2,2,2,4064,1653,7606912.0,2229458.0,92055.0,6597018.0,63555.0,34894.0,8.84
cbecs,building_survey,1232,1232,2,2,41500,3,3,1,38,105,1,1,1,2,2,2,2,4728,2113,1349841.0,395616.0,33808.0,1261499.0,12153.0,10089.0,14.9
cbecs,building_survey,1233,1233,2,5,100000,1,4,1,168,40,1,1,1,1,1,2,2,7665,989,110557.0,32402.0,2485.0,4032349.0,38847.0,19079.0,215.07
cbecs,building_survey,1234,1234,3,13,37500,2,8,3,95,23,1,1,1,2,2,2,2,1766,2942,1741129.0,510296.0,50435.0,2695858.0,25972.0,14828.0,1413.09
cbecs,building_survey,1235,1235,4,2,9300,1,8,2,60,14,1,1,2,2,1,2,2,6841,218,385889.0,113098.0,14918.0,,,,2649.96
cbecs,building_survey,1236,1236,2,5,102000,1,4,1,130,72,1,1,1,2,2,2,2,8134,1303,9769915.0,2863398.0,246659.0,774138.0,7458.0,6338.0,235.71
cbecs,building_survey,1237,1237,1,12,4500,1,7,1,60,3,1,1,1,2,2,2,2,6181,566,164283.0,48149.0,9236.0,422140.0,4067.0,6152.0,1461.43
cbecs,building_survey,1238,1238,4,2,12250,1,6,7,60,66,1,1,1,2,2,2,2,2223,736,412042.0,120763.0,28570.0,615953.0,5934.0,7057.0,1486.89
cbecs,building_survey,1239,1239,3,12,5000,1,9,1,6,0,1,1,2,2,2,2,2,1116,4245,174866.0,51250.0,3562.0,,,,2990.63
cbecs,building_survey,1240,1240,3,16,900000,8,8,4,168,120,1,1,1,1,2,2,2,1898,3236,98678283.0,28920950.0,1770421.0,93447272.0,900263.0,1044114.0,10.07
cbecs,building_survey,1241,1241,3,18,600000,995,5,1,168,200,1,1,1,2,1,2,2,3002,2119,29642772.0,8687800.0,789550.0,13436412.0,129445.0,73119.0,9.01
cbecs,building_survey,1242,1242,2,26,52000,2,7,1,168,110,1,1,1,2,2,2,2,10149,799,1543273.0,452307.0,44441.0,528267.0,5089.0,4246.0,117.32
cbecs,building_survey,1243,1243,3,25,7000,1,3,6,50,2,1,1,2,2,1,2,2,3081,1995,227547.0,66690.0,6167.0,,,,2990.63
cbecs,building_survey,1244,1244,2,16,1000000,9,2,1,168,2000,1,1,1,1,2,2,2,4625,2150,89468389.0,26221685.0,2202754.0,123130311.0,1186227.0,850554.0,8.78
cbecs,building_survey,1245,1245,4,13,1500,1,8,1,48,2,1,1,1,2,2,2,2,1956,1353,82041.0,24045.0,3604.0,62430.0,601.0,648.0,3075.23
cbecs,building_survey,1246,1246,4,15,5000,1,7,1,96,20,1,1,1,2,2,2,2,4436,1622,942200.0,276143.0,25839.0,1736630.0,16731.0,12902.0,1218.03
cbecs,building_survey,1247,1247,1,2,700000,995,3,50,60,2500,1,1,1,1,2,1,2,5512,1410,31346598.0,9187162.0,1712885.0,744996.0,7177.0,5286.0,9.01
cbecs,building_survey,1248,1248,3,18,200000,4,4,1,168,95,1,1,1,2,2,1,2,2531,2280,10036729.0,2941597.0,354894.0,6775488.0,65274.0,67391.0,7.59
cbecs,building_survey,1249,1249,3,2,410000,995,6,13,56,1400,1,1,1,1,2,2,2,3667,2164,15218358.0,4460246.0,506755.0,15269695.0,147107.0,80501.0,14.67
cbecs,building_survey,1250,1250,2,16,1000000,7,5,1,168,2000,1,1,1,1,2,2,2,8238,581,67890363.0,19897527.0,1707347.0,64644354.0,622778.0,343702.0,10.94
cbecs,building_survey,1251,1251,2,18,28500,3,9,1,168,6,1,1,1,2,2,2,2,5869,1481,1746675.0,511921.0,60100.0,1143312.0,11015.0,9290.0,1414.71
cbecs,building_survey,1252,1252,2,2,10000,2,5,5,50,10,1,1,2,2,2,2,2,5698,1222,868038.0,254407.0,27606.0,,,,1265.79
cbecs,building_survey,1253,1253,4,2,112000,2,6,2,38,250,1,1,1,2,2,2,2,1861,286,7326510.0,2147277.0,420588.0,1946751.0,18755.0,22349.0,49.37
cbecs,building_survey,1254,1254,4,14,100000,3,2,1,40,30,1,1,2,1,2,2,2,840,1091,2171323.0,636378.0,115378.0,,,,45.1
cbecs,building_survey,1255,1255,1,15,16000,1,7,1,125,40,1,1,1,2,2,2,2,5131,1391,3359505.0,984615.0,122266.0,1005366.0,9686.0,8072.0,690.18
cbecs,building_survey,1256,1256,4,12,3600,1,4,1,16,2,1,1,1,2,2,2,2,2097,1558,16944.0,4966.0,907.0,59978.0,578.0,161.0,3075.23
cbecs,building_survey,1257,1257,3,16,380000,6,5,1,168,400,1,1,1,1,2,2,2,4307,1537,47449372.0,13906615.0,1202053.0,43307005.0,417216.0,227927.0,18.83
cbecs,building_survey,1258,1258,4,23,225000,1,9,11,75,122,1,1,1,2,2,2,2,2834,2876,14464026.0,4239164.0,296167.0,5850833.0,56366.0,26306.0,72.88
cbecs,building_survey,1259,1259,3,5,126000,1,7,1,168,36,1,1,2,2,2,2,2,2771,2197,4371067.0,1281086.0,96731.0,,,,66.03
cbecs,building_survey,1260,1260,4,2,5400,1,7,3,40,8,1,1,1,2,2,2,2,4799,1486,171226.0,50183.0,4120.0,245912.0,2369.0,2281.0,690.18
cbecs,building_survey,1261,1261,1,14,420000,5,5,3,80,300,1,1,1,1,2,2,2,4997,1372,7298302.0,2139010.0,180870.0,2784121.0,26822.0,15150.0,58.86
cbecs,building_survey,1262,1262,2,26,2000,1,8,1,50,1,1,1,1,2,2,2,2,6750,1125,94423.0,27674.0,2855.0,174448.0,1681.0,1578.0,1531.55
cbecs,building_survey,1263,1263,4,2,340000,994,8,1,65,1200,1,1,2,1,2,2,2,2281,94,20246340.0,5933863.0,1125075.0,,,,15.06
cbecs,building_survey,1264,1264,3,4,300000,994,8,1,168,160,1,1,2,1,2,1,2,4643,1890,29975484.0,8785312.0,740092.0,,,,9.07
cbecs,building_survey,1265,1265,4,13,80000,3,3,1,112,15,1,1,2,2,2,1,2,5109,782,3635338.0,1065457.0,83969.0,,,,329.67
cbecs,building_survey,1266,1266,1,14,285000,2,5,1,92,90,1,1,2,1,1,2,2,7204,618,8105075.0,2375462.0,345515.0,,,,44.41
cbecs,building_survey,1267,1267,2,2,18500,1,2,1,168,50,1,1,2,1,2,2,2,6682,1551,1396347.0,409246.0,35553.0,,,,1829.53
cbecs,building_survey,1268,1268,2,12,30000,4,4,1,5,1,1,1,1,2,2,2,2,5820,1325,100666.0,29504.0,3825.0,815784.0,7859.0,4961.0,1531.55
cbecs,building_survey,1269,1269,4,5,104000,1,7,3,40,10,1,1,1,2,1,2,2,3945,372,2710816.0,794495.0,84711.0,2791814.0,26896.0,22884.0,249.3
cbecs,building_survey,1270,1270,3,2,6000,1,9,4,168,6,1,1,2,2,2,2,2,1224,3757,527014.0,154459.0,9654.0,,,,3695.52
cbecs,building_survey,1271,1271,4,4,182000,4,9,1,80,400,1,1,1,1,2,2,1,6797,583,45161471.0,13236070.0,887229.0,97576.0,940.0,1562.0,10.63
cbecs,building_survey,1272,1272,3,2,114000,2,4,1,40,32,1,1,1,2,2,2,2,4400,1798,2886795.0,846071.0,63085.0,2002100.0,19288.0,15942.0,97.52
cbecs,building_survey,1273,1273,2,5,380000,1,5,1,18,30,1,1,1,2,2,2,2,5782,1380,1724159.0,505322.0,37431.0,8634501.0,83184.0,56465.0,15.06
cbecs,building_survey,1274,1274,3,16,130000,5,5,3,168,50,1,1,1,1,2,1,2,3837,1965,19265797.0,5646482.0,332524.0,26876687.0,258928.0,144533.0,8.62
cbecs,building_survey,1275,1275,2,16,186000,4,4,1,168,80,1,1,1,1,2,2,2,7379,792,5950087.0,1743871.0,174405.0,12176960.0,117312.0,59262.0,16.25
cbecs,building_survey,1276,1276,4,23,152000,1,4,24,73,183,1,1,1,2,2,2,2,1332,1589,10671021.0,3127497.0,402739.0,8738132.0,84182.0,47596.0,84.48
cbecs,building_survey,1277,1277,1,5,63000,8,2,4,84,20,1,1,1,2,2,2,2,4415,1717,1395841.0,409098.0,35282.0,2291469.0,22076.0,27725.0,58.26
cbecs,building_survey,1278,1278,2,15,10250,1,8,1,84,20,1,1,1,2,2,2,2,6987,874,1989266.0,583021.0,64099.0,4007233.0,38605.0,20855.0,690.18
cbecs,building_survey,1279,1279,2,18,200000,5,3,1,168,7,1,1,1,1,2,2,2,6491,864,6099521.0,1787667.0,150290.0,9344253.0,90022.0,65945.0,20.91
cbecs,building_survey,1280,1280,3,14,11750,3,8,1,40,75,1,1,1,2,2,2,2,4733,1409,570469.0,167195.0,16387.0,797927.0,7687.0,6408.0,1218.58
cbecs,building_survey,1281,1281,3,2,255000,994,5,1,11,975,1,1,2,1,2,2,2,3638,1878,25719355.0,7537912.0,490551.0,,,,8.76
cbecs,building_survey,1282,1282,2,7,500001,994,7,1,168,250,1,1,1,1,2,2,2,4580,2199,17912191.0,5249763.0,452935.0,39869695.0,384101.0,192991.0,9.01
cbecs,building_survey,1283,1283,1,17,200000,6,4,1,168,80,1,1,1,1,2,2,2,7010,774,6423644.0,1882662.0,168359.0,14506271.0,139752.0,80443.0,9.81
cbecs,building_survey,1284,1284,2,14,36500,1,4,1,60,25,1,1,1,2,2,2,2,6483,812,697066.0,204298.0,26500.0,912436.0,8790.0,8949.0,306.64
cbecs,building_survey,1285,1285,3,14,50000,1,8,1,40,4,1,1,1,2,2,2,2,4194,1950,492863.0,144450.0,8450.0,756989.0,7293.0,6107.0,1413.09
cbecs,building_survey,1286,1286,4,12,1600,2,4,1,4,4,1,1,1,2,2,2,2,8987,154,16342.0,4790.0,778.0,109832.0,1058.0,729.0,3075.23
cbecs,building_survey,1287,1287,3,5,100000,1,5,1,50,15,1,1,1,2,2,2,2,2700,2901,883631.0,258977.0,22471.0,2019218.0,19453.0,16184.0,66.03
cbecs,building_survey,1288,1288,1,26,4800,1,8,1,168,1,1,1,2,1,2,2,2,6331,597,13957.0,4091.0,1186.0,,,,2934.43
cbecs,building_survey,1289,1289,4,7,13250,1,8,1,168,5,1,1,1,1,2,2,2,5319,203,578216.0,169465.0,17640.0,322161.0,3104.0,2868.0,495.15
cbecs,building_survey,1290,1290,3,18,200001,994,5,1,168,40,1,1,1,1,2,2,2,1305,3201,8502522.0,2491947.0,146645.0,5698348.0,54897.0,41755.0,9.01
cbecs,building_survey,1291,1291,1,2,800000,995,5,22,55,1450,1,1,1,2,2,1,2,4325,1643,28746242.0,8425042.0,826693.0,2085445.0,20091.0,24633.0,14.9
cbecs,building_survey,1292,1292,3,25,180000,1,7,6,168,115,1,1,1,2,2,2,2,4378,1774,15998112.0,4688778.0,284678.0,9456771.0,91106.0,50718.0,66.35
cbecs,building_survey,1293,1293,3,2,3200,1,8,1,68,3,1,1,2,2,2,2,2,1251,2044,149150.0,43713.0,7265.0,,,,2990.63
cbecs,building_survey,1294,1294,3,14,98000,2,4,1,45,100,1,1,1,2,2,2,2,1933,3311,3244959.0,951043.0,57472.0,562241.0,5417.0,1990.0,99.04
cbecs,building_survey,1295,1295,3,26,10000,1,3,1,40,4,1,1,1,2,2,2,2,4048,2244,91578.0,26840.0,2127.0,234509.0,2259.0,2054.0,1413.09
cbecs,building_survey,1296,1296,4,14,39000,2,6,1,9,48,1,1,1,2,2,2,2,6782,291,1811573.0,530942.0,52918.0,1811380.0,17451.0,12960.0,386.68
cbecs,building_survey,1297,1297,4,25,65000,1,7,1,105,28,1,1,1,2,2,2,2,2877,2584,6636813.0,1945139.0,135390.0,2197844.0,21174.0,15435.0,105.74
cbecs,building_survey,1298,1298,4,5,1800,1,8,1,12,0,2,2,2,2,2,2,2,2159,1497,,,,,,,3928.53
cbecs,building_survey,1299,1299,4,13,6000,1,5,1,168,1,1,1,1,2,2,2,2,2836,2295,177820.0,52116.0,4014.0,46584.0,449.0,476.0,2934.43
cbecs,building_survey,1300,1300,3,23,95000,2,5,3,55,46,1,1,2,2,2,2,2,3455,1806,5076760.0,1487913.0,127112.0,,,,395.28
cbecs,building_survey,1301,1301,3,12,15000,1,9,1,10,5,1,1,2,2,2,2,2,1813,3312,134006.0,39275.0,3005.0,,,,14.9
cbecs,building_survey,1302,1302,4,23,134000,1,8,8,46,61,1,1,1,2,2,2,2,6119,561,5421331.0,1588901.0,115142.0,2124296.0,20465.0,14823.0,175.02
cbecs,building_survey,1303,1303,1,14,15000,2,7,1,60,2,1,1,1,2,2,2,1,6213,826,337655.0,98961.0,15165.0,208948.0,2013.0,1740.0,1195.68
cbecs,building_survey,1304,1304,3,23,11750,1,4,4,46,11,1,1,2,2,2,2,2,1692,3666,732493.0,214681.0,18975.0,,,,2009.74
cbecs,building_survey,1305,1305,3,5,102000,1,6,30,80,7,1,1,1,2,2,2,2,3040,1998,1919442.0,562556.0,48038.0,11897.0,115.0,211.0,32.47
cbecs,building_survey,1306,1306,4,12,25000,2,7,1,44,10,1,1,1,2,2,2,2,3006,2244,217355.0,63703.0,8802.0,230554.0,2221.0,1495.0,1461.43
cbecs,building_survey,1307,1307,1,2,310000,995,5,16,56,500,1,1,1,1,2,2,2,6271,811,16739910.0,4906187.0,809448.0,15428412.0,148636.0,82142.0,14.9
cbecs,building_survey,1308,1308,2,23,11000,2,4,10,40,16,1,1,1,2,1,2,2,5097,1954,550528.0,161351.0,14724.0,258440.0,2490.0,2225.0,7084.21
cbecs,building_survey,1309,1309,4,11,36000,2,5,1,80,11,1,1,1,1,1,2,2,2185,1143,8505198.0,2492731.0,410208.0,178392.0,1719.0,4139.0,611.8
cbecs,building_survey,1310,1310,3,23,360000,1,7,21,75,314,1,1,1,2,2,2,2,3421,1859,28126569.0,8243426.0,688437.0,27826100.0,268074.0,147345.0,10.71
cbecs,building_survey,1311,1311,2,16,600000,9,4,1,168,250,1,1,1,1,2,1,2,5938,1309,49447133.0,14492126.0,1487343.0,24366968.0,234749.0,130433.0,9.01
cbecs,building_survey,1312,1312,1,5,500000,1,4,3,85,100,1,1,1,1,1,2,2,4794,1814,7907593.0,2317583.0,262822.0,7735635.0,74524.0,68874.0,31.35
cbecs,building_survey,1313,1313,2,2,3700,1,8,1,48,5,1,1,2,2,1,2,2,4822,1654,315723.0,92533.0,8443.0,,,,1195.14
cbecs,building_survey,1314,1314,3,2,190000,995,7,9,40,450,1,1,1,1,2,2,2,5266,1594,10884402.0,3190036.0,450126.0,3338348.0,32161.0,34366.0,8.84
cbecs,building_survey,1315,1315,1,26,3000,1,5,1,57,3,1,1,2,2,2,2,2,4307,1724,46816.0,13721.0,843.0,,,,1408.23
cbecs,building_survey,1316,1316,4,15,20250,4,2,10,50,40,1,1,1,2,2,2,2,6269,309,824837.0,241746.0,22799.0,1214873.0,11704.0,7005.0,9.45
cbecs,building_survey,1317,1317,3,5,1350,1,6,1,84,2,1,1,1,2,2,2,2,3031,2760,91205.0,26731.0,2830.0,88752.0,855.0,461.0,1417.97
cbecs,building_survey,1318,1318,3,2,112000,4,6,1,60,300,1,1,1,2,2,2,2,3263,2062,9205584.0,2698002.0,286134.0,370564.0,3570.0,2185.0,51.49
cbecs,building_survey,1319,1319,3,2,1900,1,8,1,45,4,1,1,2,2,2,2,2,3099,1659,87595.0,25673.0,4197.0,,,,3320.27
cbecs,building_survey,1320,1320,3,14,69000,2,3,1,75,46,1,1,1,2,2,2,2,3464,1461,1375130.0,403028.0,8515.0,2160531.0,20814.0,24104.0,303.46
cbecs,building_survey,1321,1321,4,25,124000,1,7,2,126,80,1,1,1,2,2,2,2,2270,1513,9017664.0,2642926.0,329278.0,1407052.0,13555.0,3841.0,125.92
cbecs,building_survey,1322,1322,2,2,2050,2,6,2,55,4,1,1,1,1,2,2,2,6533,1408,98756.0,28944.0,3505.0,165576.0,1595.0,2072.0,1472.45
cbecs,building_survey,1323,1323,3,2,85000,2,4,1,48,150,1,1,1,1,2,2,2,3183,1773,2115505.0,620019.0,94262.0,55711.0,537.0,589.0,117.32
cbecs,building_survey,1324,1324,3,16,800000,6,7,4,168,1200,1,1,1,1,2,1,2,1230,3141,48676531.0,14266275.0,866419.0,71889582.0,692578.0,809886.0,10.55
cbecs,building_survey,1325,1325,4,18,205000,7,3,1,168,40,1,1,1,2,2,2,2,913,1456,3690619.0,1081659.0,111738.0,7921840.0,76318.0,42487.0,5.66
cbecs,building_survey,1326,1326,1,5,10500,2,5,1,1,4,1,1,2,2,2,2,2,7047,713,299138.0,87672.0,8589.0,,,,3408.99
cbecs,building_survey,1327,1327,4,2,2000,2,4,2,40,3,1,1,2,2,2,2,2,858,1292,102727.0,30108.0,4316.0,,,,3075.23
cbecs,building_survey,1328,1328,2,25,20000,1,6,2,78,12,1,1,1,2,2,2,2,8048,1054,890419.0,260967.0,22703.0,357177.0,3441.0,3007.0,1489.41
cbecs,building_survey,1329,1329,3,2,600000,8,9,1,60,1901,1,1,1,1,2,2,2,4709,1715,17427175.0,5107613.0,209637.0,2702133.0,26032.0,12523.0,6.52
cbecs,building_survey,1330,1330,3,16,120000,2,8,1,168,20,1,1,1,1,2,2,2,3242,2344,14961470.0,4384956.0,221865.0,21222054.0,204451.0,112596.0,76.07
cbecs,building_survey,1331,1331,4,18,240000,995,2,1,168,200,1,1,1,1,2,1,2,2109,73,10695111.0,3134558.0,507107.0,2568934.0,24749.0,18520.0,9.11
cbecs,building_survey,1332,1332,3,26,2000,1,8,1,45,2,1,1,2,2,2,2,2,1002,3495,73314.0,21487.0,1784.0,,,,6659.94
cbecs,building_survey,1333,1333,4,2,168000,4,2,55,80,150,1,1,1,2,2,2,2,7728,69,1064298.0,311928.0,26993.0,5687227.0,54790.0,24829.0,284.4
cbecs,building_survey,1334,1334,4,4,355000,3,2,6,60,325,1,1,1,1,2,2,2,6325,753,20796296.0,6095046.0,439800.0,14488926.0,139585.0,64194.0,7.84
cbecs,building_survey,1335,1335,3,2,35000,3,4,24,45,60,1,1,1,2,2,2,2,2764,2431,1436068.0,420887.0,54562.0,624017.0,6012.0,7551.0,580.45
cbecs,building_survey,1336,1336,1,12,1600,2,2,1,70,3,1,1,2,1,2,2,2,5568,875,40981.0,12011.0,2377.0,,,,2934.43
cbecs,building_survey,1337,1337,2,2,240000,4,5,1,168,950,1,1,1,1,1,2,2,9667,721,23958912.0,7021955.0,481286.0,4542731.0,43764.0,22959.0,48.85
cbecs,building_survey,1338,1338,3,4,142000,4,7,1,70,80,1,1,2,2,2,1,2,4477,1704,8361283.0,2450552.0,191861.0,,,,97.52
cbecs,building_survey,1339,1339,2,8,186000,4,8,3,80,400,1,1,2,2,2,1,2,6111,824,13056890.0,3826756.0,334263.0,,,,52.84
cbecs,building_survey,1340,1340,3,12,6000,2,3,1,15,15,1,1,1,2,2,2,2,5143,1468,84474.0,24758.0,5476.0,6952.0,67.0,465.0,111.04
cbecs,building_survey,1341,1341,1,26,17000,1,4,1,45,4,1,1,2,1,2,2,2,7839,753,66500.0,19490.0,2775.0,,,,2990.63
cbecs,building_survey,1342,1342,2,13,2300,1,7,1,14,0,1,1,2,2,1,2,2,6872,1235,31000.0,9086.0,1204.0,,,,1472.45
cbecs,building_survey,1343,1343,2,5,225000,1,8,1,168,60,1,1,1,2,2,2,2,7664,916,19031644.0,5577856.0,482662.0,7403479.0,71324.0,50667.0,14.9
cbecs,building_survey,1344,1344,4,8,40500,2,8,4,48,92,1,1,1,2,2,2,2,7382,471,4411094.0,1292818.0,100810.0,1418526.0,13666.0,10135.0,126.08
cbecs,building_survey,1345,1345,3,2,475000,994,8,11,56,350,1,1,2,1,2,2,2,4481,1305,17703226.0,5188519.0,558226.0,,,,14.9
cbecs,building_survey,1346,1346,1,1,46000,3,2,0,0,0,1,1,2,2,2,2,2,4897,1117,706891.0,207178.0,32874.0,,,,14.73
cbecs,building_survey,1347,1347,4,5,10500,1,6,1,168,1,1,1,2,2,2,2,2,3404,1949,80304.0,23536.0,2643.0,,,,3356.48
cbecs,building_survey,1348,1348,4,7,13250,1,8,1,168,7,1,1,1,1,2,2,2,5411,1190,371338.0,108833.0,8662.0,862662.0,8311.0,6766.0,1693.56
cbecs,building_survey,1349,1349,1,2,49000,6,2,13,168,180,1,1,1,2,2,2,2,6410,784,6769515.0,1984031.0,181825.0,1222534.0,11778.0,7830.0,875.66
cbecs,building_survey,1350,1350,2,7,4800,1,6,2,168,4,1,1,2,2,1,2,2,7135,573,218904.0,64157.0,4589.0,,,,4468.96
cbecs,building_survey,1351,1351,2,6,49000,1,5,2,168,30,1,1,1,2,2,2,2,6638,1128,9936248.0,2912148.0,295319.0,3530116.0,34009.0,30108.0,611.8
cbecs,building_survey,1352,1352,4,14,1200,1,7,1,25,4,1,1,2,2,2,2,2,1862,1643,59533.0,17448.0,2682.0,,,,4384.99
cbecs,building_survey,1353,1353,2,2,33500,1,5,1,40,35,1,1,1,2,2,2,2,5783,1183,767015.0,224799.0,27049.0,1539621.0,14833.0,4265.0,611.8
cbecs,building_survey,1354,1354,3,13,25000,1,2,1,6,3,1,1,2,2,2,2,2,3699,2193,1147283.0,336249.0,20893.0,,,,2990.63
cbecs,building_survey,1355,1355,3,91,1000000,3,6,2,168,600,1,1,1,2,2,2,2,1559,3148,10616068.0,3111392.0,293007.0,2476387.0,23857.0,14690.0,14.9
cbecs,building_survey,1356,1356,3,16,400000,4,7,2,168,650,1,1,1,1,2,2,2,3329,2445,55411692.0,16240238.0,978696.0,55010192.0,529963.0,414800.0,10.07
cbecs,building_survey,1357,1357,2,14,78000,1,7,1,80,50,1,1,1,1,2,2,2,6510,905,1600779.0,469161.0,58844.0,2760690.0,26596.0,17474.0,330.8
cbecs,building_survey,1358,1358,1,23,225000,2,4,20,58,312,1,1,1,2,2,2,2,5074,1242,11727018.0,3436992.0,310043.0,16252398.0,156574.0,87773.0,175.02
cbecs,building_survey,1359,1359,3,5,63000,1,6,6,40,50,1,1,2,2,1,2,2,1976,3741,1629765.0,477657.0,40758.0,,,,310.59
cbecs,building_survey,1360,1360,4,13,11250,2,3,1,60,0,1,1,1,2,2,2,2,5364,895,183032.0,53644.0,5769.0,730131.0,7034.0,5633.0,603.25
cbecs,building_survey,1361,1361,2,18,134000,6,3,1,168,35,1,1,1,2,2,2,2,6538,902,3310969.0,970390.0,114114.0,7229955.0,69653.0,42774.0,137.69
cbecs,building_survey,1362,1362,4,2,215000,6,6,18,55,520,1,1,1,2,2,2,2,1108,1022,8042373.0,2357085.0,432281.0,5560483.0,53569.0,34745.0,140.37
cbecs,building_survey,1363,1363,2,25,205000,1,7,4,168,150,1,1,1,2,2,2,2,6518,725,15027546.0,4404322.0,373848.0,7502031.0,72274.0,42651.0,16.83
cbecs,building_survey,1364,1364,4,23,108000,1,6,8,65,56,1,1,1,2,2,2,2,6279,408,4821147.0,1412997.0,176547.0,7585730.0,73080.0,41322.0,395.28
cbecs,building_survey,1365,1365,3,15,8000,1,9,1,70,8,1,1,1,2,2,2,2,4662,1665,762885.0,223589.0,23825.0,1528212.0,14723.0,11372.0,1218.03
cbecs,building_survey,1366,1366,4,26,7800,2,9,1,48,7,1,1,2,2,2,2,2,5140,824,321013.0,94084.0,3188.0,,,,2934.43
cbecs,building_survey,1367,1367,4,2,4900,1,6,1,50,8,1,1,1,2,2,2,2,2046,1179,70590.0,20689.0,5076.0,78101.0,752.0,1767.0,3075.23
cbecs,building_survey,1368,1368,3,12,1200,1,5,1,12,0,1,1,2,2,1,2,2,1324,3230,13418.0,3933.0,540.0,,,,2990.63
cbecs,building_survey,1369,1369,2,14,600000,3,7,1,112,350,1,1,1,2,2,2,2,7108,580,22197504.0,6505716.0,562077.0,6364024.0,61310.0,22667.0,10.55
cbecs,building_survey,1370,1370,3,14,325000,3,8,1,45,100,1,1,1,2,2,2,2,2132,3136,8357199.0,2449355.0,147699.0,2912187.0,28056.0,19527.0,9.01
cbecs,building_survey,1371,1371,2,13,48000,2,9,1,60,30,1,1,1,2,2,2,2,5710,1224,1694591.0,496656.0,49088.0,1553221.0,14964.0,9204.0,1531.55
cbecs,building_survey,1372,1372,3,13,800000,7,5,2,56,150,1,1,1,1,2,1,2,4311,1799,24892209.0,7295489.0,621748.0,12304081.0,118536.0,64507.0,6.52
cbecs,building_survey,1373,1373,3,18,71000,2,8,1,168,20,1,1,1,2,2,2,2,2962,2544,4295423.0,1258916.0,88646.0,1440038.0,13873.0,12290.0,99.04
cbecs,building_survey,1374,1374,4,5,114000,1,6,1,65,60,1,1,2,2,2,2,2,1119,1757,2406028.0,705166.0,123171.0,,,,52.14
cbecs,building_survey,1375,1375,2,4,275000,5,3,1,168,110,1,1,2,1,2,1,2,6839,1072,16477960.0,4829414.0,245336.0,,,,55.51
cbecs,building_survey,1376,1376,2,17,35000,1,4,1,168,15,1,1,1,1,2,2,2,8028,732,3051660.0,894390.0,80297.0,4099774.0,39497.0,23676.0,460.21
cbecs,building_survey,1377,1377,2,26,340000,1,5,10,40,2,1,1,2,2,2,2,2,7640,546,2132553.0,625016.0,65745.0,,,,233.37
cbecs,building_survey,1378,1378,3,1,2800,1,2,1,40,1,1,1,2,2,2,2,2,1260,3269,24593.0,7208.0,1383.0,,,,2990.63
cbecs,building_survey,1379,1379,2,6,24500,1,7,1,84,10,1,1,1,2,2,2,2,5613,1521,3986602.0,1168406.0,141209.0,2028426.0,19542.0,13812.0,1528.27
cbecs,building_survey,1380,1380,3,14,15000,2,8,3,68,17,1,1,1,2,2,2,2,1540,3065,852798.0,249941.0,15754.0,495456.0,4773.0,4012.0,504.63
cbecs,building_survey,1381,1381,1,14,128000,2,5,1,40,60,1,1,2,1,1,2,2,5030,1304,3976383.0,1165411.0,89265.0,,,,288.37
cbecs,building_survey,1382,1382,3,4,245000,2,9,1,168,450,1,1,1,2,2,2,2,2898,3352,22847600.0,6696249.0,284400.0,17045236.0,164212.0,81922.0,16.58
cbecs,building_survey,1383,1383,4,25,215000,1,7,5,168,150,1,1,1,2,2,2,2,4834,495,14517858.0,4254941.0,546502.0,3902021.0,37592.0,35459.0,15.08
cbecs,building_survey,1384,1384,3,12,1850,1,7,1,7,3,1,1,1,2,2,2,2,3224,2679,9490.0,2781.0,582.0,31849.0,307.0,389.0,2990.63
cbecs,building_survey,1385,1385,3,2,14750,2,6,1,72,52,1,1,1,2,2,2,2,2214,3300,650933.0,190778.0,13257.0,201426.0,1941.0,3779.0,690.18
cbecs,building_survey,1386,1386,3,13,9800,1,8,1,90,1,1,1,2,2,2,2,2,1540,3008,1632582.0,478482.0,47777.0,,,,621.37
cbecs,building_survey,1387,1387,2,25,36000,1,7,1,82,14,1,1,1,2,2,2,2,6394,1281,1433858.0,420240.0,51481.0,936863.0,9026.0,2112.0,1528.27
cbecs,building_survey,1388,1388,2,12,25000,2,5,1,90,15,1,1,1,2,2,2,2,5845,1662,1076396.0,315474.0,27763.0,574322.0,5533.0,4489.0,591.56
cbecs,building_survey,1389,1389,2,91,2400,1,7,1,168,0,1,1,2,2,2,2,2,7614,638,126506.0,37077.0,5359.0,,,,1265.79
cbecs,building_survey,1390,1390,3,1,2400,1,6,0,0,0,1,1,2,2,2,2,2,2784,3099,3915.0,1147.0,264.0,,,,2990.63
cbecs,building_survey,1391,1391,1,2,425000,994,7,1,84,1500,1,1,1,1,2,2,2,7417,689,17157585.0,5028601.0,389419.0,25349768.0,244217.0,134753.0,14.9
cbecs,building_survey,1392,1392,2,5,1800000,8,2,6,168,52,1,1,1,2,2,2,2,5929,1891,10404133.0,3049277.0,332778.0,5306380.0,51121.0,33546.0,27.6
cbecs,building_survey,1393,1393,3,12,8000,2,3,1,8,5,1,1,1,2,2,2,2,3293,2445,115595.0,33879.0,4392.0,269655.0,2598.0,2676.0,2990.63
cbecs,building_survey,1394,1394,4,13,198000,5,8,1,104,54,1,1,2,1,2,2,1,5152,1447,6804048.0,1994152.0,141366.0,,,,8.44
cbecs,building_survey,1395,1395,3,4,78000,4,8,1,70,60,1,1,1,2,2,1,2,4313,1520,9362117.0,2743880.0,207164.0,1091224.0,10513.0,9681.0,324.59
cbecs,building_survey,1396,1396,4,2,1000000,995,7,26,40,1600,1,1,2,1,2,2,2,680,1219,38298272.0,11224581.0,1877010.0,,,,9.11
cbecs,building_survey,1397,1397,4,2,9000,1,6,1,40,50,1,1,1,2,2,2,2,1878,880,211388.0,61954.0,15073.0,149681.0,1442.0,1844.0,1399.59
cbecs,building_survey,1398,1398,4,2,13500,4,6,4,60,70,1,1,1,2,2,2,2,5673,982,1794674.0,525989.0,41745.0,93726.0,903.0,456.0,611.8
cbecs,building_survey,1399,1399,1,5,39000,3,2,1,100,135,1,1,1,2,2,2,2,4897,1348,1760245.0,515898.0,92617.0,1639406.0,15794.0,12952.0,224.76
cbecs,building_survey,1400,1400,3,13,465000,7,5,1,168,50,1,1,1,2,2,2,2,4644,1711,15721320.0,4607655.0,656711.0,15125548.0,145718.0,147081.0,5.52
cbecs,building_survey,1401,1401,1,2,50000,1,8,1,40,35,1,1,1,2,2,2,2,7640,704,597251.0,175044.0,16544.0,1099744.0,10595.0,8796.0,117.32
cbecs,building_survey,1402,1402,1,16,295000,994,5,1,168,300,1,1,1,1,2,1,2,5251,1021,26225534.0,7686264.0,1140270.0,1326243.0,12777.0,14407.0,9.92
cbecs,building_survey,1403,1403,2,8,255000,4,7,2,168,300,1,1,1,1,2,1,2,6199,910,22534807.0,6604574.0,507240.0,6830875.0,65808.0,37164.0,8.85
cbecs,building_survey,1404,1404,4,2,485000,995,4,25,61,3000,1,1,1,1,2,2,2,969,1078,24483435.0,7175684.0,1297829.0,13099278.0,126197.0,85520.0,15.06
cbecs,building_survey,1405,1405,3,14,25000,1,6,1,50,19,1,1,2,2,2,2,2,1057,3293,532283.0,156003.0,16058.0,,,,1489.41
cbecs,building_survey,1406,1406,2,5,3600,1,8,1,112,0,2,2,2,2,2,2,2,5760,1550,,,,,,,10597.95
cbecs,building_survey,1407,1407,3,5,300000,1,8,3,168,175,1,1,2,2,1,2,2,4824,1508,9169561.0,2687445.0,233648.0,,,,32.47
cbecs,building_survey,1408,1408,4,6,2350,1,4,1,168,3,1,1,1,2,2,2,2,2028,1523,305454.0,89523.0,12103.0,229936.0,2215.0,2038.0,1265.79
cbecs,building_survey,1409,1409,3,6,3000,1,9,1,168,2,1,1,1,2,2,2,2,1736,3168,597640.0,175158.0,17169.0,30187.0,291.0,394.0,2990.63
cbecs,building_survey,1410,1410,3,15,1250,1,7,1,28,6,1,1,2,2,2,2,2,4644,1746,97801.0,28664.0,2596.0,,,,1500.65
cbecs,building_survey,1411,1411,1,18,14250,2,4,1,168,17,1,1,1,2,2,2,2,6347,737,350748.0,102798.0,9972.0,1485218.0,14308.0,10142.0,504.63
cbecs,building_survey,1412,1412,1,26,20000,3,3,1,54,30,1,1,1,2,2,2,2,4299,1080,469069.0,137476.0,16675.0,456470.0,4398.0,3804.0,1484.29
cbecs,building_survey,1413,1413,4,26,4500,1,7,1,168,4,1,1,2,2,2,2,2,7135,111,64652.0,18948.0,1350.0,,,,3075.23
cbecs,building_survey,1414,1414,3,5,900000,3,8,6,120,180,1,1,1,1,1,2,2,1752,2803,41651038.0,12207221.0,1475153.0,752313.0,7248.0,8024.0,32.47
cbecs,building_survey,1415,1415,2,8,25000,1,8,1,40,5,1,1,1,1,2,2,2,5994,1433,1868782.0,547709.0,46892.0,589700.0,5681.0,5401.0,1265.79
cbecs,building_survey,1416,1416,1,8,110000,2,3,1,72,220,1,1,1,2,2,1,2,4259,1457,5204233.0,1525273.0,137727.0,8687501.0,83695.0,79613.0,82.08
cbecs,building_survey,1417,1417,3,13,250000,6,8,3,106,70,1,1,1,1,2,2,1,1240,3629,1801209.0,527904.0,32157.0,7397453.0,71266.0,55396.0,58.26
cbecs,building_survey,1418,1418,3,2,2450,1,7,1,53,4,1,1,2,2,2,2,2,2452,2885,82404.0,24151.0,3217.0,,,,2990.63
cbecs,building_survey,1419,1419,2,13,1500,1,5,2,0,2,1,1,2,2,2,2,2,5316,1665,26419.0,7743.0,947.0,,,,8544.65
cbecs,building_survey,1420,1420,3,5,150000,1,9,1,80,12,1,1,1,2,2,2,2,3649,2353,1519853.0,445443.0,52124.0,1041381.0,10033.0,11084.0,48.1
cbecs,building_survey,1421,1421,3,4,265000,7,7,27,168,150,1,1,1,1,2,1,2,4456,1908,33296526.0,9758654.0,806617.0,10480.0,101.0,60.0,8.84
cbecs,building_survey,1422,1422,3,16,1700000,8,4,1,168,500,1,1,1,1,2,1,2,3079,2266,100115697.0,29342232.0,2403277.0,16991844.0,163698.0,88893.0,9.54
cbecs,building_survey,1423,1423,3,12,82000,2,8,1,60,20,1,1,1,2,2,2,2,2648,2267,2168701.0,635610.0,86166.0,666707.0,6423.0,8238.0,117.32
cbecs,building_survey,1424,1424,4,14,110000,2,3,1,50,75,1,1,1,2,2,2,2,2893,2287,2186329.0,640776.0,56877.0,1242403.0,11969.0,9208.0,97.52
cbecs,building_survey,1425,1425,4,18,500001,995,5,25,168,1800,1,1,1,1,2,1,2,1479,4954,47800668.0,14009574.0,1013505.0,51164479.0,492914.0,224991.0,14.67
cbecs,building_survey,1426,1426,3,18,295000,994,8,1,168,200,1,1,1,1,2,2,2,3684,1983,15774925.0,4623366.0,395847.0,24674012.0,237707.0,196350.0,8.84
cbecs,building_survey,1427,1427,3,14,64000,3,4,1,40,40,1,1,1,2,2,2,2,4110,1674,1817640.0,532720.0,47023.0,1074760.0,10354.0,10208.0,431.11
cbecs,building_survey,1428,1428,2,26,5000,1,9,1,50,3,1,1,1,2,2,2,2,5820,1088,87108.0,25530.0,4041.0,295126.0,2843.0,2466.0,3075.23
cbecs,building_survey,1429,1429,4,16,600000,8,5,1,168,500,1,1,1,1,2,1,2,5113,1180,66998601.0,19636167.0,1391590.0,120617071.0,1162014.0,548256.0,10.37
cbecs,building_survey,1430,1430,3,2,130000,994,6,28,45,300,1,1,2,1,2,2,2,1662,4047,10113745.0,2964169.0,250789.0,,,,9.01
cbecs,building_survey,1431,1431,3,18,50000,5,8,1,168,8,1,1,2,2,1,2,2,5421,1204,4445021.0,1302761.0,113252.0,,,,17.27
cbecs,building_survey,1432,1432,1,14,142000,2,4,1,40,107,1,1,1,2,2,2,2,4399,1196,2540731.0,744646.0,94408.0,6556921.0,63169.0,34203.0,303.46
cbecs,building_survey,1433,1433,4,2,52000,7,4,8,65,150,1,1,1,2,2,2,2,6288,856,2444486.0,716438.0,53291.0,1130763.0,10894.0,6938.0,240.4
cbecs,building_survey,1434,1434,2,2,60000,3,2,1,55,12,1,1,1,2,2,2,2,5920,1444,1032362.0,302568.0,26226.0,1226035.0,11812.0,10005.0,1748.0
cbecs,building_survey,1435,1435,3,25,15000,1,3,1,168,2,1,1,1,2,2,2,2,4965,1800,284395.0,83351.0,8772.0,98062.0,945.0,1627.0,587.89
cbecs,building_survey,1436,1436,2,14,210000,3,6,1,75,150,1,1,1,2,2,2,2,7355,921,6521401.0,1911313.0,206071.0,4810650.0,46345.0,32364.0,9.01
cbecs,building_survey,1437,1437,2,2,60000,5,2,10,105,60,1,1,1,2,2,2,2,5231,1319,2278793.0,667876.0,58360.0,1509889.0,14546.0,10075.0,227.11
cbecs,building_survey,1438,1438,3,4,188000,4,7,1,40,170,1,1,1,2,2,2,2,4682,1484,8629026.0,2529023.0,106002.0,6881351.0,66294.0,54526.0,224.76
cbecs,building_survey,1439,1439,1,2,170000,4,7,6,70,390,1,1,2,1,2,2,2,4513,1356,8213608.0,2407271.0,311291.0,,,,137.69
cbecs,building_survey,1440,1440,3,5,86000,3,8,1,112,1,1,1,1,2,2,2,2,3545,2048,2789049.0,817424.0,69525.0,1980387.0,19079.0,15818.0,580.91
cbecs,building_survey,1441,1441,3,5,4800,2,7,1,0,0,1,1,2,2,2,2,2,1258,3300,24206.0,7094.0,688.0,,,,6534.79
cbecs,building_survey,1442,1442,3,14,94000,1,8,1,50,85,1,1,1,2,2,2,2,2679,2229,2415215.0,707859.0,53954.0,698278.0,6727.0,7735.0,288.37
cbecs,building_survey,1443,1443,2,14,40000,1,5,1,48,8,1,1,1,2,2,2,2,5508,1742,1497694.0,438949.0,30169.0,2259654.0,21769.0,18209.0,504.63
cbecs,building_survey,1444,1444,1,8,235000,6,4,1,168,450,1,1,1,1,2,2,2,6921,619,22135524.0,6487551.0,677230.0,4363138.0,42034.0,23297.0,50.29
cbecs,building_survey,1445,1445,2,13,50000,4,2,1,80,30,1,1,1,2,1,2,2,5973,961,1713368.0,502159.0,43132.0,407357.0,3924.0,2470.0,15.06
cbecs,building_survey,1446,1446,4,2,75000,8,4,7,80,90,1,1,1,2,2,2,2,7270,334,3464973.0,1015525.0,145867.0,2132483.0,20544.0,15140.0,58.26
cbecs,building_survey,1447,1447,3,2,198000,6,7,3,168,650,1,1,2,1,2,2,2,3105,2855,18139607.0,5316415.0,359774.0,,,,137.69
cbecs,building_survey,1448,1448,3,5,800000,1,9,1,120,250,1,1,1,2,2,2,2,3570,2068,9056190.0,2654217.0,190186.0,5775704.0,55643.0,51399.0,14.9
cbecs,building_survey,1449,1449,3,13,17000,1,8,1,50,7,1,1,1,2,2,2,2,4351,2051,501027.0,146843.0,24570.0,327068.0,3151.0,3944.0,2028.24
cbecs,building_survey,1450,1450,2,7,6400,1,8,1,16,2,1,1,1,2,2,2,2,5681,1416,56550.0,16574.0,2030.0,311596.0,3002.0,2872.0,2050.06
cbecs,building_survey,1451,1451,3,12,10000,1,4,1,10,0,1,1,1,2,2,2,2,2310,2916,268442.0,78676.0,4382.0,86051.0,829.0,595.0,2990.63
cbecs,building_survey,1452,1452,2,14,500001,3,5,2,85,450,1,1,1,2,2,2,2,6859,590,22235152.0,6516750.0,570420.0,26528618.0,255574.0,124354.0,10.55
cbecs,building_survey,1453,1453,2,5,480000,1,9,1,24,65,1,1,1,2,1,2,2,6622,1070,5653236.0,1656869.0,199038.0,7012663.0,67559.0,39578.0,66.72
cbecs,building_survey,1454,1454,4,26,4200,2,6,1,69,12,1,1,1,2,2,2,2,5184,877,24295.0,7120.0,700.0,49760.0,479.0,263.0,2990.63
cbecs,building_survey,1455,1455,3,13,38000,1,5,1,56,10,1,1,2,2,2,2,2,3897,1921,3394007.0,994727.0,60268.0,,,,1690.18
cbecs,building_survey,1456,1456,4,5,34000,1,7,1,126,70,1,1,2,1,2,2,2,4080,1650,1017088.0,298091.0,23740.0,,,,1489.41
cbecs,building_survey,1457,1457,1,7,900000,9,2,4,120,500,1,1,1,1,2,2,2,4406,1578,42678854.0,12508457.0,1163148.0,20556826.0,198043.0,179920.0,7.84
cbecs,building_survey,1458,1458,2,14,68000,1,8,1,60,40,1,1,1,2,2,2,2,5498,1323,2092410.0,613250.0,78385.0,1585418.0,15274.0,12766.0,100.08
cbecs,building_survey,1459,1459,4,18,73000,4,9,1,168,15,1,1,1,2,2,2,2,6926,367,3069806.0,899709.0,75040.0,4216196.0,40618.0,20341.0,324.59
cbecs,building_survey,1460,1460,2,26,1500,1,7,1,5,0,1,1,2,2,2,2,2,4700,1633,43782.0,12832.0,1556.0,,,,6534.79
cbecs,building_survey,1461,1461,2,18,500001,995,2,5,168,75,1,1,1,1,2,2,2,7750,895,29532770.0,8655560.0,722679.0,24753291.0,238471.0,162333.0,9.11
cbecs,building_survey,1462,1462,1,4,325000,994,3,1,168,450,1,1,1,1,2,1,2,5418,1447,43115610.0,12636462.0,1474072.0,499.0,5.0,378.0,13.73
cbecs,building_survey,1463,1463,1,2,32500,3,6,3,50,55,1,1,2,1,2,2,2,4984,1454,1127588.0,330477.0,41841.0,,,,589.53
cbecs,building_survey,1464,1464,3,13,4950,1,6,1,12,0,1,1,2,2,2,2,2,1649,2685,311578.0,91318.0,8319.0,,,,2990.63
cbecs,building_survey,1465,1465,2,12,32500,2,4,1,65,5,1,1,1,2,2,2,2,7883,669,399702.0,117146.0,17594.0,1336660.0,12877.0,9201.0,621.37
cbecs,building_survey,1466,1466,1,14,176000,3,8,1,60,130,1,1,1,2,2,2,2,6375,1076,4708893.0,1380098.0,171136.0,6801027.0,65520.0,62800.0,44.64
cbecs,building_survey,1467,1467,3,14,110000,4,5,1,70,25,1,1,1,2,2,1,2,4413,1619,2760748.0,809129.0,67586.0,922043.0,8883.0,7561.0,97.52
cbecs,building_survey,1468,1468,1,14,225000,3,3,1,80,200,1,1,1,1,2,2,2,5211,675,8722850.0,2556521.0,377770.0,13703106.0,132015.0,45475.0,8.95
cbecs,building_survey,1469,1469,2,16,600000,8,8,1,168,1295,1,1,1,1,2,2,2,4444,2028,60107532.0,17616510.0,2108216.0,88440477.0,852028.0,542064.0,10.07
cbecs,building_survey,1470,1470,1,26,1600,1,5,1,126,1,1,1,1,2,2,2,2,8247,740,114524.0,33565.0,3623.0,732134.0,7053.0,5901.0,1218.03
cbecs,building_survey,1471,1471,3,5,500000,1,4,2,80,120,1,1,1,2,2,2,2,3100,2377,8800156.0,2579178.0,179136.0,4589405.0,44214.0,33222.0,14.9
cbecs,building_survey,1472,1472,4,2,245000,995,5,41,148,350,1,1,1,1,2,2,2,928,1291,9534077.0,2794278.0,511211.0,925457.0,8916.0,6878.0,15.06
cbecs,building_survey,1473,1473,1,14,65000,2,3,1,50,100,1,1,1,2,2,2,2,4994,1011,1494287.0,437950.0,64931.0,2746356.0,26458.0,14882.0,97.52
cbecs,building_survey,1474,1474,1,18,1500,1,4,1,168,1,1,1,2,2,2,2,2,6473,614,165840.0,48605.0,5032.0,,,,2990.63
cbecs,building_survey,1475,1475,1,14,148000,4,2,1,80,200,1,1,1,2,2,2,2,4762,1461,2247007.0,658560.0,65971.0,7147035.0,68854.0,32056.0,97.52
cbecs,building_survey,1476,1476,3,5,1700000,2,5,9,60,130,1,1,1,2,2,2,2,2770,2810,12736241.0,3732779.0,263488.0,5793050.0,55810.0,31409.0,4.35
cbecs,building_survey,1477,1477,3,25,78000,1,2,4,54,10,1,1,1,2,2,2,2,3668,2446,1161783.0,340499.0,32738.0,643012.0,6195.0,6556.0,591.56
cbecs,building_survey,1478,1478,2,14,132000,3,4,1,55,30,1,1,1,2,2,2,2,6442,1620,9840144.0,2883981.0,259658.0,8066588.0,77713.0,43179.0,99.04
cbecs,building_survey,1479,1479,1,15,5000,3,2,1,105,16,1,1,1,2,2,2,2,5489,888,707511.0,207360.0,25932.0,1616256.0,15571.0,14695.0,1195.14
cbecs,building_survey,1480,1480,3,18,500000,8,8,2,168,71,1,1,1,2,2,2,2,1436,3238,24813814.0,7272513.0,630224.0,4431495.0,42693.0,15234.0,8.84
cbecs,building_survey,1481,1481,3,2,345000,994,6,1,55,800,1,1,2,1,2,2,2,5097,1703,14615469.0,4283549.0,367405.0,,,,6.52
cbecs,building_survey,1482,1482,4,2,67000,4,9,2,71,300,1,1,1,2,2,2,2,4252,1505,3797404.0,1112955.0,87827.0,431539.0,4157.0,3151.0,123.56
cbecs,building_survey,1483,1483,4,13,9000,1,3,1,76,3,1,1,1,2,2,2,2,1197,908,379463.0,111214.0,14587.0,361925.0,3487.0,3098.0,3075.23
cbecs,building_survey,1484,1484,4,5,1001,1,6,1,40,6,1,1,1,2,2,2,2,5299,1408,120365.0,35277.0,3627.0,45615.0,439.0,474.0,1218.03
cbecs,building_survey,1485,1485,3,16,350000,3,7,3,168,125,1,1,1,1,2,2,2,4547,1812,23760253.0,6963732.0,588369.0,32897739.0,316934.0,175694.0,15.85
cbecs,building_survey,1486,1486,4,2,2950,1,7,1,50,12,1,1,1,2,2,2,2,7229,381,65427.0,19176.0,2094.0,80990.0,780.0,639.0,8.84
cbecs,building_survey,1487,1487,2,14,77000,2,4,1,60,85,1,1,1,1,2,2,2,8308,750,2208874.0,647384.0,69472.0,6475279.0,62382.0,36277.0,113.13
cbecs,building_survey,1488,1488,2,5,800000,1,9,1,112,200,1,1,1,1,1,2,2,5605,1203,9994928.0,2929346.0,383784.0,21958250.0,211544.0,118151.0,81.71
cbecs,building_survey,1489,1489,3,8,42500,2,8,1,45,96,1,1,1,1,2,2,2,3100,2039,3291164.0,964585.0,89686.0,2990648.0,28812.0,32654.0,116.06
cbecs,building_survey,1490,1490,3,25,1200,1,6,2,66,2,1,1,1,2,2,2,2,1596,2525,249168.0,73027.0,10188.0,29997.0,289.0,386.0,1218.03
cbecs,building_survey,1491,1491,1,2,66000,2,5,1,40,18,1,1,2,2,2,1,2,8227,773,2011650.0,589581.0,58336.0,,,,116.06
cbecs,building_survey,1492,1492,1,26,8000,2,6,2,96,8,1,1,2,2,2,2,2,7401,739,847801.0,248476.0,37352.0,,,,2934.43
cbecs,building_survey,1493,1493,2,14,350000,3,8,1,60,100,1,1,1,1,2,2,2,7485,882,4371704.0,1281273.0,261817.0,11853634.0,114197.0,69421.0,8.84
cbecs,building_survey,1494,1494,3,2,194000,994,5,100,55,400,1,1,2,2,2,2,2,2033,3282,15817399.0,4635814.0,96224.0,,,,14.9
cbecs,building_survey,1495,1495,1,5,5100,1,6,1,50,0,2,2,2,2,2,2,2,6481,892,,,,,,,6659.94
cbecs,building_survey,1496,1496,4,14,20000,2,8,1,45,16,1,1,1,2,2,2,2,2489,1245,969884.0,284257.0,62906.0,255974.0,2466.0,2646.0,1399.59
cbecs,building_survey,1497,1497,4,2,16000,1,3,1,40,10,1,1,1,2,2,2,2,5338,1467,364451.0,106814.0,9983.0,567172.0,5464.0,4695.0,429.63
cbecs,building_survey,1498,1498,3,5,24500,1,6,2,30,1,1,1,2,2,2,2,2,3039,1765,335081.0,98207.0,8959.0,,,,4501.94
cbecs,building_survey,1499,1499,3,2,160000,2,6,6,168,426,1,1,1,2,2,2,2,4776,1311,12890204.0,3777903.0,410327.0,676569.0,6518.0,5962.0,48.85
cbecs,building_survey,1500,1500,2,23,12750,1,8,6,75,20,1,1,1,2,2,2,2,7823,556,925891.0,271363.0,24021.0,1485600.0,14312.0,11770.0,2009.74
cbecs,building_survey,1501,1501,3,5,63000,2,7,3,56,30,1,1,2,2,2,1,2,1415,2597,1078884.0,316203.0,31269.0,,,,117.32
cbecs,building_survey,1502,1502,3,2,300000,994,8,7,50,1000,1,1,1,1,2,2,2,4591,1426,27415852.0,8035127.0,678240.0,681804.0,6568.0,5442.0,14.9
cbecs,building_survey,1503,1503,3,5,8000,1,6,1,24,0,1,1,1,2,2,2,2,4010,2116,27340.0,8013.0,1431.0,173281.0,1669.0,1497.0,6659.94
cbecs,building_survey,1504,1504,4,14,106000,2,4,1,50,50,1,1,1,2,2,2,2,5340,471,2410430.0,706457.0,50689.0,4900432.0,47210.0,23789.0,99.04
cbecs,building_survey,1505,1505,2,26,20000,1,8,1,168,30,1,1,1,2,2,2,2,5018,1772,836880.0,245275.0,30784.0,1385608.0,13349.0,11197.0,846.62
cbecs,building_survey,1506,1506,2,26,5000,1,4,1,35,2,1,1,2,2,2,2,2,7113,882,21686.0,6356.0,1026.0,,,,6921.06
cbecs,building_survey,1507,1507,4,14,134000,5,9,1,112,100,1,1,2,2,2,1,2,784,1217,3016368.0,884047.0,86545.0,,,,100.08
cbecs,building_survey,1508,1508,4,8,120000,3,8,3,60,220,1,1,1,2,2,2,2,845,1363,6946311.0,2035847.0,370622.0,3580817.0,34497.0,28847.0,9.16
cbecs,building_survey,1509,1509,1,18,310000,995,5,1,168,30,1,1,2,2,2,1,2,4016,1517,5890254.0,1726335.0,135962.0,,,,6.63
cbecs,building_survey,1510,1510,3,2,36000,3,6,16,60,130,1,1,2,2,2,2,2,5415,1070,3794184.0,1112012.0,91208.0,,,,14.9
cbecs,building_survey,1511,1511,3,2,9900,1,5,1,40,6,1,1,1,2,2,2,2,3020,2253,201811.0,59147.0,5532.0,232223.0,2237.0,2019.0,2990.63
cbecs,building_survey,1512,1512,3,2,43000,4,8,1,40,80,1,1,1,2,2,2,2,3876,1669,4419014.0,1295139.0,91815.0,658508.0,6344.0,5475.0,246.59
cbecs,building_survey,1513,1513,1,2,350000,994,2,1,168,500,1,1,1,1,2,2,2,5838,1371,20280488.0,5943871.0,1046335.0,9681881.0,93274.0,94536.0,58.26
cbecs,building_survey,1514,1514,1,16,380000,6,6,3,168,220,1,1,1,1,2,1,2,5300,1285,25315193.0,7419459.0,461850.0,19714442.0,189927.0,103125.0,10.07
cbecs,building_survey,1515,1515,2,14,134000,2,8,1,39,80,1,1,1,2,2,2,2,4870,1578,3422224.0,1002996.0,99337.0,4242799.0,40875.0,22767.0,60.22
cbecs,building_survey,1516,1516,3,14,130000,1,6,1,50,65,1,1,1,2,2,2,2,1376,3251,5511568.0,1615348.0,140595.0,126168.0,1215.0,1679.0,99.38
cbecs,building_survey,1517,1517,2,2,255000,4,2,2,102,200,1,1,1,2,2,1,1,6578,1156,6453308.0,1891356.0,166336.0,87572.0,844.0,399.0,45.1
cbecs,building_survey,1518,1518,3,12,59000,5,4,1,168,10,1,1,1,2,2,2,2,4247,1598,1419688.0,416087.0,60673.0,3264015.0,31445.0,31761.0,137.69
cbecs,building_survey,1519,1519,1,5,1000000,3,8,1,168,120,1,1,1,1,1,2,2,6760,930,25348468.0,7429211.0,1084880.0,17078797.0,164536.0,170937.0,14.73
cbecs,building_survey,1520,1520,3,25,210000,1,8,5,126,150,1,1,1,2,2,2,2,1584,3054,19801858.0,5803593.0,516650.0,2021875.0,19479.0,7506.0,9.07
cbecs,building_survey,1521,1521,3,26,5000,1,3,1,98,1,1,1,1,2,2,2,2,3796,2075,174433.0,51123.0,5135.0,175876.0,1694.0,1598.0,1218.03
cbecs,building_survey,1522,1522,1,13,78000,3,2,1,70,25,1,1,1,1,2,2,2,7663,671,1299875.0,380972.0,42575.0,7197993.0,69345.0,40438.0,117.32
cbecs,building_survey,1523,1523,4,7,215000,5,6,2,168,230,1,1,2,1,2,2,1,2366,796,10902423.0,3195317.0,405079.0,,,,12.36
cbecs,building_survey,1524,1524,1,14,138000,4,7,1,105,30,1,1,1,2,2,2,2,6209,814,4528923.0,1327351.0,123112.0,3688129.0,35531.0,14180.0,10.22
cbecs,building_survey,1525,1525,4,2,250000,5,6,5,70,247,1,1,1,1,2,2,2,5053,872,4510392.0,1321920.0,113360.0,5170263.0,49810.0,23441.0,8.76
cbecs,building_survey,1526,1526,2,23,30000,1,4,8,88,22,1,1,1,2,2,2,2,5947,1250,2216904.0,649737.0,57356.0,2371433.0,22846.0,19151.0,841.34
cbecs,building_survey,1527,1527,3,91,350000,2,5,2,168,100,1,1,1,2,2,2,2,1712,3704,15414927.0,4517857.0,379655.0,1779036.0,17139.0,14310.0,66.03
cbecs,building_survey,1528,1528,2,5,2000,1,7,1,0,0,1,1,1,2,2,2,2,8707,637,66034.0,19353.0,2180.0,128361.0,1237.0,989.0,3075.23
cbecs,building_survey,1529,1529,4,15,3500,4,5,1,65,6,1,1,1,2,2,2,2,1366,3840,403360.0,118218.0,11961.0,429619.0,4139.0,4234.0,1195.14
cbecs,building_survey,1530,1530,4,91,3000,1,6,1,0,0,2,2,2,2,2,2,2,3307,2145,,,,,,,1195.14
cbecs,building_survey,1531,1531,1,4,420000,995,7,1,72,160,1,1,2,1,2,1,2,5136,1304,30038406.0,8803753.0,806778.0,,,,6.63
cbecs,building_survey,1532,1532,2,6,9500,1,6,1,126,6,1,1,1,2,2,2,2,6449,1120,1498683.0,439239.0,38793.0,431388.0,4156.0,2833.0,1218.03
cbecs,building_survey,1533,1533,3,2,3050,1,6,1,32,3,1,1,1,2,2,2,2,3076,1507,18541.0,5434.0,480.0,67809.0,653.0,686.0,2990.63
cbecs,building_survey,1534,1534,3,2,325000,995,6,1,168,1000,1,1,1,1,2,2,2,3575,2093,14284823.0,4186642.0,358568.0,1569948.0,15125.0,12535.0,14.9
cbecs,building_survey,1535,1535,1,5,104000,2,2,1,40,8,1,1,1,2,2,2,2,5360,1197,159381.0,46712.0,4922.0,1012304.0,9752.0,8198.0,117.32
cbecs,building_survey,1536,1536,1,5,1500000,3,5,20,126,1200,1,1,1,1,2,2,2,5109,1248,57508554.0,16854793.0,2152799.0,45546860.0,438794.0,240070.0,14.9
cbecs,building_survey,1537,1537,2,25,4000,3,4,1,50,1,1,1,2,2,2,2,2,4599,1823,110503.0,32387.0,5286.0,,,,1829.53
cbecs,building_survey,1538,1538,1,5,5000,2,3,1,60,3,1,1,2,1,2,2,2,7339,388,72267.0,21180.0,3528.0,,,,4084.96
cbecs,building_survey,1539,1539,3,1,1850,1,7,0,0,0,2,2,2,2,2,2,2,1065,3640,,,,,,,1218.03
cbecs,building_survey,1540,1540,2,12,11250,2,2,1,36,1,1,1,1,2,2,2,2,4792,1535,192621.0,56454.0,5353.0,812253.0,7825.0,6537.0,1386.54
cbecs,building_survey,1541,1541,4,23,78000,1,5,12,112,79,1,1,1,2,1,2,2,2197,282,6333362.0,1856202.0,236550.0,3690584.0,35555.0,20175.0,395.28
cbecs,building_survey,1542,1542,3,17,13500,1,5,1,168,10,1,1,1,2,2,2,2,1531,3417,581381.0,170393.0,16957.0,495505.0,4774.0,4422.0,690.18
cbecs,building_survey,1543,1543,3,14,260000,4,8,1,83,85,1,1,1,2,2,1,2,2503,2680,12811751.0,3754909.0,316051.0,9825.0,95.0,486.0,16.32
cbecs,building_survey,1544,1544,3,13,230000,4,4,1,90,20,1,1,2,2,2,1,2,4111,1900,9814884.0,2876578.0,223177.0,,,,9.21
cbecs,building_survey,1545,1545,3,14,98000,5,4,1,168,28,1,1,1,2,2,1,2,2514,2664,5832195.0,1709319.0,123456.0,649399.0,6256.0,5328.0,303.46
cbecs,building_survey,1546,1546,3,2,112000,5,7,18,60,300,1,1,2,2,2,2,2,4684,1448,5987489.0,1754833.0,188213.0,,,,149.25
cbecs,building_survey,1547,1547,4,5,24000,1,3,1,168,10,1,1,1,2,2,2,2,810,1909,160653.0,47085.0,9653.0,93143.0,897.0,1025.0,1011.03
cbecs,building_survey,1548,1548,2,14,150000,2,5,1,40,118,1,1,1,2,2,2,2,6678,1303,6838173.0,2004154.0,136133.0,6130958.0,59065.0,14620.0,93.97
cbecs,building_survey,1549,1549,2,16,700000,6,2,1,168,1000,1,1,1,2,2,2,2,7398,959,52040201.0,15252110.0,1289539.0,87387411.0,841883.0,359959.0,25.75
cbecs,building_survey,1550,1550,4,13,30000,3,3,1,40,1,1,1,1,2,2,2,2,2434,1212,134973.0,39558.0,7493.0,317823.0,3062.0,2030.0,1531.55
cbecs,building_survey,1551,1551,3,15,2750,1,5,1,112,12,1,1,1,2,2,2,2,3399,2483,1079105.0,316268.0,24771.0,1282310.0,12354.0,10732.0,1218.03
cbecs,building_survey,1552,1552,3,13,25000,2,2,13,168,4,1,1,2,1,2,2,2,3316,1841,215147.0,63056.0,7288.0,,,,1626.87
cbecs,building_survey,1553,1553,4,25,150000,2,7,1,133,60,1,1,1,2,2,2,2,1685,4234,12345854.0,3618363.0,249600.0,1223990.0,11792.0,7059.0,105.74
cbecs,building_survey,1554,1554,4,6,5500,1,2,1,91,5,1,1,1,2,2,2,2,892,1136,786208.0,230424.0,38937.0,142485.0,1373.0,1435.0,3075.23
cbecs,building_survey,1555,1555,4,7,395000,994,9,75,55,278,1,1,1,2,2,2,2,5031,1419,19097561.0,5597175.0,466192.0,24515554.0,236181.0,172530.0,7.84
cbecs,building_survey,1556,1556,4,2,85000,2,8,1,60,180,1,1,1,1,2,2,2,1886,1427,2748869.0,805647.0,104621.0,432315.0,4165.0,4402.0,316.23
cbecs,building_survey,1557,1557,2,2,26000,5,2,1,50,50,1,1,1,2,2,2,2,5527,1478,717898.0,210404.0,12876.0,334198.0,3220.0,2985.0,580.45
cbecs,building_survey,1558,1558,2,13,900000,994,8,15,168,1500,1,1,1,1,2,2,2,6650,1122,128302423.0,37603289.0,3247011.0,2786047.0,26841.0,8221.0,9.11
cbecs,building_survey,1559,1559,4,8,3000,1,7,1,36,7,1,1,1,2,2,2,2,1981,1632,279107.0,81802.0,10761.0,85463.0,823.0,852.0,3414.19
cbecs,building_survey,1560,1560,4,8,70000,7,8,2,168,100,1,1,1,1,2,2,2,2663,69,5967647.0,1749017.0,224644.0,1512909.0,14575.0,12315.0,141.31
cbecs,building_survey,1561,1561,2,13,19250,2,9,1,119,5,1,1,1,2,2,2,2,8213,777,149488.0,43812.0,4060.0,482464.0,4648.0,3418.0,1632.49
cbecs,building_survey,1562,1562,3,5,7500,1,6,2,60,28,1,1,2,2,2,2,2,1471,2867,625209.0,183238.0,22052.0,,,,4468.96
cbecs,building_survey,1563,1563,1,14,154000,5,2,1,70,130,1,1,1,1,2,2,2,4190,1537,3213307.0,941766.0,80569.0,6891632.0,66393.0,70177.0,97.52
cbecs,building_survey,1564,1564,2,18,15000,4,8,1,168,8,1,1,1,2,2,2,2,7088,579,1427071.0,418251.0,45189.0,1111975.0,10713.0,6847.0,495.15
cbecs,building_survey,1565,1565,4,16,70000,1,6,1,168,20,1,1,1,2,2,2,2,1873,3923,3305230.0,968708.0,68585.0,1343648.0,12945.0,7797.0,124.14
cbecs,building_survey,1566,1566,3,14,13000,2,9,1,10,24,1,1,2,2,2,2,2,2490,2301,334511.0,98040.0,14421.0,,,,502.9
cbecs,building_survey,1567,1567,4,8,200000,6,7,100,90,1100,1,1,2,1,2,2,2,1426,4541,25289813.0,7412020.0,527263.0,,,,8.62
cbecs,building_survey,1568,1568,3,1,6100,2,7,1,60,1,1,1,2,2,2,2,2,1458,3171,22217.0,6511.0,158.0,,,,3420.76
cbecs,building_survey,1569,1569,3,2,1700000,995,8,22,68,1764,1,1,1,1,2,2,2,2096,2810,36240513.0,10621487.0,1120350.0,874506.0,8425.0,4655.0,14.9
cbecs,building_survey,1570,1570,3,91,20000,3,9,1,40,15,1,1,1,2,2,2,2,2932,2117,839677.0,246095.0,21655.0,123662.0,1191.0,949.0,591.56
cbecs,building_survey,1571,1571,1,91,7400,1,4,1,168,0,1,1,2,2,2,2,2,4771,1487,148075.0,43398.0,5507.0,,,,690.18
cbecs,building_survey,1572,1572,2,12,30000,2,2,1,20,5,1,1,1,2,2,2,2,6808,581,717489.0,210284.0,22287.0,312828.0,3014.0,1660.0,1531.55
cbecs,building_survey,1573,1573,3,2,140000,1,5,3,168,250,1,1,1,1,2,2,2,3533,2002,12386925.0,3630400.0,314106.0,1922898.0,18525.0,15354.0,125.04
cbecs,building_survey,1574,1574,3,14,128000,1,3,1,55,110,1,1,1,2,2,2,2,1328,3258,5379674.0,1576692.0,135649.0,1454226.0,14010.0,10829.0,44.64
cbecs,building_survey,1575,1575,4,25,3500,1,8,1,50,3,1,1,2,2,2,2,2,1534,2019,139002.0,40739.0,5553.0,,,,3075.23
cbecs,building_survey,1576,1576,3,6,8500,1,4,1,98,12,1,1,1,2,2,2,2,2181,2153,1718234.0,503586.0,50240.0,423748.0,4082.0,3970.0,1489.41
cbecs,building_survey,1577,1577,2,2,3400,1,4,1,40,7,1,1,1,2,2,2,2,6254,1316,118427.0,34709.0,4063.0,139241.0,1341.0,1724.0,1218.03
cbecs,building_survey,1578,1578,2,16,305000,4,5,1,168,750,1,1,1,1,2,2,2,6219,1049,30948668.0,9070536.0,671016.0,17989053.0,173305.0,96953.0,30.16
cbecs,building_survey,1579,1579,2,4,700000,9,8,2,60,800,1,1,1,2,2,1,2,7141,811,55381240.0,16231313.0,1631311.0,69612.0,671.0,670.0,14.1
cbecs,building_survey,1580,1580,2,91,20750,2,5,3,168,1,1,1,2,1,2,2,2,6738,752,2251219.0,659795.0,63049.0,,,,4375.84
cbecs,building_survey,1581,1581,3,18,148000,5,8,1,168,7,1,1,1,2,2,2,2,4345,1947,4754794.0,1393550.0,43799.0,7192091.0,69288.0,58026.0,97.52
cbecs,building_survey,1582,1582,2,16,1800000,995,6,1,168,7500,1,1,1,1,2,1,2,5364,1224,254577462.0,74612386.0,6563418.0,5277408.0,50842.0,27998.0,9.01
cbecs,building_survey,1583,1583,2,2,168000,6,6,51,60,180,1,1,2,2,2,2,2,4919,1206,8126537.0,2381752.0,204595.0,,,,15.06
cbecs,building_survey,1584,1584,3,2,43500,5,7,1,40,100,1,1,1,2,2,2,2,2741,2710,2844375.0,833639.0,54398.0,502690.0,4843.0,4099.0,17.47
cbecs,building_survey,1585,1585,4,12,11250,2,5,1,18,3,1,1,1,2,2,2,2,4992,1226,182112.0,53374.0,3745.0,463536.0,4466.0,2683.0,1484.29
cbecs,building_survey,1586,1586,4,14,73000,1,8,1,40,12,1,1,2,1,2,2,2,1511,4216,3340108.0,978930.0,69192.0,,,,97.52
cbecs,building_survey,1587,1587,4,14,136000,2,6,1,60,109,1,1,1,2,2,2,2,7022,332,3282865.0,962153.0,141316.0,3820836.0,36810.0,19761.0,330.8
cbecs,building_survey,1588,1588,3,23,52000,1,4,7,70,37,1,1,1,2,1,2,2,1314,3394,4309665.0,1263091.0,77240.0,548576.0,5285.0,4545.0,395.28
cbecs,building_survey,1589,1589,4,2,700000,995,6,30,64,1500,1,1,1,2,2,2,2,2457,59,17078743.0,5005493.0,1019810.0,8110133.0,78132.0,81612.0,15.06
cbecs,building_survey,1590,1590,3,14,200001,3,4,1,45,119,1,1,1,2,2,2,2,2490,2554,6783903.0,1988248.0,150630.0,467403.0,4503.0,5233.0,43.95
cbecs,building_survey,1591,1591,4,5,128000,1,7,8,168,150,1,1,2,2,2,2,2,761,1782,6627204.0,1942322.0,247236.0,,,,70.08
cbecs,building_survey,1592,1592,1,16,350000,7,4,1,168,600,1,1,1,1,2,2,2,7529,589,29068488.0,8519487.0,1236771.0,19560330.0,188442.0,104047.0,9.95
cbecs,building_survey,1593,1593,2,13,50000,2,8,3,105,20,1,1,1,1,2,2,2,5942,1595,1985324.0,581865.0,88195.0,4978990.0,47967.0,26844.0,611.8
cbecs,building_survey,1594,1594,3,26,2000,1,4,1,22,1,1,1,1,2,2,2,2,3200,2440,5963.0,1748.0,341.0,39021.0,376.0,760.0,2990.63
cbecs,building_survey,1595,1595,2,16,370000,4,8,1,168,667,1,1,1,2,2,1,2,5952,1226,40753970.0,11944305.0,1077530.0,20058832.0,193245.0,108863.0,29.07
cbecs,building_survey,1596,1596,3,2,7200,2,2,1,168,12,1,1,1,2,2,2,2,1359,2878,225104.0,65974.0,6353.0,114061.0,1099.0,1077.0,6659.94
cbecs,building_survey,1597,1597,2,25,8800,2,2,4,48,20,1,1,1,2,2,2,2,6438,1276,434200.0,127257.0,11655.0,87331.0,841.0,394.0,1531.55
cbecs,building_survey,1598,1598,2,2,30000,3,8,11,55,75,1,1,1,2,2,2,2,8370,579,1849127.0,541948.0,64019.0,1382923.0,13323.0,3789.0,114.27
cbecs,building_survey,1599,1599,3,18,900000,994,8,1,168,16,1,1,2,1,2,1,2,3656,1946,13203325.0,3869673.0,369112.0,,,,5.52
cbecs,building_survey,1600,1600,3,5,600000,2,5,3,60,200,1,1,1,2,1,2,2,4074,1967,7310026.0,2142446.0,239690.0,12779548.0,123117.0,81635.0,27.17
cbecs,building_survey,1601,1601,3,13,60000,2,8,1,100,8,1,1,1,2,2,2,2,3816,2483,2301687.0,674586.0,61480.0,3063595.0,29514.0,16604.0,245.01
cbecs,building_survey,1602,1602,3,2,80000,4,7,1,40,300,1,1,1,1,2,2,1,2213,2478,4185252.0,1226627.0,90945.0,252348.0,2431.0,2207.0,124.14
cbecs,building_survey,1603,1603,2,14,136000,1,6,1,50,140,1,1,1,2,2,2,2,6513,761,3666581.0,1074613.0,98087.0,5456943.0,52572.0,33199.0,44.64
cbecs,building_survey,1604,1604,3,18,255000,994,6,1,168,40,1,1,1,1,2,2,2,4450,1573,9478783.0,2778072.0,239464.0,20108187.0,193720.0,50602.0,13.73
cbecs,building_survey,1605,1605,3,11,800000,1,6,1,132,18,1,1,1,2,2,2,2,3433,2271,69708686.0,20430447.0,1256545.0,17144370.0,165167.0,92859.0,31.35
cbecs,building_survey,1606,1606,3,8,100000,2,8,15,76,115,1,1,2,1,2,2,2,1399,4071,11435540.0,3351565.0,266793.0,,,,54.94
cbecs,building_survey,1607,1607,3,16,250000,5,3,1,168,150,1,1,1,2,2,2,2,2435,2455,24139107.0,7074768.0,535450.0,18136735.0,174728.0,95245.0,14.87
cbecs,building_survey,1608,1608,2,14,89000,4,3,1,70,100,1,1,1,2,2,2,2,7608,740,2184365.0,640201.0,81686.0,5019646.0,48359.0,26958.0,99.04
cbecs,building_survey,1609,1609,2,2,108000,3,3,1,70,175,1,1,1,2,2,2,2,5138,2019,4102842.0,1202474.0,101808.0,3749924.0,36126.0,20514.0,8.84
cbecs,building_survey,1610,1610,3,2,110000,7,6,10,55,150,1,1,2,1,2,2,2,1745,4417,8213841.0,2407339.0,241845.0,,,,9.01
cbecs,building_survey,1611,1611,2,2,150000,2,6,24,37,500,1,1,1,2,2,2,2,7634,1064,8438486.0,2473179.0,236709.0,4175458.0,40226.0,18837.0,338.72
cbecs,building_survey,1612,1612,1,14,116000,2,8,1,45,60,1,1,1,2,2,2,2,5896,1091,3491040.0,1023165.0,81087.0,8863245.0,85388.0,46790.0,288.37
cbecs,building_survey,1613,1613,2,5,12000,1,7,1,40,1,1,1,2,2,1,2,2,4237,1833,130339.0,38200.0,3885.0,,,,2934.43
cbecs,building_survey,1614,1614,2,25,205000,1,7,5,168,150,1,1,1,2,2,2,2,8039,601,13640148.0,3997699.0,343140.0,6889415.0,66372.0,42935.0,65.12
cbecs,building_survey,1615,1615,3,13,78000,5,2,1,40,4,1,1,1,2,2,2,2,1771,3075,1169920.0,342884.0,50186.0,306989.0,2958.0,2582.0,14.9
cbecs,building_survey,1616,1616,3,8,800000,6,5,1,168,1000,1,1,1,1,2,1,2,2624,3008,71952446.0,21088056.0,1188526.0,14427236.0,138991.0,76304.0,8.76
cbecs,building_survey,1617,1617,1,2,23500,3,2,1,50,66,1,1,1,2,2,2,2,4982,1041,1008767.0,295653.0,44359.0,965473.0,9301.0,11059.0,58.63
cbecs,building_survey,1618,1618,1,2,4700,3,2,3,60,12,1,1,2,1,2,2,2,6593,495,41917.0,12285.0,1975.0,,,,2934.43
cbecs,building_survey,1619,1619,3,5,100000,1,3,1,45,40,1,1,1,2,2,2,2,3648,1974,752969.0,220683.0,24081.0,1105960.0,10655.0,10167.0,235.71
cbecs,building_survey,1620,1620,3,18,49000,5,5,1,168,16,1,1,1,2,2,2,2,3197,2321,1781159.0,522028.0,49383.0,93932.0,905.0,1040.0,423.01
cbecs,building_survey,1621,1621,3,23,83000,1,6,13,55,110,1,1,1,2,2,2,2,4325,1499,4512826.0,1322634.0,100770.0,3059885.0,29479.0,16819.0,395.28
cbecs,building_survey,1622,1622,1,23,50000,3,3,4,90,34,1,1,1,2,2,2,2,6018,945,3680183.0,1078600.0,100144.0,1898003.0,18285.0,14876.0,395.28
cbecs,building_survey,1623,1623,4,15,7500,2,5,1,84,8,1,1,1,2,2,2,2,6630,69,296144.0,86795.0,9639.0,447268.0,4309.0,3289.0,686.01
cbecs,building_survey,1624,1624,3,5,36000,1,5,1,20,1,1,1,1,2,2,2,2,3561,2454,225130.0,65982.0,5611.0,448823.0,4324.0,3991.0,1030.4
cbecs,building_survey,1625,1625,2,2,144000,6,6,4,65,100,1,1,1,2,2,2,2,5221,1466,8191805.0,2400881.0,217421.0,2756651.0,26557.0,19844.0,15.06
cbecs,building_survey,1626,1626,1,14,315000,3,9,1,70,150,1,1,1,1,2,2,2,5276,1200,7689548.0,2253678.0,174056.0,1724718.0,16616.0,14204.0,8.84
cbecs,building_survey,1627,1627,4,16,22000,3,2,1,168,45,1,1,2,1,2,2,2,7428,136,2649507.0,776526.0,67392.0,,,,690.18
cbecs,building_survey,1628,1628,1,14,95000,2,4,1,48,60,1,1,1,2,2,2,2,4419,1494,1930232.0,565719.0,51316.0,5852058.0,56378.0,31627.0,99.04
cbecs,building_survey,1629,1629,4,14,6700,1,6,1,32,7,1,1,2,2,2,2,2,5609,681,199198.0,58382.0,2799.0,,,,3075.23
cbecs,building_survey,1630,1630,3,6,1800,1,4,1,85,1,1,1,1,2,2,2,2,1014,4240,206316.0,60468.0,7460.0,479182.0,4616.0,4112.0,1218.03
cbecs,building_survey,1631,1631,3,17,160000,2,5,3,168,60,1,1,1,1,1,2,2,1762,3106,5071489.0,1486368.0,159241.0,1196286.0,11525.0,18046.0,8.84
cbecs,building_survey,1632,1632,2,7,128000,6,5,2,168,100,1,1,1,1,2,2,2,6376,1684,7258559.0,2127362.0,128074.0,1674122.0,16128.0,17067.0,22.05
cbecs,building_survey,1633,1633,3,2,500001,995,9,1,60,1000,1,1,2,1,2,2,2,4423,1520,28842477.0,8453246.0,578295.0,,,,63.04
cbecs,building_survey,1634,1634,1,17,126000,3,8,1,168,45,1,1,1,1,2,2,2,5236,1352,10716459.0,3140814.0,282735.0,13220088.0,127361.0,69454.0,44.64
cbecs,building_survey,1635,1635,4,18,600000,994,4,2,168,180,1,1,1,1,2,1,2,785,1505,15240289.0,4466673.0,580067.0,20730101.0,199712.0,159550.0,59.79
cbecs,building_survey,1636,1636,2,8,300000,4,7,1,168,850,1,1,1,1,2,2,2,6837,851,24117045.0,7068302.0,608262.0,2925934.0,28188.0,32980.0,8.85
cbecs,building_survey,1637,1637,1,2,75000,3,8,2,45,250,1,1,1,2,2,2,2,6197,1194,2647423.0,775915.0,132872.0,1917409.0,18472.0,15097.0,14.9
cbecs,building_survey,1638,1638,3,2,43500,1,3,1,40,128,1,1,2,2,2,2,2,1066,3953,2569386.0,753044.0,45655.0,,,,8.84
cbecs,building_survey,1639,1639,4,18,80000,4,6,1,168,25,1,1,1,2,2,2,2,788,1246,3044927.0,892417.0,123172.0,4375937.0,42157.0,28522.0,9.11
cbecs,building_survey,1640,1640,1,8,365000,8,5,1,55,1100,1,1,1,1,2,2,2,5299,1146,15155523.0,4441830.0,428177.0,1890613.0,18214.0,13359.0,8.76
cbecs,building_survey,1641,1641,2,25,14750,1,8,1,98,10,1,1,1,2,2,2,2,7324,1021,920362.0,269743.0,27052.0,531664.0,5122.0,4015.0,1489.41
cbecs,building_survey,1642,1642,2,13,10000,2,5,1,112,4,1,1,2,2,1,2,2,6411,1392,261337.0,76593.0,6687.0,,,,1784.4
cbecs,building_survey,1643,1643,1,13,32500,2,8,1,56,22,1,1,2,1,2,2,1,5885,432,2149178.0,629888.0,119838.0,,,,345.55
cbecs,building_survey,1644,1644,2,14,60000,2,8,1,37,60,1,1,1,1,2,2,2,4911,1397,1649292.0,483380.0,55143.0,1954220.0,18827.0,12889.0,290.39
cbecs,building_survey,1645,1645,4,5,2150,1,6,1,40,3,1,1,2,2,1,2,2,6956,260,42739.0,12526.0,1867.0,,,,1420.0
cbecs,building_survey,1646,1646,2,5,300000,1,9,1,65,70,1,1,1,2,2,2,2,7258,747,3031333.0,888433.0,103460.0,11147065.0,107390.0,61324.0,686.89
cbecs,building_survey,1647,1647,3,15,1500,1,9,1,168,2,1,1,2,2,1,2,2,1628,3233,232301.0,68084.0,7490.0,,,,1218.03
cbecs,building_survey,1648,1648,4,8,190000,8,2,2,80,200,1,1,2,2,2,1,2,2052,67,9897827.0,2900887.0,361734.0,,,,9.16
cbecs,building_survey,1649,1649,1,2,3000,3,6,1,100,3,1,1,2,2,2,2,2,5472,1014,319166.0,93542.0,9247.0,,,,1779.2
cbecs,building_survey,1650,1650,2,2,7100,3,6,1,52,9,1,1,2,2,2,2,2,4576,2004,408278.0,119659.0,10715.0,,,,1745.76
cbecs,building_survey,1651,1651,4,7,14250,2,6,1,168,40,1,1,1,1,2,2,2,817,1018,675363.0,197938.0,53887.0,47015.0,453.0,482.0,495.15
cbecs,building_survey,1652,1652,2,5,160000,2,8,1,168,170,1,1,1,2,2,2,2,5144,1469,6320700.0,1852491.0,161994.0,4787767.0,46125.0,25936.0,118.55
cbecs,building_survey,1653,1653,4,18,10000,2,4,1,168,0,1,1,1,2,2,2,2,5899,959,98155.0,28768.0,2306.0,213490.0,2057.0,1861.0,2063.57
cbecs,building_survey,1654,1654,4,15,3500,1,5,1,112,6,1,1,1,2,2,2,2,5324,835,684139.0,200510.0,17167.0,820126.0,7901.0,4193.0,1218.03
cbecs,building_survey,1655,1655,3,91,1600,1,7,1,4,6,1,1,2,2,2,2,2,1334,3178,58604.0,17176.0,1572.0,,,,2990.63
cbecs,building_survey,1656,1656,3,14,72000,1,4,2,40,165,1,1,1,2,2,2,2,4510,1510,1498438.0,439167.0,60556.0,1645966.0,15857.0,19585.0,213.58
cbecs,building_survey,1657,1657,2,5,210000,1,6,6,45,101,1,1,1,2,2,2,2,5630,1471,2264156.0,663586.0,20600.0,7933894.0,76434.0,42730.0,14.67
cbecs,building_survey,1658,1658,2,26,7700,1,9,1,50,2,1,1,2,2,1,2,2,7367,1006,15037.0,4407.0,491.0,,,,1980.28
cbecs,building_survey,1659,1659,4,14,6200,1,8,1,40,5,1,1,1,2,2,2,2,4503,652,295702.0,86665.0,11356.0,46909.0,452.0,612.0,495.15
cbecs,building_survey,1660,1660,4,5,475000,1,9,1,80,50,1,1,2,2,1,2,2,2321,801,4267078.0,1250609.0,230549.0,,,,70.08
cbecs,building_survey,1661,1661,4,7,500000,995,7,3,168,200,1,1,1,1,2,2,2,1007,940,16867598.0,4943610.0,1231086.0,8812938.0,84903.0,57115.0,9.11
cbecs,building_survey,1662,1662,4,2,50000,2,6,1,168,100,1,1,1,2,2,2,2,5761,919,1729593.0,506915.0,40285.0,146149.0,1408.0,1219.0,14.9
cbecs,building_survey,1663,1663,1,91,45000,2,4,1,100,40,1,1,1,2,2,2,2,6256,812,1586630.0,465015.0,93288.0,4204754.0,40508.0,56134.0,134.42
cbecs,building_survey,1664,1664,1,12,22000,2,4,1,16,2,1,1,1,2,2,2,2,6613,831,85086.0,24937.0,2295.0,639667.0,6162.0,7591.0,2990.63
cbecs,building_survey,1665,1665,4,18,49000,3,9,1,168,12,1,1,1,2,2,2,2,1995,1530,764319.0,224009.0,43268.0,1081329.0,10417.0,7106.0,495.15
cbecs,building_survey,1666,1666,2,4,410000,9,4,1,140,600,1,1,1,2,2,1,2,7487,747,37900295.0,11107941.0,1113944.0,655085.0,6311.0,5405.0,11.95
cbecs,building_survey,1667,1667,2,15,2250,1,8,1,94,8,1,1,1,2,2,2,2,7063,1301,458976.0,134518.0,11456.0,568520.0,5477.0,3867.0,1417.97
cbecs,building_survey,1668,1668,2,13,64000,1,8,1,168,4,1,1,2,2,1,2,2,4445,1951,2441169.0,715466.0,106172.0,,,,245.01
cbecs,building_survey,1669,1669,3,2,63000,1,6,6,168,178,1,1,2,2,2,2,2,1888,3845,7562104.0,2216326.0,190255.0,,,,14.9
cbecs,building_survey,1670,1670,3,25,25000,2,4,2,63,4,1,1,2,2,2,2,2,1349,3288,1024889.0,300378.0,18487.0,,,,2990.63
cbecs,building_survey,1671,1671,4,18,200000,4,8,1,168,5,1,1,1,2,2,2,2,4419,358,9160742.0,2684860.0,336609.0,1115584.0,10747.0,9088.0,422.29
cbecs,building_survey,1672,1672,3,2,8500,2,6,1,60,25,1,1,2,2,2,2,2,2183,3606,226317.0,66330.0,13387.0,,,,687.8
cbecs,building_survey,1673,1673,2,18,295000,7,5,1,168,50,1,1,1,1,2,2,2,7001,645,12499650.0,3663438.0,352128.0,14466607.0,139370.0,75712.0,9.11
cbecs,building_survey,1674,1674,4,25,5000,3,3,2,58,7,1,1,1,2,2,2,2,1965,446,188688.0,55301.0,9569.0,129124.0,1244.0,1197.0,1531.55
cbecs,building_survey,1675,1675,3,5,61000,1,9,4,70,40,1,1,1,2,1,2,2,4258,1876,219978.0,64472.0,10823.0,153755.0,1481.0,1823.0,633.24
cbecs,building_survey,1676,1676,1,24,800000,2,5,996,84,500,1,1,1,2,2,2,2,5130,1414,25067627.0,7346901.0,685142.0,14699186.0,141611.0,78073.0,14.9
cbecs,building_survey,1677,1677,3,14,180000,2,8,1,40,300,1,1,1,1,2,2,2,3759,1862,5336087.0,1563918.0,134632.0,6685821.0,64411.0,76440.0,54.74
cbecs,building_survey,1678,1678,3,16,450000,6,5,1,168,700,1,1,1,1,2,2,2,5096,1174,28068533.0,8226416.0,178062.0,28964740.0,279044.0,152320.0,10.07
cbecs,building_survey,1679,1679,4,14,38000,3,2,3,70,19,1,1,1,2,2,2,2,4927,611,173376.0,50814.0,4992.0,1605207.0,15464.0,13808.0,422.29
cbecs,building_survey,1680,1680,1,14,200001,4,8,1,140,45,1,1,1,2,2,2,2,8212,603,8907356.0,2610597.0,239159.0,12620189.0,121582.0,67994.0,15.23
cbecs,building_survey,1681,1681,3,14,69000,1,3,1,40,40,1,1,2,2,2,2,2,1420,2560,962074.0,281968.0,39137.0,,,,417.91
cbecs,building_survey,1682,1682,3,2,13000,1,5,6,40,15,1,1,2,2,2,2,2,1742,3245,284094.0,83263.0,9657.0,,,,1489.41
cbecs,building_survey,1683,1683,4,16,500001,7,7,1,168,1152,1,1,1,1,2,2,2,436,5278,51755017.0,15168528.0,1812215.0,20918985.0,201532.0,111171.0,9.01
cbecs,building_survey,1684,1684,3,5,6000,1,5,2,40,3,1,1,2,2,2,2,2,1669,2989,71265.0,20887.0,3604.0,,,,2990.63
cbecs,building_survey,1685,1685,4,2,600000,9,6,100,64,1500,1,1,1,2,2,2,2,960,1043,11347546.0,3325775.0,646358.0,1655237.0,15946.0,13118.0,9.16
cbecs,building_survey,1686,1686,4,14,35500,2,4,1,45,15,1,1,1,2,2,2,2,1861,646,609734.0,178703.0,36965.0,682779.0,6578.0,7022.0,495.15
cbecs,building_survey,1687,1687,3,18,124000,6,6,1,168,35,1,1,1,2,2,2,2,1450,2901,4772404.0,1398712.0,353416.0,3172111.0,30560.0,16967.0,11.69
cbecs,building_survey,1688,1688,3,18,126000,5,6,1,168,20,1,1,2,1,1,2,2,1399,3553,8844666.0,2592223.0,310016.0,,,,50.03
cbecs,building_survey,1689,1689,2,14,79000,3,2,1,46,10,1,1,1,2,2,2,2,7435,526,1087755.0,318803.0,27809.0,2736664.0,26365.0,16746.0,341.69
cbecs,building_survey,1690,1690,1,14,225000,2,3,1,70,135,1,1,1,2,2,2,2,4781,1221,3378278.0,990117.0,125400.0,5718069.0,55087.0,45694.0,44.64
cbecs,building_survey,1691,1691,4,2,500000,5,6,1,72,1100,1,1,1,2,2,1,2,1099,900,70881415.0,20774154.0,5123878.0,3823586.0,36836.0,20912.0,43.03
cbecs,building_survey,1692,1692,3,14,600000,9,9,1,112,300,1,1,1,1,2,2,2,3718,2182,21530378.0,6310193.0,480494.0,32602319.0,314088.0,106971.0,8.44
cbecs,building_survey,1693,1693,1,13,1500,1,8,1,0,2,1,1,1,1,1,2,2,5763,988,6406.0,1877.0,173.0,22218.0,214.0,296.0,4084.96
cbecs,building_survey,1694,1694,3,14,74000,1,8,1,43,58,1,1,1,2,2,2,2,2064,2804,2597729.0,761351.0,62088.0,686062.0,6609.0,5843.0,330.8
cbecs,building_survey,1695,1695,1,18,260000,7,7,9,168,150,1,1,1,2,2,1,2,4886,1330,19454015.0,5701646.0,528785.0,4824863.0,46482.0,25728.0,9.01
cbecs,building_survey,1696,1696,4,16,2100000,7,8,1,168,900,1,1,1,2,2,1,2,1351,4355,144508562.0,42353037.0,3136545.0,147177450.0,1417895.0,788075.0,8.78
cbecs,building_survey,1697,1697,3,14,102000,2,6,1,35,100,1,1,2,1,1,2,2,3266,1830,2870230.0,841216.0,93637.0,,,,62.51
cbecs,building_survey,1698,1698,1,14,210000,3,5,1,88,40,1,1,1,1,2,2,2,5857,1115,6908301.0,2024707.0,184968.0,9556813.0,92069.0,73505.0,44.64
cbecs,building_survey,1699,1699,2,2,8800,3,2,1,40,4,1,1,1,2,2,2,2,7110,1394,176912.0,51850.0,5036.0,259944.0,2504.0,2207.0,3709.28
cbecs,building_survey,1700,1700,3,5,152000,1,9,3,40,100,1,1,1,2,2,2,2,2825,3318,4311312.0,1263573.0,156995.0,1935738.0,18649.0,32996.0,32.47
cbecs,building_survey,1701,1701,4,13,5000,1,8,1,56,3,1,1,2,2,2,2,2,1953,1546,250090.0,73297.0,9819.0,,,,3075.23
cbecs,building_survey,1702,1702,1,2,3600,2,2,1,35,1,1,1,1,2,2,2,2,6212,908,20325.0,5957.0,952.0,126112.0,1215.0,1165.0,2934.43
cbecs,building_survey,1703,1703,3,5,120000,1,8,2,45,40,1,1,1,2,2,2,2,3719,2424,2057386.0,602985.0,61855.0,965838.0,9305.0,6767.0,735.05
cbecs,building_survey,1704,1704,2,14,96000,3,3,1,45,44,1,1,2,2,1,2,2,5257,1374,2148818.0,629783.0,55698.0,,,,97.52
cbecs,building_survey,1705,1705,4,15,1001,2,8,1,56,1,1,1,2,2,2,2,2,7974,101,114270.0,33491.0,2894.0,,,,1049.59
cbecs,building_survey,1706,1706,2,26,5000,2,4,1,50,20,1,1,1,2,2,2,2,7789,600,144970.0,42488.0,5331.0,210265.0,2026.0,1423.0,3075.23
cbecs,building_survey,1707,1707,3,2,700000,7,6,3,68,1800,1,1,2,1,2,2,2,2411,2355,65157568.0,19096591.0,1315136.0,,,,14.67
cbecs,building_survey,1708,1708,1,2,410000,995,6,20,54,1350,1,1,1,1,2,2,2,5262,1151,15060400.0,4413951.0,749825.0,3304371.0,31834.0,49108.0,14.73
cbecs,building_survey,1709,1709,3,2,240000,4,3,5,168,300,1,1,1,2,2,2,2,3041,2084,16418003.0,4811841.0,425588.0,1033014.0,9952.0,5819.0,14.9
cbecs,building_survey,1710,1710,3,5,30000,1,5,2,70,14,1,1,1,2,2,2,2,3892,1623,587829.0,172283.0,15503.0,158415.0,1526.0,1701.0,125.04
cbecs,building_survey,1711,1711,2,14,41500,3,7,1,60,15,1,1,1,2,2,2,2,7543,393,378444.0,110916.0,13360.0,1415033.0,13632.0,7675.0,495.15
cbecs,building_survey,1712,1712,4,5,20250,1,2,1,168,0,1,1,2,2,2,2,2,4104,906,607747.0,178120.0,23562.0,,,,1531.55
cbecs,building_survey,1713,1713,1,18,90000,5,8,1,168,0,1,1,1,1,2,2,1,7530,893,2209767.0,647646.0,96261.0,3152538.0,30371.0,16909.0,324.59
cbecs,building_survey,1714,1714,3,5,1000000,1,3,5,50,80,1,1,1,2,2,2,2,4881,1414,15440622.0,4525387.0,396438.0,23282086.0,224298.0,123891.0,3.62
cbecs,building_survey,1715,1715,2,6,9100,1,9,1,10,3,1,1,1,2,2,2,2,5496,1710,454026.0,133067.0,12179.0,216368.0,2084.0,1771.0,2990.63
cbecs,building_survey,1716,1716,4,14,35500,1,6,1,70,15,1,1,1,2,2,2,1,1071,973,530402.0,155452.0,40823.0,485019.0,4673.0,3265.0,495.15
cbecs,building_survey,1717,1717,2,12,5000,2,2,1,4,1,1,1,2,2,1,2,2,7860,575,117469.0,34428.0,2510.0,,,,2934.43
cbecs,building_survey,1718,1718,4,5,14000,2,6,3,63,2,2,2,2,2,2,2,2,1300,892,,,,,,,1011.03
cbecs,building_survey,1719,1719,4,12,40000,2,7,1,58,7,1,1,1,2,2,2,2,6167,492,295751.0,86680.0,8029.0,432232.0,4164.0,3236.0,621.37
cbecs,building_survey,1720,1720,3,4,48500,2,6,1,40,35,1,1,2,1,2,2,2,1359,3282,5224003.0,1531068.0,183069.0,,,,431.11
cbecs,building_survey,1721,1721,4,2,152000,6,9,1,55,550,1,1,1,1,2,2,2,4062,1645,7417346.0,2173900.0,197083.0,347383.0,3347.0,2585.0,137.69
cbecs,building_survey,1722,1722,1,26,50000,1,3,1,38,25,1,1,1,2,2,2,2,5543,1042,1340206.0,392792.0,34417.0,2081856.0,20056.0,16378.0,117.32
cbecs,building_survey,1723,1723,3,16,275000,7,4,4,168,1500,1,1,1,1,2,2,2,2781,2435,47670145.0,13971320.0,440716.0,28727895.0,276762.0,230112.0,8.78
cbecs,building_survey,1724,1724,3,6,1600,1,5,1,112,1,1,1,2,2,2,2,2,3669,1611,330976.0,97004.0,11350.0,,,,3320.27
cbecs,building_survey,1725,1725,3,18,134000,994,7,1,168,20,1,1,1,1,2,2,2,1492,3988,7355592.0,2155801.0,181369.0,2867759.0,27628.0,10264.0,8.84
cbecs,building_survey,1726,1726,2,23,15750,1,6,6,71,37,1,1,1,2,2,2,2,8047,908,1715220.0,502702.0,43904.0,1533489.0,14773.0,12036.0,2009.74
cbecs,building_survey,1727,1727,3,5,116000,1,4,5,168,0,1,1,2,2,2,2,2,2345,2427,4786039.0,1402708.0,120466.0,,,,77.61
cbecs,building_survey,1728,1728,4,2,235000,6,8,4,60,500,1,1,1,2,2,2,2,951,1746,5807077.0,1701957.0,322837.0,742141.0,7150.0,5496.0,15.06
cbecs,building_survey,1729,1729,2,18,305000,995,4,1,168,50,1,1,1,2,2,1,2,5423,959,15381425.0,4508038.0,408058.0,11654970.0,112283.0,62919.0,9.11
cbecs,building_survey,1730,1730,3,14,24750,1,3,1,50,15,1,1,2,2,2,2,2,4659,1534,1574723.0,461525.0,44829.0,,,,17.27
cbecs,building_survey,1731,1731,3,2,200001,2,7,2,60,500,1,1,1,2,2,2,2,2243,2407,17043958.0,4995298.0,393446.0,11673095.0,112458.0,142772.0,51.2
cbecs,building_survey,1732,1732,2,12,2100,2,2,1,168,2,1,1,2,2,1,2,2,8795,854,118376.0,34694.0,3001.0,,,,8544.65
cbecs,building_survey,1733,1733,3,2,130000,6,7,5,74,300,1,1,2,2,2,2,2,4463,1476,16739077.0,4905943.0,530270.0,,,,14.9
cbecs,building_survey,1734,1734,2,5,12000,1,7,1,45,2,1,1,1,2,2,2,2,6431,1134,62807.0,18408.0,1676.0,244183.0,2352.0,1936.0,4375.84
cbecs,building_survey,1735,1735,1,16,1500000,994,4,1,168,2000,1,1,1,1,2,2,2,6344,979,93784480.0,27486659.0,2176345.0,158777925.0,1529652.0,832812.0,8.92
cbecs,building_survey,1736,1736,3,2,200000,6,6,3,54,25,1,1,2,2,2,2,2,2704,2164,7064041.0,2070352.0,173981.0,,,,32.47
cbecs,building_survey,1737,1737,4,91,15000,1,8,1,24,3,1,1,1,2,2,2,2,7941,352,216345.0,63407.0,13785.0,1490175.0,14356.0,7929.0,690.18
cbecs,building_survey,1738,1738,2,14,63000,4,7,1,60,18,1,1,1,2,2,2,2,4972,2056,2681985.0,786045.0,97828.0,4100441.0,39503.0,8694.0,97.52
cbecs,building_survey,1739,1739,3,7,146000,5,7,6,70,100,1,1,1,1,2,2,2,4318,1825,10425909.0,3055659.0,291028.0,1087912.0,10481.0,9712.0,50.03
cbecs,building_survey,1740,1740,1,16,1000000,994,5,1,168,750,1,1,1,1,2,1,1,5200,1100,65833223.0,19294614.0,3345472.0,128478221.0,1237748.0,597818.0,8.82
cbecs,building_survey,1741,1741,3,5,250000,2,8,1,168,206,1,1,1,1,2,2,2,3364,2362,15257066.0,4471590.0,343434.0,4476349.0,43125.0,40215.0,68.29
cbecs,building_survey,1742,1742,4,14,156000,3,9,1,45,75,1,1,1,1,2,2,2,4852,278,3197140.0,937028.0,98254.0,3445003.0,33189.0,27732.0,9.11
cbecs,building_survey,1743,1743,3,26,35000,2,2,1,25,2,1,1,2,2,2,2,2,2409,2205,114440.0,33540.0,4776.0,,,,1030.4
cbecs,building_survey,1744,1744,2,26,32000,1,8,1,60,15,1,1,1,2,2,2,2,5895,1156,463191.0,135754.0,11975.0,741129.0,7140.0,7257.0,611.8
cbecs,building_survey,1745,1745,2,2,330000,994,8,18,60,700,1,1,1,1,2,2,2,7656,996,18927237.0,5547256.0,517919.0,9246004.0,89075.0,63562.0,6.52
cbecs,building_survey,1746,1746,4,13,4500,1,5,1,45,3,1,1,1,2,2,2,2,903,1162,442668.0,129739.0,35944.0,74794.0,721.0,853.0,3075.23
cbecs,building_survey,1747,1747,4,2,24750,2,4,28,69,60,1,1,1,2,2,2,2,884,1269,944109.0,276703.0,43845.0,170514.0,1643.0,1645.0,611.8
cbecs,building_survey,1748,1748,1,14,295000,3,8,1,45,125,1,1,1,1,1,2,2,4979,1124,11781458.0,3452948.0,320397.0,18755667.0,180690.0,138452.0,44.64
cbecs,building_survey,1749,1749,2,13,255000,4,9,1,40,200,1,1,2,2,2,1,2,9212,603,7583521.0,2222603.0,152450.0,,,,10.59
cbecs,building_survey,1750,1750,4,13,12000,3,3,10,56,10,1,1,1,2,2,2,2,5028,1261,382343.0,112058.0,15392.0,1065466.0,10265.0,8779.0,1489.41
cbecs,building_survey,1751,1751,3,26,10000,2,4,1,80,9,1,1,1,2,2,2,2,4361,1656,360577.0,105679.0,12563.0,337840.0,3255.0,3055.0,1218.03
cbecs,building_survey,1752,1752,3,2,1300,1,5,1,40,2,1,1,1,2,2,2,2,4407,1881,184996.0,54219.0,5738.0,17187.0,166.0,271.0,2800.45
cbecs,building_survey,1753,1753,2,1,80000,2,2,0,0,0,1,1,2,2,2,2,2,5012,1693,30523.0,8946.0,1255.0,,,,574.74
cbecs,building_survey,1754,1754,2,5,360000,3,3,1,45,42,1,1,1,2,1,2,2,5137,1637,3683126.0,1079462.0,92150.0,7849587.0,75622.0,42821.0,88.18
cbecs,building_survey,1755,1755,3,2,150000,7,6,13,45,180,1,1,2,1,2,2,2,4040,1891,10019223.0,2936466.0,285474.0,,,,17.7
cbecs,building_survey,1756,1756,4,2,116000,994,5,100,168,122,1,1,1,1,2,2,2,4673,948,6289708.0,1843408.0,152556.0,4832794.0,46559.0,21396.0,137.69
cbecs,building_survey,1757,1757,3,14,53000,1,7,1,60,100,1,1,2,2,2,2,2,4640,1506,2040257.0,597965.0,51608.0,,,,330.8
cbecs,building_survey,1758,1758,3,15,2500,1,8,1,65,12,1,1,1,2,2,2,2,1165,4091,289315.0,84793.0,5634.0,117291.0,1130.0,1112.0,1218.03
cbecs,building_survey,1759,1759,1,4,186000,6,6,1,50,400,1,1,1,1,2,2,2,4716,1457,17716029.0,5192271.0,479705.0,10324404.0,99464.0,55633.0,51.49
cbecs,building_survey,1760,1760,4,13,28500,1,6,1,50,20,1,1,1,2,2,2,2,3924,1268,1199371.0,351516.0,37416.0,1532629.0,14765.0,7339.0,623.52
cbecs,building_survey,1761,1761,3,25,156000,1,8,1,119,200,1,1,1,2,2,2,2,3228,2360,12317303.0,3609995.0,309782.0,2428710.0,23398.0,19137.0,125.04
cbecs,building_survey,1762,1762,1,2,4000,1,3,1,40,2,1,1,1,1,2,2,2,6255,727,238523.0,69907.0,8320.0,2512.0,24.0,77.0,1779.2
cbecs,building_survey,1763,1763,4,13,9500,1,4,1,45,1,1,1,1,2,2,2,2,1025,1072,401054.0,117542.0,21812.0,56820.0,547.0,513.0,4384.99
cbecs,building_survey,1764,1764,3,14,60000,2,7,2,63,51,1,1,1,2,2,2,2,1069,3663,1379966.0,404445.0,44186.0,47110.0,454.0,905.0,117.32
cbecs,building_survey,1765,1765,1,4,600000,3,2,1,80,260,1,1,1,2,2,2,2,7208,764,58958871.0,17279857.0,1580547.0,18092965.0,174306.0,98332.0,55.17
cbecs,building_survey,1766,1766,2,5,8800,1,9,1,168,0,1,1,2,2,2,2,2,5503,1813,12797.0,3751.0,737.0,,,,6534.79
cbecs,building_survey,1767,1767,3,2,5500,2,2,2,54,5,1,1,2,2,2,2,2,1555,2990,66559.0,19507.0,2455.0,,,,1218.03
cbecs,building_survey,1768,1768,2,17,180000,3,9,2,168,14,1,1,1,2,2,2,2,6746,972,5783856.0,1695151.0,124676.0,3575893.0,34450.0,21341.0,128.87
cbecs,building_survey,1769,1769,3,2,6000,1,8,1,45,12,1,1,2,2,2,2,2,1470,3523,382624.0,112141.0,10105.0,,,,4468.96
cbecs,building_survey,1770,1770,1,14,91000,5,3,1,66,75,1,1,1,1,2,2,2,5097,1383,1744517.0,511289.0,51493.0,1307890.0,12600.0,10677.0,8.84
cbecs,building_survey,1771,1771,1,14,260000,4,4,1,70,350,1,1,1,1,2,2,2,4877,1306,12925588.0,3788273.0,345790.0,6631102.0,63883.0,35538.0,8.84
cbecs,building_survey,1772,1772,1,14,182000,2,7,1,60,504,1,1,1,2,2,2,2,6144,627,3873460.0,1135246.0,167634.0,4989498.0,48068.0,21159.0,44.12
cbecs,building_survey,1773,1773,2,13,27000,1,6,1,90,1,1,1,1,2,2,2,2,4317,1700,2337408.0,685055.0,63259.0,62494.0,602.0,650.0,683.41
cbecs,building_survey,1774,1774,1,2,158000,4,2,2,45,450,1,1,1,2,2,2,2,5491,982,3842529.0,1126181.0,167101.0,3511890.0,33833.0,24878.0,14.73
cbecs,building_survey,1775,1775,4,2,60000,2,9,7,40,70,1,1,1,2,1,2,2,5039,1316,1226811.0,359558.0,28449.0,166955.0,1608.0,1605.0,244.16
cbecs,building_survey,1776,1776,4,8,2000,1,2,1,40,4,1,1,1,2,2,2,2,5065,1409,88480.0,25932.0,2363.0,35633.0,343.0,566.0,1218.03
cbecs,building_survey,1777,1777,1,24,900000,1,6,996,92,1200,1,1,1,2,2,2,2,7985,687,54762657.0,16050017.0,1452897.0,8322572.0,80179.0,43913.0,13.67
cbecs,building_survey,1778,1778,4,2,500000,995,6,60,168,230,1,1,1,2,2,1,2,5963,826,20296998.0,5948710.0,446312.0,5129064.0,49413.0,30044.0,9.01
cbecs,building_survey,1779,1779,1,18,144000,994,2,1,168,18,1,1,1,2,2,2,2,6860,746,6734340.0,1973722.0,179380.0,2578735.0,24843.0,14217.0,555.12
cbecs,building_survey,1780,1780,4,23,8800,1,9,4,97,30,1,1,1,2,2,2,2,5225,1090,1149839.0,336999.0,24813.0,682366.0,6574.0,4898.0,2288.16
cbecs,building_survey,1781,1781,3,14,91000,2,6,1,60,80,1,1,1,2,2,2,2,4890,1390,2531731.0,742008.0,77484.0,1110837.0,10702.0,8320.0,99.04
cbecs,building_survey,1782,1782,4,5,186000,1,8,1,7,35,1,1,2,1,2,2,2,1277,2390,4958367.0,1453214.0,216488.0,,,,249.3
cbecs,building_survey,1783,1783,2,16,152000,3,8,1,168,400,1,1,1,2,2,2,2,7887,698,26546423.0,7780312.0,575280.0,21937171.0,211341.0,114876.0,8.85
cbecs,building_survey,1784,1784,2,2,700000,6,8,1,50,1200,1,1,1,2,2,2,2,6264,1044,35276918.0,10339073.0,1078747.0,807628.0,7781.0,7013.0,15.06
cbecs,building_survey,1785,1785,3,23,215000,1,4,21,46,168,1,1,1,2,2,2,2,2172,2244,13103255.0,3840344.0,282505.0,10756477.0,103627.0,57307.0,72.88
cbecs,building_survey,1786,1786,4,8,5500,1,4,3,45,12,1,1,2,2,2,2,2,1355,4756,97247.0,28501.0,7312.0,,,,1195.14
cbecs,building_survey,1787,1787,4,2,250000,2,7,1,80,100,1,1,1,2,1,2,2,4241,356,14910212.0,4369933.0,405649.0,2130200.0,20522.0,17037.0,49.37
cbecs,building_survey,1788,1788,3,15,7500,1,5,1,119,9,1,1,1,2,2,2,2,3413,2477,1503854.0,440754.0,33273.0,1147835.0,11058.0,11628.0,1218.03
cbecs,building_survey,1789,1789,3,25,8500,1,8,1,112,5,1,1,1,2,2,2,2,3977,1878,279066.0,81790.0,9426.0,58225.0,561.0,1171.0,2990.63
cbecs,building_survey,1790,1790,4,14,57000,1,6,1,45,105,1,1,1,1,2,2,2,5095,1404,2953433.0,865602.0,68743.0,3513349.0,33847.0,27053.0,145.49
cbecs,building_survey,1791,1791,3,13,98000,3,7,1,41,65,1,1,2,2,2,2,2,3077,2005,10500882.0,3077632.0,215246.0,,,,591.56
cbecs,building_survey,1792,1792,4,14,88000,1,6,3,60,40,1,1,1,2,2,2,2,1998,277,1582734.0,463873.0,58375.0,366024.0,3526.0,4390.0,118.55
cbecs,building_survey,1793,1793,3,18,36000,4,4,1,168,5,1,1,1,2,2,2,2,3887,1757,1394935.0,408832.0,35559.0,3323785.0,32021.0,39065.0,429.63
cbecs,building_survey,1794,1794,4,13,4000,1,5,1,10,1,1,1,1,2,2,2,2,3357,1934,49034.0,14371.0,1668.0,245389.0,2364.0,1878.0,2747.83
cbecs,building_survey,1795,1795,1,2,320000,3,5,2,60,500,1,1,1,2,2,2,2,5936,897,33125481.0,9708523.0,882393.0,1295989.0,12485.0,4420.0,5.89
cbecs,building_survey,1796,1796,2,2,92000,3,6,2,40,300,1,1,1,1,2,2,2,8153,718,7868118.0,2306013.0,264957.0,79123.0,762.0,777.0,338.72
cbecs,building_survey,1797,1797,3,25,13000,1,8,2,50,3,1,1,2,2,2,2,2,2284,3566,777546.0,227886.0,19687.0,,,,1122.76
cbecs,building_survey,1798,1798,4,5,46000,1,7,4,40,45,1,1,1,2,2,2,2,3236,397,175664.0,51484.0,5738.0,71138.0,685.0,970.0,808.37
cbecs,building_survey,1799,1799,3,13,500001,2,6,25,168,1500,1,1,2,2,2,2,1,2950,2232,74489986.0,21831766.0,1899328.0,,,,10.14
cbecs,building_survey,1800,1800,3,16,260000,6,2,4,168,500,1,1,1,1,1,1,2,2792,2997,23134363.0,6780294.0,577877.0,4515698.0,43504.0,24186.0,9.24
cbecs,building_survey,1801,1801,2,16,320000,5,5,1,168,450,1,1,1,1,2,2,2,9730,733,15711666.0,4604826.0,398245.0,22653487.0,218242.0,121551.0,10.59
cbecs,building_survey,1802,1802,1,16,500001,5,5,1,168,2750,1,1,1,1,2,2,2,4488,1482,70252644.0,20589872.0,3005517.0,63107192.0,607969.0,431736.0,8.78
cbecs,building_survey,1803,1803,4,13,27500,1,9,1,60,8,1,1,1,2,2,2,2,1156,988,529204.0,155101.0,24606.0,212807.0,2050.0,1532.0,100.08
cbecs,building_survey,1804,1804,1,15,5000,2,5,1,50,15,1,1,2,2,1,2,2,5777,431,171716.0,50327.0,9889.0,,,,3709.28
cbecs,building_survey,1805,1805,1,13,4050,1,6,1,168,2,1,1,2,1,1,2,2,6530,668,77383.0,22680.0,4683.0,,,,2934.43
cbecs,building_survey,1806,1806,2,17,80000,4,2,2,168,100,1,1,1,1,2,2,2,4708,1580,6646289.0,1947916.0,164927.0,1063066.0,10241.0,8369.0,114.27
cbecs,building_survey,1807,1807,1,5,126000,2,6,1,60,225,1,1,1,1,2,2,2,5737,946,4143294.0,1214330.0,145426.0,2217460.0,21363.0,25405.0,213.58
cbecs,building_survey,1808,1808,3,23,18000,1,5,5,55,25,1,1,1,2,2,2,2,3239,2245,1391468.0,407816.0,36056.0,766466.0,7384.0,6327.0,2009.74
cbecs,building_survey,1809,1809,3,13,1500,1,2,1,60,4,1,1,1,2,2,2,2,2294,2173,117871.0,34546.0,4404.0,72674.0,700.0,938.0,2990.63
cbecs,building_survey,1810,1810,1,17,55000,3,2,1,168,60,1,1,1,1,2,2,2,4623,1478,7107161.0,2082990.0,191539.0,6201101.0,59741.0,33403.0,116.06
cbecs,building_survey,1811,1811,4,15,4500,2,8,1,140,2,1,1,1,2,2,2,2,1022,1696,934479.0,273880.0,36648.0,712674.0,6866.0,3714.0,1265.79
cbecs,building_survey,1812,1812,4,2,82000,2,6,49,168,100,1,1,1,2,2,2,2,841,1166,5186702.0,1520135.0,189764.0,343551.0,3310.0,3238.0,15.06
cbecs,building_survey,1813,1813,3,8,200000,6,8,8,90,326,1,1,1,1,2,2,2,2905,2523,23909254.0,7007402.0,490980.0,2393068.0,23055.0,18734.0,54.0
cbecs,building_survey,1814,1814,3,14,60000,6,8,1,60,70,1,1,1,2,2,2,2,4052,1751,4105962.0,1203389.0,102024.0,77553.0,747.0,1129.0,423.01
cbecs,building_survey,1815,1815,3,18,160000,995,8,1,168,40,1,1,1,1,2,2,2,3669,2046,9805012.0,2873685.0,248162.0,316139.0,3046.0,3061.0,50.03
cbecs,building_survey,1816,1816,2,13,112000,4,5,1,94,75,1,1,1,2,2,1,2,7660,1004,5541259.0,1624050.0,162126.0,1698198.0,16360.0,13530.0,244.16
cbecs,building_survey,1817,1817,4,2,46500,2,6,35,40,30,1,1,2,2,2,2,2,1000,1299,2301320.0,674478.0,87186.0,,,,32.81
cbecs,building_survey,1818,1818,3,2,13250,3,2,1,50,9,1,1,2,2,2,2,2,4219,1735,405138.0,118739.0,10561.0,,,,1214.38
cbecs,building_survey,1819,1819,4,16,800000,9,5,1,168,750,1,1,1,2,2,2,2,2006,1602,116635208.0,34183824.0,3647075.0,100537346.0,968568.0,204755.0,9.01
cbecs,building_survey,1820,1820,1,2,225000,995,2,41,168,450,1,1,1,1,2,2,2,5899,962,10106576.0,2962068.0,257271.0,13689711.0,131885.0,74017.0,14.9
cbecs,building_survey,1821,1821,2,2,305000,994,6,14,72,600,1,1,2,2,2,2,2,7195,985,11823245.0,3465195.0,340200.0,,,,43.03
cbecs,building_survey,1822,1822,3,2,40000,3,2,4,60,40,1,1,2,2,2,2,2,3279,2010,1740949.0,510243.0,44878.0,,,,589.53
cbecs,building_survey,1823,1823,3,13,5000,1,9,1,50,6,1,1,1,2,2,2,2,2392,3241,262550.0,76949.0,5199.0,197795.0,1906.0,1534.0,8544.65
cbecs,building_survey,1824,1824,1,14,130000,3,5,2,58,109,1,1,1,2,2,2,2,5542,1055,3324277.0,974290.0,107563.0,2500871.0,24093.0,41983.0,44.64
cbecs,building_survey,1825,1825,2,2,250000,3,6,8,70,53,1,1,1,2,2,2,2,5747,1440,13355998.0,3914419.0,444826.0,10950176.0,105493.0,54279.0,14.9
cbecs,building_survey,1826,1826,1,17,285000,5,2,2,168,300,1,1,1,1,2,1,2,6732,738,20768340.0,6086852.0,559313.0,5628523.0,54225.0,30152.0,14.9
cbecs,building_survey,1827,1827,3,13,16000,1,6,2,105,3,1,1,1,2,2,2,2,1190,3201,67459.0,19771.0,3267.0,1527161.0,14713.0,12591.0,1489.41
cbecs,building_survey,1828,1828,4,2,15250,5,8,3,50,16,1,1,1,2,2,2,2,6409,393,667709.0,195694.0,31936.0,1127184.0,10859.0,6259.0,31.35
cbecs,building_survey,1829,1829,4,13,310000,5,8,30,168,75,1,1,2,1,2,2,1,5068,1138,4026081.0,1179977.0,83178.0,,,,5.89
cbecs,building_survey,1830,1830,3,14,320000,4,5,1,120,140,1,1,1,2,2,2,2,3953,1643,12825050.0,3758807.0,325197.0,18031560.0,173714.0,140050.0,5.89
cbecs,building_survey,1831,1831,3,2,7200,2,3,6,50,10,1,1,1,2,2,2,2,2551,2518,350007.0,102581.0,8139.0,23148.0,223.0,495.0,1386.54
cbecs,building_survey,1832,1832,3,12,12000,2,8,1,120,4,1,1,1,2,2,2,2,2406,2605,356889.0,104598.0,7943.0,351899.0,3390.0,2915.0,1413.09
cbecs,building_survey,1833,1833,1,5,3300,1,3,1,0,2,1,1,1,2,2,2,2,6442,831,13547.0,3970.0,760.0,65677.0,633.0,805.0,6659.94
cbecs,building_survey,1834,1834,2,14,194000,3,5,1,50,90,1,1,1,1,2,2,2,8218,803,3427834.0,1004641.0,86414.0,11946258.0,115089.0,69162.0,9.01
cbecs,building_survey,1835,1835,1,26,2400,1,3,1,60,10,1,1,2,2,1,2,2,7565,387,41604.0,12193.0,2197.0,,,,1195.68
cbecs,building_survey,1836,1836,1,5,2000,1,8,1,5,0,2,2,2,2,2,2,2,6035,922,,,,,,,2990.63
cbecs,building_survey,1837,1837,2,7,46500,6,2,1,8,56,1,1,1,2,2,2,2,5595,1185,1912277.0,560456.0,69274.0,727168.0,7005.0,3792.0,246.59
cbecs,building_survey,1838,1838,2,8,10000,1,8,1,65,10,1,1,2,2,2,2,2,6587,1510,549428.0,161028.0,20100.0,,,,690.18
cbecs,building_survey,1839,1839,2,2,460000,995,6,9,60,655,1,1,1,1,2,1,2,8161,895,45421214.0,13312196.0,1125896.0,166801.0,1607.0,1504.0,14.9
cbecs,building_survey,1840,1840,3,2,13500,2,6,1,40,52,1,1,2,2,2,2,2,1946,2865,400021.0,117239.0,14573.0,,,,1413.09
cbecs,building_survey,1841,1841,3,14,260000,2,6,1,50,125,1,1,1,2,2,2,2,4087,1804,9798935.0,2871904.0,292090.0,1164715.0,11221.0,14968.0,43.95
cbecs,building_survey,1842,1842,3,14,205000,1,3,1,50,119,1,1,1,2,2,2,2,3130,2260,5552315.0,1627290.0,96244.0,8324431.0,80197.0,63597.0,44.64
cbecs,building_survey,1843,1843,3,2,14000,1,7,8,45,20,1,1,1,2,2,2,2,4384,1907,232831.0,68239.0,9939.0,728430.0,7018.0,9052.0,591.56
cbecs,building_survey,1844,1844,1,2,182000,4,2,1,168,250,1,1,1,1,2,2,2,4525,1408,8252360.0,2418628.0,218673.0,15396142.0,148325.0,105887.0,102.73
cbecs,building_survey,1845,1845,4,13,75000,2,8,2,70,20,1,1,1,2,2,2,2,6216,704,1662147.0,487147.0,40805.0,4048384.0,39002.0,31093.0,283.42
cbecs,building_survey,1846,1846,1,8,600000,6,8,1,60,524,1,1,2,2,2,1,2,4722,1390,17129166.0,5020271.0,460647.0,,,,7.82
cbecs,building_survey,1847,1847,2,16,1800000,994,4,1,168,2000,1,1,1,1,2,1,2,7156,1008,62147978.0,18214530.0,1560115.0,27828529.0,268098.0,145436.0,9.21
cbecs,building_survey,1848,1848,2,14,18250,2,3,1,45,15,1,1,2,2,2,1,2,6035,1610,716851.0,210097.0,18939.0,,,,2050.06
cbecs,building_survey,1849,1849,2,15,7200,2,2,1,100,15,1,1,1,2,2,2,2,5335,1470,636926.0,186672.0,25077.0,499537.0,4812.0,4164.0,1195.14
cbecs,building_survey,1850,1850,3,5,36000,1,3,1,40,4,1,1,2,1,2,2,2,5117,1695,206710.0,60583.0,6951.0,,,,591.56
cbecs,building_survey,1851,1851,3,2,1700000,8,8,2,60,3000,1,1,1,1,2,2,2,4509,1796,36448521.0,10682450.0,1161672.0,27285811.0,262869.0,272075.0,14.9
cbecs,building_survey,1852,1852,2,14,152000,2,4,1,75,85,1,1,1,2,2,2,2,6323,1016,3876638.0,1136178.0,96457.0,5739600.0,55295.0,34895.0,100.08
cbecs,building_survey,1853,1853,4,2,188000,2,7,2,70,700,1,1,1,2,2,2,2,725,1381,8563871.0,2509927.0,324859.0,1296998.0,12495.0,9140.0,118.55
cbecs,building_survey,1854,1854,4,8,1700,2,3,1,40,5,1,1,1,2,2,2,2,7146,364,47523.0,13928.0,2471.0,55273.0,532.0,579.0,1218.03
cbecs,building_survey,1855,1855,3,5,3200,1,7,2,40,6,1,1,1,2,2,2,2,2788,2307,113455.0,33252.0,3861.0,21493.0,207.0,310.0,2990.63
cbecs,building_survey,1856,1856,3,12,136000,4,4,1,51,62,1,1,1,2,2,2,2,2888,2368,4787639.0,1403177.0,162035.0,3350015.0,32274.0,39106.0,60.86
cbecs,building_survey,1857,1857,3,1,12000,3,4,0,0,0,2,2,2,2,2,2,2,1126,3723,,,,,,,611.8
cbecs,building_survey,1858,1858,4,5,280000,2,8,1,76,110,1,1,1,1,2,2,2,1847,1784,728299.0,213452.0,61421.0,93833.0,904.0,1268.0,32.81
cbecs,building_survey,1859,1859,3,14,87000,2,8,1,50,75,1,1,1,1,2,2,2,3565,1964,3338647.0,978501.0,95538.0,2189510.0,21094.0,18385.0,431.11
cbecs,building_survey,1860,1860,1,2,12250,3,2,25,50,90,1,1,1,2,2,2,2,5162,1004,409969.0,120155.0,18520.0,79579.0,767.0,1509.0,611.8
cbecs,building_survey,1861,1861,3,1,3300,1,3,0,0,0,2,2,2,2,2,2,2,3536,1874,,,,,,,3320.27
cbecs,building_survey,1862,1862,1,23,144000,1,7,30,75,78,1,1,1,2,2,2,2,5267,1029,7366770.0,2159077.0,325238.0,5293218.0,50994.0,28150.0,16.99
cbecs,building_survey,1863,1863,3,12,1400,1,3,2,70,2,1,1,1,2,2,2,2,1152,3694,61980.0,18165.0,3542.0,23050.0,222.0,405.0,2990.63
cbecs,building_survey,1864,1864,3,2,1700000,995,8,26,168,4500,1,1,1,1,2,2,2,5305,1531,87618744.0,25679585.0,1733573.0,17235312.0,166043.0,78757.0,69.64
cbecs,building_survey,1865,1865,3,14,122000,5,4,1,50,50,1,1,1,2,2,1,2,2704,3469,2666090.0,781386.0,67484.0,357528.0,3444.0,3037.0,303.46
cbecs,building_survey,1866,1866,1,14,95000,2,8,2,40,60,1,1,2,2,1,2,2,5546,1067,3774358.0,1106201.0,93827.0,,,,99.04
cbecs,building_survey,1867,1867,2,12,20250,2,2,1,8,1,1,1,1,2,2,2,2,6531,1478,176285.0,51666.0,5030.0,462289.0,4454.0,4028.0,1101.66
cbecs,building_survey,1868,1868,4,25,26000,1,7,1,56,3,1,1,2,2,2,2,2,5721,482,739423.0,216712.0,17870.0,,,,518.01
cbecs,building_survey,1869,1869,2,25,14750,2,5,1,50,5,1,1,1,2,2,2,2,7106,713,313712.0,91944.0,12876.0,614994.0,5925.0,4387.0,611.8
cbecs,building_survey,1870,1870,3,2,55000,2,7,1,70,25,1,1,1,2,2,2,2,4198,2287,4153829.0,1217418.0,173868.0,3482963.0,33555.0,29830.0,115.51
cbecs,building_survey,1871,1871,2,24,700000,2,4,996,73,1000,1,1,1,2,2,2,2,8915,737,26412887.0,7741174.0,1051184.0,21920674.0,211182.0,165712.0,52.78
cbecs,building_survey,1872,1872,4,16,265000,8,8,1,168,1250,1,1,1,2,2,2,2,2184,1569,32999380.0,9671565.0,1095153.0,19384579.0,186749.0,103682.0,10.17
cbecs,building_survey,1873,1873,3,4,350000,7,8,1,84,105,1,1,2,2,2,1,2,3196,1877,47803201.0,14010317.0,787144.0,,,,3.91
cbecs,building_survey,1874,1874,1,18,200000,994,6,1,168,62,1,1,1,1,2,1,2,5095,1332,11702611.0,3429839.0,318318.0,15663859.0,150904.0,83217.0,8.84
cbecs,building_survey,1875,1875,4,25,17500,1,6,1,84,7,1,1,1,2,2,2,2,964,1171,467385.0,136983.0,25199.0,117515.0,1132.0,1610.0,1531.55
cbecs,building_survey,1876,1876,2,18,53000,4,7,1,168,6,1,1,1,2,2,2,2,6715,1097,2354770.0,690144.0,55320.0,1058653.0,10199.0,6146.0,976.25
cbecs,building_survey,1877,1877,3,18,17000,3,7,1,168,3,1,1,1,2,2,2,2,1422,2991,1004659.0,294449.0,25950.0,235121.0,2265.0,2058.0,1484.29
cbecs,building_survey,1878,1878,3,14,285000,2,4,1,65,110,1,1,1,2,2,2,2,1004,3417,10167742.0,2979995.0,267242.0,4004561.0,38580.0,24867.0,44.64
cbecs,building_survey,1879,1879,3,14,92000,3,3,3,100,150,1,1,2,2,2,1,2,2719,2915,2388606.0,700060.0,56752.0,,,,297.13
cbecs,building_survey,1880,1880,4,8,86000,3,8,2,18,200,1,1,1,2,2,2,2,620,1965,18498621.0,5421636.0,770459.0,3000204.0,28904.0,19895.0,138.49
cbecs,building_survey,1881,1881,4,13,96000,3,5,1,80,31,1,1,2,2,2,1,2,4696,424,2617330.0,767096.0,57104.0,,,,312.77
cbecs,building_survey,1882,1882,4,12,11000,1,8,1,20,0,1,1,1,2,2,2,2,4055,1949,260201.0,76261.0,12688.0,364945.0,3516.0,2667.0,611.8
cbecs,building_survey,1883,1883,3,2,1100,1,6,1,54,2,1,1,1,2,2,2,2,3758,2150,125523.0,36789.0,3736.0,1877.0,18.0,89.0,2990.63
cbecs,building_survey,1884,1884,4,5,500001,2,2,20,60,450,1,1,1,2,2,2,2,4974,999,7033171.0,2061305.0,149215.0,11414419.0,109966.0,51078.0,4.5
cbecs,building_survey,1885,1885,3,5,85000,2,5,3,60,80,1,1,1,1,1,2,2,4619,1476,2284239.0,669472.0,90611.0,764472.0,7365.0,6619.0,32.47
cbecs,building_survey,1886,1886,2,26,2400,1,8,1,0,1,1,1,1,2,2,2,2,5580,1716,39730.0,11644.0,1465.0,25596.0,247.0,353.0,3709.28
cbecs,building_survey,1887,1887,4,25,5000,1,2,1,50,2,1,1,1,2,2,2,2,2104,1410,127748.0,37441.0,7490.0,26825.0,258.0,382.0,1265.79
cbecs,building_survey,1888,1888,4,14,19750,2,8,1,50,20,1,1,1,2,2,2,2,2176,1553,946403.0,277375.0,33657.0,293177.0,2824.0,798.0,495.15
cbecs,building_survey,1889,1889,2,6,126000,1,5,2,168,50,1,1,1,1,2,2,2,7365,688,21995247.0,6446438.0,486814.0,4666493.0,44957.0,25093.0,18.55
cbecs,building_survey,1890,1890,3,2,4000,1,8,1,20,1,1,1,2,2,2,2,2,4462,2033,175388.0,51403.0,4362.0,,,,2990.63
cbecs,building_survey,1891,1891,4,2,64000,2,6,1,9,25,1,1,1,2,2,2,2,927,1008,440130.0,128995.0,23163.0,145105.0,1398.0,1353.0,15.06
cbecs,building_survey,1892,1892,1,14,225000,3,4,18,93,200,1,1,1,2,2,2,2,6918,781,7951712.0,2330513.0,185998.0,6696137.0,64510.0,34123.0,14.9
cbecs,building_survey,1893,1893,2,2,1300,1,5,1,50,3,1,1,2,2,2,2,2,7895,534,102904.0,30159.0,4426.0,,,,718.49
cbecs,building_survey,1894,1894,1,8,100000,2,8,6,70,50,1,1,1,1,2,2,2,6364,773,4658865.0,1365435.0,204312.0,2635764.0,25393.0,14200.0,58.57
cbecs,building_survey,1895,1895,4,8,220000,9,9,1,60,850,1,1,1,2,2,2,2,2220,73,8406018.0,2463663.0,602446.0,3944328.0,37999.0,21242.0,51.4
cbecs,building_survey,1896,1896,3,26,102000,2,9,5,40,120,1,1,1,2,2,2,2,4440,1880,3221297.0,944108.0,88578.0,2494252.0,24029.0,20786.0,125.04
cbecs,building_survey,1897,1897,3,14,94000,1,7,1,50,52,1,1,1,2,2,2,2,3173,2171,1440950.0,422318.0,50418.0,1588624.0,15305.0,13050.0,330.8
cbecs,building_survey,1898,1898,4,6,1800,1,7,1,122,6,1,1,1,2,2,2,2,5396,1492,127119.0,37256.0,2944.0,368847.0,3553.0,814.0,3320.27
cbecs,building_survey,1899,1899,1,14,99000,2,5,1,40,44,1,1,1,1,2,2,2,4244,1519,3228139.0,946113.0,57955.0,373723.0,3600.0,2731.0,50.03
cbecs,building_survey,1900,1900,4,2,36500,3,2,5,60,25,1,1,1,2,2,2,2,7202,347,1698001.0,497656.0,35771.0,241954.0,2331.0,1872.0,1489.41
cbecs,building_survey,1901,1901,3,14,4500,1,7,1,60,12,1,1,2,2,2,2,2,2277,3807,166535.0,48809.0,7542.0,,,,4468.96
cbecs,building_survey,1902,1902,3,2,2450,1,9,1,44,4,1,1,2,2,2,2,2,1415,4125,178099.0,52198.0,3700.0,,,,2990.63
cbecs,building_survey,1903,1903,4,13,365000,7,8,1,70,50,1,1,1,2,2,2,2,882,1235,11614027.0,3403877.0,426783.0,11262979.0,108507.0,76778.0,8.66
cbecs,building_survey,1904,1904,3,15,1600,1,2,1,75,3,1,1,1,2,2,2,2,3659,1978,166468.0,48789.0,5569.0,384930.0,3708.0,3254.0,1218.03
cbecs,building_survey,1905,1905,2,18,240000,995,2,6,168,70,1,1,1,1,2,2,2,8138,1165,10720302.0,3141941.0,304530.0,9725682.0,93696.0,44561.0,8.85
cbecs,building_survey,1906,1906,2,2,460000,6,5,3,10,2400,1,1,1,2,2,1,2,6765,864,8363094.0,2451083.0,262901.0,11700410.0,112721.0,63500.0,15.06
cbecs,building_survey,1907,1907,1,15,8400,1,7,1,40,5,1,1,2,1,1,2,2,7449,470,314532.0,92184.0,15591.0,,,,1461.43
cbecs,building_survey,1908,1908,3,2,470000,2,5,1,168,1200,1,1,1,1,2,2,2,2322,2692,26375627.0,7730254.0,713472.0,1421538.0,13695.0,11743.0,48.85
cbecs,building_survey,1909,1909,3,5,5000,1,4,1,48,11,1,1,1,2,2,2,2,2985,2102,121841.0,35710.0,3547.0,70325.0,678.0,711.0,1408.23
cbecs,building_survey,1910,1910,3,7,25500,3,2,4,40,15,1,1,2,2,2,2,2,2989,2093,870364.0,255089.0,21540.0,,,,1214.38
cbecs,building_survey,1911,1911,1,14,130000,5,2,1,40,67,1,1,1,1,2,2,2,4407,1646,1952165.0,572147.0,42756.0,4903057.0,47236.0,26100.0,9.01
cbecs,building_survey,1912,1912,2,2,23500,1,4,8,60,60,1,1,1,2,2,2,2,7308,758,843279.0,247151.0,21949.0,1254800.0,12089.0,7004.0,1748.0
cbecs,building_survey,1913,1913,3,2,220000,4,7,1,168,300,1,1,1,2,2,2,2,2013,3111,17559093.0,5146276.0,442593.0,5047437.0,48627.0,26563.0,117.32
cbecs,building_survey,1914,1914,3,26,1700,2,3,1,45,1,1,1,1,2,2,2,2,3142,3153,43504.0,12750.0,2295.0,69723.0,672.0,1342.0,3257.88
cbecs,building_survey,1915,1915,1,13,53000,1,6,1,67,55,1,1,1,2,2,2,2,5395,733,2095316.0,614102.0,56445.0,3152333.0,30369.0,26526.0,213.58
cbecs,building_survey,1916,1916,4,26,7100,1,6,1,60,8,1,1,2,2,2,2,2,1403,4684,315292.0,92407.0,15074.0,,,,2934.43
cbecs,building_survey,1917,1917,2,18,104000,4,8,1,168,15,1,1,1,2,2,2,2,6911,1020,2510588.0,735811.0,71003.0,2936045.0,28286.0,17108.0,324.59
cbecs,building_survey,1918,1918,3,2,2000,1,4,2,50,3,1,1,2,2,2,2,2,3211,2003,18870.0,5530.0,845.0,,,,1195.14
cbecs,building_survey,1919,1919,1,18,280000,7,5,1,168,61,1,1,1,2,1,2,2,4737,1409,15975925.0,4682276.0,426381.0,8336864.0,80317.0,69849.0,8.84
cbecs,building_survey,1920,1920,2,2,6200,1,7,1,50,5,1,1,1,2,2,2,2,7711,1052,55041.0,16132.0,1724.0,235734.0,2271.0,2047.0,2990.63
cbecs,building_survey,1921,1921,1,16,80000,3,4,1,168,250,1,1,1,1,1,2,2,6579,537,10442715.0,3060585.0,363122.0,13196165.0,127131.0,79544.0,7.62
cbecs,building_survey,1922,1922,1,2,70000,3,8,4,50,110,1,1,2,1,2,2,2,5719,1147,3927968.0,1151222.0,107463.0,,,,224.76
cbecs,building_survey,1923,1923,2,23,44500,1,5,4,55,20,1,1,1,2,2,2,2,5390,1450,2345160.0,687327.0,59191.0,3479820.0,33524.0,19022.0,841.34
cbecs,building_survey,1924,1924,1,91,330000,2,2,19,168,75,1,1,1,2,2,2,2,6355,1015,17246313.0,5054605.0,468638.0,12039164.0,115984.0,64824.0,69.6
cbecs,building_survey,1925,1925,3,26,3600,1,8,1,40,4,1,1,2,2,2,2,2,3516,2216,90126.0,26414.0,2269.0,,,,6659.94
cbecs,building_survey,1926,1926,4,5,90000,1,8,8,168,20,1,1,1,2,2,2,2,817,1133,1527317.0,447631.0,95506.0,190784.0,1838.0,2875.0,215.07
cbecs,building_survey,1927,1927,1,14,116000,1,4,1,40,65,1,1,2,1,1,2,2,6227,543,1535566.0,450049.0,66974.0,,,,97.52
cbecs,building_survey,1928,1928,4,24,200000,1,5,996,65,500,1,1,2,2,2,2,2,419,5618,2985099.0,874882.0,118886.0,,,,65.89
cbecs,building_survey,1929,1929,3,16,500001,8,8,1,168,1000,1,1,1,1,2,2,2,3983,1855,62950133.0,18449629.0,1809308.0,59997947.0,578015.0,282775.0,9.91
cbecs,building_survey,1930,1930,1,8,80000,3,6,37,86,370,1,1,1,2,2,2,2,5275,979,5324590.0,1560548.0,143778.0,2996961.0,28872.0,35520.0,8.76
cbecs,building_survey,1931,1931,2,5,120000,1,4,3,40,20,1,1,1,2,2,2,2,6520,577,432449.0,126744.0,13868.0,580239.0,5590.0,3237.0,237.36
cbecs,building_survey,1932,1932,1,2,700000,9,4,35,168,925,1,1,1,1,2,2,2,4203,1427,32436488.0,9506591.0,710287.0,8099022.0,78025.0,98857.0,8.76
cbecs,building_survey,1933,1933,2,14,120000,2,8,1,73,65,1,1,1,2,2,2,2,5347,1398,5750934.0,1685502.0,204206.0,5108269.0,49213.0,27868.0,97.52
cbecs,building_survey,1934,1934,1,14,72000,1,3,1,8,50,1,1,1,1,2,2,2,5718,1017,1607975.0,471271.0,36503.0,2149647.0,20710.0,17198.0,288.37
cbecs,building_survey,1935,1935,1,13,35000,2,8,1,168,15,1,1,1,2,2,2,2,5811,1047,187480.0,54947.0,7131.0,1532261.0,14762.0,11894.0,224.76
cbecs,building_survey,1936,1936,3,6,3000,1,4,1,168,1,1,1,2,2,2,2,2,2939,2710,451445.0,132311.0,10809.0,,,,1218.03
cbecs,building_survey,1937,1937,4,8,3100,1,6,1,36,10,1,1,2,2,2,2,2,4464,281,211394.0,61956.0,8571.0,,,,1265.79
cbecs,building_survey,1938,1938,4,16,132000,5,6,1,168,110,1,1,1,1,2,2,2,1307,2259,16006001.0,4691091.0,571293.0,15759792.0,151828.0,93153.0,9.16
cbecs,building_survey,1939,1939,2,2,30000,3,8,1,45,60,1,1,2,2,2,2,2,5296,1802,1095691.0,321129.0,28289.0,,,,589.53
cbecs,building_survey,1940,1940,3,18,18000,3,8,1,168,3,1,1,2,2,2,2,2,1467,4064,1338791.0,392377.0,34312.0,,,,1214.38
cbecs,building_survey,1941,1941,4,5,116000,1,7,3,80,25,1,1,1,2,2,2,2,2295,161,754096.0,221013.0,49250.0,1342450.0,12933.0,10879.0,249.3
cbecs,building_survey,1942,1942,2,12,4500,2,2,1,3,1,1,1,2,2,1,2,2,5856,1565,72616.0,21283.0,2354.0,,,,1472.45
cbecs,building_survey,1943,1943,4,2,250000,6,5,6,48,250,1,1,1,1,2,2,2,6987,343,12420572.0,3640261.0,406923.0,3355135.0,32323.0,17675.0,68.36
cbecs,building_survey,1944,1944,2,13,18250,1,8,1,54,6,1,1,1,2,2,2,2,6743,666,1065589.0,312306.0,40850.0,663475.0,6392.0,3766.0,611.8
cbecs,building_survey,1945,1945,3,8,18000,2,6,1,45,25,1,1,1,2,2,2,2,4894,1806,430474.0,126165.0,15092.0,331482.0,3193.0,2783.0,690.18
cbecs,building_survey,1946,1946,3,26,3600,1,8,1,50,3,1,1,2,2,1,2,2,2975,3202,102723.0,30106.0,5582.0,,,,3320.27
cbecs,building_survey,1947,1947,4,25,205000,1,8,4,168,150,1,1,1,2,2,2,2,1391,3822,17430827.0,5108683.0,366127.0,1115760.0,10749.0,7901.0,14.67
cbecs,building_survey,1948,1948,1,13,38000,3,5,2,120,6,1,1,1,2,2,2,2,6589,736,540304.0,158354.0,33181.0,1315111.0,12670.0,16207.0,8.74
cbecs,building_survey,1949,1949,4,2,64000,6,2,75,40,200,1,1,2,1,2,2,2,869,1111,2832799.0,830246.0,163584.0,,,,253.07
cbecs,building_survey,1950,1950,2,1,1800,2,2,1,4,0,1,1,2,2,1,2,2,5937,1136,115077.0,33727.0,4333.0,,,,2934.43
cbecs,building_survey,1951,1951,4,15,35000,1,8,1,40,12,1,1,1,2,2,1,2,3368,850,4549075.0,1333258.0,171523.0,627064.0,6041.0,5892.0,495.15
cbecs,building_survey,1952,1952,1,14,134000,3,4,1,50,50,1,1,1,2,2,2,2,5010,1309,4171673.0,1222647.0,116809.0,3064880.0,29527.0,27420.0,99.04
cbecs,building_survey,1953,1953,2,25,198000,1,8,1,168,115,1,1,1,2,2,2,2,4937,1941,14228526.0,4170142.0,357819.0,6498124.0,62602.0,35040.0,52.07
cbecs,building_survey,1954,1954,1,14,97000,2,4,1,60,97,1,1,1,2,2,2,2,5739,1126,1954243.0,572756.0,73869.0,5240756.0,50489.0,44833.0,265.65
cbecs,building_survey,1955,1955,3,1,270000,994,8,0,0,0,1,1,1,1,2,2,2,4517,1548,7717524.0,2261877.0,244274.0,228065.0,2197.0,2075.0,58.26
cbecs,building_survey,1956,1956,2,12,65000,2,7,1,60,20,1,1,1,2,2,2,2,5200,1216,1269746.0,372141.0,49524.0,1386398.0,13356.0,5022.0,227.11
cbecs,building_survey,1957,1957,4,14,15000,1,5,1,50,15,1,1,1,2,2,2,2,1960,1647,371042.0,108746.0,14167.0,72560.0,699.0,200.0,1399.59
cbecs,building_survey,1958,1958,3,13,2900,1,5,1,48,1,1,1,2,2,2,2,2,1392,3818,365357.0,107080.0,9545.0,,,,2089.32
cbecs,building_survey,1959,1959,3,25,178000,1,9,1,168,115,1,1,1,2,2,2,2,3325,2364,14465450.0,4239581.0,314953.0,6294431.0,60640.0,34091.0,125.04
cbecs,building_survey,1960,1960,3,5,34000,1,8,1,65,55,1,1,2,2,2,2,2,1703,2826,1579579.0,462948.0,44218.0,,,,245.01
cbecs,building_survey,1961,1961,2,14,188000,5,4,3,95,40,1,1,1,2,2,2,2,4912,1915,5606921.0,1643295.0,208972.0,3071908.0,29594.0,16474.0,50.03
cbecs,building_survey,1962,1962,3,1,128000,1,4,0,0,0,2,2,2,2,2,2,2,2152,2503,,,,,,,125.04
cbecs,building_survey,1963,1963,4,2,6500,2,4,1,40,10,1,1,2,2,2,2,2,7830,217,260709.0,76409.0,2620.0,,,,21.71
cbecs,building_survey,1964,1964,3,8,70000,2,7,13,60,100,1,1,2,2,2,2,2,1466,4273,4892938.0,1434038.0,159930.0,,,,9.07
cbecs,building_survey,1965,1965,1,18,35000,3,5,1,168,2,1,1,2,2,2,2,2,7012,765,3158635.0,925743.0,86611.0,,,,2059.97
cbecs,building_survey,1966,1966,3,15,4650,2,4,1,105,10,1,1,1,2,2,2,2,4449,1648,1034736.0,303264.0,29941.0,1024858.0,9873.0,7907.0,534.51
cbecs,building_survey,1967,1967,3,8,73000,4,5,3,168,40,1,1,1,2,2,2,2,3578,1965,4803639.0,1407866.0,111475.0,5139107.0,49510.0,20439.0,51.49
cbecs,building_survey,1968,1968,2,14,265000,3,2,1,58,147,1,1,1,2,2,2,2,5641,1495,4053867.0,1188120.0,101333.0,7482019.0,72081.0,46283.0,45.1
cbecs,building_survey,1969,1969,1,14,220000,9,7,27,77,90,1,1,2,1,2,1,2,6341,906,9943310.0,2914217.0,271010.0,,,,50.03
cbecs,building_survey,1970,1970,3,8,3500,2,6,1,65,10,1,1,1,2,2,2,2,3446,1928,237381.0,69572.0,10852.0,12687.0,122.0,218.0,1218.03
cbecs,building_survey,1971,1971,2,8,5000,1,7,1,40,4,1,1,1,2,2,2,2,5447,1595,99688.0,29217.0,3536.0,111932.0,1078.0,1490.0,1391.33
cbecs,building_survey,1972,1972,2,16,350000,6,8,3,168,125,1,1,1,1,2,2,2,5361,2141,9276263.0,2718717.0,298320.0,6876724.0,66250.0,48003.0,50.87
cbecs,building_survey,1973,1973,2,14,250000,3,2,1,96,130,1,1,1,1,2,2,2,5781,1052,4867779.0,1426664.0,143839.0,582399.0,5611.0,4818.0,8.93
cbecs,building_survey,1974,1974,2,7,6000,3,2,1,40,30,1,1,1,2,2,2,2,5516,1423,266648.0,78150.0,7451.0,91968.0,886.0,907.0,1290.29
cbecs,building_survey,1975,1975,3,91,164000,5,5,1,168,200,1,1,1,1,2,2,2,3612,2066,20468038.0,5998839.0,321907.0,8465190.0,81553.0,22936.0,14.9
cbecs,building_survey,1976,1976,4,12,5000,1,7,1,40,5,1,1,1,2,2,2,2,5217,962,82520.0,24185.0,2678.0,203350.0,1959.0,1039.0,14.9
cbecs,building_survey,1977,1977,4,7,5300,1,8,2,168,6,1,1,1,2,2,2,2,535,4588,562342.0,164813.0,21920.0,33111.0,319.0,485.0,1399.59
cbecs,building_survey,1978,1978,3,2,4500,1,3,1,50,9,1,1,2,2,2,2,2,1151,3768,60578.0,17754.0,1651.0,,,,4468.96
cbecs,building_survey,1979,1979,3,2,83000,5,2,10,80,35,1,1,1,2,2,2,2,4507,1772,4160865.0,1219480.0,104547.0,2418836.0,23303.0,19492.0,127.33
cbecs,building_survey,1980,1980,3,6,25000,1,8,1,98,8,1,1,1,2,2,2,2,2902,2698,3659535.0,1072548.0,87579.0,49046.0,473.0,694.0,1566.64
cbecs,building_survey,1981,1981,4,14,240000,2,8,1,70,130,1,1,1,1,2,2,2,5101,1468,5141045.0,1506754.0,164869.0,7796160.0,75108.0,61672.0,8.84
cbecs,building_survey,1982,1982,2,14,57000,2,4,1,58,68,1,1,1,2,2,2,2,5799,703,869728.0,254903.0,33556.0,2777878.0,26762.0,13828.0,456.48
cbecs,building_survey,1983,1983,2,16,275000,7,6,1,168,400,1,1,1,1,2,1,2,6416,1256,11550256.0,3385186.0,273191.0,40363204.0,388856.0,183194.0,9.53
cbecs,building_survey,1984,1984,2,25,1500,1,8,1,100,3,1,1,2,2,2,2,2,5137,1749,144589.0,42377.0,4214.0,,,,2990.63
cbecs,building_survey,1985,1985,3,12,4500,1,5,1,3,4,1,1,1,2,2,2,2,2886,2241,55355.0,16224.0,2619.0,98251.0,947.0,932.0,4084.96
cbecs,building_survey,1986,1986,4,5,122000,1,2,1,50,8,1,1,1,2,2,2,2,7035,1225,2257201.0,661548.0,60249.0,2503523.0,24119.0,18402.0,99.38
cbecs,building_survey,1987,1987,2,14,210000,2,4,1,30,25,1,1,1,2,2,2,2,6824,607,994864.0,291578.0,38025.0,7841081.0,75540.0,42768.0,43.95
cbecs,building_survey,1988,1988,1,5,120000,2,9,8,40,50,1,1,1,2,2,2,2,5459,1234,1140981.0,334402.0,59442.0,1161904.0,11194.0,13071.0,69.36
cbecs,building_survey,1989,1989,4,18,10250,2,8,1,168,4,1,1,1,2,2,2,2,1802,1615,667735.0,195702.0,37425.0,599089.0,5772.0,4982.0,1399.59
cbecs,building_survey,1990,1990,4,5,255000,2,8,1,40,110,1,1,2,2,2,2,2,834,1150,1884405.0,552288.0,71307.0,,,,70.08
cbecs,building_survey,1991,1991,4,5,11750,1,9,1,112,0,2,2,2,2,2,2,2,6166,561,,,,,,,3411.87
cbecs,building_survey,1992,1992,2,5,600000,1,8,1,96,120,1,1,1,2,1,2,2,6660,686,7358749.0,2156726.0,237093.0,20593329.0,198394.0,117406.0,55.91
cbecs,building_survey,1993,1993,3,16,800000,5,4,1,168,1000,1,1,1,1,2,2,2,2105,2343,71335901.0,20907357.0,1560900.0,99850319.0,961949.0,476402.0,5.55
cbecs,building_survey,1994,1994,3,2,220000,994,6,32,51,450,1,1,2,2,2,2,2,2430,3206,16240742.0,4759889.0,315301.0,,,,14.9
cbecs,building_survey,1995,1995,1,13,3350,2,2,1,8,5,1,1,2,1,2,2,2,7405,582,106794.0,31300.0,5082.0,,,,2934.43
cbecs,building_survey,1996,1996,3,15,1400,1,8,1,56,6,1,1,2,2,1,2,2,3773,1922,133774.0,39207.0,3876.0,,,,711.02
cbecs,building_survey,1997,1997,2,13,19250,3,2,1,63,8,1,1,1,2,2,2,2,4778,2242,306124.0,89720.0,9860.0,1600819.0,15422.0,12396.0,458.62
cbecs,building_survey,1998,1998,2,26,9600,1,8,1,72,9,1,1,1,2,2,2,2,8392,487,101426.0,29726.0,3652.0,176450.0,1700.0,1125.0,3075.23
cbecs,building_survey,1999,1999,1,8,14000,3,3,3,64,67,1,1,1,2,2,2,2,6645,834,878023.0,257334.0,23744.0,774841.0,7465.0,9396.0,687.8
cbecs,building_survey,2000,2000,2,5,53000,4,6,3,77,15,1,1,1,2,2,2,2,4862,2036,1885993.0,552753.0,68250.0,621859.0,5991.0,4521.0,240.4
cbecs,building_survey,2001,2001,1,13,5001,3,3,1,24,2,1,1,2,1,2,2,2,5486,1218,162620.0,47661.0,4926.0,,,,1745.76
cbecs,building_survey,2002,2002,1,26,2200,2,8,1,168,0,1,1,2,2,1,2,2,9221,429,162708.0,47687.0,7959.0,,,,2934.43
cbecs,building_survey,2003,2003,1,18,104000,7,6,1,168,15,1,1,1,2,2,2,2,5287,955,3535919.0,1036319.0,154240.0,2290895.0,22070.0,18467.0,97.52
cbecs,building_survey,2004,2004,4,13,25000,1,3,1,56,1,1,1,1,2,2,2,2,2270,1436,199704.0,58530.0,13528.0,504163.0,4857.0,6229.0,611.8
cbecs,building_survey,2005,2005,2,13,4000,2,3,1,60,1,1,1,1,2,2,2,2,5821,553,132742.0,38904.0,4608.0,191266.0,1843.0,1409.0,1265.79
cbecs,building_survey,2006,2006,3,8,92000,3,6,3,65,300,1,1,1,2,2,2,2,4431,2019,8632614.0,2530074.0,244074.0,6994792.0,67387.0,50790.0,10.22
cbecs,building_survey,2007,2007,4,14,305000,8,5,1,60,250,1,1,2,2,2,1,2,773,1349,10867636.0,3185122.0,328361.0,,,,59.79
cbecs,building_survey,2008,2008,4,26,55000,1,8,1,74,60,1,1,1,2,2,2,2,3710,936,2984147.0,874603.0,82995.0,2170606.0,20911.0,20231.0,312.77
cbecs,building_survey,2009,2009,2,14,124000,5,7,1,70,20,1,1,2,2,2,1,2,5355,1730,2825846.0,828208.0,70950.0,,,,97.52
cbecs,building_survey,2010,2010,2,6,9100,3,2,2,116,2,1,1,2,2,1,2,2,6933,972,1257278.0,368487.0,31718.0,,,,1265.79
cbecs,building_survey,2011,2011,1,13,80000,2,8,1,10,15,1,1,1,1,2,2,2,5963,848,3319951.0,973022.0,96567.0,5291569.0,50979.0,37334.0,117.32
cbecs,building_survey,2012,2012,3,2,800000,994,2,2,55,700,1,1,2,1,2,1,2,4324,1778,25739507.0,7543818.0,656399.0,,,,6.52
cbecs,building_survey,2013,2013,2,14,172000,2,8,1,60,60,1,1,1,2,2,2,2,4870,1683,4896381.0,1435047.0,123117.0,10264183.0,98884.0,54271.0,97.52
cbecs,building_survey,2014,2014,3,14,350000,6,4,1,60,160,1,1,1,2,2,2,2,4557,1580,11217032.0,3287524.0,281342.0,14722572.0,141836.0,132747.0,8.84
cbecs,building_survey,2015,2015,2,2,63000,1,6,6,168,136,1,1,1,2,2,2,2,6332,1154,1209413.0,354459.0,37922.0,4938652.0,47579.0,28057.0,215.07
cbecs,building_survey,2016,2016,2,25,90000,2,4,5,72,25,1,1,1,2,2,2,2,5739,1084,2463865.0,722118.0,73926.0,455548.0,4389.0,3740.0,118.55
cbecs,building_survey,2017,2017,4,1,1400,1,4,0,0,0,2,2,2,2,2,2,2,4688,765,,,,,,,1265.79
cbecs,building_survey,2018,2018,1,13,205000,3,6,1,168,30,1,1,1,1,1,2,2,4825,1053,11167398.0,3272977.0,493636.0,10230164.0,98556.0,53680.0,8.74
cbecs,building_survey,2019,2019,3,13,230000,4,5,3,90,70,1,1,1,2,2,1,2,4510,1639,11922535.0,3494295.0,273982.0,1846228.0,17786.0,15178.0,9.21
cbecs,building_survey,2020,2020,3,26,60000,1,4,1,50,60,1,1,1,2,2,2,2,2737,2637,543953.0,159424.0,9442.0,562621.0,5420.0,5209.0,213.58
cbecs,building_survey,2021,2021,3,14,106000,2,5,1,55,142,1,1,1,2,2,2,2,5050,1301,3902753.0,1143831.0,113775.0,1844991.0,17774.0,16490.0,99.38
cbecs,building_survey,2022,2022,3,2,17250,1,2,1,168,60,1,1,2,1,2,1,2,4362,1855,1840086.0,539298.0,40545.0,,,,495.15
cbecs,building_survey,2023,2023,1,2,28000,2,3,1,40,40,1,1,1,2,2,2,2,5574,1016,485092.0,142172.0,17987.0,1722809.0,16597.0,17428.0,8.84
cbecs,building_survey,2024,2024,1,16,270000,6,4,1,168,150,1,1,1,1,2,2,2,6476,846,20594989.0,6036046.0,540382.0,42026891.0,404883.0,200154.0,9.95
cbecs,building_survey,2025,2025,4,5,118000,1,9,11,40,75,1,1,1,2,2,2,2,4018,1617,1971519.0,577819.0,46482.0,318828.0,3072.0,2743.0,244.16
cbecs,building_survey,2026,2026,3,5,1200,1,7,1,168,0,2,2,2,2,2,2,2,1441,2964,,,,,,,6659.94
cbecs,building_survey,2027,2027,1,14,88000,4,2,1,60,120,1,1,1,1,2,2,2,4968,1281,2137581.0,626489.0,51022.0,253243.0,2440.0,3517.0,303.46
cbecs,building_survey,2028,2028,2,14,200001,3,4,1,50,108,1,1,1,2,2,2,2,6057,1056,5801091.0,1700203.0,145294.0,6805420.0,65563.0,36661.0,44.64
cbecs,building_survey,2029,2029,3,14,425000,1,7,1,45,246,1,1,1,2,2,2,2,2657,2555,14893765.0,4365113.0,270078.0,12529161.0,120705.0,66030.0,54.9
cbecs,building_survey,2030,2030,3,13,86000,5,6,1,45,100,1,1,1,2,2,2,2,2191,3040,10929131.0,3203145.0,222012.0,3769832.0,36318.0,21093.0,125.04
cbecs,building_survey,2031,2031,1,14,164000,5,5,1,100,125,1,1,1,1,2,2,2,4715,1560,5090674.0,1491991.0,324326.0,6707721.0,64622.0,30732.0,97.52
cbecs,building_survey,2032,2032,2,14,140000,3,2,1,50,60,1,1,1,2,2,2,2,5559,1669,2373880.0,695744.0,108625.0,6869986.0,66185.0,36495.0,100.08
cbecs,building_survey,2033,2033,2,23,14250,2,3,12,75,19,1,1,1,2,2,2,2,5056,1149,1107695.0,324647.0,27974.0,507747.0,4892.0,4193.0,841.34
cbecs,building_survey,2034,2034,2,2,3200,2,4,1,42,5,1,1,1,2,2,2,2,5558,1615,67575.0,19805.0,2286.0,53897.0,519.0,766.0,1391.33
cbecs,building_survey,2035,2035,4,14,425000,1,8,1,65,100,1,1,1,2,2,2,2,5123,606,5770523.0,1691244.0,213798.0,25116015.0,241965.0,133467.0,45.1
cbecs,building_survey,2036,2036,3,25,200001,1,7,5,168,150,1,1,1,2,2,2,2,1880,2954,20627324.0,6045523.0,515596.0,7899967.0,76108.0,41451.0,52.07
cbecs,building_survey,2037,2037,3,12,29000,1,4,1,30,6,1,1,1,2,2,2,2,2075,3021,445021.0,130428.0,13367.0,316039.0,3045.0,3029.0,345.93
cbecs,building_survey,2038,2038,1,12,50000,2,8,1,35,3,1,1,1,2,2,2,2,5077,1252,731526.0,214398.0,16382.0,699696.0,6741.0,6591.0,224.76
cbecs,building_survey,2039,2039,2,5,450000,1,4,2,132,120,1,1,1,1,2,2,2,5650,1717,11481459.0,3365023.0,291456.0,6775808.0,65278.0,27906.0,14.9
cbecs,building_survey,2040,2040,3,2,10000,1,6,1,40,6,1,1,2,2,2,2,2,4040,1753,233039.0,68300.0,6929.0,,,,3420.76
cbecs,building_survey,2041,2041,2,12,12000,2,5,1,50,1,1,1,2,2,1,2,2,5303,1134,139609.0,40917.0,6537.0,,,,3195.83
cbecs,building_survey,2042,2042,3,2,2500,1,2,1,50,4,1,1,2,2,2,2,2,2585,2529,217043.0,63612.0,4360.0,,,,3320.27
cbecs,building_survey,2043,2043,1,6,120000,2,8,1,168,100,1,1,1,1,1,2,2,5435,1049,21921881.0,6424936.0,1105171.0,16565216.0,159588.0,89007.0,107.76
cbecs,building_survey,2044,2044,1,14,405000,4,5,1,60,238,1,1,1,2,2,2,2,4949,1183,13433462.0,3937123.0,341714.0,16964718.0,163437.0,99849.0,44.64
cbecs,building_survey,2045,2045,2,91,40000,3,2,1,168,1,1,1,2,1,2,2,2,5663,944,4862497.0,1425116.0,119029.0,,,,1748.0
cbecs,building_survey,2046,2046,1,26,6000,2,2,1,60,3,1,1,1,1,2,2,2,5776,1072,90730.0,26591.0,3289.0,297378.0,2865.0,2779.0,2990.63
cbecs,building_survey,2047,2047,3,25,260000,3,4,1,100,20,1,1,1,2,2,2,2,5047,1409,7714161.0,2260891.0,248674.0,2555935.0,24624.0,20759.0,21.42
cbecs,building_survey,2048,2048,3,14,215000,2,9,1,45,110,1,1,1,2,2,2,2,3892,1763,7717454.0,2261856.0,237345.0,8732080.0,84124.0,47329.0,47.7
cbecs,building_survey,2049,2049,3,12,30000,1,4,1,15,4,1,1,2,2,2,2,2,2287,3079,244252.0,71586.0,13490.0,,,,1489.41
cbecs,building_survey,2050,2050,3,16,420000,5,6,1,168,500,1,1,1,1,2,2,2,1088,4116,57818014.0,16945491.0,2791229.0,33495763.0,322695.0,289739.0,8.92
cbecs,building_survey,2051,2051,1,26,6000,3,4,2,24,3,1,1,1,1,2,2,2,5854,1115,45143.0,13231.0,3110.0,2056.0,20.0,94.0,2990.63
cbecs,building_survey,2052,2052,2,14,144000,2,7,1,97,100,1,1,1,2,2,2,2,6272,890,3701542.0,1084860.0,105895.0,6337598.0,61056.0,41641.0,45.1
cbecs,building_survey,2053,2053,3,2,132000,2,6,1,70,90,1,1,1,2,1,2,2,3181,1912,4969995.0,1456622.0,137578.0,3140055.0,30251.0,41910.0,48.85
cbecs,building_survey,2054,2054,1,14,182000,1,4,1,84,130,1,1,1,1,2,2,2,4270,1446,2555266.0,748906.0,68469.0,454891.0,4382.0,5655.0,50.03
cbecs,building_survey,2055,2055,1,14,160000,4,8,1,64,135,1,1,1,2,2,2,2,4814,965,4669521.0,1368558.0,203072.0,7558134.0,72814.0,40306.0,97.52
cbecs,building_survey,2056,2056,3,14,134000,5,6,1,55,100,1,1,1,2,2,2,2,1266,2809,5983393.0,1753632.0,104281.0,474853.0,4575.0,3943.0,50.03
cbecs,building_survey,2057,2057,3,18,95000,5,8,1,168,50,1,1,1,2,2,2,2,3422,1961,1987147.0,582399.0,45919.0,1096396.0,10563.0,9589.0,332.94
cbecs,building_survey,2058,2058,4,2,39000,3,5,20,168,60,1,1,1,2,2,2,2,7200,463,2185641.0,640575.0,61128.0,1231498.0,11864.0,7438.0,621.37
cbecs,building_survey,2059,2059,2,2,120000,6,9,3,60,500,1,1,1,1,2,2,2,4454,2042,8265346.0,2422434.0,202876.0,1600755.0,15422.0,11734.0,153.0
cbecs,building_survey,2060,2060,2,5,9000,1,7,1,4,9,1,1,2,2,2,2,2,6706,1487,266605.0,78137.0,7371.0,,,,3709.28
cbecs,building_survey,2061,2061,4,12,60000,2,9,1,80,17,1,1,1,2,2,2,2,4208,360,693201.0,203166.0,23548.0,470024.0,4528.0,4033.0,312.77
cbecs,building_survey,2062,2062,4,17,35000,2,7,1,168,30,1,1,1,1,2,2,2,5337,1235,3359232.0,984535.0,76458.0,1515317.0,14598.0,11273.0,330.8
cbecs,building_survey,2063,2063,2,7,28500,2,8,3,168,9,1,1,1,2,2,2,2,8517,533,875846.0,256696.0,21013.0,1067522.0,10284.0,5839.0,611.8
cbecs,building_survey,2064,2064,3,2,59000,1,6,4,70,75,1,1,2,2,2,2,2,4346,1591,1427276.0,418311.0,41421.0,,,,117.32
cbecs,building_survey,2065,2065,4,2,1000000,9,7,15,65,2750,1,1,1,1,2,2,2,1143,968,23745298.0,6959349.0,1304980.0,1173773.0,11308.0,8037.0,15.06
cbecs,building_survey,2066,2066,4,23,97000,1,7,14,140,72,1,1,1,2,1,2,2,5750,607,10534040.0,3087351.0,398547.0,5078667.0,48927.0,26791.0,175.02
cbecs,building_survey,2067,2067,1,2,3550,1,5,2,41,8,1,1,1,2,2,2,2,4802,1487,63684.0,18665.0,5329.0,440533.0,4244.0,3711.0,2990.63
cbecs,building_survey,2068,2068,3,14,21000,1,8,1,68,10,1,1,2,1,2,2,2,3790,1734,1133378.0,332174.0,34677.0,,,,429.63
cbecs,building_survey,2069,2069,1,2,290000,5,6,8,50,125,1,1,1,1,2,2,2,5322,1053,7975482.0,2337480.0,466103.0,1074966.0,10356.0,14547.0,58.49
cbecs,building_survey,2070,2070,3,8,4000,1,8,2,50,8,1,1,2,2,2,2,2,3812,1493,334217.0,97953.0,8537.0,,,,1218.03
cbecs,building_survey,2071,2071,3,2,320000,995,8,7,66,425,1,1,1,2,2,2,2,4424,1514,18235023.0,5344380.0,734003.0,1257442.0,12114.0,12318.0,14.9
cbecs,building_survey,2072,2072,2,5,10500,1,4,1,168,10,1,1,1,2,2,2,2,7481,657,96808.0,28373.0,3828.0,386966.0,3728.0,2678.0,3554.88
cbecs,building_survey,2073,2073,3,14,365000,2,6,1,68,300,1,1,1,2,2,2,2,1382,3435,16588549.0,4861826.0,409509.0,3036355.0,29252.0,22229.0,49.4
cbecs,building_survey,2074,2074,3,14,106000,5,2,1,70,50,1,1,2,2,2,1,2,4161,1973,2568764.0,752862.0,59184.0,,,,621.34
cbecs,building_survey,2075,2075,3,5,21000,1,5,2,80,10,1,1,1,2,2,2,2,1259,3386,242070.0,70947.0,7753.0,26141.0,252.0,349.0,623.52
cbecs,building_survey,2076,2076,1,5,10750,1,6,1,45,35,1,1,1,1,2,2,2,5636,858,373016.0,109325.0,18992.0,70301.0,677.0,731.0,1461.43
cbecs,building_survey,2077,2077,3,18,200000,4,8,1,168,9,1,1,1,2,2,2,2,2512,2117,2082228.0,610266.0,59890.0,1842849.0,17754.0,21956.0,8.7
cbecs,building_survey,2078,2078,4,25,188000,1,9,1,168,115,1,1,1,2,2,2,2,8144,287,10503872.0,3078509.0,347746.0,8714055.0,83950.0,38416.0,107.76
cbecs,building_survey,2079,2079,3,13,8000,1,2,1,8,4,1,1,1,2,2,2,2,3254,2373,223279.0,65439.0,5697.0,293229.0,2825.0,2451.0,1408.23
cbecs,building_survey,2080,2080,2,2,11500,2,7,1,55,30,1,1,1,2,2,2,2,7579,658,414843.0,121584.0,10900.0,202951.0,1955.0,2890.0,3075.23
cbecs,building_survey,2081,2081,1,5,10001,1,9,1,50,0,2,2,2,2,2,2,2,8360,539,,,,,,,1195.14
cbecs,building_survey,2082,2082,3,23,108000,1,5,5,57,61,1,1,1,2,1,2,2,3240,2188,6211021.0,1820346.0,158704.0,3651587.0,35179.0,19431.0,175.02
cbecs,building_survey,2083,2083,2,8,2000,1,3,1,84,6,1,1,1,2,2,2,2,6915,1192,109047.0,31960.0,3670.0,183936.0,1772.0,1392.0,1218.03
cbecs,building_survey,2084,2084,3,2,194000,995,4,55,55,400,1,1,2,1,2,2,2,2264,3040,15876931.0,4653262.0,431167.0,,,,58.26
cbecs,building_survey,2085,2085,4,6,49000,2,5,1,91,30,1,1,1,2,2,2,2,2546,705,5618168.0,1646591.0,266985.0,2844447.0,27403.0,8955.0,286.39
cbecs,building_survey,2086,2086,1,2,470000,994,2,1,50,800,1,1,2,1,2,1,2,6403,859,10677537.0,3129407.0,459012.0,,,,14.73
cbecs,building_survey,2087,2087,3,8,2100,1,6,1,32,7,1,1,1,2,2,2,2,3961,2150,72757.0,21324.0,1854.0,49519.0,477.0,556.0,1218.03
cbecs,building_survey,2088,2088,4,14,8800,2,3,1,60,2,1,1,2,2,2,2,2,491,3828,78505.0,23008.0,9121.0,,,,2934.43
cbecs,building_survey,2089,2089,2,26,2500,2,8,1,10,1,1,1,1,2,2,2,2,5230,1560,44317.0,12989.0,1612.0,118035.0,1137.0,1696.0,2747.83
cbecs,building_survey,2090,2090,2,25,35000,3,2,1,49,4,1,1,1,2,2,2,2,8319,595,714739.0,209478.0,18723.0,339528.0,3271.0,2632.0,1531.55
cbecs,building_survey,2091,2091,3,8,8400,2,7,1,70,4,1,1,2,2,2,2,2,1500,3906,494103.0,144813.0,9268.0,,,,1195.14
cbecs,building_survey,2092,2092,3,15,2600,1,4,1,100,10,1,1,1,2,2,2,2,4225,1684,352891.0,103426.0,10024.0,565102.0,5444.0,4396.0,1218.03
cbecs,building_survey,2093,2093,4,18,2100000,995,5,1,168,2200,1,1,1,1,1,1,2,1514,4483,373243753.0,109391487.0,7800714.0,166314814.0,1602262.0,730615.0,8.87
cbecs,building_survey,2094,2094,2,13,1850,1,4,1,48,2,1,1,1,2,2,2,2,7310,1166,65995.0,19342.0,2201.0,314399.0,3029.0,1442.0,3075.23
cbecs,building_survey,2095,2095,2,24,600000,1,6,996,68,20,1,1,1,1,2,2,2,7206,1246,3535451.0,1036181.0,85067.0,12182932.0,117369.0,96381.0,22.05
cbecs,building_survey,2096,2096,4,18,12000,2,3,1,168,7,1,1,1,2,2,2,2,1301,2150,174894.0,51258.0,1223.0,148646.0,1432.0,1509.0,1531.55
cbecs,building_survey,2097,2097,4,2,76000,3,2,3,45,26,1,1,1,2,2,2,2,4230,1547,8239776.0,2414940.0,214109.0,3260667.0,31413.0,23689.0,14.9
cbecs,building_survey,2098,2098,3,2,87000,3,8,1,20,80,1,1,1,2,2,2,2,4033,1933,3876186.0,1136045.0,125426.0,2421230.0,23326.0,19374.0,329.67
cbecs,building_survey,2099,2099,3,5,2600,2,9,2,0,0,1,1,2,2,2,2,2,3580,1622,36540.0,10709.0,1334.0,,,,6659.94
cbecs,building_survey,2100,2100,3,2,21500,3,2,1,60,24,1,1,2,2,2,2,2,3461,1973,845481.0,247796.0,27925.0,,,,1408.23
cbecs,building_survey,2101,2101,3,4,186000,2,7,1,168,350,1,1,1,2,2,2,2,2112,2940,16482367.0,4830705.0,291061.0,6891993.0,66397.0,37000.0,50.87
cbecs,building_survey,2102,2102,2,2,41000,2,8,5,48,108,1,1,1,2,2,2,2,8630,565,1357711.0,397922.0,46109.0,1375138.0,13248.0,11031.0,1748.0
cbecs,building_survey,2103,2103,2,25,230000,5,4,80,70,400,1,1,1,2,2,2,2,6402,1024,9049366.0,2652217.0,254598.0,7984789.0,76925.0,51266.0,15.06
cbecs,building_survey,2104,2104,4,8,110000,9,5,25,80,200,1,1,2,1,2,2,1,855,1259,6883504.0,2017440.0,255586.0,,,,9.16
cbecs,building_survey,2105,2105,2,14,400000,3,2,2,88,200,1,1,1,2,2,2,2,6558,969,8088203.0,2370517.0,206196.0,23454713.0,225961.0,124393.0,9.11
cbecs,building_survey,2106,2106,4,11,320000,1,2,1,60,150,1,1,1,1,1,2,2,2001,1654,4040653.0,1184248.0,271640.0,1748376.0,16844.0,18474.0,70.08
cbecs,building_survey,2107,2107,3,2,500000,2,4,11,40,800,1,1,1,1,2,2,2,3445,1850,20809029.0,6098778.0,532069.0,1235965.0,11907.0,12214.0,14.9
cbecs,building_survey,2108,2108,2,15,2000,1,2,1,72,1,1,1,2,2,1,2,2,9199,602,98839.0,28968.0,2071.0,,,,1218.03
cbecs,building_survey,2109,2109,3,14,102000,2,4,1,60,60,1,1,1,2,2,2,2,5084,1906,8289657.0,2429559.0,238441.0,2594798.0,24998.0,19644.0,43.95
cbecs,building_survey,2110,2110,3,2,27000,2,8,9,45,13,1,1,2,2,1,2,2,1052,4145,689995.0,202226.0,17209.0,,,,9.01
cbecs,building_survey,2111,2111,4,2,31000,2,8,6,50,200,1,1,1,2,2,2,2,4448,331,2056879.0,602837.0,77506.0,1770806.0,17060.0,14161.0,611.8
cbecs,building_survey,2112,2112,3,17,53000,1,9,1,168,40,1,1,1,1,2,2,2,3447,2111,2711239.0,794619.0,64846.0,1290608.0,12434.0,11272.0,110.28
cbecs,building_survey,2113,2113,3,2,106000,9,5,1,55,45,1,1,1,2,2,1,2,2098,2300,2910042.0,852885.0,53234.0,2395584.0,23079.0,13389.0,324.59
cbecs,building_survey,2114,2114,1,13,87000,2,4,1,84,25,1,1,1,2,2,2,2,5597,1219,4220552.0,1236973.0,145358.0,6826639.0,65767.0,51105.0,117.32
cbecs,building_survey,2115,2115,3,23,34500,1,3,10,25,46,1,1,1,2,2,2,2,3870,1886,1523829.0,446609.0,27487.0,653832.0,6299.0,5437.0,841.34
cbecs,building_survey,2116,2116,3,13,2750,2,2,1,10,0,1,1,2,2,2,2,2,2137,3089,195676.0,57349.0,5555.0,,,,2934.43
cbecs,building_survey,2117,2117,3,25,2300,1,3,2,36,2,1,1,2,2,2,2,2,2519,2464,58314.0,17091.0,3728.0,,,,2990.63
cbecs,building_survey,2118,2118,3,4,164000,2,8,1,60,250,1,1,1,2,2,2,2,3635,1846,14253227.0,4177382.0,379407.0,1852023.0,17842.0,22516.0,48.85
cbecs,building_survey,2119,2119,3,16,430000,994,6,1,168,500,1,1,1,1,2,2,2,2928,1726,44511091.0,13045455.0,1131884.0,22844321.0,220080.0,120578.0,9.91
cbecs,building_survey,2120,2120,4,14,74000,1,7,1,56,8,1,1,1,1,2,2,2,5323,1214,3646004.0,1068583.0,100647.0,983563.0,9476.0,7612.0,216.62
cbecs,building_survey,2121,2121,3,13,86000,4,8,1,168,50,1,1,2,1,1,2,2,1538,4399,2600511.0,762166.0,91295.0,,,,894.79
cbecs,building_survey,2122,2122,4,91,455000,5,2,1,168,20,1,1,2,1,2,2,2,764,1378,356656734.0,104530110.0,14875685.0,,,,15.06
cbecs,building_survey,2123,2123,1,2,5500,4,2,1,56,10,1,1,1,2,2,1,2,4484,1665,386613.0,113310.0,8790.0,15251.0,147.0,472.0,1408.23
cbecs,building_survey,2124,2124,3,18,255000,9,8,1,168,40,1,1,1,1,1,2,2,4329,1688,11763837.0,3447783.0,342295.0,9141217.0,88066.0,64814.0,50.03
cbecs,building_survey,2125,2125,3,2,265000,5,8,31,60,600,1,1,1,1,2,2,2,3828,2087,19097612.0,5597190.0,343839.0,8045156.0,77506.0,61179.0,14.9
cbecs,building_survey,2126,2126,3,2,480000,994,5,19,55,500,1,1,2,1,2,2,2,3584,1856,20010429.0,5864721.0,767071.0,,,,14.9
cbecs,building_survey,2127,2127,4,25,9000,2,2,2,52,3,1,1,1,2,2,2,2,5184,196,50997.0,14946.0,1708.0,59404.0,572.0,892.0,3075.23
cbecs,building_survey,2128,2128,2,5,3600,1,5,1,98,0,1,1,2,2,1,2,2,7508,880,19206.0,5629.0,876.0,,,,2990.63
cbecs,building_survey,2129,2129,1,13,9000,1,6,1,40,2,1,1,1,2,2,2,2,5662,1134,89059.0,26102.0,2274.0,439981.0,4239.0,4593.0,4468.96
cbecs,building_survey,2130,2130,4,2,54000,2,7,1,55,100,1,1,1,2,2,2,2,5438,601,1948041.0,570938.0,40840.0,1341360.0,12923.0,7603.0,244.16
cbecs,building_survey,2131,2131,1,14,174000,2,3,1,90,60,1,1,1,2,2,2,2,7943,784,3310937.0,970380.0,107068.0,7888236.0,75995.0,42657.0,44.64
cbecs,building_survey,2132,2132,2,14,900000,3,7,1,96,550,1,1,1,2,2,2,2,5976,1089,22911014.0,6714834.0,579066.0,16335190.0,157372.0,93074.0,25.51
cbecs,building_survey,2133,2133,2,5,6000,1,4,1,0,1,2,2,2,2,2,2,2,7238,1184,,,,,,,2990.63
cbecs,building_survey,2134,2134,1,2,180000,3,6,1,50,250,1,1,1,1,2,2,2,5747,1275,6616973.0,1939324.0,139268.0,6563212.0,63229.0,22800.0,67.1
cbecs,building_survey,2135,2135,3,16,800000,994,8,1,168,1200,1,1,1,1,2,2,2,3632,2121,83316660.0,24418716.0,1765465.0,8145484.0,78473.0,92443.0,11.32
cbecs,building_survey,2136,2136,3,14,94000,1,8,1,45,75,1,1,1,2,2,2,2,1746,2879,7273872.0,2131850.0,153553.0,1168720.0,11259.0,9437.0,8.84
cbecs,building_survey,2137,2137,2,26,7000,1,7,1,50,13,1,1,2,2,1,2,2,9053,775,188642.0,55288.0,5658.0,,,,2990.63
cbecs,building_survey,2138,2138,1,25,44000,1,7,1,87,20,1,1,1,2,2,2,2,5094,1196,275053.0,80613.0,8433.0,2424724.0,23360.0,19483.0,470.02
cbecs,building_survey,2139,2139,2,12,25500,2,8,1,48,8,1,1,1,2,2,2,2,7496,609,549819.0,161143.0,19949.0,1253580.0,12077.0,6561.0,611.8
cbecs,building_survey,2140,2140,1,14,180000,1,5,1,86,125,1,1,2,1,1,2,1,7950,415,4324558.0,1267455.0,184857.0,,,,44.12
cbecs,building_survey,2141,2141,3,14,99000,2,7,1,45,40,1,1,1,2,2,2,2,3487,1982,1964021.0,575622.0,65423.0,832839.0,8023.0,8713.0,97.52
cbecs,building_survey,2142,2142,3,14,124000,2,6,1,60,40,1,1,2,2,1,2,2,1350,3062,3101137.0,908891.0,83384.0,,,,99.38
cbecs,building_survey,2143,2143,3,23,35500,1,8,17,55,41,1,1,1,2,2,2,2,4466,1736,3274545.0,959714.0,80841.0,3016413.0,29060.0,16370.0,10.71
cbecs,building_survey,2144,2144,3,25,13250,1,7,1,58,7,1,1,1,2,2,2,2,4380,2108,478903.0,140358.0,14706.0,193594.0,1865.0,1950.0,1413.09
cbecs,building_survey,2145,2145,3,15,26000,1,5,1,60,8,1,1,2,2,2,2,2,1311,3513,4508163.0,1321267.0,80579.0,,,,504.63
cbecs,building_survey,2146,2146,1,7,126000,5,2,3,12,450,1,1,1,1,2,2,2,4687,1538,2557403.0,749532.0,69144.0,2700149.0,26013.0,14434.0,8.84
cbecs,building_survey,2147,2147,1,16,1500000,994,5,1,168,2000,1,1,1,1,2,2,2,4361,1671,108836030.0,31898016.0,4108327.0,82247450.0,792365.0,440457.0,4.7
cbecs,building_survey,2148,2148,2,14,37000,2,6,1,60,27,1,1,1,2,2,2,2,5255,1798,505868.0,148261.0,15462.0,679907.0,6550.0,4643.0,739.38
cbecs,building_survey,2149,2149,3,18,260000,995,6,1,168,75,1,1,1,1,2,2,2,3814,2235,12908965.0,3783401.0,365263.0,10921092.0,105213.0,110971.0,8.7
cbecs,building_survey,2150,2150,3,23,55000,1,8,55,55,115,1,1,1,2,2,2,2,1523,4326,4339774.0,1271915.0,109912.0,2675233.0,25773.0,14371.0,190.79
cbecs,building_survey,2151,2151,1,14,44000,4,2,1,50,100,1,1,1,1,2,2,2,5046,1113,1444234.0,423281.0,39629.0,1285540.0,12385.0,10456.0,332.94
cbecs,building_survey,2152,2152,4,2,10000,1,4,1,40,18,1,1,1,2,2,2,2,3159,2050,312834.0,91686.0,8676.0,14086.0,136.0,229.0,1418.81
cbecs,building_survey,2153,2153,2,2,600000,995,4,75,56,1830,1,1,1,2,2,2,2,6151,1337,8621023.0,2526677.0,313082.0,37434182.0,360638.0,170859.0,15.06
cbecs,building_survey,2154,2154,2,17,13500,2,6,1,168,12,1,1,1,2,1,2,2,4629,1632,1717307.0,503314.0,44713.0,1079685.0,10402.0,8995.0,1399.59
cbecs,building_survey,2155,2155,3,1,1200,1,4,0,0,0,2,2,2,2,2,2,2,3055,2506,,,,,,,1218.03
cbecs,building_survey,2156,2156,2,2,800000,994,4,15,75,1400,1,1,2,2,2,1,2,5403,1390,37723305.0,11056068.0,307075.0,,,,6.42
cbecs,building_survey,2157,2157,4,2,63000,2,9,1,40,100,1,1,1,1,2,2,2,4759,1093,2695730.0,790073.0,67685.0,1439257.0,13866.0,6702.0,244.16
cbecs,building_survey,2158,2158,1,15,4500,2,3,1,74,6,1,1,2,1,1,1,2,5518,961,284041.0,83248.0,9903.0,,,,1391.33
cbecs,building_survey,2159,2159,4,5,60000,1,8,1,120,50,1,1,2,2,2,2,2,4894,1390,2244316.0,657771.0,56637.0,,,,1030.4
cbecs,building_survey,2160,2160,2,2,270000,995,3,6,11,754,1,1,2,2,2,1,2,5701,1845,9888277.0,2898088.0,232715.0,,,,14.9
cbecs,building_survey,2161,2161,1,25,210000,1,8,4,126,150,1,1,1,2,2,2,2,6847,646,15645527.0,4585442.0,673266.0,10566249.0,101794.0,56414.0,14.73
cbecs,building_survey,2162,2162,3,12,3500,1,8,1,36,20,1,1,2,2,1,2,2,4717,1527,59353.0,17395.0,2005.0,,,,2990.63
cbecs,building_survey,2163,2163,2,24,700000,1,7,996,61,400,1,1,1,2,2,2,2,6973,658,18694146.0,5478941.0,1182700.0,14015329.0,135022.0,74480.0,17.92
cbecs,building_survey,2164,2164,3,2,2000,1,5,1,50,14,1,1,2,2,2,2,2,2833,2212,262847.0,77036.0,9423.0,,,,1218.03
cbecs,building_survey,2165,2165,2,14,59000,2,5,1,77,40,1,1,1,2,2,2,2,6789,891,1365296.0,400145.0,35431.0,1172488.0,11296.0,5433.0,100.08
cbecs,building_survey,2166,2166,2,12,3000,2,6,1,8,7,1,1,2,2,1,2,2,4749,1655,28766.0,8431.0,2151.0,,,,3075.23
cbecs,building_survey,2167,2167,2,14,310000,2,4,1,43,135,1,1,1,2,2,2,2,6096,1116,8181026.0,2397722.0,227414.0,19557368.0,188414.0,50207.0,43.95
cbecs,building_survey,2168,2168,3,4,180000,994,8,4,168,100,1,1,1,1,2,1,2,1422,3544,16048303.0,4703489.0,163742.0,137401.0,1324.0,1257.0,8.76
cbecs,building_survey,2169,2169,3,15,5300,1,7,1,86,25,1,1,1,2,2,2,2,2134,2691,1411166.0,413589.0,35224.0,379582.0,3657.0,3187.0,1218.03
cbecs,building_survey,2170,2170,3,26,1500,1,6,1,40,1,1,1,1,2,2,2,2,3283,2319,53994.0,15825.0,2118.0,35615.0,343.0,460.0,2990.63
cbecs,building_survey,2171,2171,3,16,245000,4,6,1,168,980,1,1,1,1,2,2,2,1907,3340,39799991.0,11664710.0,954813.0,30472584.0,293570.0,234940.0,10.07
cbecs,building_survey,2172,2172,1,14,130000,1,3,1,45,50,1,1,1,2,2,2,2,5287,941,2824883.0,827926.0,66825.0,8588822.0,82744.0,45788.0,44.64
cbecs,building_survey,2173,2173,3,15,3000,1,3,1,72,10,1,1,1,2,2,2,2,3082,2634,534596.0,156681.0,13170.0,903145.0,8701.0,7639.0,1218.03
cbecs,building_survey,2174,2174,3,15,3250,1,5,1,100,5,1,1,1,2,2,2,2,1890,3126,460082.0,134842.0,12318.0,270292.0,2604.0,2352.0,1218.03
cbecs,building_survey,2175,2175,1,14,126000,6,3,1,86,70,1,1,1,2,2,1,2,7392,845,3714837.0,1088756.0,62415.0,2917055.0,28103.0,15894.0,97.52
cbecs,building_survey,2176,2176,1,14,300000,3,8,1,75,175,1,1,1,2,2,2,2,8130,427,5603315.0,1642238.0,182392.0,17039187.0,164154.0,91607.0,9.96
cbecs,building_survey,2177,2177,3,2,15750,1,4,1,40,54,1,1,2,1,2,2,2,1558,3496,1062625.0,311438.0,27037.0,,,,1484.29
cbecs,building_survey,2178,2178,1,8,3500,1,2,1,43,6,1,1,1,2,2,2,2,6431,838,57408.0,16825.0,2365.0,77000.0,742.0,775.0,691.38
cbecs,building_survey,2179,2179,1,14,128000,2,4,1,45,50,1,1,1,2,2,2,2,6834,773,1884764.0,552393.0,51188.0,1675031.0,16137.0,13486.0,44.64
cbecs,building_survey,2180,2180,3,13,11500,1,8,1,75,4,1,1,1,2,2,2,2,2909,1970,169505.0,49679.0,8238.0,115787.0,1115.0,967.0,1413.09
cbecs,building_survey,2181,2181,4,2,395000,995,7,9,60,2500,1,1,1,1,2,2,2,2390,104,18308624.0,5365951.0,1069206.0,14176739.0,136577.0,139260.0,15.06
cbecs,building_survey,2182,2182,3,5,7800,1,7,1,12,4,1,1,2,2,2,2,2,2694,2544,106260.0,31143.0,2696.0,,,,6659.94
cbecs,building_survey,2183,2183,1,18,180000,995,3,1,168,20,1,1,1,2,2,1,2,5057,1230,5077833.0,1488228.0,288843.0,3724176.0,35878.0,30346.0,13.73
cbecs,building_survey,2184,2184,4,6,25500,1,7,2,133,80,1,1,1,1,2,2,2,7409,301,3093032.0,906516.0,65142.0,3552509.0,34225.0,15632.0,623.52
cbecs,building_survey,2185,2185,3,18,56000,2,6,1,168,4,1,1,1,2,2,2,2,3240,2487,569530.0,166920.0,8436.0,841266.0,8105.0,6770.0,429.63
cbecs,building_survey,2186,2186,3,2,250000,3,2,1,40,600,1,1,1,2,2,2,2,2682,2765,7312465.0,2143161.0,234074.0,6405606.0,61711.0,40508.0,16.58
cbecs,building_survey,2187,2187,1,2,240000,2,4,1,168,100,1,1,1,1,2,2,2,4633,1212,9477608.0,2777728.0,319500.0,4796155.0,46206.0,40284.0,14.9
cbecs,building_survey,2188,2188,3,18,280000,7,6,1,168,60,1,1,1,1,2,2,2,4180,1808,13465614.0,3946546.0,388561.0,5723954.0,55144.0,42890.0,17.7
cbecs,building_survey,2189,2189,1,23,110000,1,9,6,73,67,1,1,1,2,2,2,2,6112,1006,5534881.0,1622181.0,151056.0,1413178.0,13614.0,11363.0,175.02
cbecs,building_survey,2190,2190,1,8,14000,3,2,1,60,25,1,1,1,2,2,2,2,6534,882,604256.0,177097.0,26910.0,319384.0,3077.0,2761.0,677.21
cbecs,building_survey,2191,2191,3,14,4100,1,5,2,35,9,1,1,2,2,2,2,2,2202,2156,100927.0,29580.0,4523.0,,,,2990.63
cbecs,building_survey,2192,2192,3,15,6400,2,5,1,50,30,1,1,2,2,1,2,2,3836,1812,647809.0,189862.0,19966.0,,,,690.18
cbecs,building_survey,2193,2193,2,15,2500,2,6,1,119,6,1,1,1,2,2,2,2,6867,1168,488355.0,143129.0,13658.0,151670.0,1461.0,1396.0,1265.79
cbecs,building_survey,2194,2194,3,14,39000,2,8,1,45,15,1,1,2,2,1,2,2,3162,1982,1738909.0,509645.0,56791.0,,,,431.11
cbecs,building_survey,2195,2195,4,2,700000,994,3,15,66,2500,1,1,1,2,2,2,2,2437,70,26452627.0,7752822.0,1377861.0,4374181.0,42140.0,32752.0,15.06
cbecs,building_survey,2196,2196,4,2,172000,3,6,1,8,620,1,1,1,1,2,2,2,721,1434,3897794.0,1142378.0,147208.0,1950992.0,18796.0,13305.0,59.91
cbecs,building_survey,2197,2197,3,2,225000,995,7,17,60,500,1,1,2,2,2,2,2,4683,1667,17280713.0,5064687.0,714718.0,,,,14.9
cbecs,building_survey,2198,2198,3,5,265000,1,7,1,90,160,1,1,1,2,1,2,2,2474,2315,4430340.0,1298458.0,68888.0,894631.0,8619.0,7734.0,72.1
cbecs,building_survey,2199,2199,2,13,46000,1,7,1,56,16,1,1,1,2,2,2,2,7573,588,179216.0,52525.0,5153.0,5013859.0,48303.0,26929.0,611.8
cbecs,building_survey,2200,2200,2,14,110000,2,3,1,8,50,1,1,1,2,1,2,2,6730,1095,1730659.0,507227.0,43869.0,4633386.0,44638.0,24803.0,25.8
cbecs,building_survey,2201,2201,1,16,325000,6,8,1,168,800,1,1,1,1,2,2,2,5756,884,34252977.0,10038973.0,1281071.0,1121639.0,10806.0,9017.0,9.95
cbecs,building_survey,2202,2202,3,12,100000,2,9,1,39,0,1,1,1,2,2,2,2,3660,2271,1643914.0,481804.0,36502.0,1793657.0,17280.0,14058.0,504.63
cbecs,building_survey,2203,2203,2,1,8000,1,2,1,0,2,1,1,2,2,2,2,2,8555,752,234408.0,68701.0,6423.0,,,,8544.65
cbecs,building_survey,2204,2204,1,2,50000,3,6,6,50,200,1,1,1,2,2,2,2,6422,942,1509219.0,442327.0,64709.0,1155080.0,11128.0,13866.0,340.6
cbecs,building_survey,2205,2205,1,26,5700,1,5,2,62,8,1,1,2,2,2,2,2,5430,1114,253199.0,74208.0,5628.0,,,,14.9
cbecs,building_survey,2206,2206,4,8,73000,1,9,3,75,40,1,1,1,2,2,2,2,1274,2197,2246560.0,658429.0,111177.0,41128.0,396.0,477.0,117.27
cbecs,building_survey,2207,2207,2,2,480000,4,5,1,68,775,1,1,1,2,2,2,2,8482,876,45793423.0,13421285.0,1447833.0,1045575.0,10073.0,8226.0,14.9
cbecs,building_survey,2208,2208,4,2,85000,4,6,5,45,300,1,1,1,2,2,2,2,1475,4228,5391396.0,1580128.0,150247.0,543179.0,5233.0,3866.0,14.67
cbecs,building_survey,2209,2209,3,2,2500,1,2,1,18,1,1,1,2,2,1,2,2,2677,2345,62097.0,18200.0,2086.0,,,,2800.45
cbecs,building_survey,2210,2210,2,15,2400,2,8,1,102,3,1,1,2,2,2,2,2,8569,552,586946.0,172024.0,19357.0,,,,1265.79
cbecs,building_survey,2211,2211,3,14,500000,4,8,1,58,125,1,1,1,2,2,2,2,4049,1845,15479380.0,4536747.0,394008.0,17219506.0,165891.0,91908.0,50.03
cbecs,building_survey,2212,2212,3,18,230000,994,4,1,168,100,1,1,2,2,2,1,2,3085,1796,1879779.0,550932.0,46959.0,,,,15.29
cbecs,building_survey,2213,2213,3,2,1900,1,7,1,50,3,1,1,2,1,2,2,2,1469,2980,38451.0,11269.0,263.0,,,,2990.63
cbecs,building_survey,2214,2214,3,8,1950,1,4,1,52,5,1,1,1,2,2,2,2,4437,1830,126197.0,36986.0,3891.0,152918.0,1473.0,1144.0,1049.59
cbecs,building_survey,2215,2215,1,2,49000,3,2,1,40,50,1,1,1,2,2,2,2,5528,1000,816201.0,239215.0,36594.0,1226220.0,11813.0,14587.0,240.4
cbecs,building_survey,2216,2216,3,26,10000,1,5,1,50,8,1,1,1,2,2,2,2,3794,1565,198608.0,58209.0,6132.0,314346.0,3028.0,3052.0,1413.09
cbecs,building_survey,2217,2217,4,8,31000,1,7,1,66,110,1,1,2,2,2,2,2,1364,4284,800502.0,234614.0,31220.0,,,,451.56
cbecs,building_survey,2218,2218,3,91,1001,1,5,1,48,4,1,1,2,2,2,2,2,3425,2214,18654.0,5467.0,388.0,,,,2990.63
cbecs,building_survey,2219,2219,3,14,1250,2,3,1,60,5,1,1,1,2,2,2,2,2100,2852,75814.0,22220.0,2399.0,167591.0,1615.0,915.0,4384.99
cbecs,building_survey,2220,2220,4,14,200001,2,8,1,80,60,1,1,1,2,2,2,2,1617,4139,10803179.0,3166231.0,226419.0,4911313.0,47315.0,21855.0,43.95
cbecs,building_survey,2221,2221,4,18,42000,5,7,1,168,20,1,1,2,1,1,2,2,8868,176,1489467.0,436538.0,56590.0,,,,332.94
cbecs,building_survey,2222,2222,4,91,230000,994,6,1,168,35,1,1,1,1,2,2,2,777,1295,84839052.0,24864904.0,3692296.0,136611.0,1316.0,1331.0,9.11
cbecs,building_survey,2223,2223,2,14,73000,1,3,1,50,100,1,1,1,2,2,2,2,8634,662,998497.0,292643.0,36691.0,3262127.0,31427.0,14573.0,290.39
cbecs,building_survey,2224,2224,4,13,600000,5,4,18,168,600,1,1,1,1,2,2,2,5978,439,22925765.0,6719157.0,582570.0,6174493.0,59485.0,32312.0,13.08
cbecs,building_survey,2225,2225,4,16,2100000,994,4,5,168,1200,1,1,1,1,2,1,1,4772,577,70034548.0,20525952.0,1450480.0,123323135.0,1188084.0,569455.0,9.01
cbecs,building_survey,2226,2226,2,26,2400,1,8,1,40,3,1,1,1,2,2,2,2,6707,934,84820.0,24859.0,2689.0,92432.0,890.0,612.0,3778.59
cbecs,building_survey,2227,2227,2,14,168000,1,4,1,45,55,1,1,1,2,2,2,2,6878,524,4047739.0,1186324.0,136949.0,7291519.0,70246.0,25679.0,100.08
cbecs,building_survey,2228,2228,2,1,38000,3,2,1,77,5,1,1,1,2,2,2,2,5162,1267,445855.0,130673.0,14599.0,1762154.0,16976.0,12892.0,130.67
cbecs,building_survey,2229,2229,3,91,1700000,8,6,35,168,1500,1,1,1,1,2,2,2,2150,3335,388036704.0,113727053.0,7023989.0,335717.0,3234.0,3908.0,14.9
cbecs,building_survey,2230,2230,4,13,44500,2,6,2,98,12,1,1,2,2,2,2,2,718,1309,2500997.0,733000.0,99442.0,,,,316.23
cbecs,building_survey,2231,2231,3,2,5500,1,5,1,50,17,1,1,2,2,2,2,2,1138,3693,355090.0,104071.0,9872.0,,,,14.9
cbecs,building_survey,2232,2232,2,26,2000,1,6,1,25,1,1,1,2,2,2,2,2,5013,1554,166601.0,48828.0,4733.0,,,,3709.28
cbecs,building_survey,2233,2233,4,26,1300,1,5,1,70,4,1,1,2,2,2,2,2,2090,776,124476.0,36482.0,5712.0,,,,3075.23
cbecs,building_survey,2234,2234,3,5,300000,2,4,1,40,34,1,1,1,2,2,2,2,3850,1607,4973759.0,1457725.0,104901.0,2286696.0,22030.0,20396.0,82.57
cbecs,building_survey,2235,2235,3,16,1000000,8,5,1,168,2750,1,1,1,1,2,1,2,2122,2450,97780307.0,28657769.0,1993418.0,3905170.0,37622.0,37188.0,9.21
cbecs,building_survey,2236,2236,4,2,200000,2,6,5,167,64,1,1,2,1,2,2,2,5631,445,14548249.0,4263848.0,538683.0,,,,32.81
cbecs,building_survey,2237,2237,3,13,116000,3,8,1,80,100,1,1,1,1,2,2,2,2804,3495,7421840.0,2175217.0,187751.0,4236675.0,40816.0,37693.0,14.9
cbecs,building_survey,2238,2238,4,8,41000,2,6,15,50,75,1,1,1,2,2,2,2,1836,1100,1961154.0,574781.0,73010.0,319512.0,3078.0,2698.0,161.5
cbecs,building_survey,2239,2239,4,4,215000,6,7,2,168,250,1,1,2,2,2,2,1,841,1319,28400706.0,8323771.0,1051443.0,,,,6.04
cbecs,building_survey,2240,2240,1,5,2000,2,3,1,0,0,1,1,1,2,2,2,2,5124,1336,1467.0,430.0,123.0,22561.0,217.0,316.0,2990.63
cbecs,building_survey,2241,2241,3,6,2100,1,2,1,60,2,1,1,2,2,2,2,2,1187,4062,337191.0,98825.0,10365.0,,,,1218.03
cbecs,building_survey,2242,2242,3,15,1200,1,3,1,63,2,1,1,2,2,2,2,2,2995,1879,92424.0,27088.0,3272.0,,,,1218.03
cbecs,building_survey,2243,2243,3,2,2000,2,3,1,40,3,1,1,1,2,2,2,2,4332,1848,107197.0,31418.0,3724.0,141437.0,1363.0,1482.0,2934.43
cbecs,building_survey,2244,2244,4,5,300000,1,9,1,168,220,1,1,2,1,2,2,2,4123,346,10588733.0,3103380.0,270174.0,,,,70.08
cbecs,building_survey,2245,2245,4,2,6300,1,4,1,45,5,1,1,1,2,2,2,2,3784,1798,80700.0,23652.0,2625.0,98041.0,945.0,715.0,2528.63
cbecs,building_survey,2246,2246,3,14,78000,2,3,1,45,25,1,1,1,2,2,2,2,2205,3101,3092515.0,906364.0,55356.0,1944904.0,18737.0,13710.0,330.8
cbecs,building_survey,2247,2247,2,14,198000,2,8,1,39,90,1,1,1,1,2,2,2,6318,1262,5833424.0,1709679.0,160654.0,5837980.0,56243.0,30795.0,60.22
cbecs,building_survey,2248,2248,3,2,19500,3,2,1,44,32,1,1,1,2,2,2,2,4231,1836,735349.0,215518.0,25390.0,407349.0,3924.0,3559.0,1408.23
cbecs,building_survey,2249,2249,3,14,108000,3,8,1,40,70,1,1,1,1,2,2,2,4346,1752,3444426.0,1009504.0,81135.0,2194705.0,21144.0,19638.0,99.04
cbecs,building_survey,2250,2250,3,14,55000,3,7,1,100,60,1,1,1,2,2,2,1,4759,1388,2227902.0,652961.0,63902.0,369045.0,3555.0,3149.0,429.63
cbecs,building_survey,2251,2251,1,18,162000,994,6,1,168,63,1,1,1,1,2,2,2,5089,1353,8854646.0,2595148.0,313345.0,11243450.0,108318.0,91008.0,8.84
cbecs,building_survey,2252,2252,3,2,215000,995,7,15,60,800,1,1,2,1,2,2,2,3986,1953,17529991.0,5137746.0,679640.0,,,,14.9
cbecs,building_survey,2253,2253,3,13,3350,1,5,1,80,5,1,1,2,1,2,2,2,1349,3713,177546.0,52036.0,6917.0,,,,2990.63
cbecs,building_survey,2254,2254,4,14,41500,1,6,1,40,17,1,1,2,2,2,2,2,6394,517,2484023.0,728025.0,25569.0,,,,1399.59
cbecs,building_survey,2255,2255,3,14,142000,2,7,1,45,75,1,1,1,1,2,2,2,4307,1988,5066225.0,1484826.0,154490.0,5025205.0,48412.0,36908.0,99.38
cbecs,building_survey,2256,2256,3,25,210000,1,8,5,168,150,1,1,1,2,2,2,2,3687,2171,17754479.0,5203540.0,533092.0,4759353.0,45851.0,51154.0,52.07
cbecs,building_survey,2257,2257,4,13,52000,1,7,1,107,7,1,1,1,2,2,2,2,6369,643,1297495.0,380274.0,27358.0,5173954.0,49845.0,22782.0,137.69
cbecs,building_survey,2258,2258,4,14,300000,1,6,1,60,175,1,1,1,1,2,2,2,1385,3918,6515300.0,1909525.0,256453.0,618661.0,5960.0,7439.0,8.87
cbecs,building_survey,2259,2259,3,13,210000,6,3,1,126,30,1,1,2,2,2,2,1,3210,2349,18248327.0,5348279.0,402341.0,,,,12.09
cbecs,building_survey,2260,2260,3,6,80000,1,8,1,112,80,1,1,1,2,2,2,2,2270,3428,10343757.0,3031582.0,258164.0,8457119.0,81475.0,45597.0,125.04
cbecs,building_survey,2261,2261,1,14,80000,5,2,2,45,100,1,1,1,1,2,2,2,5577,1308,1049904.0,307709.0,26067.0,4244110.0,40887.0,23121.0,8.84
cbecs,building_survey,2262,2262,4,14,230000,9,9,1,104,70,1,1,1,1,2,2,1,1336,4716,8518449.0,2496615.0,253853.0,4413079.0,42515.0,35041.0,5.89
cbecs,building_survey,2263,2263,3,5,600000,2,7,1,100,140,1,1,1,1,1,2,2,2776,2045,9037058.0,2648610.0,228804.0,4067281.0,39184.0,55074.0,14.9
cbecs,building_survey,2264,2264,3,18,200000,994,6,1,168,100,1,1,1,1,2,2,2,2129,2831,18416178.0,5397473.0,479167.0,9844670.0,94843.0,64500.0,50.03
cbecs,building_survey,2265,2265,3,2,600000,994,6,1,60,1200,1,1,1,1,2,1,2,4705,1740,25889817.0,7587871.0,642433.0,5389727.0,51924.0,28547.0,6.52
cbecs,building_survey,2266,2266,1,14,60000,4,3,1,99,80,1,1,1,2,2,2,2,5150,1323,2067552.0,605965.0,54870.0,4522270.0,43567.0,24276.0,502.9
cbecs,building_survey,2267,2267,3,13,62000,2,7,1,70,15,1,1,2,2,2,2,2,3902,1747,1539377.0,451166.0,37118.0,,,,117.32
cbecs,building_survey,2268,2268,4,13,1000000,7,9,95,168,600,1,1,1,1,2,2,1,955,911,6998361.0,2051102.0,336652.0,13549530.0,130535.0,100376.0,32.81
cbecs,building_survey,2269,2269,1,5,154000,2,6,2,40,150,1,1,1,2,2,2,2,5628,1069,2994280.0,877573.0,167753.0,136810.0,1318.0,1080.0,14.9
cbecs,building_survey,2270,2270,2,16,900000,6,5,3,168,800,1,1,1,1,2,2,2,6192,1297,90564647.0,26542980.0,2881452.0,11028252.0,106245.0,62653.0,9.01
cbecs,building_survey,2271,2271,2,14,196000,5,2,1,126,100,1,1,1,2,2,1,2,5473,1321,6358371.0,1863532.0,155834.0,15455.0,149.0,451.0,6.04
cbecs,building_survey,2272,2272,3,5,2600,1,7,1,70,0,2,2,2,2,2,2,2,3972,2354,,,,,,,6659.94
cbecs,building_survey,2273,2273,2,5,166000,1,7,1,72,8,1,1,1,2,2,2,2,6504,1080,227196.0,66587.0,8494.0,2001195.0,19279.0,11738.0,235.71
cbecs,building_survey,2274,2274,1,5,210000,2,5,1,50,34,1,1,1,2,1,2,2,5429,1094,3514966.0,1030178.0,94398.0,1146626.0,11046.0,12569.0,31.35
cbecs,building_survey,2275,2275,4,23,10250,1,8,5,55,20,1,1,1,2,2,2,2,1309,795,825083.0,241818.0,30659.0,561199.0,5407.0,4605.0,2009.74
cbecs,building_survey,2276,2276,3,5,4800,1,6,1,112,1,2,2,2,2,2,2,2,3151,2003,,,,,,,6659.94
cbecs,building_survey,2277,2277,3,5,40000,1,7,6,50,55,1,1,1,2,2,2,2,3505,1933,953817.0,279548.0,24587.0,191177.0,1842.0,1704.0,591.56
cbecs,building_survey,2278,2278,4,6,6600,2,8,1,104,6,1,1,2,2,1,2,2,531,1417,245422.0,71929.0,27797.0,,,,2528.63
cbecs,building_survey,2279,2279,2,2,12250,2,5,2,40,23,1,1,1,1,2,2,2,5578,1180,1304426.0,382305.0,33555.0,302404.0,2913.0,2535.0,1399.59
cbecs,building_survey,2280,2280,2,2,250000,994,2,2,168,400,1,1,1,1,2,2,2,6340,1258,8848602.0,2593377.0,222650.0,14698984.0,141609.0,67554.0,15.06
cbecs,building_survey,2281,2281,3,17,25500,1,8,1,168,69,1,1,1,1,2,2,2,3305,2104,3046669.0,892928.0,77424.0,1589247.0,15311.0,13669.0,288.37
cbecs,building_survey,2282,2282,1,26,5700,1,8,1,54,1,1,1,2,1,2,2,2,5058,1167,78652.0,23052.0,1784.0,,,,1779.2
cbecs,building_survey,2283,2283,1,25,2400,2,4,1,168,1,1,1,2,1,2,2,2,5358,1094,254315.0,74535.0,13140.0,,,,2934.43
cbecs,building_survey,2284,2284,3,26,1800,1,8,2,40,4,1,1,1,2,2,2,2,3584,2337,68287.0,20014.0,3171.0,69658.0,671.0,692.0,2990.63
cbecs,building_survey,2285,2285,3,2,46500,3,9,24,40,40,1,1,2,2,2,2,2,1484,3029,2030837.0,595204.0,50440.0,,,,9.07
cbecs,building_survey,2286,2286,3,2,22250,1,5,1,50,80,1,1,2,2,2,2,2,1151,3877,1253251.0,367307.0,35833.0,,,,1489.41
cbecs,building_survey,2287,2287,3,26,1100,1,2,1,50,4,1,1,2,2,2,2,2,1543,3542,58136.0,17039.0,960.0,,,,2990.63
cbecs,building_survey,2288,2288,4,13,75000,3,6,1,87,12,1,1,1,2,2,2,2,2131,767,1953308.0,572482.0,104096.0,901149.0,8682.0,10845.0,126.81
cbecs,building_survey,2289,2289,3,14,245000,994,5,1,80,200,1,1,2,1,2,2,1,2617,3913,10892952.0,3192542.0,257180.0,,,,5.52
cbecs,building_survey,2290,2290,4,18,100000,4,5,1,168,25,1,1,1,1,2,2,2,1965,963,3909063.0,1145681.0,221371.0,3500617.0,33725.0,37514.0,12.36
cbecs,building_survey,2291,2291,3,18,84000,4,8,1,168,23,1,1,1,1,2,2,2,3697,2211,3934284.0,1153073.0,81114.0,2596413.0,25014.0,11470.0,97.52
cbecs,building_survey,2292,2292,1,12,30000,2,6,1,23,4,1,1,1,2,2,2,2,4541,1523,673161.0,197292.0,18727.0,886949.0,8545.0,7156.0,1413.09
cbecs,building_survey,2293,2293,3,8,7200,2,8,3,50,20,1,1,2,2,2,2,2,2964,2282,198571.0,58198.0,7707.0,,,,687.8
cbecs,building_survey,2294,2294,1,17,700000,8,2,7,168,275,1,1,1,1,1,1,2,7119,851,32637601.0,9565534.0,897134.0,6165697.0,59400.0,26145.0,9.88
cbecs,building_survey,2295,2295,2,5,1200,1,7,2,12,1,1,1,2,1,2,2,2,5019,1666,47928.0,14047.0,1567.0,,,,6534.79
cbecs,building_survey,2296,2296,2,26,1500,1,7,1,90,0,1,1,2,2,2,2,2,7106,1168,6786.0,1989.0,220.0,,,,1779.2
cbecs,building_survey,2297,2297,1,2,90000,3,9,1,40,240,1,1,1,1,2,2,2,6133,856,3106259.0,910392.0,137622.0,1444464.0,13916.0,11580.0,115.51
cbecs,building_survey,2298,2298,1,16,1500000,994,5,1,168,1300,1,1,1,1,2,1,2,6680,768,68411393.0,20050232.0,1368738.0,120845790.0,1164218.0,819891.0,15.72
cbecs,building_survey,2299,2299,3,13,64000,1,8,1,99,65,1,1,1,2,2,2,2,1667,3092,5870979.0,1720686.0,113279.0,3296529.0,31758.0,18122.0,245.01
cbecs,building_survey,2300,2300,3,25,48000,1,3,1,53,20,1,1,1,2,2,2,2,4088,1630,551846.0,161737.0,16557.0,713984.0,6878.0,8993.0,1413.09
cbecs,building_survey,2301,2301,4,2,360000,5,8,2,65,1397,1,1,2,2,2,2,1,5605,710,7522713.0,2204781.0,68395.0,,,,10.47
cbecs,building_survey,2302,2302,4,12,15000,1,8,1,20,10,1,1,1,2,2,2,2,5103,1495,133646.0,39169.0,3112.0,153967.0,1483.0,1508.0,1445.98
cbecs,building_survey,2303,2303,3,12,235000,4,8,1,60,40,1,1,1,1,2,2,2,3656,2075,6226475.0,1824875.0,206073.0,422563.0,4071.0,5399.0,48.1
cbecs,building_survey,2304,2304,3,8,4650,1,7,2,70,20,1,1,1,2,2,2,2,3269,1995,846235.0,248017.0,12514.0,415774.0,4006.0,3898.0,687.8
cbecs,building_survey,2305,2305,1,8,275000,5,5,1,72,500,1,1,1,1,2,1,1,7297,680,21591871.0,6328215.0,461868.0,4845575.0,46682.0,25983.0,11.46
cbecs,building_survey,2306,2306,3,16,1000000,8,8,1,168,500,1,1,1,1,2,1,2,4750,1600,83988894.0,24615737.0,2581963.0,93474193.0,900522.0,512163.0,9.91
cbecs,building_survey,2307,2307,2,5,55000,1,9,2,50,5,1,1,1,2,1,2,2,5333,1824,308887.0,90530.0,14782.0,2319464.0,22346.0,18265.0,245.01
cbecs,building_survey,2308,2308,4,14,37500,1,8,1,42,90,1,1,1,1,1,2,2,5703,1080,1887485.0,553190.0,64261.0,2644057.0,25473.0,20281.0,330.8
cbecs,building_survey,2309,2309,2,14,250000,2,6,1,108,150,1,1,1,2,2,2,2,6998,801,3811678.0,1117139.0,149883.0,8912418.0,85861.0,48370.0,13.91
cbecs,building_survey,2310,2310,3,14,150000,8,2,1,73,40,1,1,1,1,2,2,2,3295,1853,2252650.0,660214.0,60355.0,241909.0,2331.0,2092.0,50.03
cbecs,building_survey,2311,2311,1,16,325000,6,2,1,168,850,1,1,1,1,2,2,2,6990,737,29542215.0,8658328.0,795436.0,51917152.0,500165.0,397566.0,10.07
cbecs,building_survey,2312,2312,3,18,12000,2,4,3,168,15,1,1,2,2,1,2,2,1636,3497,1272958.0,373083.0,32140.0,,,,2063.57
cbecs,building_survey,2313,2313,2,14,2900,2,2,1,12,6,1,1,1,2,2,2,2,5971,1350,101022.0,29608.0,3145.0,202250.0,1948.0,1766.0,1472.45
cbecs,building_survey,2314,2314,2,26,1600,1,3,1,4,1,1,1,2,2,1,2,2,5642,1253,54452.0,15959.0,1771.0,,,,3075.23
cbecs,building_survey,2315,2315,1,2,330000,4,5,9,60,125,1,1,1,2,2,2,2,4844,1387,15399997.0,4513481.0,408592.0,4134640.0,39833.0,36902.0,137.69
cbecs,building_survey,2316,2316,3,13,10000,1,4,1,10,9,1,1,1,2,2,2,2,1861,3195,681214.0,199652.0,12302.0,104621.0,1008.0,717.0,1489.41
cbecs,building_survey,2317,2317,3,16,260000,4,8,1,168,1000,1,1,1,1,2,2,2,1012,4252,31628732.0,9269851.0,559499.0,25692525.0,247520.0,288495.0,10.22
cbecs,building_survey,2318,2318,1,14,12500,3,3,1,50,40,1,1,2,2,1,2,2,7284,677,307874.0,90233.0,11806.0,,,,611.8
cbecs,building_survey,2319,2319,3,16,164000,4,6,2,168,800,1,1,1,2,2,2,2,1473,3310,23849505.0,6989890.0,596659.0,30674778.0,295518.0,569744.0,64.68
cbecs,building_survey,2320,2320,3,17,43000,1,7,1,168,50,1,1,1,1,2,2,2,1435,3714,2661239.0,779965.0,16430.0,2109640.0,20324.0,27390.0,160.38
cbecs,building_survey,2321,2321,2,5,900000,1,9,1,161,185,1,1,1,1,2,2,2,6162,1152,9966966.0,2921151.0,315264.0,24101137.0,232188.0,126649.0,81.71
cbecs,building_survey,2322,2322,4,12,34500,2,5,3,65,13,1,1,1,2,2,2,2,8461,13,936739.0,274542.0,46876.0,1353473.0,13039.0,17645.0,611.8
cbecs,building_survey,2323,2323,4,2,15250,1,8,3,10,8,1,1,1,2,2,2,2,4735,906,506635.0,148486.0,10265.0,348434.0,3357.0,2429.0,690.18
cbecs,building_survey,2324,2324,2,18,126000,5,2,1,168,40,1,1,1,1,2,1,2,4754,1633,8416488.0,2466732.0,208296.0,3156250.0,30407.0,17378.0,97.52
cbecs,building_survey,2325,2325,2,23,37500,1,6,10,75,40,1,1,1,2,2,2,2,6844,1103,2699575.0,791200.0,67514.0,2705056.0,26060.0,14503.0,841.34
cbecs,building_survey,2326,2326,3,12,22000,2,7,1,10,4,1,1,1,2,2,2,2,3662,2077,368295.0,107941.0,7030.0,233392.0,2248.0,2002.0,1413.09
cbecs,building_survey,2327,2327,3,13,5000,1,7,1,50,5,1,1,2,2,2,2,2,3486,2424,438275.0,128451.0,11937.0,,,,1413.09
cbecs,building_survey,2328,2328,3,5,350000,3,6,1,168,300,1,1,1,2,2,2,2,2525,1939,20829325.0,6104726.0,423998.0,3816877.0,36771.0,31448.0,14.67
cbecs,building_survey,2329,2329,3,16,220000,4,8,1,168,150,1,1,1,1,2,1,2,1069,3111,18758622.0,5497838.0,324491.0,6537387.0,62981.0,34600.0,8.92
cbecs,building_survey,2330,2330,1,16,235000,994,6,1,168,850,1,1,1,1,2,1,2,5115,1457,27321697.0,8007531.0,653295.0,812.0,8.0,306.0,14.9
cbecs,building_survey,2331,2331,1,13,1500,2,8,1,168,0,1,1,1,2,2,2,2,5308,743,63384.0,18577.0,3326.0,159706.0,1539.0,1458.0,992.19
cbecs,building_survey,2332,2332,4,8,7200,1,8,2,45,20,1,1,2,2,2,2,2,1368,4555,179643.0,52650.0,6559.0,,,,2934.43
cbecs,building_survey,2333,2333,3,8,11000,3,8,2,40,12,1,1,2,1,2,2,2,1062,3898,638613.0,187167.0,11845.0,,,,687.8
cbecs,building_survey,2334,2334,4,5,24000,1,4,1,168,25,1,1,2,2,2,2,2,1088,1777,1063395.0,311663.0,54712.0,,,,717.24
cbecs,building_survey,2335,2335,3,8,11500,1,7,2,35,25,1,1,1,1,2,2,2,3482,2054,1045184.0,306326.0,21270.0,92164.0,888.0,918.0,690.18
cbecs,building_survey,2336,2336,1,2,1500000,9,2,95,168,1200,1,1,1,2,2,2,2,6343,925,89628837.0,26268710.0,2430836.0,28541010.0,274962.0,153901.0,14.9
cbecs,building_survey,2337,2337,3,18,50000,3,4,1,168,4,1,1,1,2,2,2,2,3829,2201,1785293.0,523239.0,28654.0,3359777.0,32368.0,18197.0,329.67
cbecs,building_survey,2338,2338,2,2,235000,995,6,9,73,700,1,1,2,1,2,2,2,4504,1948,20947543.0,6139374.0,871545.0,,,,58.26
cbecs,building_survey,2339,2339,2,13,200000,2,3,50,168,35,1,1,1,2,2,2,2,7021,729,2802262.0,821296.0,102301.0,4056513.0,39080.0,24364.0,9.11
cbecs,building_survey,2340,2340,2,14,215000,1,8,1,40,246,1,1,1,2,2,2,2,5321,1395,6793304.0,1991004.0,269107.0,3426680.0,33012.0,21826.0,22.4
cbecs,building_survey,2341,2341,4,16,500001,8,8,4,168,2000,1,1,1,1,2,2,2,976,1926,53350657.0,15636183.0,2660489.0,43283112.0,416986.0,276844.0,9.01
cbecs,building_survey,2342,2342,3,2,215000,4,9,1,60,1100,1,1,2,2,2,2,2,2502,2904,10528570.0,3085747.0,210571.0,,,,52.3
cbecs,building_survey,2343,2343,3,18,455000,995,7,3,168,595,1,1,1,1,2,1,2,3491,2124,37172894.0,10894752.0,819436.0,10091958.0,97225.0,84793.0,12.93
cbecs,building_survey,2344,2344,1,14,57000,4,2,1,40,63,1,1,1,1,2,2,2,5024,1396,884963.0,259368.0,16248.0,729488.0,7028.0,6035.0,97.52
cbecs,building_survey,2345,2345,3,5,138000,1,6,3,45,15,1,1,2,2,2,2,2,1105,3014,277306.0,81274.0,11897.0,,,,31.35
cbecs,building_survey,2346,2346,4,13,17000,1,8,1,48,5,1,1,1,2,2,2,2,6750,387,286199.0,83880.0,14743.0,383259.0,3692.0,2310.0,2990.63
cbecs,building_survey,2347,2347,2,12,11250,2,6,1,60,6,1,1,1,2,2,2,2,5827,1170,464339.0,136090.0,12132.0,925584.0,8917.0,7459.0,1531.55
cbecs,building_survey,2348,2348,3,18,110000,7,8,1,168,25,1,1,1,2,2,2,2,2972,2204,6895620.0,2020991.0,174713.0,3973932.0,38285.0,34402.0,8.84
cbecs,building_survey,2349,2349,2,13,64000,1,5,1,60,4,1,1,1,2,2,2,2,6140,1031,1064436.0,311968.0,26952.0,3379070.0,32554.0,20499.0,215.07
cbecs,building_survey,2350,2350,2,15,2500,3,2,1,35,5,1,1,1,2,2,2,2,5345,1642,183148.0,53678.0,5134.0,145301.0,1400.0,1321.0,3075.23
cbecs,building_survey,2351,2351,1,2,270000,995,2,35,168,630,1,1,2,2,2,1,2,4509,1718,16929921.0,4961876.0,450586.0,,,,14.9
cbecs,building_survey,2352,2352,4,1,10000,2,6,2,40,2,1,1,1,2,2,2,2,1716,1911,28465.0,8343.0,2138.0,37917.0,365.0,531.0,1829.53
cbecs,building_survey,2353,2353,2,15,2700,1,8,1,84,10,1,1,1,2,2,2,2,4507,2035,853061.0,250018.0,28756.0,435642.0,4197.0,3058.0,3414.69
cbecs,building_survey,2354,2354,2,12,100000,2,2,1,84,12,1,1,1,2,2,1,2,6729,1056,930622.0,272750.0,29723.0,158496.0,1527.0,1405.0,15.06
cbecs,building_survey,2355,2355,3,5,315000,1,5,2,48,28,1,1,2,1,2,2,2,4331,1691,6365817.0,1865714.0,158750.0,,,,66.26
cbecs,building_survey,2356,2356,4,5,7200,1,5,2,40,4,1,1,2,2,2,2,2,5112,745,353673.0,103656.0,5158.0,,,,3075.23
cbecs,building_survey,2357,2357,4,12,10000,1,6,1,50,2,1,1,2,2,2,2,2,4986,883,267087.0,78279.0,9078.0,,,,1678.67
cbecs,building_survey,2358,2358,2,26,5900,1,8,1,40,1,1,1,2,1,2,2,2,5506,864,40176.0,11775.0,1017.0,,,,6659.94
cbecs,building_survey,2359,2359,4,2,500001,995,8,17,49,1400,1,1,1,1,2,2,2,764,1305,14976483.0,4389356.0,571173.0,457361.0,4406.0,3540.0,15.06
cbecs,building_survey,2360,2360,3,26,7800,2,8,1,45,7,1,1,2,2,2,2,2,3557,1775,69598.0,20398.0,2554.0,,,,1408.23
cbecs,building_survey,2361,2361,3,13,800000,3,5,38,168,1500,1,1,1,2,2,1,2,2518,2963,14715557.0,4312883.0,246075.0,4705208.0,45330.0,27605.0,10.14
cbecs,building_survey,2362,2362,2,23,150000,1,6,14,75,102,1,1,1,2,2,2,2,6984,1180,8669843.0,2540986.0,220718.0,11608046.0,111831.0,60952.0,175.02
cbecs,building_survey,2363,2363,1,2,1800,2,4,1,50,2,1,1,1,2,2,2,2,4419,1402,33098.0,9700.0,2056.0,95663.0,922.0,1081.0,2990.63
cbecs,building_survey,2364,2364,3,7,116000,4,6,6,45,200,1,1,1,1,2,2,2,3637,1886,7472535.0,2190075.0,215697.0,3205543.0,30882.0,17131.0,50.03
cbecs,building_survey,2365,2365,3,2,156000,1,8,2,50,700,1,1,1,1,2,2,2,4643,1545,8847617.0,2593088.0,55708.0,5954387.0,57364.0,31527.0,125.04
cbecs,building_survey,2366,2366,1,13,17000,2,4,1,40,6,1,1,1,2,2,2,2,7486,547,163017.0,47778.0,4871.0,621155.0,5984.0,4994.0,2990.63
cbecs,building_survey,2367,2367,2,26,5500,1,3,1,48,2,1,1,1,2,2,2,2,9750,758,71105.0,20840.0,1901.0,59303.0,571.0,661.0,8544.65
cbecs,building_survey,2368,2368,2,2,28000,2,5,6,50,13,1,1,1,2,2,2,2,5009,1530,409519.0,120023.0,15809.0,736160.0,7092.0,5880.0,221.3
cbecs,building_survey,2369,2369,3,25,186000,1,9,1,126,200,1,1,1,2,2,2,2,1192,4048,18445931.0,5406193.0,240832.0,1064915.0,10259.0,8693.0,125.04
cbecs,building_survey,2370,2370,3,15,10000,1,8,1,80,30,1,1,1,2,2,2,2,3483,2275,1778190.0,521158.0,54141.0,1993324.0,19204.0,16773.0,1218.03
cbecs,building_survey,2371,2371,3,12,62000,2,7,1,98,14,1,1,1,2,2,2,2,4836,1318,1287292.0,377284.0,40413.0,1221746.0,11770.0,9328.0,224.76
cbecs,building_survey,2372,2372,3,2,600000,995,2,95,168,800,1,1,1,1,2,2,2,4749,1542,29031801.0,8508734.0,1206018.0,19091196.0,183923.0,185201.0,14.9
cbecs,building_survey,2373,2373,1,4,164000,4,3,9,48,80,1,1,1,2,2,1,2,6124,925,21059589.0,6172212.0,917610.0,40706.0,392.0,1997.0,7.62
cbecs,building_survey,2374,2374,2,5,2200,1,7,1,3,6,1,1,2,2,2,2,2,4552,2014,64910.0,19024.0,2151.0,,,,2934.43
cbecs,building_survey,2375,2375,2,5,12000,1,8,1,8,5,1,1,1,2,2,2,2,6518,1361,63040.0,18476.0,2303.0,250009.0,2409.0,2536.0,2050.06
cbecs,building_survey,2376,2376,1,17,46500,3,6,1,168,69,1,1,1,1,2,2,2,6234,1232,5537706.0,1623009.0,149428.0,4773470.0,45987.0,57611.0,9.01
cbecs,building_survey,2377,2377,1,8,78000,8,5,1,50,166,1,1,2,2,1,1,2,6617,780,4849014.0,1421165.0,116586.0,,,,51.49
cbecs,building_survey,2378,2378,4,14,240000,2,8,1,102,145,1,1,1,2,2,2,2,5938,668,7902620.0,2316125.0,244114.0,9111593.0,87780.0,43011.0,8.84
cbecs,building_survey,2379,2379,3,15,4400,1,4,1,70,17,1,1,1,2,2,2,2,2790,3210,561525.0,164574.0,14498.0,907320.0,8741.0,8371.0,1218.03
cbecs,building_survey,2380,2380,3,2,73000,2,6,4,50,75,1,1,1,1,2,2,2,5225,1269,5866843.0,1719473.0,167068.0,1427775.0,13755.0,10682.0,17.27
cbecs,building_survey,2381,2381,2,4,225000,7,7,2,65,250,1,1,1,2,2,1,2,7760,705,17245951.0,5054499.0,509669.0,6693.0,64.0,307.0,11.95
cbecs,building_survey,2382,2382,3,2,43000,3,6,23,65,189,1,1,2,2,2,2,2,3397,1832,2932806.0,859556.0,73426.0,,,,589.53
cbecs,building_survey,2383,2383,3,2,14500,1,9,4,50,30,1,1,2,2,2,2,2,2396,3075,626695.0,183674.0,22135.0,,,,1489.41
cbecs,building_survey,2384,2384,1,14,140000,3,2,1,60,50,1,1,1,2,2,2,2,5897,846,3195000.0,936401.0,103593.0,6683195.0,64385.0,36011.0,44.64
cbecs,building_survey,2385,2385,1,18,70000,3,8,1,168,10,1,1,1,2,2,2,2,5668,1025,2473567.0,724961.0,115345.0,2410204.0,23220.0,20575.0,324.59
cbecs,building_survey,2386,2386,4,14,158000,3,3,1,80,75,1,1,1,2,2,2,2,4080,901,3150881.0,923470.0,110281.0,3560586.0,34302.0,9783.0,45.1
cbecs,building_survey,2387,2387,3,14,186000,1,4,1,70,100,1,1,2,2,1,2,2,1446,3583,8181546.0,2397874.0,202342.0,,,,8.84
cbecs,building_survey,2388,2388,1,26,1600,1,4,1,75,2,1,1,2,2,2,2,2,4966,1217,21245.0,6227.0,1747.0,,,,2990.63
cbecs,building_survey,2389,2389,3,14,150000,2,8,1,55,70,1,1,1,2,2,2,2,1525,3590,3750496.0,1099208.0,144472.0,2569297.0,24752.0,13695.0,99.38
cbecs,building_survey,2390,2390,3,23,5700,1,8,4,71,9,1,1,1,2,2,2,2,2428,3012,533580.0,156383.0,13957.0,234599.0,2260.0,2033.0,10.71
cbecs,building_survey,2391,2391,2,13,16000,2,2,1,60,2,1,1,1,2,2,2,2,8818,433,75970.0,22266.0,3466.0,683946.0,6589.0,4439.0,1531.55
cbecs,building_survey,2392,2392,1,2,73000,995,2,75,50,150,1,1,2,1,2,2,2,5345,1286,4757794.0,1394430.0,130354.0,,,,246.59
cbecs,building_survey,2393,2393,3,2,320000,995,5,45,50,800,1,1,1,1,2,2,2,2989,2107,15682113.0,4596164.0,398345.0,4225543.0,40709.0,23061.0,14.9
cbecs,building_survey,2394,2394,1,5,350000,1,2,1,50,8,1,1,1,2,2,2,2,4869,1039,466433.0,136704.0,12996.0,7217879.0,69536.0,37947.0,69.6
cbecs,building_survey,2395,2395,4,5,370000,2,6,1,60,75,1,1,1,2,2,2,2,2386,205,3758381.0,1101518.0,141667.0,2341096.0,22554.0,18561.0,32.81
cbecs,building_survey,2396,2396,2,5,600000,1,4,15,60,85,1,1,1,2,1,2,2,5280,889,7025309.0,2059000.0,232213.0,14834860.0,142918.0,43095.0,31.68
cbecs,building_survey,2397,2397,2,14,40500,1,4,1,45,55,1,1,1,2,2,2,2,4957,1421,1817001.0,532533.0,60366.0,2827605.0,27241.0,15048.0,290.39
cbecs,building_survey,2398,2398,4,16,350000,3,8,1,168,550,1,1,1,1,2,2,2,1878,1738,35868055.0,10512326.0,1140206.0,58857621.0,567029.0,160321.0,10.17
cbecs,building_survey,2399,2399,4,25,7500,1,5,1,54,2,1,1,1,2,2,2,2,6294,569,64516.0,18909.0,2633.0,127959.0,1233.0,671.0,2990.63
cbecs,building_survey,2400,2400,2,12,34500,1,4,1,20,10,1,1,1,2,2,2,2,5890,1134,129257.0,37883.0,7865.0,607610.0,5854.0,2706.0,611.8
cbecs,building_survey,2401,2401,3,23,74000,1,5,16,75,73,1,1,1,2,2,2,2,3149,2267,6198105.0,1816561.0,153706.0,4061449.0,39128.0,22240.0,190.79
cbecs,building_survey,2402,2402,4,15,132000,1,2,1,60,35,1,1,1,2,2,2,2,5268,1257,7378822.0,2162609.0,200856.0,7959357.0,76680.0,49388.0,55.13
cbecs,building_survey,2403,2403,4,2,210000,9,4,8,50,100,1,1,1,2,2,2,2,6895,349,5520031.0,1617829.0,212937.0,8338373.0,80331.0,42477.0,14.97
cbecs,building_survey,2404,2404,4,26,9700,1,5,1,0,2,1,1,2,2,2,2,2,2148,1513,148479.0,43517.0,11386.0,,,,3075.23
cbecs,building_survey,2405,2405,3,2,92000,2,6,1,168,150,1,1,1,1,2,2,2,2124,2388,7570838.0,2218886.0,164334.0,1305511.0,12577.0,14163.0,56.43
cbecs,building_survey,2406,2406,4,5,77000,2,5,1,168,25,1,1,2,2,2,2,2,623,1400,1728933.0,506721.0,71356.0,,,,32.81
cbecs,building_survey,2407,2407,3,14,134000,2,7,1,38,250,1,1,2,2,1,2,2,1483,3640,2201421.0,645200.0,61515.0,,,,99.04
cbecs,building_survey,2408,2408,2,8,118000,2,8,1,78,150,1,1,1,1,2,2,2,6199,1208,10252056.0,3004706.0,431755.0,4537058.0,43710.0,40455.0,55.66
cbecs,building_survey,2409,2409,1,5,250000,1,8,1,126,35,1,1,1,1,1,2,2,4626,1214,4262766.0,1249345.0,156704.0,3720937.0,35847.0,35513.0,31.35
cbecs,building_survey,2410,2410,4,2,25500,3,4,30,50,111,1,1,1,2,2,2,1,718,1837,1151249.0,337412.0,42568.0,34627.0,334.0,426.0,227.11
cbecs,building_survey,2411,2411,3,16,800000,6,4,4,168,2000,1,1,1,1,2,2,2,4117,1647,86052368.0,25220506.0,1872475.0,122078599.0,1176094.0,548976.0,9.07
cbecs,building_survey,2412,2412,2,2,7500,1,6,1,49,13,1,1,2,2,2,2,2,4651,1992,287375.0,84225.0,12887.0,,,,1413.09
cbecs,building_survey,2413,2413,1,14,80000,4,3,1,66,100,1,1,1,1,2,2,2,4842,1158,1465519.0,429519.0,34677.0,1656849.0,15962.0,13277.0,8.84
cbecs,building_survey,2414,2414,1,16,900000,7,7,3,168,800,1,1,1,1,2,2,2,6510,762,82030113.0,24041651.0,2878951.0,127537263.0,1228683.0,1211313.0,9.95
cbecs,building_survey,2415,2415,4,2,210000,995,4,7,60,353,1,1,1,1,2,2,2,6298,805,4303179.0,1261190.0,102927.0,5429584.0,52308.0,32040.0,50.03
cbecs,building_survey,2416,2416,2,17,51000,1,8,1,168,20,1,1,1,2,2,2,2,5423,1229,2921802.0,856331.0,84726.0,1593728.0,15354.0,6658.0,108.21
cbecs,building_survey,2417,2417,3,5,1600,1,3,1,55,3,1,1,2,2,2,2,2,1258,3016,63470.0,18602.0,2951.0,,,,1484.29
cbecs,building_survey,2418,2418,2,2,28500,1,3,1,45,11,1,1,1,2,2,2,2,6135,1220,692098.0,202842.0,18319.0,2023751.0,19497.0,9548.0,9.11
cbecs,building_survey,2419,2419,4,2,700000,8,8,2,40,500,1,1,2,2,2,2,2,1425,4197,39285908.0,11514041.0,952554.0,,,,14.67
cbecs,building_survey,2420,2420,3,25,8000,1,9,2,50,17,1,1,2,2,2,2,2,1682,2757,82484.0,24175.0,3030.0,,,,1489.41
cbecs,building_survey,2421,2421,2,5,10500,2,5,1,50,4,1,1,1,2,2,2,2,6870,688,26543.0,7779.0,1256.0,235455.0,2268.0,2042.0,717.24
cbecs,building_survey,2422,2422,2,26,1300,1,5,1,1,0,1,1,2,2,2,2,2,10215,725,37243.0,10915.0,1433.0,,,,6659.94
cbecs,building_survey,2423,2423,4,14,78000,1,6,1,65,50,1,1,2,1,2,2,2,6862,203,4186724.0,1227059.0,86553.0,,,,272.88
cbecs,building_survey,2424,2424,3,12,76000,3,2,1,120,5,1,1,1,1,2,2,2,5491,1242,2344753.0,687208.0,58359.0,3538427.0,34089.0,18827.0,589.53
cbecs,building_survey,2425,2425,4,1,194000,4,4,1,30,0,1,1,2,2,2,1,2,3838,872,348532.0,102149.0,10092.0,,,,67.85
cbecs,building_survey,2426,2426,4,13,10750,1,8,1,52,9,1,1,1,2,2,2,2,864,1110,665675.0,195098.0,41958.0,27591.0,266.0,432.0,1531.55
cbecs,building_survey,2427,2427,3,2,33500,1,5,1,96,28,1,1,2,2,2,2,2,3661,2246,613500.0,179807.0,21506.0,,,,591.56
cbecs,building_survey,2428,2428,3,25,20000,2,5,2,55,15,1,1,2,1,2,2,2,2214,2964,563247.0,165078.0,9755.0,,,,1413.09
cbecs,building_survey,2429,2429,3,16,75000,1,4,1,168,50,1,1,1,1,1,2,2,2377,3471,12657333.0,3709652.0,314318.0,6539713.0,63003.0,35540.0,114.03
cbecs,building_survey,2430,2430,4,2,110000,2,6,1,50,150,1,1,2,2,2,2,1,4257,1331,3086233.0,904523.0,47164.0,,,,117.32
cbecs,building_survey,2431,2431,4,8,15000,2,5,7,45,33,1,1,2,2,2,2,2,5801,459,757279.0,221946.0,16303.0,,,,687.8
cbecs,building_survey,2432,2432,2,25,15000,1,8,1,120,4,1,1,1,2,2,2,2,9383,933,891324.0,261232.0,25735.0,546062.0,5261.0,4637.0,1489.41
cbecs,building_survey,2433,2433,2,14,300000,2,4,1,100,156,1,1,1,2,2,2,2,8145,669,9284103.0,2721015.0,296927.0,15471925.0,149055.0,67402.0,45.23
cbecs,building_survey,2434,2434,3,26,1500,1,6,1,126,0,1,1,1,2,2,2,2,3008,2162,285667.0,83724.0,8024.0,2280592.0,21971.0,19214.0,1417.97
cbecs,building_survey,2435,2435,4,13,1500,1,2,1,2,1,1,1,1,2,2,2,2,4061,1753,36343.0,10652.0,1317.0,96744.0,932.0,837.0,2747.83
cbecs,building_survey,2436,2436,3,25,2300,2,2,1,84,2,1,1,2,2,2,2,2,3719,1854,49317.0,14454.0,2009.0,,,,2934.43
cbecs,building_survey,2437,2437,2,26,12500,1,8,3,60,4,1,1,2,2,1,2,2,6694,1035,225659.0,66137.0,6155.0,,,,2237.13
cbecs,building_survey,2438,2438,4,5,4000,1,3,1,56,0,1,1,2,2,2,2,2,2314,1488,14081.0,4127.0,961.0,,,,6921.06
cbecs,building_survey,2439,2439,3,2,150000,994,5,75,60,300,1,1,1,1,2,2,2,3424,2407,5842386.0,1712305.0,122758.0,3782852.0,36444.0,27817.0,137.69
cbecs,building_survey,2440,2440,3,12,1200,1,7,1,4,0,1,1,2,2,1,2,2,3573,2346,17986.0,5271.0,923.0,,,,2990.63
cbecs,building_survey,2441,2441,4,2,29000,2,6,11,36,24,1,1,1,2,2,2,2,1483,836,1141839.0,334654.0,56901.0,1595738.0,15373.0,11772.0,1531.55
cbecs,building_survey,2442,2442,3,12,12000,2,2,1,15,1,1,1,1,2,2,2,2,3411,2072,82861.0,24285.0,3374.0,35512.0,342.0,571.0,1118.9
cbecs,building_survey,2443,2443,3,2,325000,9,6,11,56,483,1,1,2,1,2,2,2,3609,1976,8292551.0,2430408.0,402900.0,,,,14.9
cbecs,building_survey,2444,2444,3,26,1200,1,8,1,50,2,1,1,2,2,2,2,2,4459,1545,120118.0,35205.0,2693.0,,,,3695.52
cbecs,building_survey,2445,2445,2,14,205000,1,9,1,50,100,1,1,1,2,2,2,2,6315,878,4907415.0,1438281.0,181446.0,9632305.0,92797.0,50832.0,45.1
cbecs,building_survey,2446,2446,3,13,9400,2,5,1,12,1,1,1,2,2,2,2,2,2866,2305,41856.0,12267.0,1524.0,,,,2990.63
cbecs,building_survey,2447,2447,2,26,34000,1,5,1,60,45,1,1,1,2,2,2,2,5945,1067,1384349.0,405729.0,35944.0,291954.0,2813.0,1828.0,611.8
cbecs,building_survey,2448,2448,4,14,3600,1,7,1,37,4,1,1,1,2,2,2,2,1270,2121,96918.0,28405.0,6548.0,8975.0,86.0,101.0,4384.99
cbecs,building_survey,2449,2449,1,14,500001,6,5,1,98,250,1,1,1,2,2,1,2,5206,1299,16107710.0,4720900.0,431851.0,77989.0,751.0,1521.0,9.01
cbecs,building_survey,2450,2450,4,5,10500,1,6,1,70,2,1,1,1,2,2,2,2,7027,377,57726.0,16919.0,2001.0,95766.0,923.0,787.0,1489.41
cbecs,building_survey,2451,2451,2,5,30000,1,6,1,50,11,1,1,1,2,2,2,2,4748,2062,344739.0,101037.0,11869.0,1167758.0,11250.0,9470.0,591.56
cbecs,building_survey,2452,2452,2,14,56000,1,3,1,60,50,1,1,1,2,2,2,2,8425,781,1256037.0,368123.0,35527.0,3105438.0,29918.0,23378.0,330.8
cbecs,building_survey,2453,2453,2,2,176000,7,2,11,40,225,1,1,1,1,2,2,2,6719,950,3212908.0,941649.0,126412.0,831057.0,8006.0,7043.0,141.31
cbecs,building_survey,2454,2454,2,12,5600,1,4,1,16,2,1,1,2,2,1,2,2,8962,582,184700.0,54132.0,4080.0,,,,1484.29
cbecs,building_survey,2455,2455,3,2,240000,994,7,5,55,250,1,1,2,1,2,2,2,2446,2595,15274144.0,4476596.0,267714.0,,,,14.9
cbecs,building_survey,2456,2456,3,13,178000,4,5,1,83,50,1,1,1,1,2,1,2,4469,1637,6817190.0,1998004.0,149371.0,5122035.0,49345.0,28858.0,68.42
cbecs,building_survey,2457,2457,3,25,152000,1,8,10,168,115,1,1,1,2,2,2,2,3922,1800,15010507.0,4399328.0,261680.0,3323237.0,32016.0,28217.0,164.31
cbecs,building_survey,2458,2458,4,26,7000,2,6,1,76,6,1,1,2,2,2,2,2,4381,886,253242.0,74221.0,8412.0,,,,3075.23
cbecs,building_survey,2459,2459,4,1,8000,2,5,0,0,0,2,2,2,2,2,2,2,1883,1549,,,,,,,6921.06
cbecs,building_survey,2460,2460,3,14,156000,2,5,1,50,105,1,1,1,2,2,2,2,2137,3034,4260664.0,1248729.0,105865.0,1089195.0,10493.0,10610.0,44.64
cbecs,building_survey,2461,2461,3,5,12500,2,7,1,40,4,1,1,2,1,1,2,2,3240,2329,205311.0,60173.0,5945.0,,,,1413.09
cbecs,building_survey,2462,2462,4,26,9700,1,7,1,40,1,1,1,1,2,2,2,2,4279,845,140051.0,41047.0,3983.0,119686.0,1153.0,1103.0,6921.06
cbecs,building_survey,2463,2463,4,2,142000,6,5,11,45,250,1,1,1,2,2,2,1,6247,387,4035582.0,1182761.0,151390.0,739559.0,7125.0,5419.0,17.21
cbecs,building_survey,2464,2464,1,2,108000,3,6,30,50,400,1,1,2,2,2,2,2,4832,1229,5116365.0,1499521.0,137001.0,,,,14.9
cbecs,building_survey,2465,2465,4,5,60000,2,6,1,60,18,1,1,1,2,1,2,2,5009,1406,700712.0,205367.0,22109.0,765399.0,7374.0,6514.0,246.72
cbecs,building_survey,2466,2466,3,2,59000,1,8,2,60,100,1,1,1,2,2,2,2,4375,1727,3261886.0,956004.0,77376.0,560816.0,5403.0,4136.0,213.58
cbecs,building_survey,2467,2467,3,12,10000,2,6,1,30,3,1,1,1,2,2,2,2,3884,2113,100863.0,29561.0,4011.0,163569.0,1576.0,1490.0,2990.63
cbecs,building_survey,2468,2468,2,5,50000,1,5,1,70,25,1,1,1,2,2,2,2,6851,1058,994075.0,291347.0,43376.0,866093.0,8344.0,5705.0,1030.4
cbecs,building_survey,2469,2469,2,2,495000,1,4,5,96,2400,1,1,2,2,2,2,2,4780,1973,60746065.0,17803653.0,1465211.0,,,,1.88
cbecs,building_survey,2470,2470,2,14,86000,1,8,1,50,40,1,1,1,2,2,2,2,4679,2069,1316393.0,385813.0,71196.0,5061297.0,48760.0,26892.0,330.8
cbecs,building_survey,2471,2471,3,2,1800,1,8,1,45,6,1,1,2,2,2,2,2,3796,1577,160431.0,47020.0,5479.0,,,,2990.63
cbecs,building_survey,2472,2472,1,6,3000,4,2,1,112,3,1,1,2,1,1,2,2,8843,589,467736.0,137086.0,23450.0,,,,1461.43
cbecs,building_survey,2473,2473,2,14,2400,1,3,1,60,7,1,1,2,2,2,2,2,4832,1688,110614.0,32419.0,4467.0,,,,4384.99
cbecs,building_survey,2474,2474,1,2,86000,3,7,5,55,300,1,1,1,2,2,2,2,5840,980,4674726.0,1370084.0,197298.0,2369216.0,22825.0,18604.0,14.9
cbecs,building_survey,2475,2475,3,2,700000,994,6,22,68,2192,1,1,1,1,2,2,2,4212,1770,32157733.0,9424892.0,1347794.0,9249770.0,89111.0,49704.0,6.52
cbecs,building_survey,2476,2476,2,17,45000,1,8,2,168,28,1,1,1,2,1,2,2,8536,502,2505484.0,734315.0,94257.0,7961657.0,76702.0,41820.0,97.52
cbecs,building_survey,2477,2477,4,18,275000,994,2,1,168,120,1,1,1,2,1,2,2,2428,131,16212862.0,4751718.0,833281.0,23165452.0,223174.0,94541.0,9.11
cbecs,building_survey,2478,2478,3,15,104000,3,4,4,72,67,1,1,1,2,2,1,2,2831,3028,6066962.0,1778125.0,136877.0,1920184.0,18499.0,16983.0,57.62
cbecs,building_survey,2479,2479,3,13,60000,4,8,1,83,31,1,1,1,2,2,2,2,2765,2409,5696406.0,1669521.0,124251.0,534973.0,5154.0,6538.0,240.4
cbecs,building_survey,2480,2480,4,25,28500,2,4,8,40,16,1,1,2,2,1,2,2,974,1015,183129.0,53672.0,7342.0,,,,17.76
cbecs,building_survey,2481,2481,1,2,80000,6,7,1,45,200,1,1,1,2,2,2,2,5431,994,3326853.0,975045.0,145629.0,425704.0,4101.0,5272.0,137.69
cbecs,building_survey,2482,2482,3,15,2200,1,3,2,62,7,1,1,2,1,2,2,2,4198,1613,253905.0,74415.0,6880.0,,,,1218.03
cbecs,building_survey,2483,2483,3,5,3000,1,5,1,68,1,2,2,2,2,2,2,2,1055,2535,,,,,,,6659.94
cbecs,building_survey,2484,2484,1,12,7200,3,2,1,7,1,1,1,1,2,2,2,2,5924,910,60323.0,17680.0,4126.0,166000.0,1599.0,3032.0,2934.43
cbecs,building_survey,2485,2485,3,25,205000,1,8,5,168,150,1,1,1,2,2,2,2,3272,2323,14610964.0,4282229.0,255935.0,6247353.0,60186.0,33213.0,14.9
cbecs,building_survey,2486,2486,2,5,1800000,1,5,4,96,52,1,1,1,2,1,2,2,5830,1019,10897366.0,3193835.0,244323.0,23527622.0,226663.0,148684.0,15.06
cbecs,building_survey,2487,2487,3,2,14500,3,2,3,45,22,1,1,2,2,2,2,2,2972,2280,606668.0,177804.0,17744.0,,,,429.63
cbecs,building_survey,2488,2488,3,2,220000,9,6,30,55,677,1,1,2,1,2,2,2,1666,4095,9822457.0,2878797.0,309657.0,,,,62.26
cbecs,building_survey,2489,2489,3,14,63000,1,8,1,60,40,1,1,2,2,2,2,2,1449,3572,2100355.0,615579.0,42537.0,,,,330.8
cbecs,building_survey,2490,2490,2,7,14000,1,8,2,0,0,1,1,1,1,2,2,2,8321,767,106270.0,31146.0,4660.0,486920.0,4691.0,3260.0,1426.39
cbecs,building_survey,2491,2491,1,6,55000,2,8,1,126,30,1,1,1,2,2,2,2,7353,502,5723293.0,1677401.0,153675.0,7207469.0,69436.0,38099.0,213.58
cbecs,building_survey,2492,2492,1,14,455000,8,2,1,100,100,1,1,1,1,2,1,2,4919,1386,18821433.0,5516246.0,507784.0,2909484.0,28030.0,15899.0,5.98
cbecs,building_survey,2493,2493,3,2,190000,9,4,2,60,76,1,1,2,2,2,1,2,3579,2002,8353692.0,2448327.0,206525.0,,,,8.57
cbecs,building_survey,2494,2494,2,13,3800,1,4,1,84,1,1,1,1,2,1,2,2,6020,1341,258633.0,75801.0,7154.0,245629.0,2366.0,1878.0,1472.45
cbecs,building_survey,2495,2495,3,14,152000,4,7,1,60,100,1,1,1,1,2,2,2,4258,1876,13169302.0,3859702.0,401410.0,5441956.0,52427.0,28998.0,303.46
cbecs,building_survey,2496,2496,3,12,80000,3,3,1,92,60,1,1,1,1,2,2,2,2202,3020,3084327.0,903965.0,55216.0,2589373.0,24946.0,16856.0,14.9
cbecs,building_survey,2497,2497,4,8,100000,2,5,13,65,130,1,1,1,2,2,2,2,811,1342,3504914.0,1027232.0,130978.0,783192.0,7545.0,9226.0,9.01
cbecs,building_survey,2498,2498,1,14,110000,2,8,1,38,102,1,1,1,2,2,2,2,7212,634,1365073.0,400080.0,42883.0,4124669.0,39737.0,39572.0,97.52
cbecs,building_survey,2499,2499,4,5,225000,1,6,1,168,300,1,1,1,2,2,2,2,3826,1529,14153815.0,4148246.0,295800.0,5116874.0,49296.0,33374.0,69.6
cbecs,building_survey,2500,2500,1,26,1350,1,7,1,40,4,1,1,2,2,2,2,2,6417,960,59571.0,17459.0,2120.0,,,,6659.94
cbecs,building_survey,2501,2501,3,2,300000,994,8,8,65,1029,1,1,1,1,2,2,2,4267,1736,18679225.0,5474568.0,469197.0,2811675.0,27087.0,26981.0,58.26
cbecs,building_survey,2502,2502,2,2,22750,2,4,1,45,22,1,1,1,2,2,2,2,10478,729,742052.0,217483.0,23604.0,294899.0,2841.0,1536.0,1489.41
cbecs,building_survey,2503,2503,3,14,20000,1,5,1,60,35,1,1,2,2,2,2,2,1152,4215,1004916.0,294524.0,18230.0,,,,1426.39
cbecs,building_survey,2504,2504,3,13,225000,4,6,37,45,2,1,1,2,1,2,2,2,3285,2149,14801739.0,4338142.0,370496.0,,,,14.9
cbecs,building_survey,2505,2505,1,14,250000,2,4,1,96,100,1,1,2,1,1,2,2,5501,900,6196051.0,1815959.0,211968.0,,,,8.84
cbecs,building_survey,2506,2506,3,2,235000,994,8,5,65,1205,1,1,1,1,2,2,2,4279,1627,27307124.0,8003260.0,675186.0,1500479.0,14455.0,12088.0,58.26
cbecs,building_survey,2507,2507,3,13,8000,1,8,1,115,2,1,1,2,2,1,2,2,4586,1900,638040.0,186999.0,11801.0,,,,2990.63
cbecs,building_survey,2508,2508,4,12,50000,4,2,1,49,10,1,1,1,2,2,2,2,794,1895,539145.0,158014.0,20767.0,21524.0,207.0,301.0,611.8
cbecs,building_survey,2509,2509,1,16,300000,6,4,12,168,125,1,1,1,1,2,2,2,4766,1530,18275960.0,5356377.0,681754.0,12633065.0,121706.0,114427.0,8.76
cbecs,building_survey,2510,2510,1,12,15000,2,2,1,5,4,1,1,1,2,2,2,2,4844,1243,156648.0,45911.0,5748.0,661596.0,6374.0,6252.0,1489.41
cbecs,building_survey,2511,2511,2,2,1800,3,2,1,40,4,1,1,2,2,2,2,2,5424,1458,95685.0,28044.0,3418.0,,,,2050.06
cbecs,building_survey,2512,2512,3,13,215000,4,6,1,92,30,1,1,1,2,2,1,2,4850,1687,8762660.0,2568189.0,195225.0,1298.0,13.0,291.0,9.21
cbecs,building_survey,2513,2513,3,5,65000,1,5,1,16,56,1,1,1,2,2,2,2,4473,1613,1033456.0,302889.0,41033.0,714306.0,6882.0,6479.0,234.89
cbecs,building_survey,2514,2514,4,13,11500,2,7,1,30,5,1,1,2,2,1,2,2,6938,119,117257.0,34366.0,3910.0,,,,1678.67
cbecs,building_survey,2515,2515,3,23,176000,1,4,15,75,186,1,1,1,2,2,2,2,1421,2866,17969314.0,5266505.0,449952.0,116555.0,1123.0,1104.0,175.02
cbecs,building_survey,2516,2516,4,18,12000,2,4,1,168,0,1,1,1,2,2,2,2,6451,875,635235.0,186177.0,13723.0,1215890.0,11714.0,8602.0,904.39
cbecs,building_survey,2517,2517,3,13,12000,1,8,1,6,4,1,1,1,2,2,2,2,1339,3366,217047.0,63613.0,10390.0,83628.0,806.0,1739.0,1489.41
cbecs,building_survey,2518,2518,3,5,340000,1,7,1,168,300,1,1,1,2,2,2,2,2878,2159,20566287.0,6027634.0,511383.0,899367.0,8664.0,5120.0,52.07
cbecs,building_survey,2519,2519,1,18,48000,3,9,1,168,12,1,1,2,2,2,2,2,4869,1011,1255419.0,367942.0,31771.0,,,,1421.48
cbecs,building_survey,2520,2520,4,18,5000,2,2,1,168,0,1,1,1,2,2,2,2,5435,917,189853.0,55643.0,4547.0,243360.0,2345.0,1848.0,2024.79
cbecs,building_survey,2521,2521,4,18,33000,5,2,1,168,25,1,1,1,2,2,2,2,2140,491,1945371.0,570156.0,72076.0,1962231.0,18904.0,15368.0,495.15
cbecs,building_survey,2522,2522,4,5,220000,1,8,5,55,45,1,1,1,1,2,2,2,4627,1245,2807366.0,822792.0,59018.0,924201.0,8904.0,4447.0,69.36
cbecs,building_survey,2523,2523,4,2,5500,2,5,1,40,19,1,1,1,2,2,2,2,2459,626,176584.0,51754.0,10630.0,173464.0,1671.0,1576.0,3414.19
cbecs,building_survey,2524,2524,2,14,150000,4,2,1,40,90,1,1,1,2,2,2,2,4958,1945,6414102.0,1879866.0,168473.0,3536150.0,34067.0,24889.0,9.01
cbecs,building_survey,2525,2525,3,12,1100,1,2,1,3,1,1,1,2,2,1,2,2,3937,1707,11382.0,3336.0,504.0,,,,2990.63
cbecs,building_survey,2526,2526,3,13,73000,1,3,1,25,50,1,1,1,2,2,1,2,3366,1801,2623509.0,768907.0,67306.0,604009.0,5819.0,6376.0,56.73
cbecs,building_survey,2527,2527,4,26,2650,1,6,1,40,4,1,1,2,1,2,2,2,6514,670,72710.0,21310.0,710.0,,,,2934.43
cbecs,building_survey,2528,2528,3,2,2000,1,2,1,40,4,1,1,1,2,2,2,2,4201,1858,47072.0,13796.0,1054.0,33022.0,318.0,807.0,2934.43
cbecs,building_survey,2529,2529,1,14,210000,7,3,1,105,60,1,1,1,2,2,1,2,5834,1022,5426233.0,1590338.0,92847.0,9001025.0,86715.0,47590.0,99.04
cbecs,building_survey,2530,2530,3,14,16500,1,7,1,70,31,1,1,2,2,2,2,2,1016,4270,441028.0,129258.0,14215.0,,,,1426.39
cbecs,building_survey,2531,2531,4,5,2300,1,6,1,5,1,1,1,2,2,2,2,2,3912,1763,12989.0,3807.0,497.0,,,,736.22
cbecs,building_survey,2532,2532,2,14,22000,1,5,2,45,5,1,1,1,2,2,2,2,5870,1378,294065.0,86186.0,11637.0,752997.0,7254.0,6714.0,1101.66
cbecs,building_survey,2533,2533,4,2,420000,5,8,3,168,582,1,1,1,1,2,2,2,2505,80,25628045.0,7511150.0,1300869.0,26298370.0,253356.0,193720.0,59.79
cbecs,building_survey,2534,2534,3,13,126000,2,9,3,80,50,1,1,1,1,2,2,2,4097,2175,11185127.0,3278173.0,281271.0,7961817.0,76703.0,49561.0,99.04
cbecs,building_survey,2535,2535,2,14,35500,1,5,1,55,52,1,1,1,2,2,2,2,5770,1327,1617876.0,474172.0,41383.0,774832.0,7465.0,6337.0,282.95
cbecs,building_survey,2536,2536,4,8,1700,3,2,1,40,8,1,1,2,2,2,2,2,402,3516,16449.0,4821.0,2220.0,,,,1195.14
cbecs,building_survey,2537,2537,2,5,265000,1,4,2,95,100,1,1,1,1,2,2,2,5218,1928,4117213.0,1206686.0,134212.0,10317657.0,99399.0,54762.0,14.9
cbecs,building_survey,2538,2538,3,16,365000,4,9,1,168,150,1,1,1,1,1,2,2,1682,3387,41699885.0,12221537.0,735758.0,38940942.0,375154.0,275911.0,10.07
cbecs,building_survey,2539,2539,1,18,100000,3,7,1,168,20,1,1,1,2,2,2,2,5193,1293,4466362.0,1309016.0,174398.0,4130534.0,39793.0,35001.0,99.04
cbecs,building_survey,2540,2540,2,25,148000,2,9,5,70,45,1,1,1,2,2,2,2,5381,1471,5812590.0,1703573.0,147427.0,3753936.0,36165.0,20312.0,15.06
cbecs,building_survey,2541,2541,1,5,48500,1,3,14,77,114,1,1,1,2,2,2,2,4936,1265,4871804.0,1427844.0,175491.0,1270218.0,12237.0,12879.0,580.91
cbecs,building_survey,2542,2542,3,23,45500,1,5,9,104,25,1,1,1,2,2,2,2,2645,2764,5449229.0,1597078.0,136635.0,2156852.0,20779.0,16819.0,841.34
cbecs,building_survey,2543,2543,2,2,27000,1,8,6,60,75,1,1,1,2,2,2,2,8893,837,1511147.0,442892.0,52405.0,1361228.0,13114.0,10433.0,1314.87
cbecs,building_survey,2544,2544,1,1,36000,4,3,0,0,0,1,1,2,2,2,2,2,5514,1387,332601.0,97480.0,9503.0,,,,589.53
cbecs,building_survey,2545,2545,3,18,160000,5,9,3,168,80,1,1,1,2,2,2,2,1115,3583,9383322.0,2750094.0,444362.0,3660792.0,35268.0,30458.0,8.84
cbecs,building_survey,2546,2546,3,25,2300,1,8,2,60,2,1,1,2,2,2,2,2,1747,3927,153995.0,45133.0,5819.0,,,,2577.06
cbecs,building_survey,2547,2547,4,17,67000,1,8,1,168,30,1,1,1,2,1,2,2,2296,1089,2235756.0,655263.0,123423.0,661900.0,6377.0,7271.0,290.39
cbecs,building_survey,2548,2548,2,6,3000,1,7,1,120,3,1,1,1,2,2,2,2,7382,456,1184351.0,347113.0,37608.0,82535.0,795.0,604.0,3075.23
cbecs,building_survey,2549,2549,3,13,305000,5,4,2,168,100,1,1,1,2,2,2,1,5640,1103,14682368.0,4303156.0,275410.0,1734772.0,16713.0,12690.0,5.89
cbecs,building_survey,2550,2550,1,13,7000,1,9,1,70,0,1,1,2,2,2,2,2,8166,373,160449.0,47025.0,7865.0,,,,2934.43
cbecs,building_survey,2551,2551,2,5,7200,1,9,1,12,2,1,1,2,2,1,2,2,6052,1208,64262.0,18834.0,2046.0,,,,691.38
cbecs,building_survey,2552,2552,1,2,120000,4,6,5,60,100,1,1,1,1,2,2,2,4361,1374,3316962.0,972146.0,188475.0,2717111.0,26176.0,25150.0,8.76
cbecs,building_survey,2553,2553,3,14,87000,1,8,1,60,75,1,1,1,2,2,2,2,2306,3232,1939620.0,568470.0,44853.0,144918.0,1396.0,1701.0,99.38
cbecs,building_survey,2554,2554,2,13,39000,3,4,2,70,17,1,1,2,2,2,2,1,5381,1810,1468306.0,430336.0,30164.0,,,,589.53
cbecs,building_survey,2555,2555,1,1,58000,2,5,0,0,0,1,1,1,2,2,2,2,5100,1397,11363.0,3330.0,735.0,1121258.0,10802.0,11743.0,485.62
cbecs,building_survey,2556,2556,3,91,270000,8,2,1,168,95,1,1,2,1,2,2,2,2145,3185,174604668.0,51173701.0,2894312.0,,,,14.9
cbecs,building_survey,2557,2557,4,14,104000,2,7,1,45,96,1,1,1,2,2,2,2,1448,4349,4978417.0,1459091.0,144289.0,2066212.0,19906.0,14649.0,97.52
cbecs,building_survey,2558,2558,4,2,102000,5,9,1,40,90,1,1,1,1,2,1,2,5956,291,11173092.0,3274646.0,238860.0,2284011.0,22004.0,17921.0,571.01
cbecs,building_survey,2559,2559,3,14,51000,2,7,1,45,6,1,1,1,2,2,2,2,2796,2167,2124353.0,622612.0,35681.0,983078.0,9471.0,11563.0,224.76
cbecs,building_survey,2560,2560,2,18,250000,3,5,1,168,25,1,1,1,2,2,2,2,8080,713,4752293.0,1392817.0,143886.0,9552495.0,92028.0,52001.0,100.08
cbecs,building_survey,2561,2561,3,16,275000,4,6,1,168,671,1,1,1,1,2,2,2,1458,2750,41815998.0,12255568.0,1246076.0,25217047.0,242939.0,57004.0,10.93
cbecs,building_survey,2562,2562,2,5,8000,1,5,40,40,6,1,1,1,2,2,2,2,7267,616,160864.0,47147.0,4538.0,286007.0,2755.0,2431.0,31.68
cbecs,building_survey,2563,2563,4,5,34000,1,8,1,54,5,1,1,1,2,1,2,2,6286,1091,159938.0,46875.0,8197.0,320096.0,3084.0,2738.0,1027.72
cbecs,building_survey,2564,2564,1,18,95000,994,5,2,168,60,1,1,2,1,2,1,2,6322,1036,7234948.0,2120442.0,191306.0,,,,51.49
cbecs,building_survey,2565,2565,3,16,225000,5,6,5,168,800,1,1,1,1,2,2,2,1120,3494,39581318.0,11600621.0,1920770.0,22947457.0,221074.0,191934.0,10.07
cbecs,building_survey,2566,2566,3,13,9000,1,5,1,168,15,1,1,1,2,1,2,2,3040,1837,164557.0,48229.0,11885.0,757713.0,7300.0,6110.0,1413.09
cbecs,building_survey,2567,2567,2,26,10000,1,7,1,48,5,1,1,1,2,2,2,2,7117,884,65352.0,19154.0,2134.0,217789.0,2098.0,1105.0,2990.63
cbecs,building_survey,2568,2568,4,5,4000,1,5,1,168,0,2,2,2,2,2,2,2,6547,360,,,,,,,6659.94
cbecs,building_survey,2569,2569,3,8,196000,9,8,50,65,524,1,1,2,2,2,2,2,1217,3502,13482781.0,3951577.0,293671.0,,,,8.76
cbecs,building_survey,2570,2570,2,15,9400,1,7,1,168,15,1,1,1,2,2,2,2,6855,1173,2079301.0,609408.0,55493.0,845971.0,8150.0,7307.0,1265.79
cbecs,building_survey,2571,2571,1,2,200000,5,9,3,45,45,1,1,2,2,2,2,2,5804,919,4087477.0,1197971.0,111943.0,,,,14.9
cbecs,building_survey,2572,2572,3,14,70000,1,7,1,60,100,1,1,1,2,2,2,2,2245,2526,2753266.0,806936.0,70125.0,660206.0,6360.0,3366.0,288.37
cbecs,building_survey,2573,2573,2,91,46000,2,8,1,90,18,1,1,1,2,2,2,2,7015,816,2432058.0,712795.0,92837.0,468603.0,4514.0,3912.0,117.27
cbecs,building_survey,2574,2574,4,26,42000,1,7,1,70,41,1,1,1,2,2,2,2,3712,958,1252638.0,367127.0,39029.0,4202563.0,40487.0,37812.0,611.8
cbecs,building_survey,2575,2575,3,5,500001,2,7,1,168,80,1,1,2,2,2,2,2,3792,1768,21511527.0,6304668.0,552760.0,,,,66.26
cbecs,building_survey,2576,2576,3,2,245000,994,7,1,50,850,1,1,2,1,2,2,2,4328,1477,13345027.0,3911204.0,331861.0,,,,6.52
cbecs,building_survey,2577,2577,2,5,215000,1,6,1,50,17,1,1,2,2,2,2,2,6345,1098,654440.0,191805.0,24224.0,,,,31.68
cbecs,building_survey,2578,2578,2,2,12250,1,7,1,44,7,1,1,1,2,2,2,2,8195,559,300975.0,88211.0,8001.0,659650.0,6355.0,4194.0,15.06
cbecs,building_survey,2579,2579,4,5,90000,1,3,1,44,30,1,1,2,2,2,2,2,1242,2061,561139.0,164460.0,35757.0,,,,249.3
cbecs,building_survey,2580,2580,3,5,94000,1,3,1,40,3,1,1,1,2,2,2,2,2226,2756,895207.0,262370.0,23468.0,1036077.0,9981.0,9580.0,213.58
cbecs,building_survey,2581,2581,1,23,235000,1,6,10,75,113,1,1,1,2,1,2,2,4712,1196,20400644.0,5979087.0,537176.0,16679838.0,160692.0,89364.0,79.12
cbecs,building_survey,2582,2582,3,8,5700,1,9,1,40,16,1,1,2,2,2,2,2,3259,2346,304121.0,89133.0,10174.0,,,,1218.03
cbecs,building_survey,2583,2583,4,23,29000,1,8,5,75,16,1,1,1,2,2,2,2,5537,419,2080644.0,609802.0,43346.0,1314554.0,12664.0,9260.0,395.28
cbecs,building_survey,2584,2584,3,25,3200,1,4,1,61,3,1,1,1,2,2,2,2,2740,2313,79553.0,23316.0,2559.0,78194.0,753.0,954.0,2990.63
cbecs,building_survey,2585,2585,2,14,295000,2,9,1,55,60,1,1,1,2,2,2,2,4736,2205,11893194.0,3485696.0,303400.0,15845547.0,152655.0,65849.0,44.64
cbecs,building_survey,2586,2586,2,14,305000,4,2,1,50,150,1,1,2,2,2,2,2,5509,2050,12478697.0,3657297.0,314505.0,,,,44.64
cbecs,building_survey,2587,2587,4,2,410000,995,6,65,60,800,1,1,1,1,2,2,2,1061,1720,20916909.0,6130395.0,1112234.0,1788733.0,17232.0,13366.0,15.06
cbecs,building_survey,2588,2588,2,14,86000,1,5,1,68,40,1,1,1,2,2,2,2,7201,928,3863049.0,1132195.0,131677.0,302763.0,2917.0,642.0,179.53
cbecs,building_survey,2589,2589,2,13,40000,2,2,2,168,1,1,1,1,2,2,2,2,5410,1659,3077517.0,901969.0,76885.0,7297424.0,70303.0,39223.0,330.04
cbecs,building_survey,2590,2590,3,2,108000,5,5,3,62,318,1,1,2,1,2,2,2,2794,3547,5705358.0,1672145.0,143311.0,,,,14.9
cbecs,building_survey,2591,2591,3,14,108000,1,7,1,60,51,1,1,1,2,2,2,2,4650,1793,4189296.0,1227812.0,117920.0,2814009.0,27110.0,33844.0,459.87
cbecs,building_survey,2592,2592,2,5,5100,1,8,1,160,0,1,1,2,2,2,2,2,6672,1304,25024.0,7334.0,698.0,,,,6921.06
cbecs,building_survey,2593,2593,1,23,215000,1,9,11,75,105,1,1,1,2,2,2,2,7232,595,13353686.0,3913742.0,362815.0,7365891.0,70962.0,38829.0,80.32
cbecs,building_survey,2594,2594,4,2,192000,4,8,20,84,800,1,1,1,1,2,2,2,953,1895,10915759.0,3199226.0,405829.0,5990368.0,57711.0,42433.0,15.06
cbecs,building_survey,2595,2595,2,5,3600,1,8,1,0,0,2,2,2,2,2,2,2,8610,574,,,,,,,2990.63
cbecs,building_survey,2596,2596,1,2,230000,4,7,1,40,900,1,1,1,2,2,2,2,6261,1010,15365576.0,4503393.0,560485.0,727084.0,7005.0,6601.0,14.9
cbecs,building_survey,2597,2597,1,4,132000,5,4,2,60,250,1,1,1,2,2,2,2,4871,1345,9121012.0,2673216.0,206682.0,190353.0,1834.0,1937.0,14.9
cbecs,building_survey,2598,2598,3,2,1700000,994,2,1,168,700,1,1,2,1,2,1,2,3527,1943,131015119.0,38398335.0,3595953.0,,,,58.26
cbecs,building_survey,2599,2599,4,23,245000,1,9,5,168,144,1,1,1,2,2,2,2,3506,1080,25956092.0,7607295.0,979039.0,412917.0,3978.0,3380.0,96.4
cbecs,building_survey,2600,2600,3,5,47000,1,5,30,40,135,1,1,2,2,2,2,2,1476,3599,372225.0,109093.0,12511.0,,,,623.52
cbecs,building_survey,2601,2601,1,2,1800,2,4,1,40,2,1,1,2,2,1,2,2,4985,1316,53656.0,15726.0,1942.0,,,,1779.2
cbecs,building_survey,2602,2602,4,8,300000,1,3,2,40,140,1,1,1,2,2,2,2,2617,1457,9217206.0,2701409.0,348928.0,3222748.0,31048.0,17056.0,9.16
cbecs,building_survey,2603,2603,2,5,34000,1,6,1,96,55,1,1,1,2,2,2,2,7140,683,4268938.0,1251154.0,109893.0,1665786.0,16048.0,13260.0,215.07
cbecs,building_survey,2604,2604,1,2,1500000,995,2,6,168,7500,1,1,1,1,2,1,2,5292,1393,129184649.0,37861855.0,3462208.0,4177296.0,40244.0,52152.0,14.9
cbecs,building_survey,2605,2605,1,26,75000,2,9,1,54,28,1,1,2,1,1,2,2,5633,1057,388395.0,113832.0,7400.0,,,,1489.41
cbecs,building_survey,2606,2606,4,2,38000,1,7,15,48,50,1,1,1,2,2,2,2,2078,1451,1945011.0,570050.0,105351.0,766551.0,7385.0,4924.0,717.24
cbecs,building_survey,2607,2607,3,5,6700,2,3,1,55,5,1,1,2,2,1,2,2,4024,1436,159954.0,46880.0,5798.0,,,,2990.63
cbecs,building_survey,2608,2608,3,5,16000,1,3,2,40,10,1,1,1,2,2,2,2,3017,2126,139873.0,40994.0,6046.0,432863.0,4170.0,5109.0,1413.09
cbecs,building_survey,2609,2609,3,13,33000,2,3,1,81,15,1,1,1,1,2,2,2,2798,2965,520166.0,152452.0,9878.0,362644.0,3494.0,2849.0,244.16
cbecs,building_survey,2610,2610,4,23,83000,1,5,22,55,86,1,1,1,2,2,2,2,1866,3889,3137246.0,919474.0,66480.0,993520.0,9571.0,7067.0,395.28
cbecs,building_survey,2611,2611,1,15,2500,3,2,1,70,3,1,1,2,2,1,2,2,6099,895,160999.0,47186.0,5622.0,,,,1195.14
cbecs,building_survey,2612,2612,3,2,100001,4,8,1,50,400,1,1,1,2,2,2,2,3950,2073,9887570.0,2897881.0,242280.0,900445.0,8675.0,4447.0,8.76
cbecs,building_survey,2613,2613,4,14,63000,1,3,1,40,53,1,1,1,2,2,2,2,4752,1043,1857465.0,544392.0,38092.0,4488309.0,43240.0,21459.0,330.8
cbecs,building_survey,2614,2614,1,2,10250,1,6,2,45,20,1,1,1,2,2,2,2,8244,685,665375.0,195010.0,21703.0,516412.0,4975.0,4298.0,1489.41
cbecs,building_survey,2615,2615,3,13,3500,1,5,1,27,1,1,1,2,2,2,2,2,1637,3212,62546.0,18331.0,2310.0,,,,2990.63
cbecs,building_survey,2616,2616,4,15,3500,1,8,1,168,8,1,1,1,2,2,2,2,1904,4044,1302913.0,381862.0,26310.0,587221.0,5657.0,4326.0,1195.14
cbecs,building_survey,2617,2617,2,5,220000,2,7,1,15,50,1,1,1,2,2,2,2,6207,1194,1112264.0,325986.0,28628.0,4696624.0,45247.0,24896.0,31.68
cbecs,building_survey,2618,2618,3,14,425000,1,6,1,75,246,1,1,1,2,2,2,2,3650,2168,6324649.0,1853649.0,98210.0,7857683.0,75700.0,61992.0,57.95
cbecs,building_survey,2619,2619,2,16,415000,7,4,2,168,982,1,1,1,1,2,2,2,7350,1183,44863987.0,13148882.0,1143132.0,37711165.0,363306.0,198148.0,9.01
cbecs,building_survey,2620,2620,3,8,1950,1,5,1,36,9,1,1,1,2,2,2,2,3579,1763,88338.0,25890.0,4588.0,72478.0,698.0,1202.0,1417.97
cbecs,building_survey,2621,2621,3,13,1700000,3,7,1,60,250,1,1,1,1,2,2,2,943,3655,168736699.0,49453898.0,2078584.0,30030210.0,289308.0,209765.0,14.9
cbecs,building_survey,2622,2622,3,14,8800,1,7,1,40,6,1,1,1,2,2,2,2,3216,2646,492325.0,144292.0,9324.0,195272.0,1881.0,1865.0,4468.96
cbecs,building_survey,2623,2623,2,14,130000,2,5,1,45,45,1,1,2,1,2,2,2,5429,1333,4642616.0,1360673.0,118491.0,,,,113.81
cbecs,building_survey,2624,2624,3,18,335000,9,8,1,168,40,1,1,1,2,2,2,2,4546,1795,15127986.0,4433759.0,634208.0,6974363.0,67190.0,56520.0,5.52
cbecs,building_survey,2625,2625,4,12,5600,1,7,1,15,2,1,1,1,2,2,2,2,3546,2022,81852.0,23989.0,2635.0,168280.0,1621.0,1340.0,736.22
cbecs,building_survey,2626,2626,2,5,405000,1,4,2,70,100,1,1,1,2,2,2,2,5960,1031,3915393.0,1147536.0,107527.0,8555371.0,82422.0,54905.0,31.68
cbecs,building_survey,2627,2627,1,25,4200,3,2,4,168,2,1,1,2,1,2,2,2,8653,537,43125.0,12639.0,2885.0,,,,2934.43
cbecs,building_survey,2628,2628,4,13,50000,2,8,2,105,15,1,1,2,2,2,2,2,5591,763,1784994.0,523152.0,47138.0,,,,621.37
cbecs,building_survey,2629,2629,4,2,270000,2,6,1,10,300,1,1,1,2,2,2,2,1025,1487,4932185.0,1445541.0,184958.0,1227035.0,11821.0,8965.0,15.06
cbecs,building_survey,2630,2630,1,16,270000,9,4,1,168,150,1,1,1,1,2,1,2,7135,838,8684921.0,2545405.0,197329.0,21402486.0,206190.0,114525.0,10.4
cbecs,building_survey,2631,2631,4,5,30000,1,6,8,40,60,1,1,2,2,2,2,2,849,1050,423904.0,124239.0,16469.0,,,,611.8
cbecs,building_survey,2632,2632,1,18,61000,2,7,1,168,10,1,1,1,2,2,2,2,6265,784,1267459.0,371471.0,34510.0,3939251.0,37950.0,20810.0,502.9
cbecs,building_survey,2633,2633,2,13,110000,2,7,1,105,15,1,1,1,2,2,2,2,9461,767,5112579.0,1498411.0,95751.0,4358776.0,41992.0,30501.0,245.01
cbecs,building_survey,2634,2634,2,2,130000,4,5,1,72,200,1,1,1,2,2,1,2,6035,1722,3642270.0,1067488.0,92452.0,442143.0,4260.0,3125.0,5.98
cbecs,building_survey,2635,2635,3,2,1700,1,8,2,40,4,1,1,1,2,2,2,2,1103,2295,65878.0,19308.0,3161.0,43946.0,423.0,1244.0,2990.63
cbecs,building_survey,2636,2636,3,7,10750,1,8,1,168,8,1,1,1,2,2,2,2,3315,1932,396327.0,116157.0,13360.0,452190.0,4356.0,3598.0,1413.09
cbecs,building_survey,2637,2637,2,18,50001,4,3,1,168,6,1,1,1,1,2,2,1,7224,1190,1742465.0,510687.0,44234.0,1232920.0,11878.0,9732.0,306.64
cbecs,building_survey,2638,2638,3,13,100000,3,8,3,35,100,1,1,1,2,2,2,2,3746,1714,4785931.0,1402676.0,122229.0,3941584.0,37973.0,21106.0,99.04
cbecs,building_survey,2639,2639,3,14,150000,2,5,1,55,84,1,1,2,2,1,2,2,3460,1952,6760674.0,1981440.0,111566.0,,,,99.38
cbecs,building_survey,2640,2640,3,2,60000,4,8,10,50,90,1,1,1,2,2,2,2,3784,1727,6718380.0,1969045.0,169651.0,2368055.0,22814.0,18959.0,14.9
cbecs,building_survey,2641,2641,1,7,800000,994,2,8,60,450,1,1,1,1,2,1,2,5968,1059,19294767.0,5654973.0,475884.0,7248056.0,69827.0,38189.0,7.84
cbecs,building_survey,2642,2642,1,25,1100,1,9,1,16,2,1,2,2,2,1,2,2,7240,466,,,,,,,4084.96
cbecs,building_survey,2643,2643,3,14,156000,1,7,1,60,90,1,1,1,2,2,2,2,4199,1558,3453413.0,1012137.0,108113.0,8453264.0,81438.0,45877.0,57.95
cbecs,building_survey,2644,2644,2,6,49500,1,5,2,126,50,1,1,1,2,2,2,2,6292,1213,8977685.0,2631209.0,253398.0,4494138.0,43296.0,24190.0,215.07
cbecs,building_survey,2645,2645,4,2,350000,9,2,1,112,487,1,1,2,2,2,1,2,655,1186,5835557.0,1710304.0,178248.0,,,,51.34
cbecs,building_survey,2646,2646,4,14,148000,1,3,1,60,125,1,1,1,2,2,2,2,2855,2381,2217932.0,650039.0,52516.0,1293816.0,12465.0,16703.0,97.52
cbecs,building_survey,2647,2647,4,2,50000,3,4,1,50,105,1,1,2,2,2,2,2,784,1551,3421647.0,1002827.0,157856.0,,,,227.11
cbecs,building_survey,2648,2648,2,12,50000,4,2,1,58,15,1,1,2,2,1,2,2,6113,1112,484856.0,142103.0,13280.0,,,,221.3
cbecs,building_survey,2649,2649,4,14,67000,1,3,1,50,40,1,1,1,2,2,2,2,4094,1853,1274870.0,373643.0,31819.0,1224172.0,11794.0,6023.0,376.78
cbecs,building_survey,2650,2650,3,14,340000,4,7,1,112,140,1,1,1,2,2,2,2,3301,2107,4904311.0,1437371.0,131014.0,2058221.0,19829.0,16579.0,14.9
cbecs,building_survey,2651,2651,4,13,295000,3,8,1,48,150,1,1,1,1,2,2,2,2160,62,12476244.0,3656578.0,471463.0,16190609.0,155979.0,180315.0,15.06
cbecs,building_survey,2652,2652,2,2,370000,3,7,1,168,800,1,1,1,1,2,2,2,7369,634,26699672.0,7825226.0,714584.0,10025885.0,96588.0,62586.0,27.22
cbecs,building_survey,2653,2653,3,2,6200,1,7,1,90,2,1,1,1,2,2,2,2,2540,2623,104712.0,30689.0,3607.0,28565.0,275.0,920.0,6659.94
cbecs,building_survey,2654,2654,3,5,200000,1,5,1,168,150,1,1,1,2,1,2,2,2055,2050,11389600.0,3338101.0,253353.0,1346515.0,12972.0,10824.0,52.07
cbecs,building_survey,2655,2655,3,14,600000,2,8,1,75,100,1,1,1,2,2,2,2,1965,3014,21949107.0,6432915.0,572631.0,17997809.0,173389.0,94537.0,9.01
cbecs,building_survey,2656,2656,1,2,600000,995,2,21,50,2000,1,1,1,2,2,2,2,5076,1427,29182251.0,8552829.0,729833.0,26076707.0,251221.0,211886.0,9.01
cbecs,building_survey,2657,2657,3,14,65000,2,8,1,40,75,1,1,1,2,2,2,2,3702,2111,2609804.0,764890.0,43110.0,1898639.0,18291.0,15417.0,99.04
cbecs,building_survey,2658,2658,3,13,240000,3,4,1,80,50,1,1,1,2,2,1,2,2882,3560,14434832.0,4230607.0,297239.0,5509852.0,53081.0,29307.0,125.04
cbecs,building_survey,2659,2659,4,13,12000,2,6,1,35,15,1,1,1,2,2,2,2,6974,460,347669.0,101896.0,13021.0,611247.0,5889.0,5662.0,17.21
cbecs,building_survey,2660,2660,1,16,108000,3,4,1,168,200,1,1,2,1,1,2,2,6969,380,9317481.0,2730797.0,412085.0,,,,55.76
cbecs,building_survey,2661,2661,3,14,340000,3,8,1,101,200,1,1,1,2,2,2,2,4206,1943,18653063.0,5466900.0,587989.0,10968119.0,105666.0,106542.0,5.52
cbecs,building_survey,2662,2662,4,2,52000,7,9,10,50,200,1,1,2,2,1,2,2,5002,1497,4159016.0,1218938.0,98265.0,,,,279.06
cbecs,building_survey,2663,2663,3,16,235000,6,5,1,168,751,1,1,1,1,2,2,2,1380,3770,49592276.0,14534665.0,1153839.0,9726893.0,93708.0,29254.0,10.07
cbecs,building_survey,2664,2664,4,13,17000,2,3,1,168,20,1,1,1,2,2,2,2,5637,971,2416899.0,708353.0,50146.0,195896.0,1887.0,1574.0,562.43
cbecs,building_survey,2665,2665,3,14,96000,4,4,1,60,65,1,1,1,2,2,2,1,4955,1222,5284953.0,1548931.0,121875.0,364151.0,3508.0,1772.0,303.46
cbecs,building_survey,2666,2666,3,18,600000,995,5,2,168,40,1,1,1,2,2,2,2,3243,2184,44916522.0,13164280.0,1361734.0,23883522.0,230092.0,125392.0,9.01
cbecs,building_survey,2667,2667,2,5,100000,2,5,1,10,135,1,1,1,1,2,2,2,4929,1872,2011021.0,589397.0,50191.0,3879679.0,37376.0,27879.0,125.04
cbecs,building_survey,2668,2668,2,5,225000,1,8,1,80,72,1,1,1,2,2,2,2,5343,1948,4227556.0,1239026.0,105885.0,6223946.0,59961.0,32544.0,14.9
cbecs,building_survey,2669,2669,2,14,205000,5,2,1,50,200,1,1,1,2,2,2,2,6842,876,3990047.0,1169416.0,100090.0,4619814.0,44507.0,29357.0,15.06
cbecs,building_survey,2670,2670,3,23,150000,1,8,18,67,144,1,1,1,2,2,2,2,3974,1876,11188765.0,3279239.0,198697.0,6693982.0,64489.0,35942.0,175.02
cbecs,building_survey,2671,2671,3,5,500000,1,8,1,83,25,1,1,2,1,2,2,2,1232,3940,5852000.0,1715123.0,102569.0,,,,52.07
cbecs,building_survey,2672,2672,3,2,250000,4,9,90,168,400,1,1,2,2,2,2,2,1320,3629,18259415.0,5351528.0,318912.0,,,,79.05
cbecs,building_survey,2673,2673,3,23,99000,2,7,28,71,115,1,1,1,2,2,2,2,1520,2867,6043198.0,1771160.0,151109.0,4957143.0,47757.0,26647.0,84.48
cbecs,building_survey,2674,2674,3,13,42000,1,3,1,45,40,1,1,1,2,2,2,2,3657,2162,1418298.0,415679.0,47855.0,601439.0,5794.0,6349.0,14.67
cbecs,building_survey,2675,2675,3,13,63000,1,8,1,40,3,1,1,1,2,2,2,2,2010,2983,1362243.0,399251.0,22818.0,382600.0,3686.0,3187.0,99.04
cbecs,building_survey,2676,2676,4,8,14000,1,5,1,55,32,1,1,1,1,2,2,2,3795,1985,787794.0,230889.0,23129.0,58277.0,561.0,461.0,339.19
cbecs,building_survey,2677,2677,3,25,116000,1,6,1,20,10,1,1,2,2,2,2,2,1898,3800,1169015.0,342619.0,31040.0,,,,14.9
cbecs,building_survey,2678,2678,3,26,10000,2,5,1,40,2,1,1,1,1,2,2,2,2756,2399,115729.0,33918.0,4300.0,1710.0,16.0,85.0,6659.94
cbecs,building_survey,2679,2679,4,13,96000,4,7,2,66,60,1,1,1,2,2,2,2,928,1443,3374730.0,989077.0,159946.0,652450.0,6286.0,5364.0,118.55
cbecs,building_survey,2680,2680,2,5,48000,1,7,2,0,0,1,1,1,2,2,2,2,6342,749,108096.0,31681.0,5293.0,1447212.0,13942.0,9955.0,215.07
cbecs,building_survey,2681,2681,3,1,1400,1,5,0,0,0,2,2,2,2,2,2,2,1209,3270,,,,,,,2990.63
cbecs,building_survey,2682,2682,3,4,1300,1,7,1,43,2,1,1,2,2,2,2,2,2011,2319,107884.0,31619.0,1732.0,,,,2990.63
cbecs,building_survey,2683,2683,3,18,73000,4,9,1,168,10,1,1,1,2,2,2,2,2248,2543,1049521.0,307597.0,32691.0,511766.0,4930.0,3901.0,324.59
cbecs,building_survey,2684,2684,1,26,36000,1,3,1,70,25,1,1,1,1,2,2,2,6455,664,1065889.0,312394.0,45805.0,2295473.0,22114.0,25639.0,623.52
cbecs,building_survey,2685,2685,2,26,65000,2,9,1,108,14,1,1,1,2,2,2,2,7124,608,2591051.0,759394.0,85369.0,8787925.0,84662.0,44409.0,215.07
cbecs,building_survey,2686,2686,3,5,200000,1,8,1,70,36,1,1,2,2,2,2,2,1133,4282,4299416.0,1260087.0,76093.0,,,,69.6
cbecs,building_survey,2687,2687,3,5,280000,1,9,1,18,20,1,1,1,2,2,2,2,3387,2342,3525538.0,1033276.0,169309.0,7287034.0,70203.0,26444.0,68.29
cbecs,building_survey,2688,2688,1,18,250000,995,8,1,168,140,1,1,1,1,2,2,2,4470,1494,13139261.0,3850897.0,357211.0,21355703.0,205739.0,234341.0,9.01
cbecs,building_survey,2689,2689,1,5,7500,1,5,1,52,2,1,1,2,2,1,2,2,5870,879,41474.0,12155.0,3558.0,,,,1461.43
cbecs,building_survey,2690,2690,2,6,215000,1,6,2,168,50,1,1,1,2,2,2,2,5558,1164,17777844.0,5210388.0,465377.0,7570136.0,72930.0,40870.0,15.06
cbecs,building_survey,2691,2691,4,14,58000,2,8,1,60,60,1,1,1,2,2,2,2,5220,881,1855596.0,543844.0,52277.0,1292833.0,12455.0,6680.0,330.8
cbecs,building_survey,2692,2692,3,12,37000,3,8,1,90,2,1,1,2,2,2,2,2,1230,3636,2853800.0,836401.0,69319.0,,,,244.16
cbecs,building_survey,2693,2693,2,2,8000,2,8,1,45,22,1,1,1,2,2,2,2,7361,686,328852.0,96381.0,10321.0,167193.0,1611.0,1444.0,3075.23
cbecs,building_survey,2694,2694,1,16,420000,994,7,2,168,1500,1,1,2,1,2,1,2,5431,952,58018149.0,17004147.0,2373424.0,,,,9.92
cbecs,building_survey,2695,2695,2,13,60000,2,9,1,84,12,1,1,1,2,2,2,2,6912,673,4056344.0,1188846.0,111393.0,4109957.0,39595.0,22282.0,115.51
cbecs,building_survey,2696,2696,2,26,3200,1,4,1,40,0,1,1,2,2,2,2,2,6020,920,20789.0,6093.0,594.0,,,,6921.06
cbecs,building_survey,2697,2697,4,14,240000,2,8,1,90,145,1,1,1,2,2,2,2,7157,352,10967132.0,3214283.0,334654.0,13951029.0,134403.0,69991.0,48.38
cbecs,building_survey,2698,2698,3,23,67000,1,6,6,112,59,1,1,1,2,2,2,2,2545,3374,7449249.0,2183250.0,187162.0,683348.0,6583.0,5533.0,395.28
cbecs,building_survey,2699,2699,2,91,350000,3,7,2,40,5,1,1,1,2,2,2,2,7808,613,594356.0,174196.0,23851.0,3431524.0,33059.0,20206.0,126.14
cbecs,building_survey,2700,2700,2,18,144000,994,2,1,168,15,1,1,1,2,2,2,2,5610,1124,3101244.0,908923.0,89383.0,5076458.0,48906.0,27194.0,15.06
cbecs,building_survey,2701,2701,2,5,176000,1,7,2,50,20,1,1,1,2,2,2,2,6121,1659,951232.0,278790.0,39246.0,2001763.0,19285.0,5795.0,235.71
cbecs,building_survey,2702,2702,3,24,1000000,2,5,996,60,250,1,1,1,2,2,2,2,3359,2064,121635140.0,35649220.0,1330879.0,5722793.0,55133.0,30618.0,14.67
cbecs,building_survey,2703,2703,2,14,50000,1,5,1,65,25,1,1,2,1,2,2,2,5270,1759,2224424.0,651941.0,65957.0,,,,97.52
cbecs,building_survey,2704,2704,2,18,61000,8,8,1,168,14,1,1,1,2,2,2,2,5459,1020,2016399.0,590973.0,56155.0,1186267.0,11428.0,9517.0,8.93
cbecs,building_survey,2705,2705,4,2,124000,5,6,1,75,612,1,1,1,2,2,2,2,6386,560,7556803.0,2214772.0,207028.0,2871888.0,27668.0,14223.0,8.84
cbecs,building_survey,2706,2706,4,2,1700,1,6,1,84,6,1,1,1,2,2,2,2,480,5643,151568.0,44422.0,6178.0,5238.0,50.0,140.0,3075.23
cbecs,building_survey,2707,2707,3,2,19000,1,9,2,40,10,1,1,2,2,2,2,2,1014,3688,316309.0,92705.0,9406.0,,,,1489.41
cbecs,building_survey,2708,2708,3,5,500000,1,8,1,75,250,1,1,1,1,2,2,2,1024,2240,1216893.0,356651.0,25191.0,1163795.0,11212.0,9435.0,31.35
cbecs,building_survey,2709,2709,4,5,60000,1,8,1,40,11,1,1,1,2,1,2,2,744,1244,481870.0,141228.0,18487.0,15777.0,152.0,333.0,215.07
cbecs,building_survey,2710,2710,3,23,3000,1,4,3,48,5,1,1,2,2,2,2,2,1012,3750,195788.0,57382.0,3949.0,,,,4740.75
cbecs,building_survey,2711,2711,4,2,245000,994,6,22,60,593,1,1,1,1,2,2,2,5757,632,17003128.0,4983332.0,393899.0,1896689.0,18273.0,9550.0,14.9
cbecs,building_survey,2712,2712,4,23,152000,1,8,3,95,48,1,1,1,2,2,2,2,4326,1787,9989466.0,2927745.0,210849.0,3908264.0,37652.0,17603.0,10.71
cbecs,building_survey,2713,2713,3,14,415000,2,8,1,80,100,1,1,1,1,2,2,2,1447,3395,23435946.0,6868683.0,678265.0,1016479.0,9793.0,4029.0,9.01
cbecs,building_survey,2714,2714,3,5,65000,2,5,7,60,32,1,1,1,2,2,2,2,3749,1901,1335437.0,391394.0,34089.0,1603713.0,15450.0,13030.0,220.07
cbecs,building_survey,2715,2715,4,2,50000,2,4,1,60,450,1,1,2,2,1,2,2,444,3277,2680902.0,785727.0,284114.0,,,,304.76
cbecs,building_survey,2716,2716,4,2,13250,1,6,1,50,5,1,1,1,2,2,2,2,4372,887,529162.0,155089.0,15577.0,386230.0,3721.0,3669.0,1531.55
cbecs,building_survey,2717,2717,2,5,33000,2,6,1,51,8,1,1,1,2,2,2,2,8489,764,1305339.0,382573.0,37524.0,1218959.0,11743.0,9631.0,1030.4
cbecs,building_survey,2718,2718,3,14,24500,1,5,1,45,9,1,1,1,1,2,2,2,3800,1977,235584.0,69046.0,7520.0,912460.0,8791.0,7353.0,1426.39
cbecs,building_survey,2719,2719,4,23,17500,1,2,8,42,29,1,1,1,2,2,2,2,849,1159,860237.0,252121.0,32437.0,803613.0,7742.0,6489.0,2009.74
cbecs,building_survey,2720,2720,1,2,51000,3,5,1,60,200,1,1,2,1,2,2,2,4857,1300,5086049.0,1490636.0,97224.0,,,,9.01
cbecs,building_survey,2721,2721,3,2,3800,2,2,1,40,5,1,1,2,2,2,2,2,4477,1830,107610.0,31539.0,3737.0,,,,2934.43
cbecs,building_survey,2722,2722,1,14,152000,4,2,1,55,121,1,1,1,1,2,2,2,4843,1392,3315690.0,971773.0,87541.0,6128761.0,59044.0,32344.0,110.84
cbecs,building_survey,2723,2723,1,14,102000,3,3,1,91,250,1,1,1,2,2,2,2,6110,1011,8609023.0,2523160.0,206556.0,13868649.0,133609.0,62894.0,8.84
cbecs,building_survey,2724,2724,4,2,465000,995,2,27,54,850,1,1,1,1,2,2,2,829,1185,18209715.0,5336962.0,1000954.0,3532792.0,34035.0,22209.0,15.06
cbecs,building_survey,2725,2725,4,5,320000,1,7,2,48,25,1,1,1,2,2,2,2,4411,332,3900397.0,1143141.0,145753.0,2065670.0,19900.0,16477.0,70.08
cbecs,building_survey,2726,2726,3,5,280000,1,7,3,60,28,1,1,1,2,2,2,2,2243,3428,6308611.0,1848948.0,229354.0,505831.0,4873.0,4108.0,32.47
cbecs,building_survey,2727,2727,2,5,425000,2,5,1,168,250,1,1,1,1,1,2,2,7258,1071,8792285.0,2576871.0,245020.0,12777129.0,123094.0,67487.0,14.9
cbecs,building_survey,2728,2728,4,15,10750,1,4,1,40,15,1,1,1,2,2,2,2,2178,267,1470915.0,431101.0,54940.0,577754.0,5566.0,1652.0,451.56
cbecs,building_survey,2729,2729,3,8,160000,6,8,21,72,150,1,1,1,2,2,2,2,1274,3354,9469377.0,2775316.0,168485.0,1029698.0,9920.0,8214.0,54.0
cbecs,building_survey,2730,2730,2,1,260000,994,4,0,0,0,1,1,1,2,2,2,2,5272,1887,68792.0,20162.0,2228.0,3454285.0,33278.0,27105.0,8.84
cbecs,building_survey,2731,2731,2,2,60000,3,5,1,98,18,1,1,1,2,2,2,2,7449,646,2369221.0,694379.0,81823.0,2137785.0,20595.0,12941.0,306.64
cbecs,building_survey,2732,2732,3,26,15000,2,3,1,60,10,1,1,2,2,1,2,2,4830,1524,155397.0,45544.0,5156.0,,,,1413.09
cbecs,building_survey,2733,2733,2,91,4200,1,8,1,0,0,1,1,1,2,2,2,2,7480,625,12123.0,3553.0,682.0,96291.0,928.0,724.0,8786.36
cbecs,building_survey,2734,2734,3,2,54000,2,8,4,10,60,1,1,2,2,2,2,2,1664,3714,3015120.0,883681.0,72416.0,,,,117.32
cbecs,building_survey,2735,2735,1,5,55000,5,2,1,60,25,1,1,1,2,2,2,2,5944,850,267988.0,78543.0,11415.0,708361.0,6824.0,4656.0,529.5
cbecs,building_survey,2736,2736,4,2,425000,994,8,1,80,1400,1,1,1,2,2,2,2,5909,816,12616936.0,3697812.0,408438.0,643486.0,6199.0,4712.0,8.76
cbecs,building_survey,2737,2737,2,18,154000,994,7,1,168,45,1,1,1,2,2,2,2,8366,896,4395783.0,1288330.0,126867.0,7045681.0,67877.0,46771.0,97.52
cbecs,building_survey,2738,2738,3,8,275000,5,8,1,78,850,1,1,1,1,2,2,2,4282,1591,18333692.0,5373298.0,578819.0,6162840.0,59372.0,46698.0,9.07
cbecs,building_survey,2739,2739,1,14,220000,2,8,1,60,300,1,1,1,1,2,2,2,4951,878,8856179.0,2595598.0,250194.0,15214895.0,146579.0,105357.0,16.28
cbecs,building_survey,2740,2740,1,5,4000,1,5,3,40,4,1,1,1,2,2,2,2,6748,802,57996.0,16998.0,2088.0,64712.0,623.0,676.0,14.9
cbecs,building_survey,2741,2741,3,15,1850,1,6,1,119,8,1,1,1,2,2,2,2,4171,2006,856988.0,251169.0,25504.0,425052.0,4095.0,4190.0,1218.03
cbecs,building_survey,2742,2742,3,14,41500,1,3,1,45,11,1,1,2,2,1,2,2,1423,2952,632146.0,185271.0,22594.0,,,,429.63
cbecs,building_survey,2743,2743,1,2,41000,3,7,2,55,108,1,1,1,2,2,2,2,6911,597,1389195.0,407150.0,77379.0,90808.0,875.0,1157.0,240.4
cbecs,building_survey,2744,2744,2,1,2400,1,8,0,0,0,1,1,1,2,2,2,2,5518,1267,133763.0,39204.0,3845.0,110767.0,1067.0,988.0,3075.23
cbecs,building_survey,2745,2745,4,23,102000,1,9,24,117,119,1,1,1,2,1,2,2,1753,1528,8463553.0,2480525.0,310195.0,5806506.0,55939.0,31616.0,175.02
cbecs,building_survey,2746,2746,4,16,600000,994,5,1,168,2000,1,1,1,1,2,2,2,4943,1366,99175208.0,29066591.0,2134524.0,42317279.0,407681.0,188815.0,8.95
cbecs,building_survey,2747,2747,3,8,58000,2,6,9,60,122,1,1,1,2,2,2,2,1128,3983,3147397.0,922449.0,55442.0,860955.0,8294.0,7092.0,244.16
cbecs,building_survey,2748,2748,4,18,180000,6,2,1,168,20,1,1,1,2,2,2,2,6958,290,2708060.0,793687.0,106393.0,4475985.0,43121.0,23372.0,14.22
cbecs,building_survey,2749,2749,3,25,205000,1,8,4,168,150,1,1,1,2,2,2,2,3310,2075,19853300.0,5818669.0,501640.0,1433441.0,13810.0,15011.0,21.45
cbecs,building_survey,2750,2750,4,26,4000,1,4,1,40,1,1,1,2,2,2,2,2,7911,289,1943.0,569.0,318.0,,,,1420.0
cbecs,building_survey,2751,2751,2,25,17500,2,4,1,55,8,1,1,1,2,2,2,2,6503,873,403381.0,118224.0,10865.0,374011.0,3603.0,3152.0,3075.23
cbecs,building_survey,2752,2752,4,13,4500,1,3,1,50,2,1,1,2,2,2,2,2,5442,795,15143.0,4438.0,151.0,,,,2934.43
cbecs,building_survey,2753,2753,1,18,500001,5,2,1,168,75,1,1,2,2,2,1,2,4544,1729,10776734.0,3158480.0,250818.0,,,,5.98
cbecs,building_survey,2754,2754,1,2,124000,3,5,2,40,250,1,1,1,2,2,2,2,6792,815,2803961.0,821794.0,123562.0,2362945.0,22764.0,18552.0,14.73
cbecs,building_survey,2755,2755,4,4,87000,4,6,1,10,111,1,1,1,1,2,2,2,993,1122,9198838.0,2696025.0,592621.0,6992013.0,67360.0,60966.0,117.27
cbecs,building_survey,2756,2756,3,2,2200,1,6,2,40,3,1,1,2,2,2,2,2,2729,2709,174176.0,51048.0,6267.0,,,,2990.63
cbecs,building_survey,2757,2757,3,14,40000,3,8,1,80,20,1,1,1,2,1,1,2,3730,1962,2550506.0,747511.0,46564.0,193102.0,1860.0,1552.0,502.9
cbecs,building_survey,2758,2758,2,5,1800000,1,8,1,99,220,1,1,1,1,2,2,2,5718,1226,23989841.0,7031020.0,807930.0,32874308.0,316708.0,177801.0,87.57
cbecs,building_survey,2759,2759,3,2,230000,9,5,1,60,350,1,1,1,1,2,1,2,962,3712,19104234.0,5599131.0,390854.0,1117806.0,10769.0,9069.0,97.52
cbecs,building_survey,2760,2760,3,5,330000,1,9,1,96,75,1,1,1,2,2,2,2,3258,2088,16182134.0,4742712.0,468932.0,13953366.0,134425.0,131494.0,14.9
cbecs,building_survey,2761,2761,3,2,1600,1,7,1,50,3,1,1,2,2,2,2,2,1319,3387,131752.0,38614.0,2895.0,,,,1218.03
cbecs,building_survey,2762,2762,3,2,26500,1,7,18,45,25,1,1,1,2,2,2,2,3948,2081,748475.0,219365.0,31936.0,1136033.0,10944.0,16777.0,1413.09
cbecs,building_survey,2763,2763,2,5,12000,1,2,1,50,1,1,1,2,2,2,2,2,7295,528,87813.0,25737.0,3149.0,,,,1531.55
cbecs,building_survey,2764,2764,2,16,235000,5,6,1,168,720,1,1,1,1,2,1,2,9130,640,35528544.0,10412821.0,820490.0,1675337.0,16140.0,8348.0,9.92
cbecs,building_survey,2765,2765,2,2,10000,2,3,1,60,28,1,1,1,1,2,2,2,5567,1233,348361.0,102099.0,9542.0,633028.0,6099.0,4210.0,1531.55
cbecs,building_survey,2766,2766,2,13,1850,1,4,1,7,2,1,1,1,2,2,2,2,6010,1318,20891.0,6123.0,695.0,93185.0,898.0,861.0,253.07
cbecs,building_survey,2767,2767,3,12,1200,1,2,1,3,0,1,1,1,2,2,2,2,2466,3203,38224.0,11203.0,1455.0,54674.0,527.0,596.0,2990.63
cbecs,building_survey,2768,2768,2,15,6400,1,7,1,112,8,1,1,1,2,2,2,2,8694,751,693812.0,203345.0,29697.0,1439336.0,13866.0,9872.0,1218.03
cbecs,building_survey,2769,2769,3,5,14250,2,7,2,85,7,1,1,2,2,1,2,2,1442,3751,213954.0,62706.0,5837.0,,,,1026.85
cbecs,building_survey,2770,2770,1,14,100000,6,2,1,84,65,1,1,2,1,2,2,2,5432,1253,1943625.0,569644.0,53532.0,,,,97.52
cbecs,building_survey,2771,2771,3,2,40000,2,8,90,40,90,1,1,2,1,2,2,2,1564,3957,2041944.0,598460.0,53140.0,,,,14.9
cbecs,building_survey,2772,2772,3,13,1700000,4,7,10,84,300,1,1,1,1,2,2,2,1535,3487,73855709.0,21645870.0,1892127.0,7520176.0,72449.0,23401.0,19.43
cbecs,building_survey,2773,2773,3,13,162000,3,7,3,70,15,1,1,1,1,2,1,2,3316,2170,9027939.0,2645938.0,185350.0,244565.0,2356.0,685.0,8.44
cbecs,building_survey,2774,2774,2,14,305000,4,3,1,83,130,1,1,1,2,2,2,2,10666,854,10901282.0,3194983.0,268701.0,4419091.0,42573.0,20571.0,9.01
cbecs,building_survey,2775,2775,1,25,148000,1,7,1,160,125,1,1,1,2,1,2,2,5320,990,8035423.0,2355048.0,217060.0,4145395.0,39936.0,35206.0,107.76
cbecs,building_survey,2776,2776,1,1,270000,4,2,2,48,13,1,1,1,2,2,2,2,6072,876,4217022.0,1235938.0,261297.0,11934349.0,114974.0,56634.0,58.49
cbecs,building_survey,2777,2777,4,24,500000,1,6,996,84,500,1,1,1,1,2,2,2,546,3702,29665898.0,8694577.0,1129448.0,10543014.0,101570.0,296930.0,14.67
cbecs,building_survey,2778,2778,3,7,46500,1,6,1,168,5,1,1,1,2,2,2,2,3826,1930,2755128.0,807482.0,48092.0,2847335.0,27431.0,15154.0,1399.59
cbecs,building_survey,2779,2779,3,15,10000,2,9,1,14,25,1,1,2,2,1,2,2,1537,3728,2534262.0,742750.0,93369.0,,,,355.18
cbecs,building_survey,2780,2780,2,2,48000,3,2,5,50,12,1,1,1,2,2,2,2,5933,938,503026.0,147428.0,12609.0,634339.0,6111.0,5187.0,611.8
cbecs,building_survey,2781,2781,1,2,600000,994,9,9,168,2500,1,1,1,1,2,2,2,5158,1413,28779574.0,8434811.0,936937.0,16475632.0,158725.0,145677.0,14.9
cbecs,building_survey,2782,2782,2,2,5000,2,5,1,40,7,1,1,1,2,2,2,2,5125,1602,255015.0,74741.0,6994.0,193057.0,1860.0,1680.0,3075.23
cbecs,building_survey,2783,2783,3,14,84000,2,7,1,84,50,1,1,2,1,2,2,2,2372,2732,2973859.0,871588.0,92153.0,,,,330.8
cbecs,building_survey,2784,2784,3,25,196000,1,8,1,168,115,1,1,1,2,2,2,2,4222,1441,16124391.0,4725789.0,450922.0,8087207.0,77911.0,43890.0,20.9
cbecs,building_survey,2785,2785,3,16,75000,2,9,1,168,150,1,1,1,1,2,2,2,2708,2121,11077666.0,3246678.0,217475.0,7725417.0,74426.0,83637.0,199.65
cbecs,building_survey,2786,2786,3,23,35000,1,7,11,55,43,1,1,1,2,2,2,2,3903,1874,2405216.0,704928.0,43107.0,2101352.0,20244.0,16531.0,841.34
cbecs,building_survey,2787,2787,3,12,6000,1,5,1,6,1,1,1,2,2,2,2,2,3533,2055,77146.0,22610.0,2731.0,,,,2990.63
cbecs,building_survey,2788,2788,3,2,215000,4,8,14,60,500,1,1,2,1,2,2,2,2381,2601,8961066.0,2626338.0,295759.0,,,,14.9
cbecs,building_survey,2789,2789,2,5,65000,2,4,1,168,50,1,1,1,2,2,2,2,8008,1141,3493917.0,1024008.0,112254.0,5276633.0,50835.0,36055.0,245.01
cbecs,building_survey,2790,2790,1,23,158000,2,6,14,75,150,1,1,1,2,2,2,2,4858,1402,12546192.0,3677079.0,329390.0,11169407.0,107605.0,60356.0,84.48
cbecs,building_survey,2791,2791,4,2,1200,1,6,1,48,2,1,1,2,2,2,2,2,566,4364,21552.0,6317.0,1380.0,,,,3075.23
cbecs,building_survey,2792,2792,4,18,900000,995,6,2,168,25,1,1,1,1,2,2,2,4247,1441,22501523.0,6594819.0,458783.0,21408052.0,206243.0,93931.0,50.03
cbecs,building_survey,2793,2793,4,5,65000,2,4,5,40,20,1,1,2,2,2,2,2,836,1312,236462.0,69303.0,15566.0,,,,249.3
cbecs,building_survey,2794,2794,3,14,360000,3,4,1,60,300,1,1,1,1,2,2,2,2623,2876,11883724.0,3482920.0,211155.0,13527669.0,130324.0,72262.0,9.01
cbecs,building_survey,2795,2795,4,2,79000,4,8,14,56,180,1,1,1,1,2,2,2,4623,1752,2773025.0,812727.0,58922.0,3639346.0,35061.0,27924.0,244.16
cbecs,building_survey,2796,2796,2,14,64000,3,2,1,40,54,1,1,1,2,2,2,2,6891,1097,1759680.0,515733.0,44207.0,4555825.0,43890.0,20326.0,495.15
cbecs,building_survey,2797,2797,3,12,34500,3,9,1,41,10,1,1,1,2,2,2,2,3765,2465,862194.0,252695.0,24188.0,252223.0,2430.0,1967.0,589.53
cbecs,building_survey,2798,2798,4,26,9700,1,7,1,30,2,1,1,2,2,2,2,2,2211,1313,20491.0,6006.0,1536.0,,,,3075.23
cbecs,building_survey,2799,2799,2,13,32000,2,7,1,90,2,1,1,1,2,1,2,2,8442,644,2985733.0,875068.0,74066.0,2065701.0,19901.0,12082.0,648.9
cbecs,building_survey,2800,2800,2,2,50000,3,4,30,54,130,1,1,1,2,2,2,2,5877,1584,1616092.0,473649.0,72579.0,1878776.0,18100.0,15008.0,480.27
cbecs,building_survey,2801,2801,3,18,192000,994,6,1,168,20,1,1,1,2,2,2,2,1027,3883,6236673.0,1827864.0,130824.0,1418362.0,13664.0,11743.0,55.75
cbecs,building_survey,2802,2802,2,25,156000,1,8,1,133,200,1,1,1,2,2,2,2,6762,988,10084374.0,2955561.0,258821.0,7973162.0,76813.0,42105.0,122.69
cbecs,building_survey,2803,2803,2,2,1800000,995,4,10,60,2500,1,1,2,2,2,1,1,5194,1689,47705657.0,13981728.0,1701268.0,,,,6.52
cbecs,building_survey,2804,2804,4,18,500000,995,5,1,168,86,1,1,1,1,1,2,2,4489,1776,11117276.0,3258287.0,272157.0,13496239.0,130022.0,101530.0,8.84
cbecs,building_survey,2805,2805,3,15,5000,1,4,1,84,4,1,1,1,2,2,2,2,1569,3377,732502.0,214684.0,13216.0,711635.0,6856.0,5494.0,1218.03
cbecs,building_survey,2806,2806,2,14,420000,4,3,1,84,200,1,1,1,2,2,2,2,4866,1711,11476076.0,3363445.0,249972.0,21946766.0,211433.0,115570.0,49.16
cbecs,building_survey,2807,2807,2,23,76000,2,8,19,42,100,1,1,1,2,2,2,2,10157,718,3942789.0,1155565.0,100688.0,4884127.0,47053.0,26615.0,175.02
cbecs,building_survey,2808,2808,1,2,310000,3,8,3,40,520,1,1,1,2,2,2,2,5438,1129,16276458.0,4770357.0,809326.0,6525652.0,62868.0,61336.0,14.73
cbecs,building_survey,2809,2809,1,6,39000,1,8,1,104,35,1,1,2,1,1,2,2,6583,612,5264378.0,1542901.0,232503.0,,,,1601.81
cbecs,building_survey,2810,2810,4,16,260000,994,3,1,168,533,1,1,2,1,2,1,2,5278,615,18720789.0,5486749.0,463940.0,,,,9.16
cbecs,building_survey,2811,2811,1,17,126000,5,7,1,168,35,1,1,1,1,2,2,2,5349,1142,6455141.0,1891894.0,176603.0,6550734.0,63109.0,34603.0,97.52
cbecs,building_survey,2812,2812,2,6,14500,1,5,2,105,20,1,1,2,2,2,2,2,4725,1576,3797179.0,1112890.0,90968.0,,,,1386.54
cbecs,building_survey,2813,2813,1,13,6100,1,6,1,24,0,1,1,1,2,2,2,2,6251,901,50351.0,14757.0,2193.0,321872.0,3101.0,2273.0,8.84
cbecs,building_survey,2814,2814,3,2,1700000,995,6,30,65,2500,1,1,1,1,2,2,2,1274,3141,67335980.0,19735047.0,1406195.0,2333955.0,22485.0,18299.0,14.9
cbecs,building_survey,2815,2815,3,23,37500,1,8,6,55,57,1,1,1,2,2,2,2,3595,2631,2629966.0,770799.0,46544.0,2057470.0,19821.0,16402.0,841.34
cbecs,building_survey,2816,2816,1,14,20000,4,8,1,40,7,1,1,1,2,2,2,2,6325,516,260350.0,76304.0,11610.0,561634.0,5411.0,4686.0,4384.99
cbecs,building_survey,2817,2817,3,5,80000,2,6,1,18,20,1,1,1,2,2,2,2,3309,2497,1065900.0,312397.0,34543.0,1113499.0,10727.0,7080.0,245.01
cbecs,building_survey,2818,2818,1,14,75000,2,3,1,75,100,1,1,1,2,2,2,2,5263,1108,1385143.0,405962.0,62004.0,3675417.0,35409.0,34391.0,97.52
cbecs,building_survey,2819,2819,2,8,85000,3,8,14,60,100,1,1,1,1,2,2,2,5718,868,4236600.0,1241676.0,109291.0,1826975.0,17601.0,14291.0,117.27
cbecs,building_survey,2820,2820,3,5,4550,1,8,1,84,0,1,1,2,1,2,2,2,4082,1895,171363.0,50224.0,3488.0,,,,6659.94
cbecs,building_survey,2821,2821,3,23,365000,1,5,22,168,210,1,1,1,2,2,2,2,1544,3217,51651875.0,15138299.0,1310597.0,19490654.0,187771.0,101939.0,10.71
cbecs,building_survey,2822,2822,1,2,130000,5,7,8,66,125,1,1,1,2,2,2,2,7043,664,998451.0,292629.0,33752.0,766668.0,7386.0,5424.0,8.84
cbecs,building_survey,2823,2823,4,2,15000,2,2,15,50,40,1,1,1,2,2,2,2,8159,249,432591.0,126785.0,9458.0,59168.0,570.0,579.0,2528.63
cbecs,building_survey,2824,2824,4,2,91000,5,7,13,61,225,1,1,1,2,2,2,2,5774,736,6529401.0,1913658.0,194894.0,1908838.0,18390.0,13405.0,137.69
cbecs,building_survey,2825,2825,2,16,600000,5,5,1,168,1500,1,1,1,1,2,2,2,5284,2154,63851120.0,18713693.0,1618076.0,29169149.0,281013.0,154352.0,7.71
cbecs,building_survey,2826,2826,2,16,1800000,995,8,16,168,2500,1,1,1,1,2,2,2,6609,786,154982531.0,45422782.0,3683238.0,186284732.0,1794651.0,1597298.0,9.01
cbecs,building_survey,2827,2827,3,5,89000,1,6,6,50,200,1,1,1,2,2,2,2,2547,3172,2120127.0,621374.0,53713.0,822027.0,7919.0,10718.0,213.58
cbecs,building_survey,2828,2828,2,17,142000,4,8,1,168,25,1,1,1,2,2,2,2,7173,903,3771557.0,1105380.0,116853.0,10511958.0,101271.0,55133.0,100.08
cbecs,building_survey,2829,2829,2,14,265000,2,5,1,90,100,1,1,1,1,2,2,2,8440,802,6394150.0,1874018.0,212555.0,11429617.0,110112.0,61327.0,8.84
cbecs,building_survey,2830,2830,3,14,80000,1,8,1,50,45,1,1,1,2,2,2,2,3671,2265,2556832.0,749365.0,43778.0,909959.0,8766.0,7033.0,330.8
cbecs,building_survey,2831,2831,2,7,235000,994,3,4,68,230,1,1,1,2,2,2,2,5331,2009,6727731.0,1971785.0,197907.0,7720147.0,74375.0,40232.0,14.9
cbecs,building_survey,2832,2832,3,18,192000,8,6,1,168,35,1,1,1,1,2,2,2,3952,1262,8188173.0,2399816.0,245458.0,8038400.0,77441.0,56396.0,50.03
cbecs,building_survey,2833,2833,2,2,49000,2,2,1,40,25,1,1,1,2,2,1,2,6413,1305,1360326.0,398689.0,34776.0,147348.0,1420.0,1810.0,416.41
cbecs,building_survey,2834,2834,4,18,300000,994,9,1,168,70,1,1,1,1,2,2,2,5574,969,3950844.0,1157926.0,112689.0,2219663.0,21384.0,15877.0,51.49
cbecs,building_survey,2835,2835,3,2,3950,2,7,1,84,2,1,1,2,2,2,2,2,1429,4393,772733.0,226475.0,22172.0,,,,2990.63
cbecs,building_survey,2836,2836,3,18,30000,1,4,1,168,20,1,1,2,1,1,2,2,1839,2599,565476.0,165732.0,14979.0,,,,460.21
cbecs,building_survey,2837,2837,2,1,6100,1,5,0,0,0,1,1,2,2,2,2,2,4551,1635,117011.0,34294.0,3519.0,,,,1218.03
cbecs,building_survey,2838,2838,3,12,2700,1,6,1,12,0,1,1,2,2,2,2,2,3597,2357,51850.0,15196.0,1754.0,,,,460.31
cbecs,building_survey,2839,2839,2,16,192000,7,6,1,168,695,1,1,1,1,1,2,2,5818,1345,24997800.0,7326436.0,645047.0,29927480.0,288319.0,162491.0,10.8
cbecs,building_survey,2840,2840,3,14,94000,1,8,1,70,80,1,1,1,2,2,2,2,3933,1898,2371386.0,695013.0,50636.0,749263.0,7218.0,4008.0,99.38
cbecs,building_survey,2841,2841,2,8,54000,3,8,8,50,50,1,1,1,1,2,2,2,8104,911,2563475.0,751312.0,50853.0,2627089.0,25309.0,18311.0,126.08
cbecs,building_survey,2842,2842,2,4,110000,3,4,1,168,100,1,1,1,1,2,1,2,6866,1114,9682938.0,2837907.0,146128.0,727435.0,7008.0,5856.0,3.95
cbecs,building_survey,2843,2843,2,13,2000,1,9,1,10,9,1,1,2,2,2,2,2,7388,1068,74342.0,21788.0,1443.0,,,,3075.23
cbecs,building_survey,2844,2844,3,26,1700,1,5,1,45,5,1,1,2,2,2,2,2,1392,3996,77329.0,22664.0,2509.0,,,,2990.63
cbecs,building_survey,2845,2845,3,12,12750,1,8,1,12,8,1,1,1,2,2,2,2,3489,1973,352985.0,103454.0,9506.0,52418.0,505.0,583.0,1122.76
cbecs,building_survey,2846,2846,4,13,104000,5,5,1,24,50,1,1,1,2,2,2,1,5725,454,1291626.0,378554.0,41276.0,2593897.0,24989.0,9496.0,52.8
cbecs,building_survey,2847,2847,4,13,32000,3,3,1,24,4,1,1,2,2,2,2,2,403,3427,1076979.0,315644.0,41283.0,,,,304.76
cbecs,building_survey,2848,2848,4,14,78000,1,6,1,55,50,1,1,2,2,2,2,2,1397,4569,1075445.0,315195.0,34199.0,,,,324.59
cbecs,building_survey,2849,2849,3,23,33500,2,8,5,55,13,1,1,2,2,2,2,2,3994,1996,1334643.0,391161.0,23816.0,,,,841.34
cbecs,building_survey,2850,2850,3,12,9000,1,8,1,10,2,1,1,1,2,2,2,2,3981,1855,324092.0,94986.0,12243.0,380932.0,3670.0,3409.0,3320.27
cbecs,building_survey,2851,2851,3,13,25000,3,2,1,168,4,1,1,2,2,2,2,2,4443,1648,338329.0,99159.0,9717.0,,,,1214.38
cbecs,building_survey,2852,2852,2,5,250000,1,8,1,110,65,1,1,1,2,2,2,2,6110,1018,2425500.0,710873.0,66781.0,1052345.0,10138.0,6543.0,66.72
cbecs,building_survey,2853,2853,2,16,380000,8,5,2,168,220,1,1,1,1,2,1,2,6369,1018,16782807.0,4918759.0,367993.0,44770234.0,431312.0,242813.0,10.17
cbecs,building_survey,2854,2854,3,26,75000,3,5,1,168,28,1,1,1,1,2,2,2,2272,2467,2821062.0,826806.0,74119.0,4584172.0,44164.0,37446.0,245.01
cbecs,building_survey,2855,2855,4,14,28000,1,5,1,40,25,1,1,1,2,2,2,2,4750,1767,474847.0,139170.0,16905.0,1545752.0,14892.0,12231.0,587.89
cbecs,building_survey,2856,2856,3,1,100001,4,8,0,0,0,1,1,1,1,1,2,2,3637,1716,473682.0,138828.0,12327.0,63937.0,616.0,669.0,85.64
cbecs,building_survey,2857,2857,3,2,122000,3,6,8,84,450,1,1,2,2,2,2,2,1469,4126,7099227.0,2080664.0,187358.0,,,,14.9
cbecs,building_survey,2858,2858,2,14,158000,2,7,1,60,125,1,1,1,2,2,2,2,7074,601,4747485.0,1391408.0,174514.0,2476830.0,23862.0,8926.0,45.1
cbecs,building_survey,2859,2859,3,14,1500,1,8,1,55,4,1,1,2,2,2,2,2,1127,4193,62014.0,18175.0,1788.0,,,,4468.96
cbecs,building_survey,2860,2860,4,2,2100,2,2,1,50,5,1,1,1,2,2,2,2,4712,428,81445.0,23870.0,3399.0,23131.0,223.0,420.0,3075.23
cbecs,building_survey,2861,2861,1,18,20000,3,8,1,168,12,1,1,2,2,1,2,2,5823,1067,3193019.0,935820.0,70180.0,,,,502.9
cbecs,building_survey,2862,2862,1,26,17500,2,4,1,168,6,1,1,1,2,2,1,2,6675,1044,390178.0,114355.0,11086.0,9402.0,91.0,191.0,621.37
cbecs,building_survey,2863,2863,3,14,1500,1,7,1,40,2,1,1,2,2,2,2,2,1159,3052,82117.0,24067.0,2014.0,,,,4468.96
cbecs,building_survey,2864,2864,1,14,33000,4,2,1,55,50,1,1,1,1,2,2,2,4482,1453,1175697.0,344577.0,31933.0,163272.0,1573.0,1465.0,332.94
cbecs,building_survey,2865,2865,3,12,5600,1,6,1,6,3,1,1,2,2,2,2,2,3011,1836,77804.0,22803.0,3461.0,,,,2990.63
cbecs,building_survey,2866,2866,3,2,10250,3,7,3,40,20,1,1,1,2,2,2,2,4387,1974,335300.0,98271.0,7732.0,179972.0,1734.0,1487.0,1421.48
cbecs,building_survey,2867,2867,3,26,7500,1,8,1,43,5,1,1,1,2,2,2,2,3182,2195,182994.0,53632.0,10076.0,178121.0,1716.0,2319.0,2990.63
cbecs,building_survey,2868,2868,2,26,24750,1,7,1,50,18,1,1,2,2,2,2,2,6288,1217,20827.0,6104.0,1213.0,,,,6659.94
cbecs,building_survey,2869,2869,3,14,87000,1,8,1,40,80,1,1,1,2,2,2,2,3282,2066,3195652.0,936592.0,99342.0,1689352.0,16275.0,14998.0,99.38
cbecs,building_survey,2870,2870,4,5,25001,2,7,1,50,8,1,1,2,2,2,2,2,820,1309,120318.0,35263.0,8046.0,,,,227.11
cbecs,building_survey,2871,2871,4,14,68000,2,5,1,50,100,1,1,2,1,2,2,1,3546,1344,3572483.0,1047035.0,76210.0,,,,244.16
cbecs,building_survey,2872,2872,3,13,2800,1,7,1,10,3,1,1,2,2,2,2,2,1439,3685,470375.0,137859.0,15789.0,,,,1380.94
cbecs,building_survey,2873,2873,4,2,50000,3,9,7,74,200,1,1,1,2,2,2,2,5144,1278,969520.0,284150.0,23110.0,1213696.0,11693.0,8507.0,603.25
cbecs,building_survey,2874,2874,3,25,120000,1,7,2,107,59,1,1,1,2,2,2,2,2321,2624,8013538.0,2348634.0,197950.0,1609453.0,15505.0,14433.0,125.04
cbecs,building_survey,2875,2875,1,2,90000,4,5,16,60,225,1,1,1,2,2,2,2,4870,1165,3102949.0,909422.0,158793.0,2174198.0,20946.0,24272.0,14.9
cbecs,building_survey,2876,2876,4,16,300000,7,5,1,168,1400,1,1,1,1,2,2,2,2061,812,36389436.0,10665134.0,1772876.0,13154932.0,126733.0,71178.0,10.17
cbecs,building_survey,2877,2877,3,2,225000,9,6,17,74,350,1,1,2,1,2,2,2,5666,1170,21085177.0,6179712.0,675049.0,,,,14.9
cbecs,building_survey,2878,2878,3,13,25000,2,2,1,8,3,1,1,1,2,2,2,2,3212,2647,770101.0,225704.0,19918.0,763151.0,7352.0,7104.0,1118.9
cbecs,building_survey,2879,2879,2,2,1450,2,2,1,40,3,1,1,1,2,2,2,2,5031,1329,69805.0,20459.0,2272.0,48019.0,463.0,530.0,3075.23
cbecs,building_survey,2880,2880,2,2,2200,2,6,1,35,3,1,1,1,2,2,2,2,5566,1325,57068.0,16726.0,1903.0,72270.0,696.0,2086.0,3075.23
cbecs,building_survey,2881,2881,4,8,68000,2,8,1,65,115,1,1,1,2,2,2,2,3982,1451,6015086.0,1762921.0,121710.0,1700555.0,16383.0,8217.0,126.08
cbecs,building_survey,2882,2882,4,1,210000,4,8,0,0,0,1,1,1,2,2,2,2,5461,853,314914.0,92296.0,7061.0,346058.0,3334.0,2552.0,14.9
cbecs,building_survey,2883,2883,2,14,77000,2,3,1,70,70,1,1,1,2,1,2,2,4672,1214,2320733.0,680168.0,66035.0,5083238.0,48971.0,27311.0,100.08
cbecs,building_survey,2884,2884,1,18,104000,4,5,1,168,15,1,1,1,2,2,2,2,7104,874,3633666.0,1064967.0,117896.0,4473079.0,43093.0,24310.0,97.52
cbecs,building_survey,2885,2885,3,14,8800,1,6,1,40,6,1,1,2,2,2,2,2,2679,2321,266431.0,78086.0,10796.0,,,,4468.96
cbecs,building_survey,2886,2886,2,13,9900,1,8,1,50,4,1,1,1,2,2,2,2,5496,1456,462664.0,135599.0,9655.0,746836.0,7195.0,6056.0,1531.55
cbecs,building_survey,2887,2887,3,26,6900,1,5,1,40,1,1,1,2,2,2,2,2,2113,2366,214320.0,62814.0,5248.0,,,,2990.63
cbecs,building_survey,2888,2888,4,14,300000,6,3,1,104,200,1,1,2,2,2,1,2,867,1121,23621083.0,6922943.0,704536.0,,,,6.04
cbecs,building_survey,2889,2889,2,15,2500,1,4,1,54,12,1,1,1,2,2,2,2,4960,1430,594791.0,174323.0,15370.0,543567.0,5237.0,5489.0,1195.14
cbecs,building_survey,2890,2890,3,16,200000,5,7,4,168,50,1,1,1,1,2,2,2,2151,2519,18379644.0,5386766.0,430360.0,26688304.0,257113.0,130640.0,7.59
cbecs,building_survey,2891,2891,4,18,270000,5,7,5,168,325,1,1,1,1,1,2,2,1002,952,31673103.0,9282856.0,1041989.0,27462380.0,264570.0,170737.0,45.1
cbecs,building_survey,2892,2892,1,5,94000,7,2,1,85,3,1,1,1,2,2,2,2,5736,1082,329650.0,96615.0,12133.0,589687.0,5681.0,5458.0,149.25
cbecs,building_survey,2893,2893,4,5,100000,1,5,1,50,10,1,1,2,2,2,2,2,2088,1390,471563.0,138207.0,29852.0,,,,215.07
cbecs,building_survey,2894,2894,2,2,134000,2,3,20,168,50,1,1,1,2,2,2,2,9111,895,1750345.0,512997.0,55777.0,3266609.0,31470.0,29242.0,125.04
cbecs,building_survey,2895,2895,3,13,15250,1,3,1,60,8,1,1,2,2,1,2,2,1331,3352,83328.0,24422.0,2627.0,,,,4084.96
cbecs,building_survey,2896,2896,4,14,320000,5,8,1,120,100,1,1,1,2,2,2,1,5899,1419,10100868.0,2960395.0,241164.0,361911.0,3487.0,1388.0,6.77
cbecs,building_survey,2897,2897,3,5,600000,1,8,2,50,150,1,1,1,1,2,2,2,3453,2384,8537087.0,2502077.0,191634.0,1805292.0,17392.0,16318.0,27.17
cbecs,building_survey,2898,2898,4,2,12250,1,9,1,50,7,1,1,1,2,2,2,2,1883,1362,343803.0,100763.0,13262.0,252819.0,2436.0,2142.0,1531.55
cbecs,building_survey,2899,2899,1,2,1500000,995,2,4,168,4250,1,1,1,1,2,1,2,5063,1295,68468260.0,20066899.0,3226261.0,2832999.0,27293.0,16980.0,14.9
cbecs,building_survey,2900,2900,2,1,60000,1,7,0,0,0,1,1,1,2,2,2,2,5576,1508,5676.0,1664.0,326.0,815085.0,7852.0,5380.0,495.15
cbecs,building_survey,2901,2901,4,6,300000,3,5,1,144,125,1,1,1,2,2,2,2,726,1512,36279073.0,10632788.0,1238200.0,337629.0,3253.0,3130.0,15.06
cbecs,building_survey,2902,2902,3,2,1700000,995,6,38,70,4000,1,1,1,1,2,2,2,2516,2835,105166358.0,30822496.0,2277153.0,1138469.0,10968.0,7717.0,14.9
cbecs,building_survey,2903,2903,3,14,265000,2,3,1,40,125,1,1,1,2,1,2,1,3984,2133,8581874.0,2515203.0,340969.0,4794183.0,46187.0,30311.0,43.95
cbecs,building_survey,2904,2904,3,5,205000,1,8,1,168,27,1,1,1,2,2,2,2,3325,1918,6989022.0,2048365.0,146478.0,3104109.0,29905.0,27140.0,32.47
cbecs,building_survey,2905,2905,3,5,28000,1,6,1,50,10,1,1,1,2,2,2,2,2478,3398,505088.0,148033.0,13305.0,767034.0,7390.0,6342.0,224.76
cbecs,building_survey,2906,2906,2,14,122000,2,5,1,108,85,1,1,1,2,2,2,2,8567,571,3088121.0,905076.0,107841.0,2957383.0,28491.0,16515.0,100.08
cbecs,building_survey,2907,2907,2,2,410000,7,7,1,168,1200,1,1,1,1,2,2,2,5023,1467,22433153.0,6574781.0,567885.0,12461385.0,120052.0,66514.0,8.93
cbecs,building_survey,2908,2908,1,5,108000,1,6,2,105,8,1,1,1,2,2,2,2,6308,783,1253826.0,367475.0,61757.0,78219.0,754.0,792.0,247.57
cbecs,building_survey,2909,2909,3,25,1200,1,6,1,73,1,1,1,2,2,2,2,2,4567,1835,64627.0,18941.0,1942.0,,,,3695.52
cbecs,building_survey,2910,2910,1,17,71000,3,7,1,168,100,1,1,1,1,2,2,2,5076,1267,3907090.0,1145103.0,140119.0,3025554.0,29148.0,21472.0,297.13
cbecs,building_survey,2911,2911,2,5,84000,3,2,2,46,5,1,1,1,2,2,2,2,6176,1093,2780699.0,814976.0,81771.0,683740.0,6587.0,5462.0,555.87
cbecs,building_survey,2912,2912,3,12,7200,2,4,1,12,3,1,1,2,2,1,2,2,3312,1846,127744.0,37440.0,3686.0,,,,1118.9
cbecs,building_survey,2913,2913,3,24,800000,3,4,996,96,225,1,1,1,2,2,2,2,3200,2132,46291225.0,13567182.0,1185739.0,15383462.0,148203.0,84554.0,48.85
cbecs,building_survey,2914,2914,4,7,24750,2,6,1,168,3,1,1,1,2,2,2,2,1892,1381,1137290.0,333321.0,42235.0,952541.0,9177.0,7769.0,495.15
cbecs,building_survey,2915,2915,3,18,500000,995,4,2,168,50,1,1,1,2,2,1,2,5418,1528,29000968.0,8499698.0,739028.0,1230209.0,11852.0,9499.0,8.84
cbecs,building_survey,2916,2916,3,14,400000,2,6,1,60,125,1,1,1,1,2,2,2,1857,2995,14941798.0,4379191.0,261256.0,4636908.0,44672.0,33663.0,8.84
cbecs,building_survey,2917,2917,3,5,128000,1,6,1,144,25,1,1,1,2,2,2,2,3455,2015,3500806.0,1026028.0,102380.0,1266418.0,12201.0,22010.0,235.71
cbecs,building_survey,2918,2918,4,16,184000,4,8,1,168,250,1,1,1,1,2,2,2,1902,1055,23941669.0,7016902.0,1204773.0,21670925.0,208776.0,67826.0,10.17
cbecs,building_survey,2919,2919,2,5,24000,2,9,1,12,40,1,1,2,2,2,2,2,5191,1744,796433.0,233421.0,28882.0,,,,1829.53
cbecs,building_survey,2920,2920,2,25,25500,1,5,1,94,35,1,1,1,2,2,2,2,5105,1883,817085.0,239474.0,28673.0,1070171.0,10310.0,8492.0,1030.4
cbecs,building_survey,2921,2921,2,18,82000,2,8,1,168,20,1,1,1,2,2,2,2,6834,1150,2110492.0,618550.0,46816.0,2163385.0,20842.0,14229.0,721.38
cbecs,building_survey,2922,2922,2,5,140000,2,9,1,65,100,1,1,1,2,2,2,2,6025,1555,1720680.0,504302.0,39275.0,1414723.0,13629.0,9956.0,63.01
cbecs,building_survey,2923,2923,1,5,80000,1,6,1,55,20,1,1,1,2,1,2,2,6577,819,363238.0,106459.0,10399.0,3216584.0,30988.0,17129.0,580.91
cbecs,building_survey,2924,2924,3,2,800000,995,6,25,168,1600,1,1,2,1,2,2,2,1428,3681,46727099.0,13694929.0,1375337.0,,,,14.9
cbecs,building_survey,2925,2925,4,23,9000,1,3,4,75,13,1,1,2,2,1,2,2,488,1426,716055.0,209864.0,27412.0,,,,2009.74
cbecs,building_survey,2926,2926,3,14,250000,1,7,1,60,100,1,1,1,2,2,2,2,2062,3084,12489288.0,3660401.0,264220.0,1118103.0,10772.0,12258.0,54.84
cbecs,building_survey,2927,2927,4,7,5600,1,6,1,168,4,1,1,1,1,2,2,2,4150,1258,125421.0,36759.0,3807.0,301287.0,2903.0,1682.0,4468.96
cbecs,building_survey,2928,2928,4,17,32000,1,6,2,168,30,1,1,1,2,2,2,2,1126,1342,1200973.0,351985.0,81129.0,704854.0,6791.0,5363.0,495.15
cbecs,building_survey,2929,2929,3,13,2900,3,2,2,36,1,1,1,2,2,1,2,2,4756,1679,151097.0,44284.0,7824.0,,,,2990.63
cbecs,building_survey,2930,2930,4,15,8000,1,7,1,84,32,1,1,1,2,2,2,2,477,5314,1145653.0,335772.0,46775.0,565925.0,5452.0,3945.0,1531.55
cbecs,building_survey,2931,2931,1,14,68000,4,2,1,50,87,1,1,1,2,2,2,2,5223,1316,2937441.0,860915.0,77676.0,3038892.0,29276.0,16443.0,97.52
cbecs,building_survey,2932,2932,4,14,18000,1,5,2,65,50,1,1,2,2,2,2,2,1678,3999,1764392.0,517114.0,90121.0,,,,1195.68
cbecs,building_survey,2933,2933,3,16,600000,8,5,1,168,800,1,1,1,1,2,1,2,3925,2130,55946119.0,16396870.0,1060528.0,952415.0,9175.0,3502.0,8.76
cbecs,building_survey,2934,2934,3,14,59000,1,8,1,50,60,1,1,1,2,2,2,2,3775,1986,644932.0,189019.0,19775.0,902402.0,8694.0,6687.0,330.8
cbecs,building_survey,2935,2935,3,14,63000,2,3,1,45,100,1,1,1,2,2,2,2,2613,2527,1714658.0,502538.0,31197.0,1943862.0,18727.0,11198.0,504.63
cbecs,building_survey,2936,2936,1,26,3600,1,9,2,50,5,1,1,2,2,2,2,2,5217,485,524132.0,153614.0,23207.0,,,,1472.45
cbecs,building_survey,2937,2937,3,2,1100,1,6,1,40,5,1,1,2,2,2,2,2,2928,2377,41131.0,12055.0,1746.0,,,,2990.63
cbecs,building_survey,2938,2938,4,5,80000,1,7,2,40,40,1,1,2,2,2,2,2,2436,126,744341.0,218154.0,46729.0,,,,312.77
cbecs,building_survey,2939,2939,4,2,108000,3,7,1,45,300,1,1,1,2,2,2,2,5316,849,5992217.0,1756218.0,152506.0,4231035.0,40761.0,22291.0,14.9
cbecs,building_survey,2940,2940,3,13,385000,3,7,1,112,500,1,1,1,2,2,2,2,3165,1933,39661074.0,11623996.0,859774.0,13675287.0,131747.0,77669.0,16.58
cbecs,building_survey,2941,2941,3,2,345000,995,5,15,68,467,1,1,1,1,2,2,2,4398,1758,11929639.0,3496377.0,550443.0,2202214.0,21216.0,17671.0,14.9
cbecs,building_survey,2942,2942,2,14,30000,1,7,1,80,30,1,1,1,2,2,2,2,4922,1696,739140.0,216630.0,18124.0,1350739.0,13013.0,15699.0,504.63
cbecs,building_survey,2943,2943,2,8,148000,4,6,11,50,50,1,1,1,2,2,2,2,6966,1165,4729178.0,1386043.0,120046.0,2833463.0,27297.0,15178.0,52.84
cbecs,building_survey,2944,2944,4,12,59000,1,5,1,85,2,1,1,1,2,2,2,2,1447,3707,580639.0,170176.0,17327.0,732453.0,7056.0,5224.0,240.4
cbecs,building_survey,2945,2945,3,5,32000,1,7,1,50,15,1,1,2,2,2,2,2,1436,3209,661328.0,193824.0,12041.0,,,,14.9
cbecs,building_survey,2946,2946,4,23,150000,1,8,12,77,143,1,1,1,2,2,2,2,663,1836,10502955.0,3078240.0,389359.0,7760798.0,74767.0,42042.0,175.02
cbecs,building_survey,2947,2947,3,13,16000,2,8,1,40,2,1,1,1,2,2,1,2,3171,2211,929764.0,272498.0,23436.0,366405.0,3530.0,3139.0,1218.58
cbecs,building_survey,2948,2948,1,14,166000,4,4,1,126,100,1,1,1,1,2,2,2,5140,1215,8232515.0,2412812.0,218306.0,9291542.0,89514.0,49991.0,112.58
cbecs,building_survey,2949,2949,3,5,130000,1,7,1,168,36,1,1,2,2,2,2,2,2447,3477,4034363.0,1182404.0,110730.0,,,,66.03
cbecs,building_survey,2950,2950,4,24,2100000,3,6,996,72,300,1,1,1,1,2,2,2,724,1214,18754439.0,5496612.0,840139.0,4578814.0,44112.0,24956.0,9.16
cbecs,building_survey,2951,2951,4,5,25000,1,5,5,40,10,1,1,2,2,1,2,2,855,1116,93585.0,27428.0,4718.0,,,,611.8
cbecs,building_survey,2952,2952,3,13,300000,5,2,10,40,5,1,1,1,2,2,2,2,3722,1743,14645279.0,4292286.0,377219.0,7372065.0,71022.0,63737.0,14.9
cbecs,building_survey,2953,2953,2,23,350000,1,7,10,168,164,1,1,1,2,2,2,2,5626,1713,42393882.0,12424936.0,1068879.0,24655796.0,237532.0,131294.0,74.37
cbecs,building_survey,2954,2954,4,14,140000,1,5,1,45,35,1,1,1,1,2,2,2,6500,1140,3023810.0,886228.0,87729.0,3487334.0,33597.0,23946.0,217.37
cbecs,building_survey,2955,2955,3,2,28000,2,2,10,40,35,1,1,1,2,2,2,2,1113,3882,844840.0,247608.0,14426.0,48449.0,467.0,194.0,747.01
cbecs,building_survey,2956,2956,4,18,30000,2,9,1,168,62,1,1,1,2,2,2,2,1359,4519,2466034.0,722753.0,93022.0,1847222.0,17796.0,17110.0,423.01
cbecs,building_survey,2957,2957,3,2,1700000,9,2,55,60,2100,1,1,1,1,2,2,2,4365,1786,34804050.0,10200484.0,867318.0,24176358.0,232913.0,127521.0,6.52
cbecs,building_survey,2958,2958,1,2,146000,5,5,50,58,150,1,1,1,2,2,1,2,4766,1332,6839418.0,2004519.0,182243.0,932297.0,8982.0,7442.0,14.9
cbecs,building_survey,2959,2959,3,5,82000,1,5,1,40,2,1,1,2,1,2,2,2,1142,3888,1598666.0,468542.0,28416.0,,,,4.35
cbecs,building_survey,2960,2960,3,4,365000,3,3,15,168,483,1,1,2,2,2,1,2,3641,1990,76005538.0,22275949.0,1653437.0,,,,3.85
cbecs,building_survey,2961,2961,1,2,38500,2,7,1,40,35,1,1,1,1,2,2,2,5551,974,719061.0,210745.0,27611.0,967892.0,9325.0,9361.0,621.37
cbecs,building_survey,2962,2962,3,1,6000,1,5,0,0,0,1,1,1,2,2,2,2,4428,1616,49317.0,14454.0,1913.0,102161.0,984.0,1172.0,2990.63
cbecs,building_survey,2963,2963,3,5,350000,2,6,1,55,130,1,1,2,1,2,2,2,1048,3202,1317088.0,386016.0,27183.0,,,,69.36
cbecs,building_survey,2964,2964,1,2,220000,7,6,25,65,549,1,1,2,1,2,2,2,4870,1421,14746030.0,4321814.0,386847.0,,,,14.9
cbecs,building_survey,2965,2965,2,26,6000,2,4,1,60,4,1,1,1,2,2,2,2,6516,811,118563.0,34749.0,4929.0,433152.0,4173.0,3003.0,1531.55
cbecs,building_survey,2966,2966,2,25,114000,1,7,3,168,80,1,1,1,2,2,2,2,6639,983,6367463.0,1866197.0,160189.0,1385359.0,13346.0,11009.0,125.04
cbecs,building_survey,2967,2967,4,13,124000,2,8,1,168,300,1,1,1,1,1,2,2,5345,171,14017264.0,4108225.0,518332.0,5663758.0,54564.0,30155.0,54.94
cbecs,building_survey,2968,2968,3,25,3000,2,2,1,70,1,1,1,2,2,1,2,2,4581,1679,77069.0,22588.0,2840.0,,,,2747.83
cbecs,building_survey,2969,2969,3,26,25000,2,7,1,50,15,1,1,2,2,1,2,2,4107,1823,767252.0,224869.0,24077.0,,,,79.99
cbecs,building_survey,2970,2970,2,26,16000,1,5,1,60,4,1,1,1,1,2,2,2,9794,955,174304.0,51086.0,5016.0,349968.0,3372.0,3056.0,621.37
cbecs,building_survey,2971,2971,2,18,90000,4,8,1,168,3,1,1,1,2,2,2,2,7944,556,2903896.0,851083.0,73205.0,1980887.0,19084.0,6699.0,100.08
cbecs,building_survey,2972,2972,2,5,310000,1,7,1,12,25,1,1,1,2,2,2,2,8635,603,702030.0,205753.0,30665.0,5269160.0,50763.0,39188.0,31.68
cbecs,building_survey,2973,2973,2,2,400000,5,7,1,60,1400,1,1,1,2,2,2,2,7494,648,15161294.0,4443521.0,378112.0,11475060.0,110550.0,40516.0,15.06
cbecs,building_survey,2974,2974,2,14,140000,3,3,1,40,60,1,1,1,2,2,2,2,8631,741,1502586.0,440383.0,61000.0,3481033.0,33536.0,21096.0,282.98
cbecs,building_survey,2975,2975,4,5,4150,1,7,1,80,1,1,1,2,2,2,2,2,3145,2260,149768.0,43894.0,3609.0,,,,677.49
cbecs,building_survey,2976,2976,2,13,800000,4,4,30,168,600,1,1,1,2,2,2,1,5492,1173,51641382.0,15135223.0,1310780.0,3923991.0,37803.0,22792.0,29.27
cbecs,building_survey,2977,2977,2,14,61000,3,3,1,40,52,1,1,1,2,2,2,2,6419,1617,3577801.0,1048593.0,109904.0,293471.0,2827.0,2058.0,473.86
cbecs,building_survey,2978,2978,3,18,455000,995,6,9,168,120,1,1,1,2,2,2,2,1512,3476,35559649.0,10421937.0,854698.0,9277412.0,89378.0,44056.0,9.01
cbecs,building_survey,2979,2979,1,5,30000,1,3,1,68,25,1,1,1,2,2,2,2,5399,1430,1434287.0,420365.0,67772.0,2009203.0,19356.0,20114.0,623.52
cbecs,building_survey,2980,2980,1,13,180000,3,3,3,75,45,1,1,1,2,2,2,2,7147,845,3223955.0,944887.0,85232.0,12750836.0,122840.0,67990.0,55.7
cbecs,building_survey,2981,2981,3,2,350000,995,5,27,60,500,1,1,1,1,2,2,2,2198,2400,35480446.0,10398724.0,838469.0,20161.0,194.0,539.0,14.67
cbecs,building_survey,2982,2982,2,14,8800,1,5,1,60,6,1,1,1,2,2,2,2,5412,1465,127987.0,37511.0,4913.0,528133.0,5088.0,4266.0,12528.53
cbecs,building_survey,2983,2983,3,2,460000,5,4,1,72,585,1,1,1,1,2,1,2,4582,1436,18823739.0,5516922.0,417856.0,6939596.0,66855.0,47345.0,11.75
cbecs,building_survey,2984,2984,2,26,7000,2,4,1,40,6,1,1,2,2,2,1,2,7597,1491,374828.0,109856.0,10157.0,,,,1218.03
cbecs,building_survey,2985,2985,4,13,130000,2,8,1,168,100,1,1,1,2,2,2,2,6450,620,5375151.0,1575367.0,112795.0,16380607.0,157809.0,71353.0,117.32
cbecs,building_survey,2986,2986,2,7,500001,4,4,1,168,200,1,1,1,1,2,1,1,5015,1629,27035924.0,7923776.0,1069701.0,6813034.0,65636.0,36736.0,125.57
cbecs,building_survey,2987,2987,3,14,57000,3,2,1,70,20,1,1,2,2,2,1,2,3782,1814,1655383.0,485165.0,37488.0,,,,329.67
cbecs,building_survey,2988,2988,3,2,126000,4,8,8,66,308,1,1,2,2,2,2,2,2574,2251,10288377.0,3015351.0,281864.0,,,,137.69
cbecs,building_survey,2989,2989,3,16,88000,1,5,1,168,80,1,1,1,1,2,2,2,4189,2185,6710218.0,1966652.0,117541.0,7688239.0,74068.0,63144.0,136.45
cbecs,building_survey,2990,2990,4,26,3850,1,4,1,88,8,1,1,2,2,2,2,2,2371,482,158258.0,46383.0,6457.0,,,,1829.53
cbecs,building_survey,2991,2991,3,18,47500,4,2,1,168,10,1,1,2,2,2,1,2,3344,1791,1439332.0,421844.0,29876.0,,,,429.63
cbecs,building_survey,2992,2992,3,18,450000,995,6,1,168,150,1,1,1,1,2,2,2,4365,1592,30963376.0,9074846.0,893400.0,13136188.0,126553.0,98234.0,69.64
cbecs,building_survey,2993,2993,3,13,500001,2,8,6,168,150,1,1,1,1,2,2,2,1497,3889,47365245.0,13881959.0,1094219.0,1931062.0,18604.0,7213.0,10.14
cbecs,building_survey,2994,2994,3,25,154000,1,8,6,126,115,1,1,2,2,2,2,2,2631,2213,11560398.0,3388159.0,299719.0,,,,125.04
cbecs,building_survey,2995,2995,3,26,5000,1,7,1,168,1,1,1,1,2,2,2,2,4715,1620,153115.0,44875.0,4540.0,249159.0,2400.0,3843.0,376.78
cbecs,building_survey,2996,2996,3,5,70000,1,8,9,168,20,1,1,1,2,2,2,2,3658,1906,748380.0,219338.0,19681.0,182748.0,1761.0,1631.0,213.58
cbecs,building_survey,2997,2997,3,26,1800,1,7,2,40,4,1,1,2,2,2,2,2,2240,2867,63464.0,18600.0,2262.0,,,,6534.79
cbecs,building_survey,2998,2998,2,18,395000,994,7,1,168,40,1,1,1,1,1,2,2,6793,819,17560960.0,5146823.0,446309.0,18839457.0,181498.0,99771.0,8.85
cbecs,building_survey,2999,2999,3,2,75000,3,6,6,50,70,1,1,2,2,2,2,2,1516,3586,2367110.0,693760.0,59333.0,,,,159.83
cbecs,building_survey,3000,3000,4,23,124000,1,9,4,140,207,1,1,1,2,2,2,2,5291,1368,11785743.0,3454204.0,246828.0,9205773.0,88688.0,40444.0,175.02
cbecs,building_survey,3001,3001,3,2,106000,2,2,1,40,300,1,1,1,1,2,2,2,4204,1666,6945577.0,2035632.0,177691.0,7053733.0,67955.0,38073.0,117.32
cbecs,building_survey,3002,3002,3,2,168000,5,6,13,50,300,1,1,2,1,2,2,2,4892,1467,3136515.0,919260.0,38074.0,,,,14.9
cbecs,building_survey,3003,3003,1,13,2600,1,8,1,2,0,1,1,1,1,1,2,2,6449,704,47764.0,13999.0,1261.0,37384.0,360.0,506.0,4084.96
cbecs,building_survey,3004,3004,3,13,255000,4,3,1,168,200,1,1,2,2,2,1,2,4031,1523,7889131.0,2312172.0,148505.0,,,,5.98
cbecs,building_survey,3005,3005,3,14,70000,1,4,1,60,100,1,1,1,2,2,2,2,3375,2221,4708177.0,1379888.0,149204.0,2971054.0,28623.0,26290.0,99.38
cbecs,building_survey,3006,3006,3,26,2200,1,5,1,60,5,1,1,1,2,2,2,2,3715,2398,121796.0,35696.0,2673.0,108927.0,1049.0,1013.0,2990.63
cbecs,building_survey,3007,3007,4,2,28000,3,6,8,54,19,1,1,1,2,2,2,2,866,1657,1002197.0,293727.0,37467.0,151032.0,1455.0,1460.0,655.85
cbecs,building_survey,3008,3008,3,2,700000,5,2,1,168,925,1,1,1,1,2,1,2,5180,1671,46791347.0,13713759.0,1161160.0,4580308.0,44126.0,24386.0,6.52
cbecs,building_survey,3009,3009,3,13,900000,4,2,1,80,30,1,1,1,2,1,1,2,4444,1699,28869725.0,8461232.0,636496.0,4606728.0,44381.0,37527.0,9.21
cbecs,building_survey,3010,3010,3,16,210000,5,9,2,168,275,1,1,1,1,2,2,2,3882,2254,23281747.0,6823490.0,599173.0,3860386.0,37191.0,20531.0,52.53
cbecs,building_survey,3011,3011,4,18,235000,994,6,1,168,120,1,1,1,1,1,2,2,995,942,9095841.0,2665839.0,562108.0,10800482.0,104051.0,71157.0,9.11
cbecs,building_survey,3012,3012,2,14,4000,2,5,1,60,9,1,1,2,2,1,2,2,6647,1064,104311.0,30572.0,3463.0,,,,12768.47
cbecs,building_survey,3013,3013,2,12,4000,2,2,1,4,1,1,1,2,2,1,2,2,7559,1093,93834.0,27501.0,3217.0,,,,1745.76
cbecs,building_survey,3014,3014,2,14,225000,3,7,1,84,300,1,1,1,1,2,2,2,7757,1033,5582426.0,1636115.0,184378.0,10403124.0,100223.0,66615.0,44.64
cbecs,building_survey,3015,3015,2,14,305000,2,7,1,40,300,1,1,1,2,2,2,2,7378,1031,10329365.0,3027364.0,260668.0,19398288.0,186881.0,104044.0,44.64
cbecs,building_survey,3016,3016,2,16,1800000,9,5,2,168,2500,1,1,1,1,2,2,2,6170,935,156405248.0,45839756.0,3383290.0,211141976.0,2034123.0,1010736.0,9.01
cbecs,building_survey,3017,3017,3,14,61000,4,3,1,80,60,1,1,1,1,2,1,2,4284,1979,3050348.0,894006.0,67636.0,1381425.0,13309.0,8151.0,324.59
cbecs,building_survey,3018,3018,2,8,7600,2,5,3,66,12,1,1,1,2,2,2,2,8852,608,304836.0,89342.0,13274.0,245403.0,2364.0,1972.0,1265.79
cbecs,building_survey,3019,3019,2,18,700000,995,7,2,168,200,1,1,1,1,2,2,2,8863,890,38012013.0,11140684.0,929953.0,58435210.0,562960.0,375685.0,9.01
cbecs,building_survey,3020,3020,3,1,405000,2,6,2,0,0,1,1,2,2,2,2,2,1418,3067,12100206.0,3546368.0,266735.0,,,,53.17
cbecs,building_survey,3021,3021,1,5,128000,1,4,1,140,125,1,1,1,2,2,2,2,5912,1160,4169536.0,1222021.0,102277.0,3285566.0,31653.0,17718.0,31.35
cbecs,building_survey,3022,3022,2,23,10750,1,8,5,75,24,1,1,1,2,2,2,2,6119,1240,929900.0,272538.0,23827.0,1029864.0,9922.0,8161.0,2009.74
cbecs,building_survey,3023,3023,3,14,40000,1,5,1,90,25,1,1,1,2,2,2,2,2081,2005,2842775.0,833170.0,63188.0,449951.0,4335.0,6046.0,330.8
cbecs,building_survey,3024,3024,3,4,285000,5,3,1,168,110,1,1,1,2,2,1,2,2291,2835,40598491.0,11898737.0,823045.0,6704833.0,64594.0,35807.0,99.04
cbecs,building_survey,3025,3025,2,5,4500,1,5,1,168,0,1,1,2,2,2,2,2,5436,1213,8441.0,2474.0,469.0,,,,6534.79
cbecs,building_survey,3026,3026,3,5,80000,2,5,1,48,35,1,1,2,2,2,2,2,3557,2276,1900004.0,556859.0,80448.0,,,,247.57
cbecs,building_survey,3027,3027,3,2,3000,1,8,1,54,5,1,1,2,2,2,2,2,1016,3375,373878.0,109577.0,8945.0,,,,2990.63
cbecs,building_survey,3028,3028,3,5,200000,1,7,1,120,125,1,1,1,2,2,2,2,4291,1882,6104819.0,1789220.0,172763.0,7440513.0,71681.0,71265.0,7.59
cbecs,building_survey,3029,3029,4,18,700000,9,3,6,168,400,1,1,1,1,1,2,2,735,1324,21154256.0,6199958.0,788201.0,19457735.0,187454.0,103789.0,51.34
cbecs,building_survey,3030,3030,4,5,600000,2,4,1,76,100,1,1,1,2,1,2,2,4743,313,4268025.0,1250887.0,134291.0,4525636.0,43600.0,35296.0,15.06
cbecs,building_survey,3031,3031,2,13,6200,2,2,1,59,5,1,1,1,2,2,2,2,6006,1247,103561.0,30352.0,3255.0,288235.0,2777.0,2739.0,2747.83
cbecs,building_survey,3032,3032,2,26,9600,1,9,1,50,10,1,1,1,1,2,2,2,8712,748,34164.0,10013.0,1046.0,103033.0,993.0,752.0,1632.49
cbecs,building_survey,3033,3033,3,16,415000,7,4,1,168,400,1,1,1,1,2,2,2,3098,1988,51931556.0,15220268.0,1000946.0,64854079.0,624798.0,260076.0,17.12
cbecs,building_survey,3034,3034,4,4,44500,3,8,1,168,100,1,1,1,2,2,1,1,1027,1012,7327990.0,2147711.0,273721.0,132716.0,1279.0,1237.0,15.06
cbecs,building_survey,3035,3035,3,13,10000,2,2,1,20,1,1,1,1,2,2,2,2,1054,3633,561484.0,164562.0,9051.0,155882.0,1502.0,1404.0,3257.88
cbecs,building_survey,3036,3036,3,15,1300,1,5,1,25,3,1,1,1,2,2,2,2,1167,4010,228721.0,67034.0,4590.0,27570.0,266.0,1086.0,1218.03
cbecs,building_survey,3037,3037,4,2,390000,2,2,10,60,325,1,1,1,1,2,1,2,5442,776,20834323.0,6106191.0,432691.0,111046.0,1070.0,968.0,7.84
cbecs,building_survey,3038,3038,4,14,700000,5,4,1,126,100,1,1,2,2,2,2,1,4798,1496,27865972.0,8167049.0,647483.0,,,,8.57
cbecs,building_survey,3039,3039,1,14,102000,2,4,1,40,80,1,1,1,2,2,2,2,5394,1115,2237629.0,655812.0,60709.0,7317097.0,70492.0,39535.0,99.38
cbecs,building_survey,3040,3040,4,2,700000,995,6,20,60,2500,1,1,1,2,2,1,2,4628,312,42790435.0,12541159.0,1074648.0,7712727.0,74304.0,60081.0,15.06
cbecs,building_survey,3041,3041,1,7,192000,6,7,1,50,100,1,1,1,1,2,2,2,6068,916,6108618.0,1790334.0,329835.0,3388641.0,32646.0,28718.0,60.64
cbecs,building_survey,3042,3042,4,5,14000,1,4,1,70,2,1,1,1,2,2,2,2,5224,439,150162.0,44010.0,4225.0,400523.0,3859.0,3068.0,1489.41
cbecs,building_survey,3043,3043,2,7,11500,1,8,1,15,30,1,1,1,1,2,2,2,7666,684,101856.0,29852.0,3369.0,380793.0,3669.0,2353.0,1399.59
cbecs,building_survey,3044,3044,3,5,10500,1,3,1,50,8,1,1,1,2,2,2,2,2394,2476,89639.0,26272.0,2528.0,147501.0,1421.0,2069.0,1413.09
cbecs,building_survey,3045,3045,3,4,162000,1,4,1,10,6,1,1,1,2,2,2,2,2026,2424,1927532.0,564927.0,31028.0,1620757.0,15614.0,12825.0,57.51
cbecs,building_survey,3046,3046,3,13,7000,2,2,1,24,2,1,1,2,2,2,2,2,4462,1914,35688.0,10460.0,1529.0,,,,2934.43
cbecs,building_survey,3047,3047,1,14,500001,5,5,1,60,300,1,1,1,2,2,2,2,7930,794,16303655.0,4778328.0,440883.0,23949312.0,230726.0,102813.0,8.84
cbecs,building_survey,3048,3048,4,13,5200,2,2,1,78,5,1,1,1,2,2,2,2,3166,46,83568.0,24492.0,3570.0,139730.0,1346.0,1264.0,9.11
cbecs,building_survey,3049,3049,2,6,2000,1,5,1,168,3,1,1,1,2,2,2,2,6110,1090,191166.0,56028.0,7803.0,93348.0,899.0,749.0,3075.23
cbecs,building_survey,3050,3050,2,18,166000,995,2,2,168,15,1,1,1,1,2,1,2,4949,1473,9209876.0,2699260.0,236003.0,1521983.0,14663.0,7983.0,5.66
cbecs,building_survey,3051,3051,4,2,16750,2,8,1,40,44,1,1,1,2,2,2,2,7965,222,699939.0,205140.0,21687.0,618481.0,5958.0,4317.0,593.96
cbecs,building_survey,3052,3052,1,13,2600,1,5,1,40,0,1,1,1,2,2,2,2,5666,694,55805.0,16356.0,4369.0,293387.0,2826.0,2462.0,1745.76
cbecs,building_survey,3053,3053,4,2,9600,2,7,1,60,26,1,1,2,1,2,2,2,2443,681,338398.0,99179.0,13098.0,,,,1829.53
cbecs,building_survey,3054,3054,2,14,68000,1,7,1,40,35,1,1,2,1,1,2,2,5448,1691,1592827.0,466831.0,41356.0,,,,290.39
cbecs,building_survey,3055,3055,4,14,52000,1,6,1,40,45,1,1,1,2,2,2,1,1054,1032,853114.0,250033.0,64857.0,687852.0,6627.0,6487.0,290.39
cbecs,building_survey,3056,3056,4,2,1550,1,4,1,45,6,1,1,1,2,2,2,2,1580,1807,63186.0,18519.0,2840.0,16426.0,158.0,257.0,3075.23
cbecs,building_survey,3057,3057,2,13,104000,3,5,1,60,20,1,1,1,2,2,1,2,8834,530,3937762.0,1154092.0,99497.0,1302266.0,12546.0,6208.0,60.05
cbecs,building_survey,3058,3058,3,15,1800,3,2,1,80,5,1,1,1,2,2,2,2,4419,1753,206108.0,60407.0,5763.0,669211.0,6447.0,7054.0,1195.14
cbecs,building_survey,3059,3059,1,13,2750,2,2,1,40,3,1,1,2,2,1,2,2,5646,436,23951.0,7020.0,1493.0,,,,1472.45
cbecs,building_survey,3060,3060,1,13,2600,1,2,1,10,0,1,1,2,1,2,2,2,8784,447,28505.0,8354.0,1842.0,,,,2934.43
cbecs,building_survey,3061,3061,3,14,270000,8,4,1,168,200,1,1,1,2,2,2,1,958,3664,16266407.0,4767411.0,279979.0,139322.0,1342.0,1411.0,12.61
cbecs,building_survey,3062,3062,3,25,205000,1,8,4,168,150,1,1,1,2,2,2,2,2318,3608,19289562.0,5653447.0,481244.0,2241888.0,21598.0,17567.0,14.9
cbecs,building_survey,3063,3063,3,15,8000,1,9,2,87,9,1,1,2,2,1,2,2,1181,2131,478292.0,140179.0,22579.0,,,,1218.03
cbecs,building_survey,3064,3064,2,26,12750,2,2,2,45,9,1,1,2,2,2,2,1,4482,1893,108434.0,31780.0,2502.0,,,,2990.63
cbecs,building_survey,3065,3065,2,25,25000,3,2,2,70,3,1,1,1,2,2,2,2,8171,504,164224.0,48131.0,4484.0,324953.0,3131.0,2206.0,227.11
cbecs,building_survey,3066,3066,3,14,455000,2,7,1,73,222,1,1,1,2,2,2,2,1727,2982,18265370.0,5353274.0,472136.0,7424108.0,71523.0,97276.0,44.79
cbecs,building_survey,3067,3067,2,2,12000,1,7,1,45,25,1,1,1,2,2,2,2,6822,781,620676.0,181910.0,24482.0,634956.0,6117.0,5256.0,1531.55
cbecs,building_survey,3068,3068,3,26,10000,1,4,1,72,4,1,1,1,2,1,2,2,2449,2949,98789.0,28953.0,3916.0,63263.0,609.0,768.0,1790.56
cbecs,building_survey,3069,3069,4,14,5001,1,3,1,55,17,1,1,2,2,2,2,2,420,3433,379333.0,111176.0,14423.0,,,,4384.99
cbecs,building_survey,3070,3070,4,26,3000,1,7,1,45,4,1,1,1,2,2,2,2,2030,1303,92768.0,27189.0,5137.0,84074.0,810.0,1169.0,6921.06
cbecs,building_survey,3071,3071,1,15,1850,2,4,1,100,15,1,1,2,1,1,2,2,8258,509,482756.0,141488.0,21256.0,,,,1195.14
cbecs,building_survey,3072,3072,1,18,56000,2,6,1,168,25,1,1,1,2,2,2,2,8076,523,3636059.0,1065668.0,169374.0,2961179.0,28528.0,16085.0,97.52
cbecs,building_survey,3073,3073,1,18,132000,4,8,1,168,8,1,1,1,2,2,2,2,5663,922,5996261.0,1757404.0,160200.0,2245695.0,21635.0,16017.0,97.52
cbecs,building_survey,3074,3074,2,26,11000,1,8,1,10,0,1,1,2,2,2,2,2,7792,776,132240.0,38757.0,6018.0,,,,8544.65
cbecs,building_survey,3075,3075,3,5,8100,1,8,1,50,8,1,1,1,2,2,2,2,4777,2021,157028.0,46022.0,5358.0,243085.0,2342.0,2048.0,2990.63
cbecs,building_survey,3076,3076,3,5,2000,1,3,1,0,0,1,1,1,2,2,2,2,2002,3489,20508.0,6011.0,980.0,31139.0,300.0,393.0,2990.63
cbecs,building_survey,3077,3077,1,25,205000,1,7,9,168,150,1,1,1,2,2,2,2,4727,739,15064767.0,4415231.0,398896.0,9689920.0,93352.0,51345.0,19.13
cbecs,building_survey,3078,3078,4,4,196000,2,6,1,60,460,1,1,1,1,2,2,2,2324,238,27189206.0,7968700.0,1294613.0,7405179.0,71341.0,38996.0,15.06
cbecs,building_survey,3079,3079,4,2,2100,1,8,1,45,2,1,1,1,2,2,2,2,5357,1193,26904.0,7885.0,1137.0,24873.0,240.0,288.0,2800.45
cbecs,building_survey,3080,3080,3,23,146000,1,6,11,55,106,1,1,1,2,1,2,2,1528,2990,8489807.0,2488220.0,213118.0,1804259.0,17382.0,14246.0,175.02
cbecs,building_survey,3081,3081,1,12,38000,4,4,1,35,6,1,1,1,2,2,2,2,6313,906,288040.0,84420.0,7607.0,2053072.0,19779.0,11820.0,621.37
cbecs,building_survey,3082,3082,3,16,700000,6,4,1,168,1500,1,1,1,1,2,2,2,1421,3013,124827576.0,36584870.0,3088239.0,105265629.0,1014120.0,552186.0,10.07
cbecs,building_survey,3083,3083,3,2,36500,1,8,2,50,69,1,1,1,2,2,2,2,2133,3166,1324037.0,388053.0,33036.0,823704.0,7935.0,6621.0,591.56
cbecs,building_survey,3084,3084,1,91,50000,1,4,2,85,47,1,1,1,1,2,2,2,6388,784,7412471.0,2172471.0,368445.0,2599317.0,25042.0,34877.0,134.42
cbecs,building_survey,3085,3085,3,14,68000,1,6,1,40,75,1,1,1,2,2,2,2,2109,3140,1163278.0,340937.0,19108.0,747055.0,7197.0,6232.0,99.04
cbecs,building_survey,3086,3086,2,15,10000,3,2,6,25,2,1,1,1,2,1,2,2,6388,978,1448199.0,424443.0,36786.0,76854.0,740.0,783.0,677.21
cbecs,building_survey,3087,3087,3,14,114000,1,8,1,55,76,1,1,1,2,2,2,2,1386,3602,3024554.0,886446.0,82071.0,78273.0,754.0,799.0,99.38
cbecs,building_survey,3088,3088,4,91,10000,1,6,1,60,8,1,1,2,2,2,2,2,3338,2367,405077.0,118721.0,9131.0,,,,30.86
cbecs,building_survey,3089,3089,3,12,25000,1,7,1,21,54,1,1,2,2,2,2,2,2214,3092,865883.0,253776.0,20800.0,,,,621.37
cbecs,building_survey,3090,3090,2,2,140000,2,7,2,45,45,1,1,1,2,2,2,2,7808,901,2430955.0,712472.0,60295.0,4655565.0,44851.0,24685.0,357.27
cbecs,building_survey,3091,3091,3,25,290000,3,6,65,48,150,1,1,2,2,2,2,2,1354,3210,6838456.0,2004237.0,230570.0,,,,8.76
cbecs,building_survey,3092,3092,1,2,13000,1,7,1,168,25,1,1,1,1,2,2,2,4978,1381,1288747.0,377710.0,34398.0,536973.0,5173.0,5411.0,502.9
cbecs,building_survey,3093,3093,4,2,30000,1,4,1,50,90,1,1,1,1,2,2,2,1720,1615,3118764.0,914057.0,190376.0,1305572.0,12578.0,8446.0,611.8
cbecs,building_survey,3094,3094,1,2,12250,2,2,1,40,5,1,1,2,2,1,2,2,7267,694,138632.0,40631.0,7553.0,,,,2934.43
cbecs,building_survey,3095,3095,3,6,1900,1,6,1,72,2,1,1,1,2,2,2,2,2874,2560,111252.0,32606.0,4074.0,36685.0,353.0,617.0,3320.27
cbecs,building_survey,3096,3096,4,5,8500,2,7,1,84,1,1,1,1,2,2,2,2,1840,1534,74226.0,21754.0,4001.0,3160.0,30.0,49.0,3554.88
cbecs,building_survey,3097,3097,4,23,23250,1,7,6,80,24,1,1,1,2,2,2,2,4282,720,1778673.0,521299.0,68036.0,1003912.0,9672.0,8091.0,406.08
cbecs,building_survey,3098,3098,4,15,3200,1,9,1,63,15,1,1,2,2,2,2,2,4579,319,701776.0,205679.0,27165.0,,,,9.16
cbecs,building_survey,3099,3099,2,16,250000,8,8,1,168,400,1,1,1,1,2,1,2,6429,1274,18694544.0,5479057.0,479900.0,120114.0,1157.0,1189.0,8.44
cbecs,building_survey,3100,3100,3,2,3900,2,3,1,50,20,1,1,2,2,2,2,2,967,3691,126979.0,37215.0,5126.0,,,,1784.4
cbecs,building_survey,3101,3101,2,1,118000,1,2,2,45,16,1,1,1,2,2,2,2,6260,1306,1632736.0,478528.0,41876.0,2329580.0,22443.0,18523.0,55.51
cbecs,building_survey,3102,3102,3,26,35000,2,2,1,60,6,1,1,2,1,2,2,2,3574,2059,622436.0,182426.0,16415.0,,,,66.03
cbecs,building_survey,3103,3103,3,14,280000,3,6,1,70,150,1,1,1,1,1,2,2,1341,3649,13495077.0,3955181.0,400501.0,637616.0,6143.0,7142.0,8.84
cbecs,building_survey,3104,3104,4,14,255000,2,4,1,108,100,1,1,1,2,2,2,1,5676,1368,4364691.0,1279218.0,98809.0,1126339.0,10851.0,7951.0,8.6
cbecs,building_survey,3105,3105,3,12,34500,1,3,1,12,10,1,1,1,1,2,2,2,1200,3407,199885.0,58583.0,10917.0,10816.0,104.0,472.0,1489.41
cbecs,building_survey,3106,3106,2,2,435000,994,5,1,60,760,1,1,1,1,2,1,2,5572,1201,41159420.0,12063136.0,602509.0,7089196.0,68297.0,37207.0,3.85
cbecs,building_survey,3107,3107,4,16,500001,5,7,1,168,850,1,1,1,2,2,1,2,2029,220,57225585.0,16771860.0,2101012.0,27157522.0,261633.0,143437.0,3.95
cbecs,building_survey,3108,3108,1,2,1400,2,6,1,40,3,1,1,2,1,2,2,2,6550,768,107394.0,31475.0,4321.0,,,,2934.43
cbecs,building_survey,3109,3109,3,18,18000,2,7,1,168,2,1,1,1,2,2,2,2,3121,1817,432282.0,126695.0,7302.0,754051.0,7264.0,6125.0,1218.58
cbecs,building_survey,3110,3110,4,15,5200,1,2,1,70,40,1,1,1,2,2,2,2,705,1967,722161.0,211653.0,34792.0,1429995.0,13776.0,10016.0,1265.79
cbecs,building_survey,3111,3111,1,14,85000,1,4,1,50,58,1,1,1,2,2,2,2,6574,725,1735688.0,508701.0,85673.0,4802670.0,46268.0,20847.0,288.37
cbecs,building_survey,3112,3112,1,13,50000,3,5,1,98,25,1,1,1,1,2,2,2,7197,807,1501112.0,439951.0,58308.0,5480390.0,52798.0,29415.0,623.52
cbecs,building_survey,3113,3113,4,15,3500,1,7,1,98,7,1,1,1,2,2,2,2,7096,341,630150.0,184686.0,17635.0,598123.0,5762.0,3577.0,1218.03
cbecs,building_survey,3114,3114,3,18,205000,994,6,1,168,70,1,1,1,1,2,2,2,2275,2219,15903720.0,4661114.0,392887.0,2533979.0,24412.0,24669.0,14.67
cbecs,building_survey,3115,3115,4,2,600000,995,6,18,66,900,1,1,1,1,2,2,2,1976,274,10696231.0,3134886.0,515624.0,5932543.0,57154.0,62771.0,15.06
cbecs,building_survey,3116,3116,3,18,300000,6,8,1,168,20,1,1,1,2,2,1,2,1675,3500,7427045.0,2176742.0,149615.0,318325.0,3067.0,2617.0,5.89
cbecs,building_survey,3117,3117,3,15,1500,1,4,1,70,4,1,1,1,2,2,2,2,1105,4273,151588.0,44428.0,3277.0,254429.0,2451.0,1884.0,1218.03
cbecs,building_survey,3118,3118,3,1,65000,6,6,1,50,40,1,1,1,1,2,2,2,4486,1677,2429249.0,711972.0,60339.0,467130.0,4500.0,4062.0,246.59
cbecs,building_survey,3119,3119,1,14,220000,3,2,1,60,130,1,1,1,2,2,2,2,5463,930,3177840.0,931372.0,87324.0,13358056.0,128690.0,93781.0,44.64
cbecs,building_survey,3120,3120,3,23,13250,1,5,3,52,16,1,1,1,2,2,2,2,2993,2301,665666.0,195096.0,12296.0,418973.0,4036.0,3477.0,2009.74
cbecs,building_survey,3121,3121,3,15,88000,2,5,1,12,35,1,1,1,1,2,2,2,1250,3490,8556187.0,2507675.0,160964.0,4646702.0,44766.0,28895.0,245.01
cbecs,building_survey,3122,3122,4,5,23750,1,4,17,40,1,1,1,2,2,2,2,2,795,1362,752191.0,220455.0,28746.0,,,,1531.55
cbecs,building_survey,3123,3123,4,8,500000,4,8,1,112,210,1,1,1,1,2,2,2,3787,405,27905517.0,8178639.0,753504.0,38165380.0,367682.0,296628.0,15.06
cbecs,building_survey,3124,3124,1,14,250000,2,9,3,90,130,1,1,2,1,1,2,2,6769,690,7371957.0,2160597.0,314328.0,,,,8.74
cbecs,building_survey,3125,3125,1,17,230000,4,9,1,168,150,1,1,1,1,2,2,2,7624,634,11841379.0,3470510.0,377181.0,20619420.0,198646.0,76083.0,9.96
cbecs,building_survey,3126,3126,3,25,196000,1,6,6,168,125,1,1,2,2,2,2,2,1465,3687,16145167.0,4731878.0,212928.0,,,,14.9
cbecs,building_survey,3127,3127,1,14,98000,6,2,2,70,100,1,1,1,1,2,2,2,5189,1132,4213210.0,1234821.0,113839.0,1226770.0,11819.0,9707.0,97.52
cbecs,building_survey,3128,3128,2,2,41500,2,6,1,40,50,1,1,2,2,2,2,2,4447,2140,2987352.0,875543.0,69424.0,,,,747.01
cbecs,building_survey,3129,3129,3,2,61000,7,4,12,76,113,1,1,2,1,2,2,2,4325,1399,2926148.0,857605.0,149314.0,,,,267.28
cbecs,building_survey,3130,3130,3,91,20000,1,8,1,50,2,1,1,1,2,2,2,2,3361,2476,226346.0,66338.0,7005.0,242751.0,2339.0,3267.0,690.18
cbecs,building_survey,3131,3131,4,16,800000,6,5,1,168,1100,1,1,1,1,2,2,2,8846,15,102955461.0,30174520.0,3538054.0,28269862.0,272349.0,153207.0,9.01
cbecs,building_survey,3132,3132,3,13,42000,2,9,1,102,24,1,1,1,2,2,2,2,2976,2427,5162643.0,1513084.0,145242.0,1775637.0,17106.0,13988.0,224.76
cbecs,building_survey,3133,3133,4,14,210000,2,3,1,60,130,1,1,1,2,2,2,2,4637,860,4087136.0,1197871.0,129106.0,6022285.0,58018.0,35017.0,8.84
cbecs,building_survey,3134,3134,3,13,60000,2,6,1,74,45,1,1,1,2,2,2,2,3427,2299,4161040.0,1219531.0,93308.0,253579.0,2443.0,2110.0,8.84
cbecs,building_survey,3135,3135,2,14,205000,3,8,1,60,100,1,1,1,2,2,2,2,7649,625,3270678.0,958581.0,121587.0,3925796.0,37821.0,23945.0,45.53
cbecs,building_survey,3136,3136,2,18,174000,3,6,1,168,22,1,1,2,2,2,2,2,5337,1908,3506141.0,1027591.0,100751.0,,,,330.8
cbecs,building_survey,3137,3137,3,1,300000,6,8,0,0,0,1,1,2,2,2,2,2,3287,2495,12805.0,3753.0,650.0,,,,54.9
cbecs,building_survey,3138,3138,3,14,130000,1,3,1,60,125,1,1,1,2,2,2,2,3723,1699,5267663.0,1543864.0,159636.0,7675859.0,73949.0,40476.0,99.38
cbecs,building_survey,3139,3139,3,13,50000,2,8,6,60,25,1,1,2,2,2,2,2,1699,3095,194571.0,57025.0,3697.0,,,,245.01
cbecs,building_survey,3140,3140,3,12,30000,1,8,1,48,4,1,1,2,2,2,2,2,3301,2154,780050.0,228620.0,29431.0,,,,244.16
cbecs,building_survey,3141,3141,3,8,2100,1,6,1,40,7,1,1,1,2,2,2,2,3537,2196,102127.0,29932.0,3511.0,100566.0,969.0,1138.0,2800.45
cbecs,building_survey,3142,3142,4,2,69000,6,9,1,55,75,1,1,1,2,2,2,2,5762,490,1554412.0,455572.0,49743.0,2039318.0,19647.0,12444.0,460.22
cbecs,building_survey,3143,3143,2,26,5000,2,2,1,58,24,1,1,1,2,2,2,2,5971,1300,100540.0,29467.0,3679.0,232100.0,2236.0,1476.0,1531.55
cbecs,building_survey,3144,3144,4,5,800000,4,7,1,20,400,1,1,2,1,1,2,2,1811,4413,32955253.0,9658632.0,685143.0,,,,14.67
cbecs,building_survey,3145,3145,2,2,60000,3,8,4,66,300,1,1,2,2,2,2,2,5479,1489,3176074.0,930854.0,129008.0,,,,14.9
cbecs,building_survey,3146,3146,2,25,41000,1,5,3,80,16,1,1,1,2,2,2,2,9570,868,1166759.0,341958.0,32688.0,1484600.0,14303.0,11525.0,623.52
cbecs,building_survey,3147,3147,3,2,14000,1,6,1,50,4,1,1,2,2,2,2,2,2991,2430,415159.0,121676.0,11032.0,,,,1413.09
cbecs,building_survey,3148,3148,3,18,255000,994,4,1,168,30,1,1,1,2,2,2,2,2095,3507,8117167.0,2379006.0,175235.0,1362370.0,13125.0,12113.0,9.01
cbecs,building_survey,3149,3149,1,2,250000,5,6,1,50,400,1,1,1,1,2,2,2,5100,1243,7074872.0,2073526.0,286639.0,787025.0,7582.0,6309.0,117.32
cbecs,building_survey,3150,3150,3,2,1450,1,8,1,50,4,1,1,2,2,2,2,2,3133,2274,215452.0,63145.0,6300.0,,,,2990.63
cbecs,building_survey,3151,3151,2,5,166000,3,9,1,85,100,1,1,1,2,2,2,2,6687,816,3598370.0,1054622.0,113412.0,6079643.0,58571.0,34586.0,49.37
cbecs,building_survey,3152,3152,2,14,480000,3,8,1,18,125,1,1,1,2,2,2,2,5476,1300,13201401.0,3869109.0,376464.0,12680529.0,122163.0,57364.0,9.11
cbecs,building_survey,3153,3153,1,14,210000,3,3,1,100,60,1,1,1,1,2,2,2,6592,803,5040870.0,1477394.0,162692.0,12035679.0,115951.0,65271.0,9.96
cbecs,building_survey,3154,3154,4,7,400000,1,7,1,168,150,1,1,1,1,2,2,2,3825,1803,22348335.0,6549922.0,462120.0,26636119.0,256610.0,163984.0,76.01
cbecs,building_survey,3155,3155,3,15,3200,1,8,1,60,2,1,1,1,2,2,2,2,2518,2459,209870.0,61509.0,7209.0,276534.0,2664.0,2270.0,1218.03
cbecs,building_survey,3156,3156,4,5,24000,1,7,1,40,35,1,1,2,2,2,2,2,1216,931,735826.0,215658.0,44983.0,,,,3343.72
cbecs,building_survey,3157,3157,4,2,5600,1,6,1,120,10,1,1,1,2,2,2,2,2415,158,123853.0,36299.0,8152.0,146811.0,1414.0,2026.0,3075.23
cbecs,building_survey,3158,3158,2,26,3000,1,5,1,40,4,1,1,2,2,2,2,2,5901,1388,119551.0,35038.0,3575.0,,,,3709.28
cbecs,building_survey,3159,3159,4,2,210000,995,5,1,60,800,1,1,1,2,2,2,2,1267,1959,5517154.0,1616985.0,198134.0,2150601.0,20719.0,15575.0,15.06
cbecs,building_survey,3160,3160,2,14,300000,4,2,1,60,90,1,1,1,2,2,2,2,7277,661,4055385.0,1188565.0,135523.0,5560767.0,53572.0,19559.0,10.55
cbecs,building_survey,3161,3161,3,2,800000,995,7,21,64,1300,1,1,1,2,2,2,2,4278,1858,35701786.0,10463595.0,1490844.0,1059958.0,10212.0,10606.0,14.9
cbecs,building_survey,3162,3162,3,14,91000,1,5,1,100,50,1,1,2,2,1,2,2,1330,3674,5442648.0,1595149.0,130491.0,,,,298.16
cbecs,building_survey,3163,3163,4,13,12000,4,2,3,52,11,1,1,1,2,2,2,2,9083,222,74148.0,21732.0,1988.0,670359.0,6458.0,5196.0,593.96
cbecs,building_survey,3164,3164,3,1,12750,2,4,0,0,0,1,1,2,2,2,2,2,1002,4059,118622.0,34766.0,2621.0,,,,1489.41
cbecs,building_survey,3165,3165,2,26,5100,1,2,1,67,1,1,1,1,2,2,2,2,6395,1248,44688.0,13097.0,1542.0,229590.0,2212.0,2030.0,2990.63
cbecs,building_survey,3166,3166,2,14,59000,1,4,1,40,25,1,1,1,2,2,2,2,4385,2085,1577274.0,462273.0,61414.0,1935845.0,18650.0,8069.0,282.95
cbecs,building_survey,3167,3167,3,18,106000,994,8,1,168,11,1,1,1,2,2,2,2,4284,1717,6065874.0,1777806.0,257346.0,3356748.0,32339.0,32826.0,5.52
cbecs,building_survey,3168,3168,2,2,51000,3,8,2,50,75,1,1,1,2,2,2,2,4939,1285,3353433.0,982835.0,86533.0,3955947.0,38111.0,21022.0,8.85
cbecs,building_survey,3169,3169,2,2,9900,1,6,1,43,5,1,1,1,2,2,2,2,7782,911,330807.0,96954.0,9457.0,286554.0,2761.0,2502.0,2990.63
cbecs,building_survey,3170,3170,4,23,220000,1,8,21,105,171,1,1,1,2,2,2,2,665,1426,15824471.0,4637887.0,598073.0,10319872.0,99421.0,55978.0,175.02
cbecs,building_survey,3171,3171,2,12,13500,3,3,1,8,3,1,1,1,2,2,2,2,5363,1445,179593.0,52636.0,5146.0,299172.0,2882.0,2518.0,1101.66
cbecs,building_survey,3172,3172,2,17,150000,9,4,1,168,50,1,1,1,2,2,2,2,5518,1520,15278122.0,4477761.0,391686.0,11171684.0,107627.0,50744.0,100.08
cbecs,building_survey,3173,3173,1,13,385000,4,8,12,140,150,1,1,1,1,2,2,2,5216,1184,23364142.0,6847638.0,618125.0,16739463.0,161267.0,118775.0,31.35
cbecs,building_survey,3174,3174,3,13,14000,1,8,2,168,3,1,1,2,2,2,2,2,3285,2379,2329241.0,682661.0,51018.0,,,,1413.09
cbecs,building_survey,3175,3175,3,5,75000,1,5,20,70,30,1,1,1,2,2,2,2,3921,2108,793341.0,232515.0,33564.0,219675.0,2116.0,712.0,245.01
cbecs,building_survey,3176,3176,3,23,33000,1,9,20,56,56,1,1,1,2,2,2,2,1671,4058,3116576.0,913416.0,79014.0,1683316.0,16217.0,13608.0,10.71
cbecs,building_survey,3177,3177,3,5,35000,2,6,3,60,20,1,1,1,2,2,2,2,3768,1903,399637.0,117127.0,11621.0,256473.0,2471.0,2391.0,470.02
cbecs,building_survey,3178,3178,1,2,3750,2,4,2,40,6,1,1,1,2,2,2,2,5676,1080,81032.0,23749.0,3031.0,94549.0,911.0,1299.0,797.99
cbecs,building_survey,3179,3179,3,2,60000,1,7,1,90,200,1,1,1,1,2,2,2,3546,1669,3310434.0,970233.0,83666.0,1080061.0,10405.0,21015.0,213.58
cbecs,building_survey,3180,3180,1,14,310000,2,8,1,75,225,1,1,1,1,2,2,2,7011,627,8299718.0,2432508.0,111205.0,11115308.0,107084.0,60475.0,8.84
cbecs,building_survey,3181,3181,4,24,455000,3,6,996,84,1030,1,1,1,2,1,2,2,2200,861,36633681.0,10736718.0,2033185.0,6494160.0,62564.0,67005.0,14.96
cbecs,building_survey,3182,3182,4,8,28000,2,3,5,72,100,1,1,1,1,2,2,2,2297,726,3067031.0,898895.0,146102.0,1041267.0,10031.0,12053.0,497.31
cbecs,building_survey,3183,3183,4,15,16000,2,8,1,84,9,1,1,1,1,1,2,2,5335,922,2727919.0,799507.0,58372.0,983327.0,9473.0,6910.0,1445.98
cbecs,building_survey,3184,3184,3,13,450000,1,8,4,96,60,1,1,1,1,2,2,2,3028,2086,46235432.0,13550830.0,1424399.0,7485818.0,72118.0,73657.0,52.07
cbecs,building_survey,3185,3185,3,13,495000,6,5,1,168,100,1,1,2,2,2,1,2,1947,3348,15326958.0,4492074.0,297263.0,,,,8.44
cbecs,building_survey,3186,3186,2,2,40000,1,3,3,66,24,1,1,1,2,2,2,2,6995,1064,1130062.0,331202.0,29195.0,1384303.0,13336.0,7699.0,611.8
cbecs,building_survey,3187,3187,3,26,1300,1,6,1,65,8,1,1,2,2,2,2,2,3456,2243,125087.0,36661.0,5241.0,,,,2934.43
cbecs,building_survey,3188,3188,3,2,500001,994,8,15,56,465,1,1,2,1,2,2,2,5697,1162,13929782.0,4082586.0,441343.0,,,,14.9
cbecs,building_survey,3189,3189,3,5,255000,1,3,2,50,12,1,1,1,2,2,2,2,4910,1787,2395941.0,702210.0,53094.0,5597932.0,53930.0,30410.0,17.77
cbecs,building_survey,3190,3190,2,23,92000,2,8,11,136,102,1,1,1,2,2,2,2,6739,913,10561580.0,3095422.0,268465.0,8629292.0,83134.0,45442.0,204.11
cbecs,building_survey,3191,3191,3,16,70000,1,3,1,168,20,1,1,1,1,2,2,2,4851,1852,2877663.0,843395.0,76992.0,2764382.0,26632.0,21168.0,126.51
cbecs,building_survey,3192,3192,1,5,7500,1,2,1,0,1,1,1,2,2,2,2,2,6012,963,35900.0,10522.0,1053.0,,,,1779.2
cbecs,building_survey,3193,3193,2,15,2400,1,7,1,30,3,1,1,2,2,2,2,2,5642,1673,634306.0,185904.0,28921.0,,,,14.9
cbecs,building_survey,3194,3194,2,23,27000,1,6,18,42,52,1,1,1,2,2,2,2,7004,783,2011785.0,589620.0,50940.0,2330408.0,22451.0,18165.0,841.34
cbecs,building_survey,3195,3195,3,8,5500,1,5,2,40,15,1,1,2,2,2,2,2,2145,2437,333497.0,97742.0,7861.0,,,,2990.63
cbecs,building_survey,3196,3196,1,25,3000,1,4,2,48,4,1,1,1,2,2,2,2,5164,1226,33406.0,9791.0,1235.0,33926.0,327.0,358.0,2990.63
cbecs,building_survey,3197,3197,3,14,170000,2,9,1,60,200,1,1,1,2,2,2,2,2784,2708,6685026.0,1959269.0,124272.0,2097489.0,20207.0,14597.0,67.85
cbecs,building_survey,3198,3198,3,2,188000,8,7,13,65,599,1,1,2,1,2,2,2,4551,1538,11531966.0,3379826.0,261126.0,,,,137.69
cbecs,building_survey,3199,3199,3,14,84000,2,4,1,40,10,1,1,1,2,2,2,2,2202,2247,2911320.0,853259.0,66831.0,1805694.0,17396.0,21945.0,97.52
cbecs,building_survey,3200,3200,2,5,30000,1,7,1,63,35,1,1,2,2,2,2,2,6246,1596,766333.0,224599.0,28298.0,,,,215.07
cbecs,building_survey,3201,3201,3,2,100000,1,7,5,40,150,1,1,2,2,2,2,2,1782,3324,4377598.0,1283001.0,109958.0,,,,213.58
cbecs,building_survey,3202,3202,4,18,22750,4,6,1,168,40,1,1,1,2,2,2,1,1243,843,458822.0,134473.0,16436.0,80841.0,779.0,812.0,426.97
cbecs,building_survey,3203,3203,1,14,225000,3,7,1,100,200,1,1,1,2,2,2,2,7434,840,4188134.0,1227472.0,206033.0,11238949.0,108275.0,41033.0,126.07
cbecs,building_survey,3204,3204,3,8,6400,1,8,1,48,20,1,1,2,2,2,2,2,2775,1771,1122860.0,329091.0,36736.0,,,,1218.03
cbecs,building_survey,3205,3205,1,12,8000,2,4,1,168,0,1,1,2,1,2,2,2,5411,982,113624.0,33301.0,2197.0,,,,2990.63
cbecs,building_survey,3206,3206,3,13,12000,2,6,1,70,4,1,1,1,2,2,2,2,4431,1582,126024.0,36936.0,3464.0,127435.0,1228.0,1082.0,1413.09
cbecs,building_survey,3207,3207,4,25,205000,1,9,6,168,150,1,1,1,2,2,2,2,1973,1544,13054709.0,3826116.0,606370.0,3095862.0,29825.0,16466.0,56.41
cbecs,building_survey,3208,3208,2,5,176000,1,6,50,120,300,1,1,1,2,2,2,2,7791,1094,7208061.0,2112562.0,203523.0,6132015.0,59075.0,27944.0,15.06
cbecs,building_survey,3209,3209,3,1,2000,1,4,1,27,1,1,1,2,2,2,2,2,2590,2085,34416.0,10087.0,1414.0,,,,2990.63
cbecs,building_survey,3210,3210,4,2,250000,4,8,1,60,1000,1,1,1,1,2,2,2,5011,1260,16494317.0,4834208.0,370319.0,1463689.0,14101.0,12396.0,14.9
cbecs,building_survey,3211,3211,1,2,158000,4,5,5,55,450,1,1,2,2,2,2,2,5911,1130,11053506.0,3239597.0,121904.0,,,,14.9
cbecs,building_survey,3212,3212,1,26,38000,1,7,2,64,40,1,1,2,1,2,2,2,8235,393,466979.0,136864.0,12971.0,,,,670.57
cbecs,building_survey,3213,3213,2,23,97000,1,6,14,60,166,1,1,1,2,2,2,2,8312,617,4119634.0,1207396.0,104324.0,4761094.0,45868.0,25882.0,395.28
cbecs,building_survey,3214,3214,2,91,285000,3,6,1,168,220,1,1,1,1,2,2,2,6647,1138,89489224.0,26227791.0,1737875.0,4897635.0,47183.0,18163.0,14.9
cbecs,building_survey,3215,3215,3,25,26000,1,9,1,83,15,1,1,1,2,2,2,2,2643,3510,1205672.0,353362.0,39259.0,366981.0,3535.0,4731.0,591.56
cbecs,building_survey,3216,3216,4,25,3500,1,8,1,68,1,1,1,2,2,2,2,2,757,1362,34638.0,10152.0,1916.0,,,,3075.23
cbecs,building_survey,3217,3217,3,17,40000,1,7,1,168,40,1,1,1,2,2,2,2,4028,2363,2904955.0,851394.0,63930.0,1445505.0,13926.0,12008.0,504.63
cbecs,building_survey,3218,3218,3,12,100000,2,5,1,50,9,1,1,1,2,2,2,2,3925,1653,2619804.0,767821.0,66187.0,614942.0,5924.0,5670.0,117.32
cbecs,building_survey,3219,3219,4,5,265000,1,7,2,17,42,1,1,1,2,1,2,2,1953,1624,1640708.0,480864.0,66075.0,67077.0,646.0,890.0,32.81
cbecs,building_survey,3220,3220,4,8,52000,1,4,2,10,50,1,1,1,1,2,2,2,1743,1536,2539738.0,744355.0,129445.0,2367101.0,22804.0,28808.0,290.39
cbecs,building_survey,3221,3221,4,18,160000,3,6,1,168,50,1,1,1,2,2,2,2,5209,1090,6873173.0,2014412.0,142461.0,5197799.0,50075.0,24921.0,8.84
cbecs,building_survey,3222,3222,2,17,126000,4,8,1,168,35,1,1,1,1,2,2,2,8310,864,4921946.0,1442540.0,148116.0,4602482.0,44340.0,31046.0,8.84
cbecs,building_survey,3223,3223,2,14,190000,1,7,1,84,200,1,1,1,2,2,2,2,7578,650,3049349.0,893713.0,99188.0,7680791.0,73996.0,14859.0,97.52
cbecs,building_survey,3224,3224,3,16,285000,6,4,1,168,250,1,1,1,1,2,2,2,2022,2103,41044620.0,12029490.0,817545.0,45028950.0,433805.0,493787.0,14.87
cbecs,building_survey,3225,3225,4,18,30000,3,7,1,168,0,1,1,1,2,2,2,2,1401,4198,1849326.0,542006.0,39206.0,582942.0,5616.0,4187.0,1195.68
cbecs,building_survey,3226,3226,3,5,350000,2,3,1,40,30,1,1,1,2,2,2,2,3751,1722,904008.0,264950.0,24738.0,7875946.0,75876.0,42518.0,66.03
cbecs,building_survey,3227,3227,1,18,98000,5,8,1,168,14,1,1,1,2,1,2,2,5779,1140,3754190.0,1100290.0,87263.0,2483080.0,23922.0,24505.0,332.94
cbecs,building_survey,3228,3228,1,2,20500,2,7,6,63,12,1,1,1,2,2,2,2,5225,1213,380102.0,111402.0,14998.0,476193.0,4588.0,4849.0,1489.41
cbecs,building_survey,3229,3229,3,13,128000,2,2,1,168,85,1,1,1,2,2,1,2,3803,1741,10053344.0,2946467.0,186779.0,3945624.0,38012.0,31265.0,90.79
cbecs,building_survey,3230,3230,3,12,3200,1,7,1,26,14,1,1,1,2,2,2,2,4748,1769,81527.0,23894.0,1950.0,35933.0,346.0,297.0,1426.39
cbecs,building_survey,3231,3231,4,2,2500,1,7,1,50,2,1,1,1,2,2,2,2,1677,1607,28352.0,8309.0,1674.0,13834.0,133.0,255.0,3075.23
cbecs,building_survey,3232,3232,2,5,30000,1,6,1,60,5,1,1,1,2,2,2,2,7244,907,448624.0,131484.0,11977.0,4194592.0,40410.0,29305.0,621.37
cbecs,building_survey,3233,3233,3,18,122000,5,8,1,168,20,1,1,1,2,2,2,2,3295,2456,5055149.0,1481579.0,109820.0,3152151.0,30368.0,25813.0,12.93
cbecs,building_survey,3234,3234,1,16,345000,7,5,1,168,1200,1,1,1,1,2,2,2,4449,1472,31400806.0,9203050.0,642059.0,6904418.0,66517.0,36321.0,11.7
cbecs,building_survey,3235,3235,4,13,2400,1,3,1,1,10,1,1,1,2,2,2,2,5197,711,8865.0,2598.0,519.0,24236.0,233.0,431.0,3075.23
cbecs,building_survey,3236,3236,4,13,7700,1,4,1,9,1,1,1,1,2,2,2,2,2520,557,199397.0,58440.0,8125.0,449306.0,4329.0,3787.0,3825.74
cbecs,building_survey,3237,3237,3,4,410000,994,6,1,168,600,1,1,1,1,2,1,2,4329,1869,59906367.0,17557552.0,1523548.0,2636454.0,25399.0,14059.0,8.84
cbecs,building_survey,3238,3238,3,4,186000,6,4,1,168,300,1,1,1,2,2,1,2,3167,2017,17182596.0,5035931.0,384925.0,313821.0,3023.0,2629.0,15.29
cbecs,building_survey,3239,3239,1,6,54000,1,9,1,168,18,1,1,1,2,1,2,2,5159,1354,11370523.0,3332510.0,202248.0,6876944.0,66252.0,36241.0,213.58
cbecs,building_survey,3240,3240,4,16,2100000,994,5,5,168,1500,1,1,1,1,2,2,2,6720,439,153706557.0,45048815.0,3031972.0,237468231.0,2287748.0,1066229.0,9.01
cbecs,building_survey,3241,3241,3,12,1100,1,8,1,5,4,1,1,2,2,1,2,2,3196,2161,20333.0,5959.0,807.0,,,,2990.63
cbecs,building_survey,3242,3242,1,2,320000,6,6,2,168,500,1,1,1,2,2,2,2,4215,1480,17298708.0,5069961.0,560959.0,6457380.0,62210.0,56760.0,14.9
cbecs,building_survey,3243,3243,2,8,178000,6,7,1,91,275,1,1,1,1,2,2,2,5693,1204,11626775.0,3407613.0,375879.0,7262978.0,69971.0,33825.0,52.84
cbecs,building_survey,3244,3244,1,4,355000,9,8,6,168,315,1,1,1,1,2,2,1,4480,1536,48304920.0,14157362.0,1313642.0,48947166.0,471553.0,575871.0,6.63
cbecs,building_survey,3245,3245,3,2,6500,1,8,1,40,10,1,1,2,2,1,2,2,1390,3215,283754.0,83164.0,8859.0,,,,1214.38
cbecs,building_survey,3246,3246,2,2,275000,8,8,2,60,500,1,1,2,1,2,2,2,6914,1073,16280006.0,4771397.0,519473.0,,,,8.93
cbecs,building_survey,3247,3247,4,15,8000,3,2,2,72,3,1,1,1,2,2,2,2,8055,241,320422.0,93910.0,9061.0,535940.0,5163.0,3565.0,1029.87
cbecs,building_survey,3248,3248,4,13,4500,1,6,1,20,4,1,1,2,2,2,2,2,422,1200,32996.0,9671.0,1711.0,,,,677.49
cbecs,building_survey,3249,3249,4,16,92000,1,7,1,168,120,1,1,1,1,2,2,2,6141,767,6348656.0,1860685.0,144266.0,18361727.0,176895.0,143713.0,146.85
cbecs,building_survey,3250,3250,2,13,200001,6,2,80,168,85,1,1,1,2,2,2,2,7271,909,16077050.0,4711914.0,402448.0,19940764.0,192108.0,105263.0,8.85
cbecs,building_survey,3251,3251,4,5,350000,1,8,2,40,16,1,1,1,2,2,2,2,5332,1529,10275074.0,3011452.0,218110.0,5804708.0,55922.0,25301.0,69.6
cbecs,building_survey,3252,3252,4,18,250000,994,6,1,168,30,1,1,1,2,2,2,2,5399,1024,3050835.0,894149.0,74842.0,6279585.0,60497.0,27523.0,50.03
cbecs,building_survey,3253,3253,3,2,4000,1,5,3,35,1,1,1,2,2,2,2,2,2529,3725,204620.0,59971.0,5570.0,,,,2990.63
cbecs,building_survey,3254,3254,3,15,7200,2,2,1,70,15,1,1,1,2,1,2,2,2468,2397,534623.0,156689.0,20445.0,1061725.0,10229.0,12983.0,1218.03
cbecs,building_survey,3255,3255,2,25,35000,2,5,1,71,50,1,1,1,2,2,2,2,6002,1305,1626476.0,476693.0,42333.0,2718935.0,26194.0,26175.0,227.11
cbecs,building_survey,3256,3256,4,15,5000,1,2,1,81,10,1,1,1,2,2,2,2,1453,4592,595313.0,174476.0,23371.0,459931.0,4431.0,3356.0,1195.14
cbecs,building_survey,3257,3257,2,5,60000,1,7,1,40,11,1,1,1,2,2,2,2,5001,1166,1133969.0,332347.0,32330.0,2191515.0,21113.0,9869.0,614.49
cbecs,building_survey,3258,3258,1,91,46000,2,4,1,128,23,1,1,1,2,2,2,2,7337,681,4686743.0,1373606.0,129887.0,1713090.0,16504.0,13565.0,1030.4
cbecs,building_survey,3259,3259,3,8,360000,3,9,2,60,800,1,1,1,1,2,2,2,3156,2256,6825623.0,2000476.0,162289.0,33030481.0,318213.0,178259.0,9.24
cbecs,building_survey,3260,3260,1,25,20000,1,3,3,46,8,1,1,2,1,1,2,2,5339,1210,129115.0,37841.0,3949.0,,,,1489.41
cbecs,building_survey,3261,3261,3,1,1550,1,7,0,0,0,2,2,2,2,2,2,2,1454,3043,,,,,,,1218.03
cbecs,building_survey,3262,3262,3,23,106000,1,6,3,75,38,1,1,1,2,2,2,2,3133,2725,7051103.0,2066560.0,174735.0,488190.0,4703.0,4025.0,175.02
cbecs,building_survey,3263,3263,2,2,2500,1,8,1,168,2,1,1,1,2,2,2,2,8702,744,199566.0,58489.0,5498.0,92434.0,891.0,891.0,3075.23
cbecs,building_survey,3264,3264,2,18,196000,7,6,1,168,40,1,1,1,1,2,2,2,7502,960,10008183.0,2933231.0,265652.0,11286479.0,108733.0,34007.0,50.03
cbecs,building_survey,3265,3265,2,2,380000,3,6,1,70,1300,1,1,1,1,1,2,2,8374,565,17524392.0,5136106.0,441532.0,4787984.0,46127.0,17404.0,15.06
cbecs,building_survey,3266,3266,2,26,11000,1,6,1,40,0,1,1,1,2,2,2,2,5135,1134,181834.0,53292.0,5932.0,514545.0,4957.0,5096.0,1531.55
cbecs,building_survey,3267,3267,2,5,10000,2,6,2,10,6,1,1,1,2,2,2,2,8238,846,191874.0,56235.0,6218.0,198387.0,1911.0,1810.0,1489.41
cbecs,building_survey,3268,3268,3,2,1100,1,5,12,32,3,1,1,2,2,2,2,2,4887,1320,55195.0,16177.0,2684.0,,,,2990.63
cbecs,building_survey,3269,3269,4,17,12000,1,4,1,168,24,1,1,1,2,2,2,2,2016,1366,1093507.0,320489.0,50404.0,1405251.0,13538.0,16312.0,1399.59
cbecs,building_survey,3270,3270,4,14,69000,1,3,1,60,45,1,1,1,2,2,2,2,3793,1699,762265.0,223407.0,20216.0,820657.0,7906.0,4056.0,376.78
cbecs,building_survey,3271,3271,2,25,104000,1,8,1,126,200,1,1,1,2,2,2,2,5615,1128,7760262.0,2274403.0,192836.0,4965749.0,47840.0,27009.0,95.94
cbecs,building_survey,3272,3272,1,16,230000,5,3,1,168,300,1,1,1,1,2,2,2,5027,1350,26712026.0,7828847.0,723041.0,17586822.0,169430.0,94652.0,9.91
cbecs,building_survey,3273,3273,3,25,225000,1,8,5,168,150,1,1,1,2,2,2,2,4117,1880,16152278.0,4733962.0,440956.0,4404714.0,42435.0,48386.0,14.67
cbecs,building_survey,3274,3274,2,5,340000,3,2,2,50,115,1,1,1,2,2,2,2,6278,976,3337998.0,978311.0,86027.0,6236189.0,60079.0,13357.0,58.79
cbecs,building_survey,3275,3275,2,14,255000,4,2,1,80,200,1,1,1,2,2,2,2,6848,846,5905504.0,1730804.0,165701.0,20627516.0,198724.0,114379.0,45.1
cbecs,building_survey,3276,3276,3,18,82000,3,8,1,168,20,1,1,1,2,2,2,2,3409,2039,4347080.0,1274056.0,91060.0,2488339.0,23972.0,22551.0,97.52
cbecs,building_survey,3277,3277,4,15,3600,1,9,1,80,30,1,1,1,2,2,2,2,5595,1459,1352282.0,396331.0,31468.0,334878.0,3226.0,3136.0,691.38
cbecs,building_survey,3278,3278,1,25,6000,1,3,1,46,1,1,1,1,2,2,2,2,4921,1312,73132.0,21434.0,1660.0,71943.0,693.0,800.0,2990.63
cbecs,building_survey,3279,3279,3,18,162000,5,5,1,168,60,1,1,1,2,2,2,2,4187,1545,6315914.0,1851089.0,184718.0,5214802.0,50239.0,52454.0,8.7
cbecs,building_survey,3280,3280,3,13,40000,3,8,1,88,25,1,1,2,2,2,2,2,2794,2118,3908686.0,1145570.0,113732.0,,,,470.02
cbecs,building_survey,3281,3281,3,11,126000,2,7,1,144,20,1,1,2,2,2,2,2,3378,2458,23223172.0,6806322.0,361945.0,,,,31.35
cbecs,building_survey,3282,3282,3,12,3600,2,2,1,7,0,1,1,2,2,1,2,2,4027,1565,37914.0,11112.0,1484.0,,,,1472.45
cbecs,building_survey,3283,3283,3,2,3500,1,4,1,70,5,1,1,1,2,2,2,2,2481,2489,517893.0,151786.0,17313.0,106702.0,1028.0,1471.0,1218.03
cbecs,building_survey,3284,3284,1,2,124000,3,8,4,60,490,1,1,1,1,2,2,2,8198,481,7259744.0,2127709.0,120195.0,301373.0,2903.0,2610.0,117.32
cbecs,building_survey,3285,3285,3,5,200000,1,6,1,50,25,1,1,2,2,1,2,2,3978,2079,590823.0,173160.0,27850.0,,,,27.17
cbecs,building_survey,3286,3286,3,2,1150,1,3,1,50,3,1,1,1,2,2,2,2,3936,1796,21667.0,6350.0,634.0,85134.0,820.0,688.0,2990.63
cbecs,building_survey,3287,3287,3,25,122000,2,8,2,168,80,1,1,1,2,2,2,2,4013,1761,9711758.0,2846353.0,291684.0,2713443.0,26141.0,14893.0,213.58
cbecs,building_survey,3288,3288,1,26,1600,2,8,1,60,3,1,1,1,2,2,2,2,5737,1432,86248.0,25278.0,3250.0,156688.0,1510.0,2883.0,2934.43
cbecs,building_survey,3289,3289,1,4,126000,8,2,1,168,100,1,1,2,2,2,1,2,4672,1526,7803474.0,2287067.0,138838.0,,,,5.98
cbecs,building_survey,3290,3290,1,13,10000,1,7,1,80,1,1,1,2,1,2,1,2,8692,427,341425.0,100066.0,15204.0,,,,1195.68
cbecs,building_survey,3291,3291,2,5,4500,1,8,1,168,0,1,1,2,2,2,2,2,5881,1080,22457.0,6582.0,653.0,,,,3195.83
cbecs,building_survey,3292,3292,1,14,220000,3,4,1,100,120,1,1,1,2,2,2,2,6578,794,5575772.0,1634165.0,149592.0,28326223.0,272892.0,152463.0,8.84
cbecs,building_survey,3293,3293,1,13,10000,3,2,1,35,5,1,1,1,2,2,2,2,4816,1307,551523.0,161642.0,15501.0,799784.0,7705.0,6446.0,1118.9
cbecs,building_survey,3294,3294,2,18,310000,4,7,2,168,40,1,1,1,1,2,2,2,7383,956,4554007.0,1334703.0,162068.0,15892191.0,153104.0,83505.0,8.84
cbecs,building_survey,3295,3295,1,14,600000,994,5,1,88,300,1,1,1,1,2,2,2,5426,1276,13591206.0,3983355.0,363269.0,36816339.0,354685.0,344371.0,6.63
cbecs,building_survey,3296,3296,4,14,96000,2,8,1,40,50,1,1,1,2,2,2,2,6214,232,1868805.0,547715.0,56417.0,2984033.0,28748.0,17775.0,63.31
cbecs,building_survey,3297,3297,3,7,800000,995,7,9,45,200,1,1,2,1,2,1,2,1166,4029,21801569.0,6389674.0,444279.0,,,,6.63
cbecs,building_survey,3298,3298,3,2,70000,9,6,13,100,130,1,1,2,1,2,2,2,3109,1816,5642585.0,1653747.0,141767.0,,,,246.59
cbecs,building_survey,3299,3299,3,18,174000,995,8,1,168,20,1,1,1,1,2,2,2,2987,2239,8738363.0,2561068.0,242313.0,4076326.0,39271.0,27304.0,51.1
cbecs,building_survey,3300,3300,3,23,150000,2,4,5,59,53,1,1,1,2,2,2,2,3930,1765,8738578.0,2561131.0,154209.0,3700069.0,35646.0,19878.0,175.02
cbecs,building_survey,3301,3301,4,5,245000,2,5,2,55,80,1,1,1,2,2,2,2,3331,398,2619333.0,767683.0,97456.0,1024001.0,9865.0,8610.0,249.3
cbecs,building_survey,3302,3302,3,17,142000,3,9,1,168,25,1,1,1,1,2,2,2,3303,2140,15458631.0,4530666.0,391824.0,1452172.0,13990.0,12978.0,99.04
cbecs,building_survey,3303,3303,3,2,54000,3,5,5,108,75,1,1,1,2,2,2,2,3632,2345,2888248.0,846497.0,61577.0,1491528.0,14369.0,6855.0,1413.09
cbecs,building_survey,3304,3304,2,23,225000,3,8,9,46,159,1,1,1,2,2,2,2,8288,465,12701053.0,3722466.0,324357.0,13572898.0,130760.0,73459.0,117.7
cbecs,building_survey,3305,3305,2,17,120000,4,7,2,168,140,1,1,1,1,2,2,2,8854,746,5373875.0,1574993.0,146075.0,9364076.0,90213.0,59674.0,50.03
cbecs,building_survey,3306,3306,2,4,215000,7,8,3,168,300,1,1,1,2,2,1,2,7857,697,31098903.0,9114567.0,899852.0,759063.0,7313.0,4250.0,12.76
cbecs,building_survey,3307,3307,3,2,270000,994,8,15,60,850,1,1,2,1,2,2,2,1658,3501,8346627.0,2446256.0,254232.0,,,,14.9
cbecs,building_survey,3308,3308,2,14,285000,994,7,1,88,130,1,1,1,2,2,2,2,6404,1183,17024341.0,4989549.0,482968.0,201523.0,1941.0,3217.0,9.11
cbecs,building_survey,3309,3309,4,25,2400,1,9,1,100,12,1,1,2,2,2,2,2,3741,1913,91444.0,26801.0,2144.0,,,,2528.63
cbecs,building_survey,3310,3310,2,25,10000,1,5,1,39,3,1,1,2,2,2,2,2,9706,662,573553.0,168099.0,15046.0,,,,1489.41
cbecs,building_survey,3311,3311,2,7,3000,1,6,1,168,4,1,1,1,2,2,2,2,6262,1079,77644.0,22756.0,2066.0,158848.0,1530.0,1528.0,678.39
cbecs,building_survey,3312,3312,4,5,13250,2,5,1,40,10,1,1,2,2,2,2,2,6296,688,614342.0,180053.0,7727.0,,,,1531.55
cbecs,building_survey,3313,3313,2,23,31000,1,8,14,55,56,1,1,1,2,2,2,2,5683,1221,2133716.0,625356.0,53687.0,2567322.0,24733.0,13837.0,841.34
cbecs,building_survey,3314,3314,2,25,3200,1,5,2,60,1,1,1,2,2,1,2,2,9006,1003,86290.0,25290.0,3362.0,,,,2990.63
cbecs,building_survey,3315,3315,3,8,12000,1,7,2,50,40,1,1,2,2,1,2,2,4006,1746,615965.0,180529.0,18706.0,,,,690.18
cbecs,building_survey,3316,3316,4,2,490000,8,6,24,55,700,1,1,1,1,2,2,2,1924,696,13001725.0,3810588.0,584480.0,2662434.0,25650.0,29804.0,15.06
cbecs,building_survey,3317,3317,4,14,210000,2,8,1,45,30,1,1,1,2,2,2,2,4268,795,3744775.0,1097531.0,106080.0,1296602.0,12491.0,11448.0,48.31
cbecs,building_survey,3318,3318,3,15,2500,1,7,1,168,12,1,1,1,2,2,2,2,2488,2469,751500.0,220252.0,34082.0,1066747.0,10277.0,12175.0,1218.03
cbecs,building_survey,3319,3319,1,26,11000,1,4,2,60,2,1,1,1,2,2,2,2,6122,896,57145.0,16748.0,1291.0,414443.0,3993.0,2185.0,3420.76
cbecs,building_survey,3320,3320,1,2,3500,3,2,2,40,6,1,1,1,2,2,2,2,6006,787,138605.0,40623.0,4203.0,142112.0,1369.0,2249.0,1195.14
cbecs,building_survey,3321,3321,1,2,3750,2,7,2,45,5,1,1,2,1,2,2,2,5985,989,116154.0,34043.0,3602.0,,,,3780.32
cbecs,building_survey,3322,3322,3,23,3800,1,9,4,105,6,1,1,1,2,2,2,2,1449,4029,431430.0,126445.0,11177.0,135081.0,1301.0,1231.0,1930.83
cbecs,building_survey,3323,3323,1,2,1500000,995,4,6,65,7500,1,1,1,1,2,1,2,5265,1419,85921434.0,25182132.0,1834234.0,11634154.0,112082.0,62624.0,14.9
cbecs,building_survey,3324,3324,1,14,83000,3,3,1,40,61,1,1,1,2,2,2,2,5524,929,1123566.0,329298.0,56837.0,3797180.0,36582.0,16931.0,97.52
cbecs,building_survey,3325,3325,4,18,500000,995,6,1,168,300,1,1,1,1,2,2,1,826,1121,16710103.0,4897451.0,801881.0,4348019.0,41888.0,84707.0,51.34
cbecs,building_survey,3326,3326,4,16,600000,4,6,3,168,500,1,1,1,1,2,2,2,5471,412,55827969.0,16362242.0,985234.0,7902765.0,76135.0,35089.0,9.91
cbecs,building_survey,3327,3327,4,13,89000,4,9,1,95,65,1,1,1,1,2,2,1,1049,1504,3057970.0,896240.0,118487.0,266239.0,2565.0,1065.0,141.31
cbecs,building_survey,3328,3328,3,15,5000,1,8,1,117,20,1,1,2,2,1,2,2,2987,2501,877710.0,257242.0,14902.0,,,,1218.03
cbecs,building_survey,3329,3329,2,14,104000,3,4,1,84,110,1,1,1,2,2,2,2,5883,1407,3539616.0,1037402.0,88254.0,6923932.0,66705.0,36487.0,298.79
cbecs,building_survey,3330,3330,1,14,172000,4,8,1,65,100,1,1,1,2,2,2,2,4497,1443,9160208.0,2684703.0,306570.0,7235998.0,69711.0,62387.0,44.64
cbecs,building_survey,3331,3331,1,14,75000,3,2,1,55,61,1,1,1,2,2,2,2,5139,1229,1204159.0,352919.0,44745.0,4810893.0,46348.0,44386.0,99.04
cbecs,building_survey,3332,3332,3,14,52000,1,4,1,60,50,1,1,2,2,2,2,2,1783,3185,2262248.0,663027.0,77240.0,,,,467.07
cbecs,building_survey,3333,3333,2,2,600000,994,6,14,72,900,1,1,1,1,2,2,2,5949,1124,22048367.0,6462007.0,648552.0,270806.0,2609.0,1620.0,15.06
cbecs,building_survey,3334,3334,4,16,2100000,994,8,1,168,3500,1,1,1,1,2,1,2,829,991,119235608.0,34945958.0,3599055.0,2256180.0,21736.0,13427.0,6.68
cbecs,building_survey,3335,3335,2,14,110000,2,8,1,65,50,1,1,2,1,2,2,2,8018,585,3086629.0,904639.0,109616.0,,,,172.9
cbecs,building_survey,3336,3336,4,2,60000,3,8,8,168,90,1,1,1,2,2,2,2,1187,1924,3365950.0,986504.0,125058.0,1163153.0,11206.0,8433.0,312.77
cbecs,building_survey,3337,3337,4,18,23000,2,6,1,168,8,1,1,1,2,2,2,2,1334,813,532849.0,156169.0,24356.0,650156.0,6264.0,5102.0,495.15
cbecs,building_survey,3338,3338,3,17,152000,5,4,3,168,55,1,1,1,1,2,2,2,4586,1575,6207986.0,1819457.0,56487.0,4470909.0,43072.0,16048.0,97.52
cbecs,building_survey,3339,3339,2,25,4050,1,8,2,60,2,1,1,1,2,2,2,2,7647,935,508349.0,148989.0,23050.0,135140.0,1302.0,1031.0,2990.63
cbecs,building_survey,3340,3340,3,12,20000,2,8,1,40,3,1,1,1,2,2,2,2,3563,2260,321054.0,94096.0,9982.0,494493.0,4764.0,3118.0,1413.09
cbecs,building_survey,3341,3341,3,13,184000,1,5,1,84,20,1,1,1,1,2,2,2,4145,1843,12716593.0,3727020.0,279835.0,8573507.0,82596.0,45371.0,14.67
cbecs,building_survey,3342,3342,2,13,3800,1,5,1,54,2,1,1,1,2,2,2,2,8195,626,89746.0,26303.0,3603.0,231107.0,2226.0,1697.0,1531.55
cbecs,building_survey,3343,3343,1,26,4750,1,9,1,55,3,1,1,1,2,2,2,2,7671,608,79239.0,23224.0,2595.0,289283.0,2787.0,2455.0,2990.63
cbecs,building_survey,3344,3344,3,5,3000,1,6,1,16,3,2,2,2,2,2,2,2,2043,2131,,,,,,,4468.96
cbecs,building_survey,3345,3345,1,2,320000,4,5,3,40,500,1,1,1,1,2,2,2,6632,809,44079190.0,12918872.0,1789078.0,15714741.0,151394.0,62842.0,14.73
cbecs,building_survey,3346,3346,3,2,3200,2,6,2,47,10,1,1,1,2,2,2,2,1810,4053,44820.0,13136.0,1567.0,50592.0,487.0,887.0,1413.09
cbecs,building_survey,3347,3347,2,2,36500,5,2,2,50,60,1,1,2,2,2,2,2,5041,2103,1643161.0,481583.0,68372.0,,,,580.45
cbecs,building_survey,3348,3348,3,2,500001,995,5,13,45,600,1,1,2,1,2,2,1,1264,3249,17701469.0,5188004.0,314903.0,,,,14.9
cbecs,building_survey,3349,3349,3,13,176000,2,8,1,75,25,1,1,1,2,2,2,2,3457,2024,7735322.0,2267093.0,211945.0,2893868.0,27879.0,20021.0,125.04
cbecs,building_survey,3350,3350,3,2,82000,6,6,85,70,300,1,1,2,2,2,2,2,1203,3613,6166490.0,1807295.0,136437.0,,,,14.9
cbecs,building_survey,3351,3351,4,91,7500,1,3,10,50,0,2,2,2,2,2,2,2,3279,2348,,,,,,,1195.14
cbecs,building_survey,3352,3352,1,15,2250,2,2,1,55,2,1,1,1,2,2,2,2,7748,612,70072.0,20537.0,2361.0,284772.0,2743.0,2471.0,1218.03
cbecs,building_survey,3353,3353,4,1,106000,5,2,0,0,0,1,1,2,2,2,2,2,797,1554,81551.0,23901.0,3599.0,,,,141.31
cbecs,building_survey,3354,3354,4,2,3450,1,5,1,35,5,1,1,1,2,2,2,2,944,1753,168969.0,49522.0,7844.0,50631.0,488.0,566.0,3075.23
cbecs,building_survey,3355,3355,4,26,500001,3,5,1,168,300,1,1,1,1,1,2,2,4963,238,27523573.0,8066698.0,1039510.0,15614139.0,150425.0,83662.0,15.06
cbecs,building_survey,3356,3356,3,2,22000,4,6,5,54,20,1,1,1,2,2,2,2,3856,2205,2015581.0,590733.0,63721.0,1863568.0,17953.0,13652.0,1601.81
cbecs,building_survey,3357,3357,3,14,35500,1,7,1,68,19,1,1,1,2,2,2,2,2268,3484,1275962.0,373963.0,48142.0,1094634.0,10546.0,7906.0,431.11
cbecs,building_survey,3358,3358,2,13,3600,2,5,1,4,0,1,1,1,2,2,2,2,7204,892,24555.0,7197.0,1350.0,75694.0,729.0,900.0,1472.45
cbecs,building_survey,3359,3359,3,5,700000,1,9,1,168,300,1,1,1,1,1,2,2,2972,2426,47683872.0,13975343.0,969890.0,2448042.0,23584.0,10830.0,30.86
cbecs,building_survey,3360,3360,3,2,9500,1,5,1,45,15,1,1,2,2,2,2,2,1170,4209,280413.0,82184.0,5897.0,,,,2990.63
cbecs,building_survey,3361,3361,4,26,17000,1,5,1,48,28,1,1,1,2,2,2,2,5684,384,376442.0,110329.0,14328.0,1411097.0,13594.0,7955.0,3420.76
cbecs,building_survey,3362,3362,3,17,53000,1,4,1,168,42,1,1,2,2,2,2,2,3239,2001,5872477.0,1721125.0,149450.0,,,,460.21
cbecs,building_survey,3363,3363,1,5,72000,1,5,1,50,6,1,1,1,2,2,2,2,5008,1280,415208.0,121691.0,17966.0,2156022.0,20771.0,19948.0,247.57
cbecs,building_survey,3364,3364,4,11,245000,2,5,1,45,2,1,1,1,2,2,2,2,784,1287,19983186.0,5856737.0,751582.0,53833.0,519.0,670.0,70.08
cbecs,building_survey,3365,3365,4,14,116000,2,5,9,55,50,1,1,1,2,2,2,2,5821,690,3969653.0,1163439.0,116719.0,6076557.0,58541.0,26456.0,99.38
cbecs,building_survey,3366,3366,4,5,2400,1,5,1,53,1,1,1,1,2,2,2,2,4215,934,14520.0,4256.0,775.0,30355.0,292.0,475.0,6921.06
cbecs,building_survey,3367,3367,3,26,3000,1,8,1,54,5,1,1,1,2,2,2,2,2431,3079,125328.0,36732.0,3683.0,22942.0,221.0,109.0,2990.63
cbecs,building_survey,3368,3368,1,2,106000,4,6,16,60,250,1,1,1,2,2,2,2,5251,1226,9520495.0,2790297.0,345236.0,103.0,1.0,156.0,97.44
cbecs,building_survey,3369,3369,1,12,2700,1,2,1,6,0,1,1,2,1,1,2,2,6870,743,13919.0,4079.0,1099.0,,,,2934.43
cbecs,building_survey,3370,3370,1,5,1000000,1,7,1,168,200,1,1,1,2,2,2,2,4965,1100,9985974.0,2926722.0,205355.0,19938310.0,192084.0,68387.0,14.9
cbecs,building_survey,3371,3371,4,2,9700,1,8,2,60,40,1,1,1,2,2,2,2,2256,1383,271890.0,79686.0,20154.0,103215.0,994.0,1625.0,1486.89
cbecs,building_survey,3372,3372,3,14,150000,1,3,1,60,100,1,1,1,2,2,2,2,2706,2631,4117061.0,1206642.0,106786.0,1234790.0,11896.0,6509.0,288.37
cbecs,building_survey,3373,3373,4,18,102000,5,5,1,168,16,1,1,1,1,1,2,2,1909,197,3592242.0,1052826.0,149715.0,4245865.0,40904.0,35590.0,51.34
cbecs,building_survey,3374,3374,2,25,64000,2,6,1,47,10,1,1,1,2,2,2,2,6578,1079,1302309.0,381685.0,42482.0,1096666.0,10565.0,9584.0,215.07
cbecs,building_survey,3375,3375,2,2,61000,3,6,22,75,80,1,1,2,2,2,2,2,6449,1175,3569757.0,1046236.0,91336.0,,,,1748.0
cbecs,building_survey,3376,3376,2,5,176000,2,9,1,90,50,1,1,1,1,1,2,2,8460,1072,2193286.0,642815.0,65863.0,6294609.0,60642.0,49009.0,66.03
cbecs,building_survey,3377,3377,2,2,1150,1,2,1,45,3,1,1,2,2,2,2,2,5109,1562,31821.0,9326.0,1237.0,,,,2990.63
cbecs,building_survey,3378,3378,4,26,1200,1,4,2,70,6,1,1,1,2,2,2,2,1068,1250,84824.0,24860.0,3618.0,50950.0,491.0,1138.0,3872.84
cbecs,building_survey,3379,3379,4,5,166000,2,4,3,68,120,1,1,2,2,2,2,2,660,1786,703388.0,206151.0,46420.0,,,,70.08
cbecs,building_survey,3380,3380,4,2,110000,6,7,1,65,192,1,1,1,2,2,2,2,1114,947,9289943.0,2722727.0,558298.0,874805.0,8428.0,7112.0,227.11
cbecs,building_survey,3381,3381,3,14,140000,2,4,1,60,90,1,1,1,2,2,2,2,3820,1772,4640541.0,1360065.0,158027.0,5063873.0,48785.0,58202.0,99.38
cbecs,building_survey,3382,3382,2,25,13500,1,4,2,62,8,1,1,1,2,2,2,2,5762,1164,239065.0,70066.0,7038.0,937655.0,9033.0,6530.0,1531.55
cbecs,building_survey,3383,3383,4,2,700000,995,6,21,54,1000,1,1,2,1,2,2,2,778,1258,18311780.0,5366876.0,967614.0,,,,15.06
cbecs,building_survey,3384,3384,4,15,3500,1,8,1,84,8,1,1,1,2,2,2,2,4994,758,283904.0,83208.0,3913.0,575028.0,5540.0,4789.0,1265.79
cbecs,building_survey,3385,3385,1,2,166000,994,7,3,168,250,1,1,1,1,2,2,2,6596,647,18387258.0,5388997.0,422424.0,1253716.0,12078.0,9927.0,14.9
cbecs,building_survey,3386,3386,3,2,13250,1,6,1,45,5,1,1,1,2,2,2,2,3084,1741,340917.0,99917.0,9029.0,319782.0,3081.0,2703.0,21.45
cbecs,building_survey,3387,3387,2,5,6000,1,9,1,168,1,1,1,2,2,2,2,2,5173,1122,28956.0,8487.0,814.0,,,,13927.66
cbecs,building_survey,3388,3388,2,2,240000,9,8,10,56,1000,1,1,1,1,2,2,2,7749,1050,10279447.0,3012734.0,256983.0,4065872.0,39170.0,30392.0,9.01
cbecs,building_survey,3389,3389,4,13,192000,6,7,1,82,130,1,1,2,2,2,2,1,827,1298,8749082.0,2564209.0,320165.0,,,,8.66
cbecs,building_survey,3390,3390,3,1,260000,9,2,2,60,300,1,1,1,1,2,2,2,2830,1973,6889273.0,2019130.0,175106.0,965780.0,9304.0,7712.0,6.52
cbecs,building_survey,3391,3391,4,25,7500,1,5,1,112,2,1,1,2,2,2,2,2,2031,1071,375541.0,110065.0,22813.0,,,,15.06
cbecs,building_survey,3392,3392,4,23,10750,1,7,8,56,22,1,1,1,2,2,2,2,2080,1182,762738.0,223546.0,28533.0,644770.0,6212.0,5250.0,2009.74
cbecs,building_survey,3393,3393,2,12,11000,2,5,1,72,3,1,1,1,2,2,2,2,7608,1045,153890.0,45103.0,6997.0,310405.0,2990.0,2122.0,1489.41
cbecs,building_survey,3394,3394,3,7,55000,6,2,1,40,50,1,1,1,1,2,2,2,2842,2704,2090023.0,612551.0,46252.0,3546523.0,34167.0,28557.0,324.59
cbecs,building_survey,3395,3395,2,14,470000,3,8,1,90,200,1,1,1,1,2,2,2,9128,808,9844660.0,2885305.0,295350.0,7709313.0,74271.0,53709.0,8.84
cbecs,building_survey,3396,3396,3,23,75000,1,8,6,99,74,1,1,1,2,2,2,2,2163,2833,7064164.0,2070388.0,178394.0,2920552.0,28136.0,15848.0,395.28
cbecs,building_survey,3397,3397,2,17,150000,4,6,1,168,96,1,1,1,1,2,2,2,6188,1112,10674220.0,3128435.0,321806.0,9459858.0,91135.0,49631.0,45.1
cbecs,building_survey,3398,3398,3,5,270000,1,8,3,55,20,1,1,1,2,1,2,2,4225,1815,1938515.0,568146.0,51823.0,1875688.0,18070.0,14943.0,31.35
cbecs,building_survey,3399,3399,3,12,7000,2,4,1,8,1,1,1,1,2,2,2,2,3070,2003,59422.0,17416.0,3957.0,135461.0,1305.0,1391.0,21.45
cbecs,building_survey,3400,3400,2,5,140000,1,8,1,132,25,1,1,1,2,2,2,2,7795,574,1251635.0,366833.0,38830.0,1705424.0,16430.0,9614.0,237.36
cbecs,building_survey,3401,3401,4,12,30000,1,7,1,49,8,1,1,1,2,2,2,2,1648,4560,843197.0,247127.0,25806.0,96854.0,933.0,974.0,611.8
cbecs,building_survey,3402,3402,4,2,1800,1,7,1,48,2,1,1,1,2,2,2,2,4646,1671,54039.0,15838.0,1900.0,54960.0,529.0,534.0,2990.63
cbecs,building_survey,3403,3403,4,25,6500,1,5,1,45,8,1,1,2,2,2,2,2,1493,3807,399866.0,117194.0,32351.0,,,,1461.43
cbecs,building_survey,3404,3404,3,2,3250,1,9,1,54,8,1,1,2,2,2,2,2,1552,4167,138945.0,40722.0,4634.0,,,,1218.03
cbecs,building_survey,3405,3405,3,18,300000,995,5,2,168,150,1,1,1,2,2,1,2,2476,2278,14762341.0,4326595.0,319633.0,5291485.0,50978.0,44188.0,8.7
cbecs,building_survey,3406,3406,1,25,116000,1,7,1,96,45,1,1,1,2,2,2,2,5872,1059,9370624.0,2746373.0,441717.0,6469250.0,62324.0,22744.0,105.74
cbecs,building_survey,3407,3407,4,2,3600,1,6,1,45,3,1,1,1,2,2,2,2,1761,1822,39134.0,11470.0,2988.0,65163.0,628.0,855.0,3414.19
cbecs,building_survey,3408,3408,3,25,12000,1,5,1,55,4,1,1,2,2,2,2,2,1625,3514,272329.0,79815.0,7370.0,,,,6659.94
cbecs,building_survey,3409,3409,2,2,15250,3,2,4,60,11,1,1,1,2,2,2,2,7944,567,516948.0,151509.0,21804.0,738947.0,7119.0,5620.0,1531.55
cbecs,building_survey,3410,3410,1,2,280000,994,2,45,168,400,1,1,2,1,2,2,2,6777,773,27512695.0,8063510.0,1204398.0,,,,14.73
cbecs,building_survey,3411,3411,2,2,20500,2,2,1,55,11,1,1,1,2,2,2,2,6336,1094,399666.0,117135.0,14126.0,579586.0,5584.0,6755.0,4375.84
cbecs,building_survey,3412,3412,3,15,3500,1,5,1,60,8,1,1,1,2,2,2,2,2378,2515,556470.0,163092.0,19501.0,770485.0,7423.0,6618.0,1218.03
cbecs,building_survey,3413,3413,4,13,63000,2,8,1,98,30,1,1,1,2,2,2,2,1577,4837,5075827.0,1487640.0,103548.0,2851537.0,27471.0,15034.0,611.8
cbecs,building_survey,3414,3414,3,14,97000,4,2,1,168,80,1,1,1,2,2,1,2,3043,1823,5648206.0,1655394.0,117522.0,819698.0,7897.0,6590.0,99.04
cbecs,building_survey,3415,3415,4,5,128000,2,5,1,168,60,1,1,1,1,2,2,2,4565,1767,3307796.0,969460.0,68446.0,4685783.0,45142.0,37356.0,48.85
cbecs,building_survey,3416,3416,3,18,1700000,995,8,4,168,360,1,1,1,1,2,2,2,1266,3252,31986638.0,9374747.0,405644.0,31149515.0,300092.0,242791.0,14.9
cbecs,building_survey,3417,3417,2,14,24500,1,8,1,40,6,1,1,1,2,2,2,2,7849,586,187495.0,54952.0,6307.0,1620133.0,15608.0,12943.0,1399.59
cbecs,building_survey,3418,3418,3,25,41000,2,9,1,73,20,1,1,2,2,2,2,2,1434,2810,1101399.0,322802.0,34660.0,,,,310.59
cbecs,building_survey,3419,3419,2,14,490000,1,3,1,100,100,1,1,1,2,2,2,2,7072,616,9818490.0,2877635.0,313659.0,23694915.0,228275.0,127447.0,22.49
cbecs,building_survey,3420,3420,3,14,250000,2,4,1,50,315,1,1,1,2,2,2,2,1850,3102,13473216.0,3948774.0,309992.0,3210245.0,30927.0,20318.0,44.64
cbecs,building_survey,3421,3421,4,18,260000,995,3,1,168,70,1,1,1,1,1,2,2,955,1813,7859922.0,2303611.0,291371.0,11498164.0,110772.0,32562.0,51.34
cbecs,building_survey,3422,3422,4,2,106000,5,6,20,60,225,1,1,2,2,2,2,2,1883,4655,9842922.0,2884795.0,309834.0,,,,137.69
cbecs,building_survey,3423,3423,2,2,400000,995,2,1,55,600,1,1,1,1,2,1,2,4857,2253,10313695.0,3022771.0,343884.0,2143580.0,20651.0,17278.0,14.9
cbecs,building_survey,3424,3424,3,2,130000,7,6,9,55,80,1,1,2,1,2,2,2,1628,4232,8508855.0,2493803.0,271196.0,,,,14.9
cbecs,building_survey,3425,3425,4,15,3200,1,9,1,115,16,1,1,1,2,2,2,2,6016,619,508235.0,148955.0,13446.0,804508.0,7751.0,6464.0,562.43
cbecs,building_survey,3426,3426,3,14,104000,1,8,1,50,76,1,1,1,2,2,2,2,2761,2260,3754646.0,1100424.0,94477.0,1848752.0,17811.0,16361.0,288.37
cbecs,building_survey,3427,3427,3,2,110000,3,8,6,50,200,1,1,2,1,2,2,2,1455,3837,4292824.0,1258155.0,121997.0,,,,117.32
cbecs,building_survey,3428,3428,3,1,114000,9,5,0,0,0,1,1,1,1,2,2,2,3542,2127,6473575.0,1897296.0,124657.0,105.0,1.0,306.0,50.03
cbecs,building_survey,3429,3429,3,2,330000,995,6,22,60,300,1,1,1,1,2,2,2,4206,1908,17366950.0,5089962.0,551323.0,6778218.0,65301.0,64738.0,14.9
cbecs,building_survey,3430,3430,4,2,1000000,994,4,9,60,2400,1,1,2,1,2,1,2,870,1196,37337418.0,10942971.0,1629310.0,,,,15.06
cbecs,building_survey,3431,3431,3,2,205000,994,6,10,60,700,1,1,2,1,2,2,2,4180,2025,17297652.0,5069652.0,655527.0,,,,58.26
cbecs,building_survey,3432,3432,1,16,460000,994,3,9,168,650,1,1,1,1,2,1,2,7340,657,43576380.0,12771506.0,1190164.0,54247635.0,522617.0,905098.0,9.17
cbecs,building_survey,3433,3433,1,16,180000,5,9,2,168,125,1,1,1,1,2,2,2,6230,828,15088123.0,4422076.0,399553.0,2139178.0,20609.0,17573.0,50.09
cbecs,building_survey,3434,3434,4,13,48000,3,6,1,40,100,1,1,2,1,1,2,2,8442,40,1695389.0,496890.0,29450.0,,,,246.59
cbecs,building_survey,3435,3435,3,13,6000,2,5,1,69,4,1,1,1,2,2,2,2,4016,1268,148835.0,43621.0,4965.0,87914.0,847.0,979.0,2990.63
cbecs,building_survey,3436,3436,1,14,168000,2,7,1,45,115,1,1,1,1,2,2,2,5443,1090,5097431.0,1493972.0,119323.0,8729064.0,84095.0,45870.0,44.64
cbecs,building_survey,3437,3437,3,2,150000,7,6,50,55,150,1,1,1,1,2,2,2,4396,1712,14290273.0,4188239.0,414607.0,2457328.0,23674.0,18002.0,21.42
cbecs,building_survey,3438,3438,4,91,144000,994,2,1,50,20,1,1,2,1,2,1,2,5838,880,82509897.0,24182268.0,1707604.0,,,,137.69
cbecs,building_survey,3439,3439,4,14,52000,1,4,1,60,45,1,1,1,2,2,2,2,2082,1647,3832088.0,1123121.0,147440.0,769292.0,7411.0,6218.0,495.15
cbecs,building_survey,3440,3440,4,23,102000,1,8,25,75,74,1,1,1,2,2,2,2,1524,4102,8741410.0,2561961.0,182211.0,5704074.0,54953.0,25753.0,175.02
cbecs,building_survey,3441,3441,2,91,5000,1,6,1,24,1,1,1,1,2,2,2,2,6147,1391,172632.0,50596.0,4935.0,161978.0,1560.0,1437.0,1531.55
cbecs,building_survey,3442,3442,3,91,1000000,4,5,2,168,1580,1,1,1,1,2,2,2,2942,2075,70378971.0,20626897.0,1301298.0,23727309.0,228587.0,126435.0,62.07
cbecs,building_survey,3443,3443,3,13,43000,1,9,1,107,3,1,1,2,2,2,2,2,3215,2269,3012084.0,882791.0,62670.0,,,,591.56
cbecs,building_survey,3444,3444,4,13,25000,3,7,4,77,31,1,1,2,2,2,2,2,6745,735,3438163.0,1007668.0,42526.0,,,,31.97
cbecs,building_survey,3445,3445,3,5,440000,1,4,1,16,250,1,1,1,2,2,2,2,2381,3093,7581738.0,2222080.0,188437.0,750675.0,7232.0,5996.0,28.53
cbecs,building_survey,3446,3446,3,5,290000,2,8,1,55,100,1,1,1,2,2,2,2,1929,3193,3603139.0,1056020.0,64803.0,1927189.0,18566.0,15248.0,31.35
cbecs,building_survey,3447,3447,1,14,80000,2,6,1,50,75,1,1,1,2,2,2,2,6979,596,1559550.0,457078.0,62811.0,1837374.0,17701.0,34886.0,97.52
cbecs,building_survey,3448,3448,2,5,320000,1,8,1,80,25,1,1,1,2,2,2,2,7876,703,9596815.0,2812666.0,258772.0,12231011.0,117832.0,65040.0,15.06
cbecs,building_survey,3449,3449,3,23,50001,1,8,6,55,77,1,1,1,2,2,2,2,2128,2079,3540085.0,1037540.0,63384.0,745129.0,7179.0,5955.0,841.34
cbecs,building_survey,3450,3450,1,2,134000,3,3,1,60,275,1,1,1,2,2,2,2,5121,923,3700707.0,1084615.0,98945.0,5817052.0,56041.0,30812.0,117.32
cbecs,building_survey,3451,3451,3,5,200000,1,5,1,84,12,1,1,1,2,2,2,2,2461,2981,3649027.0,1069469.0,90068.0,4025524.0,38782.0,21737.0,14.9
cbecs,building_survey,3452,3452,4,8,365000,994,8,1,112,1000,1,1,1,1,2,2,2,4642,272,26375049.0,7730085.0,652903.0,17413526.0,167760.0,101388.0,17.76
cbecs,building_survey,3453,3453,4,5,17250,1,8,3,168,25,1,1,1,2,2,2,2,493,4940,836985.0,245306.0,31548.0,35391.0,341.0,384.0,3554.88
cbecs,building_survey,3454,3454,2,14,350000,5,2,1,75,150,1,1,1,1,2,2,2,6646,1015,7149081.0,2095276.0,203300.0,19547635.0,188320.0,91244.0,51.34
cbecs,building_survey,3455,3455,1,18,122000,5,6,1,168,20,1,1,1,2,2,1,2,5623,1201,2247612.0,658737.0,61120.0,3106668.0,29929.0,16764.0,332.94
cbecs,building_survey,3456,3456,3,25,205000,1,8,5,168,150,1,1,1,2,2,2,2,3072,2135,16250469.0,4762740.0,413877.0,5076963.0,48911.0,45054.0,25.2
cbecs,building_survey,3457,3457,4,2,2100000,995,4,55,66,4250,1,1,2,2,2,1,2,2674,65,69286431.0,20306691.0,3849833.0,,,,15.06
cbecs,building_survey,3458,3458,3,2,5600,1,6,1,40,12,1,1,2,2,2,2,2,1628,3345,198812.0,58268.0,6283.0,,,,14.9
cbecs,building_survey,3459,3459,3,23,310000,1,8,21,55,165,1,1,1,2,2,2,2,5331,1279,17133529.0,5021550.0,434917.0,23020634.0,221779.0,121286.0,175.02
cbecs,building_survey,3460,3460,4,15,1600,1,5,1,55,3,1,1,1,2,2,2,2,3049,2218,86344.0,25306.0,2021.0,175104.0,1687.0,1294.0,1195.14
cbecs,building_survey,3461,3461,4,15,6800,1,6,1,168,2,1,1,1,2,2,2,2,1635,4034,452516.0,132625.0,9181.0,322160.0,3104.0,2473.0,8.62
cbecs,building_survey,3462,3462,4,23,154000,1,8,7,75,72,1,1,1,2,2,2,2,2004,1551,9318189.0,2731005.0,345558.0,9013581.0,86836.0,47821.0,175.02
cbecs,building_survey,3463,3463,4,25,205000,1,7,4,126,150,1,1,1,2,2,2,2,4240,1333,17489602.0,5125909.0,367903.0,2366310.0,22797.0,12343.0,14.67
cbecs,building_survey,3464,3464,2,13,15000,2,8,1,20,5,1,1,1,2,2,2,2,4567,1655,1216992.0,356680.0,30878.0,210306.0,2026.0,1807.0,935.99
cbecs,building_survey,3465,3465,1,8,95000,3,4,14,168,100,1,1,1,2,2,2,2,8233,745,15973925.0,4681690.0,376074.0,2850588.0,27462.0,15413.0,8.76
cbecs,building_survey,3466,3466,1,14,102000,7,8,2,98,25,1,1,2,2,2,1,2,5088,1263,4371848.0,1281315.0,119570.0,,,,97.52
cbecs,building_survey,3467,3467,3,5,25001,2,4,1,60,9,1,1,1,1,2,2,2,3526,1833,588333.0,172431.0,17092.0,869865.0,8380.0,6588.0,797.99
cbecs,building_survey,3468,3468,3,26,3950,1,8,1,40,1,1,1,2,2,2,2,2,3819,1261,66618.0,19525.0,1832.0,,,,2990.63
cbecs,building_survey,3469,3469,3,12,11500,2,3,1,8,8,1,1,1,2,2,2,2,2333,2484,114296.0,33498.0,7255.0,138670.0,1336.0,1922.0,1386.54
cbecs,building_survey,3470,3470,2,26,2200,1,9,1,168,0,1,1,2,2,2,2,2,6388,608,222478.0,65205.0,6140.0,,,,3075.23
cbecs,building_survey,3471,3471,3,5,500001,2,4,1,168,80,1,1,1,2,2,2,1,1987,3062,46039684.0,13493460.0,838453.0,11924994.0,114884.0,62512.0,66.26
cbecs,building_survey,3472,3472,4,2,235000,8,9,1,85,1182,1,1,1,1,2,2,2,2532,234,14590409.0,4276204.0,693074.0,3950495.0,38059.0,42955.0,59.79
cbecs,building_survey,3473,3473,4,26,11000,2,5,1,60,10,1,1,1,2,2,2,2,5570,1386,233932.0,68562.0,5527.0,620684.0,5980.0,5198.0,8544.65
cbecs,building_survey,3474,3474,3,7,140000,994,6,2,45,278,1,1,1,2,2,1,2,2400,2357,7567452.0,2217893.0,166687.0,7121.0,69.0,166.0,240.4
cbecs,building_survey,3475,3475,3,5,200000,1,7,1,65,60,1,1,1,2,2,2,2,1684,2835,1055240.0,309273.0,28892.0,297876.0,2870.0,2736.0,14.9
cbecs,building_survey,3476,3476,2,8,61000,1,9,6,68,50,1,1,1,2,2,2,2,7906,651,3830924.0,1122780.0,123219.0,5016615.0,48330.0,25238.0,349.71
cbecs,building_survey,3477,3477,3,2,600000,995,7,20,50,900,1,1,1,2,2,2,2,2292,3658,32702131.0,9584446.0,895171.0,1829667.0,17627.0,9886.0,14.9
cbecs,building_survey,3478,3478,1,25,2400,2,2,1,47,4,1,1,2,1,2,2,2,5893,842,33863.0,9925.0,2391.0,,,,2934.43
cbecs,building_survey,3479,3479,4,5,120000,1,2,1,0,0,1,1,1,2,2,2,2,5327,1314,372444.0,109157.0,10368.0,3239806.0,31212.0,21922.0,107.76
cbecs,building_survey,3480,3480,3,18,144000,994,6,1,168,16,1,1,1,2,2,2,2,3118,2456,6993502.0,2049678.0,193736.0,4315448.0,41575.0,22962.0,8.84
cbecs,building_survey,3481,3481,1,14,55000,4,2,1,40,30,1,1,1,2,2,2,2,6553,928,854389.0,250407.0,27459.0,2338859.0,22532.0,18722.0,99.04
cbecs,building_survey,3482,3482,3,2,36000,2,2,6,60,180,1,1,1,2,2,2,2,2607,3513,1387983.0,406795.0,35440.0,565920.0,5452.0,5196.0,589.53
cbecs,building_survey,3483,3483,2,25,98000,1,6,1,55,26,1,1,1,2,2,2,2,4904,1677,2501998.0,733294.0,64297.0,3301657.0,31808.0,17975.0,555.87
cbecs,building_survey,3484,3484,3,2,174000,4,2,21,55,76,1,1,1,2,2,2,2,5129,1464,4900413.0,1436229.0,157518.0,4728714.0,45556.0,44782.0,14.9
cbecs,building_survey,3485,3485,4,26,4200,1,3,1,59,3,1,1,1,2,2,2,2,9396,230,41789.0,12248.0,1380.0,205629.0,1981.0,1518.0,2577.06
cbecs,building_survey,3486,3486,4,14,100000,3,8,1,68,40,1,1,1,2,2,2,2,849,1967,2636333.0,772665.0,97198.0,1550851.0,14941.0,7762.0,9.11
cbecs,building_survey,3487,3487,3,12,30000,3,3,1,30,2,1,1,1,2,2,2,2,4080,2073,151234.0,44324.0,6698.0,463392.0,4464.0,4458.0,580.45
cbecs,building_survey,3488,3488,4,25,31500,1,5,1,94,6,1,1,1,2,2,2,2,2739,2547,1357429.0,397840.0,28482.0,71042.0,684.0,610.0,279.06
cbecs,building_survey,3489,3489,3,12,23000,2,4,1,8,50,1,1,1,2,2,2,2,4131,1413,84850.0,24868.0,3224.0,831536.0,8011.0,7992.0,1408.23
cbecs,building_survey,3490,3490,2,14,410000,2,7,1,84,314,1,1,1,2,2,2,2,7743,615,12358726.0,3622135.0,454509.0,11726258.0,112970.0,57889.0,13.91
cbecs,building_survey,3491,3491,1,18,164000,3,6,1,168,50,1,1,1,1,2,2,2,6753,649,6620867.0,1940465.0,339185.0,10060924.0,96926.0,53050.0,14.73
cbecs,building_survey,3492,3492,3,12,2700,1,5,1,8,0,1,1,2,2,2,2,2,1186,3349,69403.0,20341.0,2758.0,,,,2990.63
cbecs,building_survey,3493,3493,2,14,43500,3,2,1,60,35,1,1,1,2,2,2,2,6443,687,706774.0,207144.0,26827.0,2256305.0,21737.0,12710.0,300.25
cbecs,building_survey,3494,3494,2,14,126000,2,8,1,45,103,1,1,1,1,2,2,2,5431,1206,4431994.0,1298943.0,154253.0,323397.0,3116.0,6568.0,97.52
cbecs,building_survey,3495,3495,3,25,200001,1,7,4,168,150,1,1,1,2,2,2,2,4170,1973,12220153.0,3581522.0,338879.0,6556178.0,63162.0,34819.0,14.67
cbecs,building_survey,3496,3496,4,12,49500,3,4,1,24,9,1,1,1,2,2,2,2,10790,10,233230.0,68356.0,14669.0,1290047.0,12428.0,12735.0,1531.55
cbecs,building_survey,3497,3497,2,14,62000,3,3,1,50,25,1,1,1,2,2,2,2,8085,781,887418.0,260087.0,36636.0,874090.0,8421.0,5370.0,1436.84
cbecs,building_survey,3498,3498,1,14,150000,2,8,1,80,75,1,1,2,1,1,2,2,8253,633,2422838.0,710093.0,125091.0,,,,44.12
cbecs,building_survey,3499,3499,3,5,66000,1,5,2,54,4,1,1,2,2,2,2,2,3059,2156,1307265.0,383137.0,32932.0,,,,97.78
cbecs,building_survey,3500,3500,2,2,200000,3,6,29,45,400,1,1,1,2,2,2,2,7649,846,9502549.0,2785038.0,301316.0,4930679.0,47502.0,29512.0,49.37
cbecs,building_survey,3501,3501,3,26,3850,1,8,1,72,6,1,1,1,2,2,2,2,2715,2523,174388.0,51110.0,3795.0,1408383.0,13568.0,23814.0,1218.03
cbecs,building_survey,3502,3502,1,11,300000,2,9,1,137,60,1,1,1,2,2,2,2,5039,1466,24900166.0,7297821.0,663423.0,2456381.0,23665.0,24040.0,48.85
cbecs,building_survey,3503,3503,2,6,2500,1,7,2,118,3,1,1,1,2,2,2,2,8246,813,542762.0,159074.0,18871.0,120430.0,1160.0,1142.0,1218.03
cbecs,building_survey,3504,3504,3,15,6400,1,6,1,110,21,1,1,1,2,2,2,2,3573,2248,1800957.0,527830.0,59549.0,1705126.0,16427.0,17892.0,1218.03
cbecs,building_survey,3505,3505,4,18,42000,2,6,1,168,20,1,1,1,2,2,2,2,2572,332,1539325.0,451150.0,62450.0,1270031.0,12235.0,3954.0,306.64
cbecs,building_survey,3506,3506,3,26,160000,1,6,6,40,18,1,1,1,2,2,2,2,4247,1843,1007517.0,295286.0,29581.0,9564965.0,92148.0,50443.0,245.01
cbecs,building_survey,3507,3507,1,2,12250,4,2,1,45,5,1,1,2,2,2,1,2,7222,765,235529.0,69030.0,6888.0,,,,1484.29
cbecs,building_survey,3508,3508,3,5,80000,3,8,1,52,2,1,1,2,2,2,2,2,1604,3482,593728.0,174012.0,19157.0,,,,14.9
cbecs,building_survey,3509,3509,3,2,14000,2,6,2,40,20,1,1,2,2,2,2,2,3664,1720,632940.0,185504.0,16537.0,,,,534.51
cbecs,building_survey,3510,3510,3,5,114000,2,9,1,54,12,1,1,1,2,2,2,2,4418,1622,2545734.0,746112.0,73231.0,2823222.0,27199.0,22466.0,117.32
cbecs,building_survey,3511,3511,3,13,20000,1,7,1,112,25,1,1,2,2,1,2,2,1520,3826,2883800.0,845193.0,71269.0,,,,429.63
cbecs,building_survey,3512,3512,2,14,30000,1,5,1,60,30,1,1,2,2,1,2,2,8891,794,2025002.0,593494.0,52129.0,,,,11.33
cbecs,building_survey,3513,3513,3,15,1500,1,6,1,168,13,1,1,2,2,1,2,2,1194,3789,687238.0,201418.0,12021.0,,,,1218.03
cbecs,building_survey,3514,3514,3,2,420000,8,8,1,50,300,1,1,2,1,2,2,2,2989,2060,9245296.0,2709641.0,269716.0,,,,9.01
cbecs,building_survey,3515,3515,4,2,290000,6,2,2,74,400,1,1,1,1,2,2,2,2222,70,20567395.0,6027959.0,1065568.0,16493870.0,158900.0,144185.0,9.11
cbecs,building_survey,3516,3516,2,14,205000,2,4,1,50,314,1,1,1,2,2,2,2,5983,1184,5777962.0,1693424.0,163579.0,14865242.0,143210.0,78447.0,9.11
cbecs,building_survey,3517,3517,1,2,23500,3,2,1,40,55,1,1,2,2,2,2,2,6417,964,3496279.0,1024701.0,92269.0,,,,1421.48
cbecs,building_survey,3518,3518,2,2,2000,1,5,1,40,3,1,1,1,2,2,2,2,4675,1905,30929.0,9065.0,1194.0,49208.0,474.0,587.0,2934.43
cbecs,building_survey,3519,3519,4,5,310000,1,4,2,12,60,1,1,1,2,2,2,2,1297,913,2140556.0,627361.0,79205.0,1800887.0,17350.0,14093.0,15.06
cbecs,building_survey,3520,3520,2,5,15000,1,7,1,40,1,1,1,2,2,2,2,2,7187,1366,273280.0,80094.0,7032.0,,,,1906.18
cbecs,building_survey,3521,3521,3,14,150000,1,7,1,40,120,1,1,1,2,2,2,2,3637,2063,2385341.0,699103.0,38310.0,3278789.0,31588.0,26025.0,57.95
cbecs,building_survey,3522,3522,2,13,260000,8,7,2,56,27,1,1,1,1,2,1,2,10177,731,4009359.0,1175076.0,99365.0,376310.0,3625.0,1964.0,10.63
cbecs,building_survey,3523,3523,2,91,38500,2,7,1,9,18,1,1,1,2,2,2,2,5910,1159,373018.0,109325.0,16245.0,821824.0,7917.0,5347.0,3420.76
cbecs,building_survey,3524,3524,3,15,4000,2,8,1,17,2,1,1,2,2,1,2,2,3810,1871,761666.0,223232.0,19818.0,,,,2990.63
cbecs,building_survey,3525,3525,1,25,19000,3,3,3,44,8,1,1,2,1,1,2,2,7526,517,675693.0,198034.0,29980.0,,,,3356.48
cbecs,building_survey,3526,3526,3,25,220000,1,7,4,168,150,1,1,1,2,2,2,2,4076,1867,13657524.0,4002791.0,287241.0,10181962.0,98092.0,54593.0,14.9
cbecs,building_survey,3527,3527,2,14,126000,2,5,1,80,50,1,1,1,2,2,2,2,4152,1703,3795358.0,1112356.0,95060.0,1963171.0,18913.0,12124.0,103.22
cbecs,building_survey,3528,3528,2,1,106000,1,4,0,0,0,1,1,1,2,2,2,2,7840,834,228311.0,66914.0,10143.0,1168651.0,11259.0,9034.0,20.91
cbecs,building_survey,3529,3529,3,1,34500,4,4,0,0,0,1,1,2,2,2,1,2,3483,2127,972078.0,284900.0,24463.0,,,,456.48
cbecs,building_survey,3530,3530,3,15,7000,2,6,1,140,55,1,1,1,2,2,2,2,4039,1543,3936563.0,1153741.0,114362.0,5695490.0,54870.0,41862.0,690.18
cbecs,building_survey,3531,3531,3,26,2400,2,5,1,45,1,1,1,2,2,2,2,2,1024,3585,100386.0,29421.0,2301.0,,,,2934.43
cbecs,building_survey,3532,3532,3,14,53000,1,3,1,45,40,1,1,1,2,2,2,2,3867,2000,1266878.0,371301.0,45262.0,1331163.0,12824.0,12331.0,504.63
cbecs,building_survey,3533,3533,2,5,255000,1,7,1,16,25,1,1,1,2,2,2,2,6159,716,1096357.0,321324.0,28293.0,3166646.0,30507.0,22662.0,31.68
cbecs,building_survey,3534,3534,3,25,150000,3,9,12,84,115,1,1,1,2,2,2,2,1504,4283,9802446.0,2872933.0,211381.0,6416378.0,61815.0,35023.0,117.32
cbecs,building_survey,3535,3535,4,13,60000,2,5,1,90,9,1,1,1,2,2,2,2,4611,299,1374177.0,402748.0,52476.0,711541.0,6855.0,5753.0,611.8
cbecs,building_survey,3536,3536,1,2,600000,3,7,1,100,1200,1,1,1,1,2,2,2,4978,1120,44747063.0,13114614.0,1468155.0,1001121.0,9645.0,6958.0,14.9
cbecs,building_survey,3537,3537,2,2,2400,3,2,1,40,4,1,1,2,2,2,2,2,6908,521,89707.0,26292.0,3905.0,,,,3075.23
cbecs,building_survey,3538,3538,1,13,200000,1,8,2,96,8,1,1,1,2,2,2,2,6340,935,1079832.0,316481.0,24765.0,1892988.0,18237.0,10110.0,14.9
cbecs,building_survey,3539,3539,3,25,41000,2,8,1,60,50,1,1,1,2,2,2,2,3536,1945,2288983.0,670863.0,59689.0,653108.0,6292.0,5498.0,591.56
cbecs,building_survey,3540,3540,1,2,192000,995,8,10,168,550,1,1,2,2,2,1,2,5254,1385,8826451.0,2586885.0,256663.0,,,,14.9
cbecs,building_survey,3541,3541,3,26,50001,1,4,14,82,44,1,1,2,2,2,2,2,1430,3589,278719.0,81688.0,10619.0,,,,310.59
cbecs,building_survey,3542,3542,4,12,67000,2,9,1,50,5,1,1,1,2,2,2,2,2067,1245,411477.0,120597.0,22809.0,359389.0,3462.0,2263.0,227.11
cbecs,building_survey,3543,3543,3,13,192000,8,6,1,56,100,1,1,1,1,2,1,2,3658,2239,7021709.0,2057945.0,175268.0,2310252.0,22257.0,18382.0,14.9
cbecs,building_survey,3544,3544,1,25,75000,2,5,1,80,10,1,1,1,2,2,2,2,6413,984,1726368.0,505970.0,81867.0,772137.0,7439.0,6252.0,213.58
cbecs,building_survey,3545,3545,3,2,300000,3,6,1,120,350,1,1,2,1,2,2,2,3414,1943,26357415.0,7724916.0,462985.0,,,,8.84
cbecs,building_survey,3546,3546,1,16,1500000,995,3,1,168,2000,1,1,1,2,2,1,2,6042,1020,70838247.0,20761503.0,1294555.0,133280731.0,1284015.0,546504.0,4.7
cbecs,building_survey,3547,3547,1,2,180000,7,4,1,50,300,1,1,1,2,2,1,2,5790,884,1850402.0,542322.0,64557.0,3545.0,34.0,588.0,19.3
cbecs,building_survey,3548,3548,3,5,38000,2,8,1,40,12,1,1,2,2,1,2,2,2948,2457,697391.0,204394.0,20652.0,,,,1030.4
cbecs,building_survey,3549,3549,1,5,3200,1,7,1,40,4,1,1,2,2,2,2,2,5766,858,57580.0,16876.0,3009.0,,,,4384.99
cbecs,building_survey,3550,3550,4,23,44000,1,9,10,71,43,1,1,1,2,1,2,2,4370,796,3762120.0,1102614.0,139755.0,3246494.0,31276.0,17835.0,841.34
cbecs,building_survey,3551,3551,3,2,75000,3,7,1,168,250,1,1,1,1,2,2,2,4175,2193,12893701.0,3778928.0,348965.0,5912199.0,56958.0,41733.0,240.4
cbecs,building_survey,3552,3552,2,14,355000,2,8,1,96,160,1,1,1,2,2,2,2,8715,578,12430581.0,3643195.0,333153.0,15839507.0,152596.0,56765.0,10.55
cbecs,building_survey,3553,3553,1,14,156000,5,5,1,60,200,1,1,1,2,2,2,2,5580,879,15613477.0,4576048.0,583245.0,7451667.0,71789.0,39194.0,5.89
cbecs,building_survey,3554,3554,3,2,2500,1,8,1,40,15,1,1,2,2,2,2,2,2558,2396,200812.0,58855.0,5728.0,,,,1218.03
cbecs,building_survey,3555,3555,3,25,215000,1,6,4,126,150,1,1,1,2,2,2,2,1696,2867,18072280.0,5296682.0,449059.0,6972996.0,67177.0,37458.0,14.9
cbecs,building_survey,3556,3556,4,14,25000,3,7,2,40,30,1,1,1,2,2,2,2,7219,255,592872.0,173761.0,22494.0,516360.0,4975.0,3538.0,386.68
cbecs,building_survey,3557,3557,3,15,2100,1,7,1,80,2,1,1,1,2,2,2,2,3332,1936,72020.0,21108.0,2286.0,62143.0,599.0,785.0,1417.97
cbecs,building_survey,3558,3558,4,2,190000,5,8,1,13,612,1,1,1,2,2,2,2,1577,270,7804215.0,2287285.0,382020.0,2214927.0,21338.0,26944.0,141.31
cbecs,building_survey,3559,3559,4,2,66000,3,9,1,65,250,1,1,1,1,2,2,2,989,2065,2851970.0,835865.0,134025.0,1582778.0,15248.0,11121.0,15.06
cbecs,building_survey,3560,3560,3,2,2000,1,5,1,65,14,1,1,2,2,2,2,2,3107,2274,187890.0,55067.0,5257.0,,,,14.9
cbecs,building_survey,3561,3561,3,5,800000,2,8,4,168,350,1,1,1,2,2,2,2,2998,2383,58274099.0,17079161.0,926307.0,4233342.0,40784.0,22487.0,48.85
cbecs,building_survey,3562,3562,1,2,210000,6,7,1,60,400,1,1,1,1,2,2,2,5398,1091,10415872.0,3052717.0,319830.0,3392526.0,32683.0,28405.0,7.84
cbecs,building_survey,3563,3563,4,18,200000,3,6,1,168,100,1,1,1,2,2,2,2,1672,3910,6949737.0,2036851.0,144203.0,5949110.0,57313.0,34543.0,8.87
cbecs,building_survey,3564,3564,3,5,250000,2,4,6,48,12,1,1,2,2,1,2,2,3278,1976,2784746.0,816162.0,69011.0,,,,235.71
cbecs,building_survey,3565,3565,2,26,7900,1,8,1,40,3,1,1,2,2,2,2,2,6260,1361,231361.0,67808.0,12083.0,,,,1391.33
cbecs,building_survey,3566,3566,4,2,500001,995,6,3,60,1200,1,1,2,1,2,2,2,865,1146,19607405.0,5746602.0,1108297.0,,,,15.06
cbecs,building_survey,3567,3567,1,25,2500,1,4,1,56,2,1,1,2,2,2,2,2,4619,1447,162181.0,47533.0,9667.0,,,,2990.63
cbecs,building_survey,3568,3568,4,25,205000,1,8,5,133,150,1,1,1,2,2,2,2,4856,1427,16104911.0,4720079.0,341486.0,6698958.0,64537.0,29707.0,44.87
cbecs,building_survey,3569,3569,3,5,4500,2,8,1,80,4,1,1,2,2,2,2,2,1471,2931,25194.0,7384.0,1479.0,,,,6659.94
cbecs,building_survey,3570,3570,4,16,480000,4,4,3,168,125,1,1,1,1,2,2,2,3471,1006,32733003.0,9593494.0,847182.0,5739730.0,55296.0,58228.0,11.65
cbecs,building_survey,3571,3571,4,5,36000,1,5,1,44,1,1,1,2,2,2,2,2,2040,1347,210495.0,61693.0,16257.0,,,,3554.88
cbecs,building_survey,3572,3572,1,5,136000,1,6,3,45,8,1,1,1,2,1,2,2,8193,739,480255.0,140755.0,24130.0,1108896.0,10683.0,8865.0,247.57
cbecs,building_survey,3573,3573,3,14,53000,1,7,1,45,40,1,1,1,2,2,2,2,1049,2549,3372880.0,988535.0,60099.0,37676.0,363.0,912.0,330.8
cbecs,building_survey,3574,3574,3,12,24500,1,7,1,65,8,1,1,2,2,2,2,2,2125,3269,651798.0,191031.0,25312.0,,,,470.02
cbecs,building_survey,3575,3575,3,13,100000,2,6,1,124,20,1,1,2,2,2,1,2,4197,1903,3407695.0,998738.0,55365.0,,,,117.32
cbecs,building_survey,3576,3576,1,13,10000,1,8,1,168,2,1,1,1,2,2,2,2,5352,1262,305163.0,89438.0,6857.0,743509.0,7163.0,6819.0,911.48
cbecs,building_survey,3577,3577,4,2,230000,995,7,21,60,733,1,1,2,2,2,2,2,1620,4708,12024119.0,3524068.0,247558.0,,,,58.26
cbecs,building_survey,3578,3578,2,26,1500,1,8,1,77,0,1,1,2,2,2,2,2,7391,942,177863.0,52129.0,5389.0,,,,6659.94
cbecs,building_survey,3579,3579,3,16,900000,994,6,3,168,3000,1,1,1,2,2,1,2,3319,2182,115240996.0,33775204.0,2275502.0,14031615.0,135179.0,394717.0,9.88
cbecs,building_survey,3580,3580,2,14,106000,1,5,1,50,55,1,1,1,2,2,2,2,5021,1719,5652922.0,1656777.0,145580.0,720696.0,6943.0,1867.0,97.52
cbecs,building_survey,3581,3581,4,14,92000,1,4,1,70,45,1,1,1,2,2,2,2,4003,881,1618226.0,474275.0,58767.0,3145710.0,30305.0,28794.0,100.08
cbecs,building_survey,3582,3582,3,12,42000,3,5,1,40,7,1,1,1,2,2,2,2,4343,1783,730929.0,214223.0,25618.0,1232882.0,11877.0,10114.0,670.57
cbecs,building_survey,3583,3583,3,2,350000,7,6,50,70,350,1,1,2,2,2,2,2,5490,1186,9069059.0,2657989.0,287629.0,,,,9.07
cbecs,building_survey,3584,3584,4,14,3600,1,6,1,35,2,1,1,2,2,2,2,2,1479,4154,126368.0,37036.0,3166.0,,,,4384.99
cbecs,building_survey,3585,3585,4,2,2100000,995,6,26,60,3000,1,1,2,1,2,2,2,4810,288,33879395.0,9929483.0,1198751.0,,,,15.06
cbecs,building_survey,3586,3586,4,5,176000,2,4,1,168,350,1,1,1,2,2,2,2,976,1961,14160845.0,4150306.0,614118.0,2072196.0,19963.0,16680.0,52.14
cbecs,building_survey,3587,3587,1,8,200000,6,8,6,45,250,1,1,1,2,2,2,2,4951,1324,6176222.0,1810147.0,167659.0,2904690.0,27984.0,15602.0,54.0
cbecs,building_survey,3588,3588,4,6,3000,1,6,2,30,10,1,1,1,2,1,2,2,6687,983,112272.0,32905.0,3283.0,99405.0,958.0,912.0,582.23
cbecs,building_survey,3589,3589,1,5,215000,2,7,1,168,100,1,1,2,2,2,2,2,7096,471,9406059.0,2756758.0,248727.0,,,,45.41
cbecs,building_survey,3590,3590,1,16,290000,8,2,4,168,300,1,1,1,1,2,2,2,5112,1379,24343604.0,7134702.0,738595.0,42776297.0,412103.0,380248.0,9.88
cbecs,building_survey,3591,3591,4,23,41500,1,4,14,84,31,1,1,1,2,2,2,2,859,1014,2392315.0,701147.0,89905.0,2013167.0,19395.0,16235.0,395.28
cbecs,building_survey,3592,3592,2,2,445000,4,6,6,64,900,1,1,1,2,2,2,2,7421,762,39801912.0,11665273.0,1032990.0,14737636.0,141981.0,78771.0,8.85
cbecs,building_survey,3593,3593,4,14,25000,1,5,1,60,19,1,1,1,2,2,2,2,2550,797,1036980.0,303921.0,39062.0,703584.0,6778.0,8906.0,495.15
cbecs,building_survey,3594,3594,1,14,156000,5,4,1,84,150,1,1,1,1,2,2,2,5287,1221,2280209.0,668291.0,78270.0,1531219.0,14752.0,12253.0,8.84
cbecs,building_survey,3595,3595,2,13,79000,2,9,1,65,2,1,1,1,1,2,2,2,9322,971,4653092.0,1363743.0,76361.0,6312222.0,60811.0,43797.0,117.32
cbecs,building_survey,3596,3596,2,91,1150,1,8,2,0,0,1,1,2,2,2,2,2,9648,701,33790.0,9903.0,1322.0,,,,1218.03
cbecs,building_survey,3597,3597,1,2,1200,1,5,1,35,3,1,1,2,1,2,2,2,4764,1408,50439.0,14783.0,1852.0,,,,1779.2
cbecs,building_survey,3598,3598,4,23,12500,1,8,6,56,25,1,1,1,2,2,2,2,2360,2981,972771.0,285103.0,21179.0,745975.0,7187.0,5270.0,2009.74
cbecs,building_survey,3599,3599,2,14,100000,3,2,1,60,35,1,1,1,1,1,2,2,9094,650,2445285.0,716672.0,61585.0,7704281.0,74222.0,78613.0,329.67
cbecs,building_survey,3600,3600,1,12,11250,3,2,1,26,21,1,1,2,1,2,2,2,4751,1501,535147.0,156843.0,20917.0,,,,1413.09
cbecs,building_survey,3601,3601,3,17,142000,8,8,1,168,30,1,1,1,2,1,2,2,4116,1294,9461452.0,2772993.0,234345.0,3621988.0,34894.0,35237.0,332.94
cbecs,building_survey,3602,3602,1,15,7200,1,7,1,91,15,1,1,1,2,2,2,2,5336,1130,839982.0,246185.0,22817.0,573326.0,5523.0,4766.0,1218.03
cbecs,building_survey,3603,3603,2,14,54000,2,3,1,90,56,1,1,1,2,2,2,2,7680,639,724400.0,212309.0,29408.0,2787181.0,26851.0,17546.0,290.39
cbecs,building_survey,3604,3604,3,2,3950,1,6,1,40,9,1,1,2,2,2,2,2,1202,2976,256886.0,75289.0,4999.0,,,,2990.63
cbecs,building_survey,3605,3605,3,16,215000,6,9,1,168,500,1,1,1,1,1,2,2,1137,3524,34571890.0,10132441.0,599930.0,10694151.0,103027.0,56240.0,10.07
cbecs,building_survey,3606,3606,3,18,315000,995,6,3,168,100,1,1,1,1,2,2,2,1973,2836,10681505.0,3130570.0,387210.0,9734790.0,93784.0,52902.0,9.01
cbecs,building_survey,3607,3607,3,7,3000,1,7,1,40,12,1,1,2,2,2,2,2,3349,1813,143584.0,42082.0,4702.0,,,,4468.96
cbecs,building_survey,3608,3608,1,2,240000,3,5,40,90,230,1,1,1,2,2,2,2,5505,1203,8664035.0,2539283.0,290741.0,7697933.0,74161.0,57620.0,14.9
cbecs,building_survey,3609,3609,2,23,36500,1,9,12,42,53,1,1,1,2,2,2,2,6180,794,2240826.0,656749.0,57171.0,3992222.0,38461.0,21778.0,841.34
cbecs,building_survey,3610,3610,3,2,114000,994,6,17,168,290,1,1,2,1,2,2,2,4090,2110,6595755.0,1933105.0,159178.0,,,,21.42
cbecs,building_survey,3611,3611,4,18,30000,2,5,1,168,11,1,1,1,2,2,2,2,4447,317,2480018.0,726852.0,93242.0,1727368.0,16641.0,10401.0,1834.88
cbecs,building_survey,3612,3612,4,14,270000,5,9,1,120,100,1,1,1,2,2,2,1,4867,1488,21691035.0,6357279.0,444976.0,246616.0,2376.0,948.0,6.87
cbecs,building_survey,3613,3613,2,25,100000,2,8,1,10,10,1,1,1,1,2,2,2,5309,1684,3094569.0,906966.0,112364.0,907591.0,8744.0,3701.0,215.07
cbecs,building_survey,3614,3614,2,2,2500,1,8,1,40,2,1,1,1,2,2,2,2,5841,1815,39469.0,11568.0,2305.0,64204.0,619.0,914.0,2990.63
cbecs,building_survey,3615,3615,3,2,600000,995,7,43,55,1265,1,1,1,1,2,2,2,1982,2753,38711876.0,11345802.0,916888.0,321754.0,3100.0,1751.0,14.9
cbecs,building_survey,3616,3616,3,13,98000,1,3,1,10,31,1,1,2,2,2,2,2,2669,2552,2791282.0,818078.0,86393.0,,,,288.37
cbecs,building_survey,3617,3617,1,16,1500000,995,3,1,168,4500,1,1,1,1,2,2,2,4634,1543,107954345.0,31639609.0,1799800.0,86669369.0,834965.0,469863.0,9.21
cbecs,building_survey,3618,3618,3,18,315000,994,6,1,168,80,1,1,1,1,2,2,2,2891,2236,23715303.0,6950558.0,626416.0,13158551.0,126768.0,70149.0,10.92
cbecs,building_survey,3619,3619,3,5,150000,2,8,1,40,15,1,1,1,2,2,2,2,3285,2507,1470552.0,430994.0,32417.0,1494839.0,14401.0,11828.0,247.57
cbecs,building_survey,3620,3620,4,2,275000,4,6,1,168,600,1,1,2,1,2,2,2,1899,3577,18034108.0,5285495.0,376920.0,,,,14.67
cbecs,building_survey,3621,3621,4,4,225000,5,8,2,90,250,1,1,1,1,2,2,2,2511,77,49566033.0,14526973.0,2143776.0,47815874.0,460654.0,302744.0,100.08
cbecs,building_survey,3622,3622,3,14,132000,2,5,1,40,55,1,1,2,1,2,2,2,1566,4299,4581318.0,1342708.0,117049.0,,,,99.04
cbecs,building_survey,3623,3623,1,2,10000,2,8,4,70,20,1,1,1,2,2,2,2,5125,1412,399853.0,117190.0,11439.0,97307.0,937.0,1239.0,2990.63
cbecs,building_survey,3624,3624,3,5,2000,1,9,1,60,0,1,1,2,2,2,2,2,3682,2177,84137.0,24659.0,2624.0,,,,460.31
cbecs,building_survey,3625,3625,4,14,235000,2,4,1,45,80,1,1,1,2,2,2,2,3250,2359,7963033.0,2333831.0,165655.0,6691087.0,64461.0,29351.0,142.75
cbecs,building_survey,3626,3626,3,16,295000,3,6,1,168,300,1,1,1,1,2,2,2,2219,2691,32362978.0,9485046.0,800409.0,42491119.0,409356.0,236082.0,69.58
cbecs,building_survey,3627,3627,4,2,3450,2,4,1,40,5,1,1,1,2,2,2,2,4795,593,92412.0,27084.0,3655.0,209219.0,2016.0,1760.0,1829.53
cbecs,building_survey,3628,3628,1,2,350000,5,2,1,168,400,1,1,1,1,2,2,2,4342,1472,13242159.0,3881055.0,361052.0,6071082.0,58488.0,72240.0,8.84
cbecs,building_survey,3629,3629,4,5,10500,2,7,1,60,50,1,1,1,2,2,2,2,4933,736,567568.0,166345.0,21336.0,317250.0,3056.0,1633.0,621.37
cbecs,building_survey,3630,3630,2,1,140000,4,2,0,0,0,1,1,1,2,2,2,2,6251,957,146302.0,42879.0,4244.0,2175102.0,20955.0,17571.0,51.34
cbecs,building_survey,3631,3631,3,1,1400,1,5,0,0,0,2,2,2,2,2,2,2,4852,1855,,,,,,,2990.63
cbecs,building_survey,3632,3632,1,5,48000,1,8,2,45,7,1,1,1,2,2,2,2,7374,608,382358.0,112063.0,19763.0,702112.0,6764.0,9292.0,1094.79
cbecs,building_survey,3633,3633,2,15,4300,1,5,1,168,13,1,1,1,2,2,2,2,5130,1422,988515.0,289717.0,25378.0,1248053.0,12024.0,8463.0,1265.79
cbecs,building_survey,3634,3634,3,14,102000,2,5,1,168,70,1,1,1,1,2,2,2,3091,1759,9212412.0,2700004.0,233483.0,1025789.0,9882.0,11994.0,99.04
cbecs,building_survey,3635,3635,1,8,154000,995,8,4,50,400,1,1,1,1,2,2,2,4414,1611,5966244.0,1748606.0,159202.0,4776339.0,46015.0,25506.0,50.09
cbecs,building_survey,3636,3636,1,1,36000,3,2,0,0,0,1,1,1,2,2,2,2,7302,684,68654.0,20121.0,2535.0,1003788.0,9670.0,5677.0,1484.29
cbecs,building_survey,3637,3637,2,5,102000,2,6,14,65,27,1,1,1,2,2,2,2,7105,632,1361646.0,399076.0,44926.0,4397539.0,42366.0,26257.0,160.01
cbecs,building_survey,3638,3638,1,14,320000,994,5,1,114,155,1,1,2,2,2,1,1,4474,1518,28420435.0,8329553.0,623915.0,,,,13.73
cbecs,building_survey,3639,3639,2,13,120000,3,7,1,90,15,1,1,1,2,2,2,2,6679,1128,3520092.0,1031680.0,88744.0,7031345.0,67739.0,32324.0,118.55
cbecs,building_survey,3640,3640,2,26,2000,1,4,1,30,0,1,1,2,1,2,2,2,5340,1208,14729.0,4317.0,454.0,,,,8786.36
cbecs,building_survey,3641,3641,3,5,40500,2,4,1,40,27,1,1,2,1,2,2,2,3576,1793,101839.0,29847.0,3058.0,,,,224.76
cbecs,building_survey,3642,3642,1,14,250000,2,5,1,12,135,1,1,1,1,2,2,2,7772,520,10280594.0,3013070.0,226899.0,10969515.0,105679.0,181423.0,9.81
cbecs,building_survey,3643,3643,4,17,12000,2,7,1,168,3,1,1,1,2,2,2,2,6445,398,351045.0,102885.0,9266.0,409468.0,3945.0,2585.0,1214.38
cbecs,building_survey,3644,3644,4,2,400000,995,7,1,60,1203,1,1,1,1,2,2,2,2384,245,31160486.0,9132616.0,1591638.0,5478091.0,52775.0,28820.0,15.06
cbecs,building_survey,3645,3645,3,5,10500,1,9,1,40,5,1,1,1,2,2,2,2,3258,2119,90435.0,26505.0,2868.0,40263.0,388.0,644.0,1413.09
cbecs,building_survey,3646,3646,4,8,2000,1,6,1,40,3,1,1,1,2,2,2,2,4750,801,34649.0,10155.0,1358.0,58973.0,568.0,757.0,1265.79
cbecs,building_survey,3647,3647,2,5,200000,1,5,2,64,10,1,1,1,2,2,2,2,5228,1717,771605.0,226144.0,24323.0,1623782.0,15643.0,10987.0,19.68
cbecs,building_survey,3648,3648,2,17,150000,3,8,1,168,58,1,1,1,2,2,2,2,5328,1832,3658194.0,1072155.0,104646.0,840373.0,8096.0,16326.0,99.04
cbecs,building_survey,3649,3649,4,12,29000,3,8,1,28,8,1,1,1,2,2,2,2,3885,959,269878.0,79097.0,8349.0,960698.0,9255.0,7871.0,1531.55
cbecs,building_survey,3650,3650,3,1,2500,1,2,0,0,0,2,2,2,2,2,2,2,2910,2410,,,,,,,6659.94
cbecs,building_survey,3651,3651,2,17,250000,9,5,1,168,200,1,1,1,1,2,2,2,9976,560,17034512.0,4992530.0,419922.0,19174098.0,184722.0,103369.0,50.03
cbecs,building_survey,3652,3652,1,5,4500,1,8,1,45,0,1,1,2,2,1,2,2,6946,380,33529.0,9827.0,1828.0,,,,4084.96
cbecs,building_survey,3653,3653,1,25,34000,1,6,2,76,9,1,1,1,1,2,2,2,4488,1308,1143286.0,335078.0,25691.0,132339.0,1275.0,1694.0,623.52
cbecs,building_survey,3654,3654,1,91,45000,2,6,1,168,3,1,1,2,2,1,2,2,5395,1090,2401637.0,703880.0,102884.0,,,,1461.43
cbecs,building_survey,3655,3655,3,6,3000,1,6,1,112,1,1,1,2,2,2,2,2,1664,2846,402622.0,118002.0,10775.0,,,,2990.63
cbecs,building_survey,3656,3656,3,13,285000,9,7,1,168,75,1,1,1,1,2,2,2,3545,2283,41282157.0,12099108.0,829447.0,1607799.0,15489.0,17741.0,12.93
cbecs,building_survey,3657,3657,3,14,110000,2,7,1,40,70,1,1,1,2,1,2,2,2052,3483,2560690.0,750495.0,45734.0,2028855.0,19546.0,13686.0,44.64
cbecs,building_survey,3658,3658,4,12,57000,2,6,1,50,4,1,1,1,2,2,2,2,1945,1771,360175.0,105561.0,20289.0,406011.0,3911.0,5387.0,227.11
cbecs,building_survey,3659,3659,3,2,85000,3,4,43,55,200,1,1,1,2,2,2,2,2527,2248,2154694.0,631505.0,86335.0,676471.0,6517.0,8053.0,124.14
cbecs,building_survey,3660,3660,2,12,8000,1,8,1,30,2,1,1,2,2,1,2,2,4949,1332,144747.0,42423.0,4776.0,,,,1779.2
cbecs,building_survey,3661,3661,3,13,132000,2,8,1,84,30,1,1,1,2,1,2,2,1977,3473,10546237.0,3090925.0,336254.0,1956882.0,18852.0,12553.0,14.9
cbecs,building_survey,3662,3662,3,2,1700000,8,4,200,168,2100,1,1,1,2,2,1,2,3625,1892,62495347.0,18316339.0,1607003.0,950750.0,9159.0,7678.0,6.52
cbecs,building_survey,3663,3663,3,5,88000,1,9,5,10,80,1,1,2,2,2,2,2,1268,3175,1700026.0,498249.0,34807.0,,,,633.24
cbecs,building_survey,3664,3664,3,13,1700000,6,8,100,168,1500,1,1,1,1,2,1,2,2352,3047,88344472.0,25892284.0,1579848.0,31937220.0,307680.0,168035.0,10.14
cbecs,building_survey,3665,3665,4,18,114000,6,9,1,168,6,1,1,2,1,2,2,1,4628,1234,5178626.0,1517768.0,105647.0,,,,97.52
cbecs,building_survey,3666,3666,4,23,176000,2,7,7,75,79,1,1,1,2,2,2,2,6341,399,9746241.0,2856460.0,202629.0,6503640.0,62655.0,29147.0,175.02
cbecs,building_survey,3667,3667,1,5,9800,3,2,1,55,5,1,1,2,2,2,2,2,7752,387,332677.0,97502.0,15184.0,,,,2934.43
cbecs,building_survey,3668,3668,3,1,37000,2,5,3,49,12,1,1,1,2,2,2,2,3421,2078,15681.0,4596.0,1261.0,17433.0,168.0,269.0,14.9
cbecs,building_survey,3669,3669,1,16,290000,2,5,2,168,95,1,1,1,1,2,2,2,5352,1117,24457211.0,7167999.0,439129.0,21276620.0,204977.0,156577.0,10.1
cbecs,building_survey,3670,3670,1,14,116000,9,8,1,55,200,1,1,1,2,2,2,2,4948,1325,3346486.0,980799.0,90120.0,4225457.0,40708.0,43146.0,58.86
cbecs,building_survey,3671,3671,4,8,148000,5,8,21,30,150,1,1,1,1,2,2,2,9866,13,6206520.0,1819027.0,229399.0,7123055.0,68623.0,38041.0,9.01
cbecs,building_survey,3672,3672,3,7,28000,2,8,1,168,2,1,1,1,1,2,2,2,1589,2836,1975558.0,579003.0,49658.0,252243.0,2430.0,880.0,431.11
cbecs,building_survey,3673,3673,2,12,5600,1,7,1,6,2,1,1,2,2,1,2,2,5491,1438,81172.0,23790.0,2592.0,,,,2934.43
cbecs,building_survey,3674,3674,1,2,340000,995,2,100,65,630,1,1,2,2,2,1,2,4630,1502,14061682.0,4121243.0,330000.0,,,,58.26
cbecs,building_survey,3675,3675,3,18,200000,2,4,1,168,5,1,1,1,2,2,2,2,3054,2523,9344834.0,2738814.0,162428.0,2079799.0,20037.0,8798.0,324.59
cbecs,building_survey,3676,3676,4,23,41000,1,5,4,112,18,1,1,1,2,2,2,2,1925,502,3432884.0,1006121.0,125909.0,2037686.0,19631.0,16201.0,841.34
cbecs,building_survey,3677,3677,3,18,126000,5,3,1,168,5,1,1,2,2,2,1,2,3050,1751,5135514.0,1505133.0,114300.0,,,,303.46
cbecs,building_survey,3678,3678,4,13,35000,4,2,1,40,3,1,1,1,2,2,2,2,5061,485,312887.0,91702.0,10514.0,1566228.0,15089.0,9168.0,1531.55
cbecs,building_survey,3679,3679,1,14,102000,1,3,2,55,78,1,1,2,1,2,2,2,5715,1039,2544431.0,745730.0,41091.0,,,,44.64
cbecs,building_survey,3680,3680,1,18,16250,3,6,1,168,0,1,1,2,1,2,2,2,5732,899,742718.0,217678.0,33083.0,,,,1195.68
cbecs,building_survey,3681,3681,3,7,47000,3,3,3,45,140,1,1,1,1,2,2,2,1601,3280,2365028.0,693150.0,41905.0,1815100.0,17487.0,25869.0,330.8
cbecs,building_survey,3682,3682,1,5,300000,1,6,1,67,120,1,1,1,2,2,2,2,5370,1305,8783516.0,2574301.0,230890.0,7847181.0,75599.0,41907.0,14.9
cbecs,building_survey,3683,3683,3,91,8600,1,7,6,63,0,1,1,2,2,2,2,2,2999,2194,22550.0,6609.0,936.0,,,,1218.03
cbecs,building_survey,3684,3684,3,13,43000,1,3,1,40,4,1,1,1,2,2,2,2,2863,3014,1649669.0,483490.0,48942.0,698026.0,6725.0,5790.0,303.46
cbecs,building_survey,3685,3685,3,18,154000,6,6,1,168,28,1,1,1,2,2,2,2,1727,3321,8761369.0,2567810.0,223028.0,6652582.0,64090.0,34756.0,97.52
cbecs,building_survey,3686,3686,1,25,2400,3,2,3,168,4,1,1,1,2,2,2,2,7218,719,366375.0,107378.0,10417.0,65733.0,633.0,1188.0,1195.14
cbecs,building_survey,3687,3687,4,2,28000,2,5,1,20,30,1,1,1,2,2,2,2,737,1472,541926.0,158829.0,20907.0,26757.0,258.0,356.0,611.8
cbecs,building_survey,3688,3688,2,2,140000,2,7,1,100,80,1,1,1,2,2,2,2,5015,1812,6807451.0,1995150.0,170828.0,812807.0,7831.0,6490.0,598.75
cbecs,building_survey,3689,3689,3,5,45000,3,7,1,52,2,1,1,1,2,2,2,2,3808,2095,950207.0,278490.0,27573.0,1072295.0,10330.0,9251.0,2649.21
cbecs,building_survey,3690,3690,1,7,200001,6,7,4,60,230,1,1,1,1,2,2,2,5846,772,6362986.0,1864885.0,282131.0,6440838.0,62050.0,60493.0,7.75
cbecs,building_survey,3691,3691,2,12,116000,1,6,1,50,20,1,1,1,2,2,2,2,5562,1574,2145347.0,628765.0,55114.0,2760265.0,26592.0,17858.0,125.04
cbecs,building_survey,3692,3692,3,2,66000,2,8,1,45,107,1,1,1,2,2,2,2,1135,3426,2723134.0,798105.0,78126.0,668294.0,6438.0,5382.0,329.67
cbecs,building_survey,3693,3693,3,14,100000,1,6,1,40,45,1,1,1,2,2,2,2,1072,4302,4501171.0,1319218.0,220551.0,414727.0,3995.0,3504.0,99.04
cbecs,building_survey,3694,3694,2,13,200000,4,8,1,65,8,1,1,1,2,2,1,2,4212,1884,9972596.0,2922801.0,252313.0,4578108.0,44105.0,24642.0,115.51
cbecs,building_survey,3695,3695,2,6,1800,1,2,1,137,6,1,1,1,2,2,2,2,4802,1508,710136.0,208129.0,30153.0,218733.0,2107.0,1822.0,3075.23
cbecs,building_survey,3696,3696,3,5,200001,1,8,1,55,25,1,1,1,2,2,2,2,3434,2433,2025772.0,593720.0,67371.0,1309588.0,12616.0,12032.0,69.6
cbecs,building_survey,3697,3697,1,16,350000,5,5,1,168,530,1,1,1,1,2,2,2,4960,1086,25237375.0,7396652.0,765818.0,3050131.0,29385.0,23657.0,11.7
cbecs,building_survey,3698,3698,4,2,1800,1,7,1,60,2,1,1,2,2,1,2,2,5589,1411,30689.0,8994.0,1657.0,,,,300.63
cbecs,building_survey,3699,3699,2,15,1200,1,5,1,48,2,1,1,1,2,2,2,2,5896,1458,95511.0,27993.0,2975.0,348588.0,3358.0,3112.0,1391.33
cbecs,building_survey,3700,3700,4,13,55000,3,2,1,6,12,1,1,2,2,2,1,2,872,989,2542765.0,745242.0,77358.0,,,,306.64
cbecs,building_survey,3701,3701,2,14,230000,3,8,1,80,85,1,1,1,2,2,2,2,7508,1072,7652939.0,2242948.0,196154.0,9736091.0,93797.0,51188.0,45.1
cbecs,building_survey,3702,3702,3,2,235000,995,9,22,65,490,1,1,1,1,2,2,2,2759,2288,27629783.0,8097826.0,838233.0,1140478.0,10987.0,6291.0,58.26
cbecs,building_survey,3703,3703,2,5,3000,3,2,1,40,4,1,1,1,1,2,2,2,6712,1199,102374.0,30004.0,3092.0,245462.0,2365.0,2059.0,2934.43
cbecs,building_survey,3704,3704,3,26,32000,1,6,1,45,13,1,1,2,2,2,2,2,2972,3515,1075607.0,315242.0,27608.0,,,,591.56
cbecs,building_survey,3705,3705,3,8,16250,1,8,3,168,20,1,1,2,2,2,2,2,3320,2200,1725188.0,505624.0,36213.0,,,,836.4
cbecs,building_survey,3706,3706,2,18,600000,995,5,2,168,225,1,1,1,2,2,2,2,6975,811,14531222.0,4258858.0,468365.0,14850784.0,143071.0,65993.0,8.93
cbecs,building_survey,3707,3707,3,18,47500,2,7,1,168,10,1,1,1,2,2,2,2,4262,2158,799763.0,234397.0,23256.0,552812.0,5326.0,4467.0,495.15
cbecs,building_survey,3708,3708,3,5,89000,1,7,3,18,12,1,1,2,2,2,2,2,2847,2155,2682275.0,786130.0,67188.0,,,,110.28
cbecs,building_survey,3709,3709,3,8,24000,2,8,1,50,80,1,1,1,2,2,2,2,3298,1884,1747574.0,512185.0,43871.0,142829.0,1376.0,1598.0,458.62
cbecs,building_survey,3710,3710,2,12,23000,3,7,1,50,10,1,1,1,2,2,2,2,9064,951,451348.0,132283.0,20648.0,1389401.0,13385.0,9767.0,621.37
cbecs,building_survey,3711,3711,1,15,22000,6,2,1,58,8,1,1,1,2,2,2,2,5669,880,897518.0,263047.0,24390.0,823421.0,7933.0,5459.0,711.5
cbecs,building_survey,3712,3712,1,2,420000,9,2,11,168,1000,1,1,1,1,2,2,2,4584,1399,6778448.0,1986649.0,197691.0,2409794.0,23216.0,28862.0,42.58
cbecs,building_survey,3713,3713,3,2,1600,1,3,1,55,5,1,1,1,2,2,2,2,2958,1804,55641.0,16307.0,2838.0,36750.0,354.0,4181.0,2990.63
cbecs,building_survey,3714,3714,2,15,3500,1,7,1,84,25,1,1,1,2,2,2,2,8115,628,801552.0,234921.0,30013.0,907586.0,8744.0,5290.0,1265.79
cbecs,building_survey,3715,3715,2,14,41000,1,7,2,60,30,1,1,1,2,2,2,2,8017,1071,893235.0,261792.0,29076.0,1185938.0,11425.0,8346.0,504.63
cbecs,building_survey,3716,3716,3,25,205000,1,8,4,168,150,1,1,1,2,2,2,2,3257,2473,18144274.0,5317783.0,464463.0,3597431.0,34657.0,19745.0,15.65
cbecs,building_survey,3717,3717,3,2,5400,1,5,5,50,7,1,1,1,2,2,2,2,3302,2270,229896.0,67379.0,5612.0,82719.0,797.0,1092.0,2990.63
cbecs,building_survey,3718,3718,4,5,2600,1,7,1,168,0,2,2,2,2,2,2,2,5226,765,,,,,,,6659.94
cbecs,building_survey,3719,3719,4,2,50000,2,8,1,40,80,1,1,1,2,2,2,2,2104,260,1300409.0,381128.0,49170.0,768161.0,7400.0,6342.0,312.77
cbecs,building_survey,3720,3720,1,2,300000,4,7,10,45,850,1,1,1,2,2,2,2,4644,977,23875798.0,6997596.0,878537.0,4768077.0,45935.0,45207.0,14.9
cbecs,building_survey,3721,3721,1,13,30000,2,2,1,75,15,1,1,1,2,2,2,2,5791,1341,1383263.0,405411.0,38332.0,3638352.0,35052.0,18305.0,589.53
cbecs,building_survey,3722,3722,1,16,55000,4,6,1,168,45,1,1,2,1,1,2,2,5954,870,1827232.0,535531.0,98200.0,,,,488.97
cbecs,building_survey,3723,3723,3,2,3000,1,8,2,40,8,1,1,2,2,2,2,2,1065,2682,348958.0,102274.0,6806.0,,,,2990.63
cbecs,building_survey,3724,3724,4,5,335000,2,8,1,65,150,1,1,1,2,2,2,2,943,895,3464166.0,1015289.0,174956.0,858343.0,8269.0,6810.0,70.08
cbecs,building_survey,3725,3725,1,8,65000,5,5,1,40,100,1,1,1,2,2,2,2,5946,771,1058133.0,310121.0,82271.0,1235416.0,11902.0,9793.0,190.44
cbecs,building_survey,3726,3726,3,91,3000,1,7,1,168,10,1,1,1,2,2,2,2,1221,3104,159433.0,46727.0,2765.0,18881.0,182.0,1497.0,7753.17
cbecs,building_survey,3727,3727,2,14,110000,2,8,1,60,65,1,1,1,2,2,2,2,5601,1331,3476672.0,1018954.0,67125.0,6197367.0,59705.0,32675.0,475.5
cbecs,building_survey,3728,3728,2,26,2000,1,6,1,40,7,1,1,2,2,2,2,2,5360,1898,181404.0,53166.0,7960.0,,,,3075.23
cbecs,building_survey,3729,3729,3,2,124000,994,6,100,55,400,1,1,1,2,2,2,2,2304,3303,5578949.0,1635096.0,120519.0,2782912.0,26810.0,15123.0,14.9
cbecs,building_survey,3730,3730,2,2,97000,3,4,1,168,97,1,1,2,1,2,1,2,6748,1138,8326941.0,2440487.0,125828.0,,,,111.06
cbecs,building_survey,3731,3731,2,13,19250,1,5,1,50,3,1,1,2,2,2,1,2,5436,887,1660701.0,486724.0,43171.0,,,,1748.0
cbecs,building_survey,3732,3732,3,5,2700,1,9,1,16,0,1,1,2,2,2,2,2,4502,2022,29513.0,8650.0,1172.0,,,,6659.94
cbecs,building_survey,3733,3733,2,5,600000,2,7,1,120,225,1,1,1,1,1,2,2,7019,798,19320549.0,5662529.0,707858.0,11902411.0,114667.0,79707.0,27.6
cbecs,building_survey,3734,3734,4,2,156000,4,9,2,66,700,1,1,1,1,2,2,2,4686,1151,11192829.0,3280431.0,263638.0,949116.0,9144.0,8190.0,117.51
cbecs,building_survey,3735,3735,3,26,10000,1,9,1,40,1,1,1,2,2,2,2,2,1953,2010,278755.0,81698.0,7517.0,,,,2990.63
cbecs,building_survey,3736,3736,3,5,8700,1,7,1,84,0,2,2,2,2,2,2,2,1066,4082,,,,,,,6659.94
cbecs,building_survey,3737,3737,2,25,50000,2,7,4,100,60,1,1,1,2,2,2,2,8514,557,1951357.0,571910.0,52463.0,1809020.0,17428.0,10095.0,215.07
cbecs,building_survey,3738,3738,4,5,240000,4,8,1,168,2,1,1,2,2,2,2,2,1013,977,1280802.0,375382.0,64142.0,,,,15.06
cbecs,building_survey,3739,3739,4,2,100001,4,8,1,50,350,1,1,1,1,2,2,2,1312,3267,4503859.0,1320006.0,94659.0,2574.0,25.0,102.0,137.69
cbecs,building_survey,3740,3740,1,14,285000,5,2,1,60,183,1,1,1,2,2,2,2,5892,1006,6151898.0,1803018.0,201381.0,10815365.0,104194.0,30980.0,14.9
cbecs,building_survey,3741,3741,4,15,7200,1,5,1,18,10,1,1,1,2,2,2,2,1383,811,982497.0,287953.0,39937.0,1718716.0,16558.0,11826.0,1265.79
cbecs,building_survey,3742,3742,3,18,53000,5,7,1,168,8,1,1,2,2,2,2,2,3074,2107,2060583.0,603922.0,52814.0,,,,423.01
cbecs,building_survey,3743,3743,3,8,8200,2,8,2,45,7,1,1,2,2,2,2,2,2944,1791,326230.0,95613.0,8577.0,,,,1417.97
cbecs,building_survey,3744,3744,3,13,305000,6,9,6,168,70,1,1,1,2,2,2,1,5063,1043,14519508.0,4255424.0,271936.0,5054133.0,48691.0,38911.0,8.57
cbecs,building_survey,3745,3745,3,5,600000,1,7,10,55,120,1,1,1,2,2,2,2,4474,1801,8285285.0,2428278.0,100449.0,3382485.0,32587.0,33281.0,14.9
cbecs,building_survey,3746,3746,2,25,20000,1,8,1,94,6,1,1,1,2,2,2,2,7180,826,336661.0,98670.0,9889.0,161711.0,1558.0,1133.0,3075.23
cbecs,building_survey,3747,3747,3,13,1550,1,2,1,50,0,1,1,2,1,2,2,2,1749,2180,140657.0,41224.0,4109.0,,,,2990.63
cbecs,building_survey,3748,3748,1,13,210000,2,4,1,168,100,1,1,1,2,2,2,2,5631,844,14863178.0,4356148.0,346156.0,15406269.0,148423.0,80442.0,8.6
cbecs,building_survey,3749,3749,3,2,26000,3,6,14,54,180,1,1,2,2,2,2,2,1466,3194,1461738.0,428411.0,50633.0,,,,14.9
cbecs,building_survey,3750,3750,3,2,6300,2,6,1,40,7,1,1,1,2,2,2,2,1321,4063,354253.0,103826.0,9257.0,142382.0,1372.0,1274.0,1354.99
cbecs,building_survey,3751,3751,4,16,700000,6,8,1,168,1000,1,1,1,2,2,1,2,1759,1910,49376460.0,14471413.0,1574183.0,34088255.0,328403.0,111686.0,9.16
cbecs,building_survey,3752,3752,3,18,88000,4,9,1,168,9,1,1,1,2,2,2,2,4090,2127,979470.0,287066.0,22975.0,1353180.0,13036.0,4908.0,324.59
cbecs,building_survey,3753,3753,1,2,1000000,995,6,25,68,2100,1,1,1,1,2,1,2,4638,1501,54876166.0,16083284.0,2848782.0,8653907.0,83371.0,99045.0,14.9
cbecs,building_survey,3754,3754,4,18,30000,4,7,1,168,10,1,1,1,2,2,2,2,919,1090,1140873.0,334371.0,72233.0,630206.0,6071.0,5239.0,306.64
cbecs,building_survey,3755,3755,3,18,210000,994,6,1,168,70,1,1,1,2,2,2,2,3159,2158,10274729.0,3011351.0,261117.0,10596121.0,102082.0,89283.0,8.84
cbecs,building_survey,3756,3756,3,14,75000,1,7,1,40,86,1,1,1,2,2,2,2,2160,3222,1528623.0,448014.0,36214.0,2459748.0,23697.0,19198.0,99.04
cbecs,building_survey,3757,3757,3,13,50000,2,7,1,18,12,1,1,2,2,2,2,2,1661,3777,5012315.0,1469025.0,123329.0,,,,9.07
cbecs,building_survey,3758,3758,2,14,69000,1,3,1,55,50,1,1,2,2,2,2,2,5197,1418,2613664.0,766021.0,72405.0,,,,330.8
cbecs,building_survey,3759,3759,1,5,178000,1,5,1,168,80,1,1,1,2,2,2,2,7611,681,7194962.0,2108723.0,191982.0,2252040.0,21696.0,23274.0,247.57
cbecs,building_survey,3760,3760,1,2,150000,994,2,1,60,85,1,1,1,1,2,2,2,4698,1656,1779629.0,521579.0,91706.0,646359.0,6227.0,7689.0,246.59
cbecs,building_survey,3761,3761,3,5,475000,1,6,1,168,240,1,1,1,2,2,2,2,2356,3242,9078970.0,2660894.0,198995.0,11276935.0,108641.0,59782.0,14.9
cbecs,building_survey,3762,3762,4,15,5500,1,6,1,91,3,1,1,2,2,2,2,2,5505,439,318825.0,93442.0,8782.0,,,,1218.03
cbecs,building_survey,3763,3763,2,6,2500,1,6,1,117,1,1,1,1,2,2,2,2,4555,1801,486862.0,142691.0,19131.0,134478.0,1296.0,1519.0,2990.63
cbecs,building_survey,3764,3764,4,18,162000,4,6,1,168,60,1,1,1,1,1,2,2,1277,859,7540207.0,2209908.0,285648.0,10248950.0,98737.0,69861.0,8.93
cbecs,building_survey,3765,3765,4,11,375000,1,4,2,168,25,1,1,2,2,2,2,2,4982,793,26518849.0,7772230.0,273784.0,,,,31.97
cbecs,building_survey,3766,3766,3,2,144000,6,6,14,65,350,1,1,2,1,2,2,2,4257,1693,11810645.0,3461502.0,344294.0,,,,21.42
cbecs,building_survey,3767,3767,3,14,20000,1,8,1,60,23,1,1,2,2,2,2,2,2988,2681,349029.0,102295.0,9090.0,,,,14.9
cbecs,building_survey,3768,3768,3,26,9000,1,5,1,50,5,1,1,1,2,2,2,2,4453,1878,54378.0,15937.0,2209.0,94909.0,914.0,1061.0,1413.09
cbecs,building_survey,3769,3769,3,25,220000,1,7,5,126,150,1,1,1,2,2,2,2,2442,3066,16230429.0,4756867.0,454404.0,6689085.0,64442.0,35832.0,14.9
cbecs,building_survey,3770,3770,3,16,800000,7,6,2,168,3000,1,1,1,1,2,2,2,3696,2047,128431333.0,37641071.0,2292239.0,60181453.0,579783.0,321485.0,8.92
cbecs,building_survey,3771,3771,3,2,80000,2,8,2,66,150,1,1,2,2,2,2,2,1783,3170,3002032.0,879845.0,76119.0,,,,224.76
cbecs,building_survey,3772,3772,1,14,235000,4,2,1,55,90,1,1,1,2,2,2,2,7011,861,4385697.0,1285374.0,116192.0,15116041.0,145627.0,79390.0,50.03
cbecs,building_survey,3773,3773,1,2,172000,3,7,9,60,325,1,1,2,2,2,2,2,7378,719,3669602.0,1075499.0,179642.0,,,,8.84
cbecs,building_survey,3774,3774,3,5,15500,1,8,3,5,1,1,1,2,1,2,2,2,5258,1557,108550.0,31814.0,3660.0,,,,893.54
cbecs,building_survey,3775,3775,2,5,56000,1,8,8,47,20,1,1,1,2,2,2,2,5085,1295,229683.0,67316.0,6637.0,2570683.0,24766.0,15126.0,1748.0
cbecs,building_survey,3776,3776,2,14,69000,1,9,1,70,18,1,1,2,1,1,2,2,8906,588,4013198.0,1176201.0,73557.0,,,,170.14
cbecs,building_survey,3777,3777,3,13,4250,3,2,1,40,5,1,1,1,2,2,2,2,3151,1750,159030.0,46609.0,3257.0,68192.0,657.0,1184.0,6659.94
cbecs,building_survey,3778,3778,3,23,6000,1,4,5,55,11,1,1,1,2,1,2,2,2917,2223,363332.0,106487.0,9797.0,215999.0,2081.0,1849.0,4740.75
cbecs,building_survey,3779,3779,2,26,56000,2,5,1,10,60,1,1,1,1,2,2,2,6708,827,2454117.0,719261.0,69819.0,625961.0,6030.0,4629.0,118.55
cbecs,building_survey,3780,3780,2,8,230000,7,3,60,72,850,1,1,1,2,1,1,2,8467,853,10906439.0,3196494.0,304261.0,8896.0,86.0,854.0,7.71
cbecs,building_survey,3781,3781,2,2,148000,2,8,2,168,30,1,1,1,1,2,2,2,5411,1310,7029418.0,2060205.0,194964.0,2910326.0,28038.0,20344.0,31.68
cbecs,building_survey,3782,3782,3,12,260000,5,6,1,105,60,1,1,1,2,2,2,2,2826,2694,8470667.0,2482610.0,147765.0,3594120.0,34625.0,23569.0,14.9
cbecs,building_survey,3783,3783,1,8,76000,4,8,3,52,50,1,1,1,1,2,2,2,5126,1083,2282430.0,668942.0,60811.0,2122874.0,20452.0,17168.0,111.88
cbecs,building_survey,3784,3784,3,14,61000,1,4,1,45,28,1,1,1,2,1,2,2,3393,2383,2165764.0,634749.0,39352.0,1002964.0,9662.0,7703.0,330.8
cbecs,building_survey,3785,3785,4,12,30000,3,9,1,12,2,1,1,1,2,2,2,2,2027,1269,106688.0,31268.0,7623.0,259373.0,2499.0,1666.0,611.8
cbecs,building_survey,3786,3786,4,26,2800,1,4,1,40,2,1,1,2,1,2,2,2,3396,1879,92965.0,27246.0,2489.0,,,,6534.79
cbecs,building_survey,3787,3787,3,14,300000,2,8,1,50,170,1,1,1,2,2,2,2,3291,1859,5957372.0,1746006.0,125748.0,3788041.0,36494.0,33821.0,8.84
cbecs,building_survey,3788,3788,1,2,3000,3,3,1,100,3,1,1,1,2,2,2,2,5544,1322,109500.0,32093.0,3440.0,162695.0,1567.0,2492.0,2934.43
cbecs,building_survey,3789,3789,2,13,500001,7,8,4,70,143,1,1,2,1,2,1,2,7723,1017,12075791.0,3539212.0,382706.0,,,,14.9
cbecs,building_survey,3790,3790,3,13,120000,2,7,1,90,15,1,1,1,2,2,2,2,3564,2262,11727373.0,3437096.0,287582.0,1722030.0,16590.0,19932.0,117.32
cbecs,building_survey,3791,3791,3,2,30000,2,8,1,45,18,1,1,2,2,2,2,2,1085,4083,710649.0,208279.0,13163.0,,,,621.37
cbecs,building_survey,3792,3792,1,23,134000,1,8,26,51,163,1,1,1,2,1,2,2,5124,1396,7389087.0,2165618.0,196147.0,10263933.0,98882.0,54470.0,108.76
cbecs,building_survey,3793,3793,3,2,390000,995,6,13,60,800,1,1,1,1,2,2,2,2995,2123,23820951.0,6981521.0,753252.0,1913199.0,18432.0,14964.0,9.01
cbecs,building_survey,3794,3794,1,23,38500,1,9,8,51,40,1,1,1,2,2,2,2,5166,1256,2063804.0,604866.0,55097.0,2224153.0,21427.0,17404.0,1196.36
cbecs,building_survey,3795,3795,3,26,1500,1,4,1,168,0,1,1,1,2,2,2,2,2919,1999,147107.0,43115.0,5492.0,83792.0,807.0,412.0,2990.63
cbecs,building_survey,3796,3796,1,2,35000,6,3,1,168,16,1,1,1,2,2,2,2,4615,1730,778981.0,228306.0,18997.0,1737363.0,16738.0,9184.0,580.45
cbecs,building_survey,3797,3797,3,2,800000,995,5,1,50,200,1,1,2,1,2,1,2,4610,2007,17883758.0,5241430.0,362753.0,,,,14.9
cbecs,building_survey,3798,3798,2,16,200000,9,2,21,168,250,1,1,1,1,2,2,2,6234,1277,47228500.0,13841882.0,1078626.0,25585104.0,246485.0,138488.0,8.85
cbecs,building_survey,3799,3799,3,12,215000,1,7,1,45,25,1,1,1,2,2,2,2,3023,1941,6836760.0,2003740.0,169330.0,392190.0,3778.0,3253.0,66.47
cbecs,building_survey,3800,3800,1,14,215000,3,7,1,80,135,1,1,2,1,1,2,2,5621,451,4997661.0,1464731.0,199212.0,,,,8.95
cbecs,building_survey,3801,3801,4,6,4800,1,4,1,35,1,1,1,2,2,2,2,2,3606,1970,492877.0,144454.0,9791.0,,,,2934.43
cbecs,building_survey,3802,3802,4,25,23000,1,6,1,84,15,1,1,2,2,2,2,2,720,2105,1181903.0,346396.0,44738.0,,,,1531.55
cbecs,building_survey,3803,3803,3,2,460000,995,3,10,70,552,1,1,1,2,2,2,2,4280,1660,19567623.0,5734942.0,492415.0,12925757.0,124526.0,123836.0,14.9
cbecs,building_survey,3804,3804,3,26,260000,2,5,2,40,4,1,1,2,2,1,2,2,2403,2502,876957.0,257021.0,47455.0,,,,14.67
cbecs,building_survey,3805,3805,2,2,270000,6,6,1,50,764,1,1,1,1,2,2,2,5569,1736,12692365.0,3719919.0,874415.0,4039957.0,38921.0,24778.0,14.9
cbecs,building_survey,3806,3806,4,26,32500,1,6,2,40,25,1,1,1,2,2,2,2,731,1757,1201312.0,352084.0,45408.0,1300685.0,12531.0,9053.0,611.8
cbecs,building_survey,3807,3807,1,11,50000,3,2,2,60,8,1,1,2,2,2,2,2,4502,1508,3345458.0,980498.0,109491.0,,,,14.9
cbecs,building_survey,3808,3808,1,13,43000,2,6,1,112,1,1,1,1,2,2,2,2,6255,960,663584.0,194485.0,22517.0,1775586.0,17106.0,5689.0,14.9
cbecs,building_survey,3809,3809,3,7,350000,5,5,2,45,250,1,1,2,1,2,2,2,4087,1908,21113626.0,6188050.0,523400.0,,,,8.84
cbecs,building_survey,3810,3810,1,16,400000,5,3,1,168,300,1,1,1,1,2,2,2,4325,1372,50149686.0,14698032.0,1363021.0,34585203.0,333191.0,182791.0,10.07
cbecs,building_survey,3811,3811,4,26,2500,1,8,1,55,1,1,1,2,1,2,2,2,5492,1194,121759.0,35686.0,3045.0,,,,582.23
cbecs,building_survey,3812,3812,2,16,495000,8,3,1,168,500,1,1,1,1,2,2,2,6011,1009,39595592.0,11604804.0,1060506.0,67555685.0,650825.0,353856.0,9.01
cbecs,building_survey,3813,3813,3,2,60000,3,8,1,45,350,1,1,2,2,2,2,2,1128,4126,3013352.0,883163.0,53904.0,,,,621.37
cbecs,building_survey,3814,3814,3,12,5600,1,4,1,3,1,1,1,1,2,2,2,2,2454,2505,139378.0,40849.0,5204.0,129142.0,1244.0,1200.0,2990.63
cbecs,building_survey,3815,3815,2,13,80000,2,5,1,109,15,1,1,1,2,1,2,2,7932,604,4955856.0,1452478.0,151659.0,4994553.0,48117.0,30204.0,118.55
cbecs,building_survey,3816,3816,4,2,114000,3,7,1,55,350,1,1,2,2,2,2,2,1353,4779,11380643.0,3335476.0,313687.0,,,,58.26
cbecs,building_survey,3817,3817,2,5,5000,1,6,1,8,0,1,1,1,2,2,2,2,6360,1481,100404.0,29427.0,3565.0,220509.0,2124.0,1917.0,4207.0
cbecs,building_survey,3818,3818,4,16,375000,6,4,1,168,1377,1,1,1,1,2,2,2,894,2067,58360349.0,17104440.0,1945541.0,3216215.0,30985.0,22023.0,9.01
cbecs,building_survey,3819,3819,4,23,49000,1,8,10,117,54,1,1,1,2,2,2,2,1468,784,4538506.0,1330160.0,169147.0,2305403.0,22210.0,18278.0,395.28
cbecs,building_survey,3820,3820,1,2,134000,3,4,23,168,60,1,1,2,1,2,2,2,6508,925,2988281.0,875815.0,68903.0,,,,8.84
cbecs,building_survey,3821,3821,1,8,335000,8,2,1,168,500,1,1,1,1,2,2,2,5787,1241,27607531.0,8091305.0,682491.0,13013459.0,125371.0,69825.0,8.76
cbecs,building_survey,3822,3822,3,2,700000,994,7,1,60,2000,1,1,2,1,2,1,2,3911,1797,22867506.0,6702083.0,578382.0,,,,6.52
cbecs,building_survey,3823,3823,3,5,600000,1,5,1,72,200,1,1,1,2,2,2,2,2678,3233,11568979.0,3390674.0,297710.0,12201518.0,117548.0,65063.0,14.9
cbecs,building_survey,3824,3824,1,17,300000,4,6,1,168,200,1,1,1,1,2,2,2,5316,1167,9196350.0,2695296.0,212457.0,30545735.0,294275.0,164841.0,9.01
cbecs,building_survey,3825,3825,3,23,114000,1,6,22,55,140,1,1,1,1,2,2,2,4464,1572,12783331.0,3746580.0,316842.0,7677624.0,73966.0,41814.0,175.02
cbecs,building_survey,3826,3826,3,7,3700,1,6,1,168,14,1,1,1,2,2,2,2,1789,3067,186155.0,54559.0,7580.0,28798.0,277.0,701.0,1218.03
cbecs,building_survey,3827,3827,1,12,24500,1,5,1,15,6,1,1,1,1,1,2,2,5981,763,157945.0,46291.0,6902.0,557173.0,5368.0,4533.0,1122.76
cbecs,building_survey,3828,3828,2,13,3150,2,2,1,9,4,1,1,1,2,2,2,2,8616,780,50980.0,14941.0,1629.0,71231.0,686.0,680.0,2934.43
cbecs,building_survey,3829,3829,4,6,25500,1,8,1,168,80,1,1,1,2,2,2,2,4645,1737,6358517.0,1863575.0,148260.0,1269191.0,12227.0,10087.0,245.01
cbecs,building_survey,3830,3830,3,5,27000,2,4,1,47,10,1,1,1,2,2,2,2,2143,2014,112340.0,32925.0,4792.0,148207.0,1428.0,1376.0,14.67
cbecs,building_survey,3831,3831,4,2,180000,9,6,12,60,180,1,1,2,2,2,2,2,5490,1001,8284805.0,2428137.0,274342.0,,,,7.84
cbecs,building_survey,3832,3832,2,16,1800000,8,5,2,168,4500,1,1,2,1,2,1,1,7678,646,91060642.0,26688348.0,2130164.0,,,,13.43
cbecs,building_survey,3833,3833,3,2,35000,1,9,1,90,11,1,1,2,2,2,2,2,1051,4121,2493421.0,730780.0,44039.0,,,,502.9
cbecs,building_survey,3834,3834,2,18,98000,5,8,1,168,20,1,1,1,2,2,2,2,5748,956,4404847.0,1290987.0,123811.0,3689945.0,35549.0,20017.0,8.93
cbecs,building_survey,3835,3835,3,2,5600,2,2,1,50,16,1,1,2,2,2,2,2,2105,3265,215153.0,63058.0,7320.0,,,,9.01
cbecs,building_survey,3836,3836,1,2,38500,2,3,1,40,41,1,1,1,2,2,2,2,6940,734,1116270.0,327160.0,61511.0,1314523.0,12664.0,10489.0,240.4
cbecs,building_survey,3837,3837,4,14,1200,1,7,1,40,2,1,1,2,2,2,2,2,2226,1511,16812.0,4927.0,765.0,,,,4384.99
cbecs,building_survey,3838,3838,3,13,30000,2,3,1,40,3,1,1,2,1,2,2,2,3127,1957,145278.0,42579.0,5396.0,,,,429.63
cbecs,building_survey,3839,3839,3,14,100000,2,3,1,40,30,1,1,2,1,2,2,2,4247,1486,2163369.0,634047.0,54270.0,,,,303.46
cbecs,building_survey,3840,3840,1,2,1750,2,6,3,40,3,1,1,2,1,2,2,2,4437,1377,71193.0,20865.0,2423.0,,,,2990.63
cbecs,building_survey,3841,3841,2,5,62000,2,5,1,10,40,1,1,1,2,1,2,2,7627,964,286371.0,83931.0,10262.0,2030672.0,19563.0,16452.0,621.37
cbecs,building_survey,3842,3842,1,2,310000,994,3,3,60,1100,1,1,2,1,2,1,2,5066,1378,9662718.0,2831981.0,216093.0,,,,14.9
cbecs,building_survey,3843,3843,1,13,1500,1,4,1,10,2,1,1,2,2,2,2,2,5185,1151,681.0,200.0,92.0,,,,2934.43
cbecs,building_survey,3844,3844,1,4,220000,6,6,1,168,101,1,1,1,2,2,1,2,5911,785,18294374.0,5361774.0,373928.0,105840.0,1020.0,959.0,5.89
cbecs,building_survey,3845,3845,3,14,400000,4,8,1,80,177,1,1,2,2,2,2,2,4506,1344,23166092.0,6789593.0,573250.0,,,,8.84
cbecs,building_survey,3846,3846,3,2,166000,7,6,20,54,558,1,1,2,1,1,2,1,5510,1407,6413498.0,1879689.0,58930.0,,,,9.07
cbecs,building_survey,3847,3847,2,2,500001,2,8,1,50,200,1,1,1,2,2,2,2,7494,573,36127765.0,10588442.0,857680.0,10856246.0,104588.0,51365.0,66.72
cbecs,building_survey,3848,3848,1,23,220000,1,5,23,75,112,1,1,1,2,2,2,2,5240,1129,14532981.0,4259373.0,383567.0,15547014.0,149779.0,84355.0,72.88
cbecs,building_survey,3849,3849,4,18,2100000,995,6,4,168,1400,1,1,1,1,1,2,2,4513,1255,153188434.0,44896962.0,3187337.0,229181052.0,2207910.0,942522.0,88.39
cbecs,building_survey,3850,3850,3,6,2400,1,5,1,105,2,1,1,2,2,2,2,2,2115,2510,244884.0,71771.0,5922.0,,,,2990.63
cbecs,building_survey,3851,3851,3,25,5000,1,2,1,168,3,1,1,2,1,2,2,2,2250,2929,395228.0,115835.0,10548.0,,,,1413.09
cbecs,building_survey,3852,3852,2,23,100001,1,8,22,140,112,1,1,1,2,2,2,2,5949,1302,10289325.0,3015629.0,260887.0,11196511.0,107866.0,60168.0,395.28
cbecs,building_survey,3853,3853,4,23,110000,1,8,10,75,176,1,1,1,2,2,2,2,5597,819,8390099.0,2458997.0,175757.0,8694330.0,83760.0,38450.0,6.52
cbecs,building_survey,3854,3854,4,16,57000,2,3,2,168,65,1,1,1,1,2,2,2,1329,3831,6230240.0,1825979.0,221107.0,3139100.0,30242.0,27670.0,124.14
cbecs,building_survey,3855,3855,1,14,34000,3,7,1,14,40,1,1,1,2,2,2,2,5384,865,591924.0,173483.0,21605.0,2280914.0,21974.0,20481.0,502.9
cbecs,building_survey,3856,3856,3,18,500000,995,6,2,168,80,1,1,1,1,2,2,2,4501,1311,13037338.0,3821025.0,410026.0,34883489.0,336064.0,183670.0,8.84
cbecs,building_survey,3857,3857,3,2,26500,1,6,2,44,5,1,1,2,2,2,2,2,2359,2045,484611.0,142031.0,18948.0,,,,623.52
cbecs,building_survey,3858,3858,1,1,3000,4,2,1,60,5,1,1,2,2,1,2,2,5811,791,23628.0,6925.0,1453.0,,,,1195.14
cbecs,building_survey,3859,3859,4,14,152000,2,7,1,60,100,1,1,2,2,2,2,2,1583,4535,8038716.0,2356013.0,242571.0,,,,8.87
cbecs,building_survey,3860,3860,2,2,290000,2,8,3,168,900,1,1,1,2,2,2,2,8821,830,21122555.0,6190667.0,587152.0,1764411.0,16998.0,13017.0,27.6
cbecs,building_survey,3861,3861,1,5,600000,1,6,1,168,200,1,1,1,1,2,2,2,7348,740,14085893.0,4128339.0,713484.0,4881225.0,47025.0,84852.0,69.6
cbecs,building_survey,3862,3862,3,14,160000,1,6,1,83,65,1,1,2,2,1,2,2,1661,3615,7031229.0,2060735.0,177834.0,,,,112.96
cbecs,building_survey,3863,3863,2,13,3800,1,4,1,49,2,1,1,2,2,2,2,2,5396,1302,111896.0,32795.0,3345.0,,,,3075.23
cbecs,building_survey,3864,3864,1,18,176000,994,8,1,168,10,1,1,1,2,2,2,2,4861,1023,5691238.0,1668006.0,143214.0,9464780.0,91183.0,40547.0,6.63
cbecs,building_survey,3865,3865,1,25,116000,1,8,1,105,70,1,1,1,2,2,2,2,5932,1069,6717037.0,1968651.0,294343.0,1606010.0,15472.0,26815.0,105.74
cbecs,building_survey,3866,3866,2,13,3150,2,2,1,15,2,1,1,2,2,2,2,2,5044,1967,70494.0,20661.0,2475.0,,,,2990.63
cbecs,building_survey,3867,3867,1,16,138000,8,4,2,168,800,1,1,1,1,2,1,1,6217,891,19865198.0,5822157.0,848375.0,710683.0,6847.0,5728.0,9.95
cbecs,building_survey,3868,3868,4,18,200000,994,4,1,168,40,1,1,1,1,2,2,2,6485,873,6168062.0,1807756.0,151757.0,5182969.0,49932.0,23274.0,50.03
cbecs,building_survey,3869,3869,3,11,65000,2,6,1,168,75,1,1,2,2,1,2,2,1343,4224,6677649.0,1957107.0,142073.0,,,,32.47
cbecs,building_survey,3870,3870,2,14,150000,1,4,1,45,45,1,1,2,1,1,2,2,5803,1489,6565795.0,1924324.0,165979.0,,,,107.8
cbecs,building_survey,3871,3871,3,2,21500,3,7,1,60,32,1,1,2,1,2,2,2,1530,3783,1318233.0,386352.0,33079.0,,,,468.41
cbecs,building_survey,3872,3872,4,13,65000,1,6,1,36,3,1,1,1,1,1,2,2,4072,1309,1832063.0,536947.0,38467.0,4304193.0,41466.0,19314.0,107.76
cbecs,building_survey,3873,3873,4,12,14000,1,9,1,45,4,1,1,2,2,2,2,2,1384,4104,189535.0,55550.0,14771.0,,,,1461.43
cbecs,building_survey,3874,3874,2,17,126000,3,8,2,168,35,1,1,1,2,2,2,2,8028,462,6578656.0,1928094.0,151481.0,1559019.0,15019.0,7713.0,100.08
cbecs,building_survey,3875,3875,3,12,9500,1,4,1,35,3,1,1,1,2,2,2,2,2139,3353,271999.0,79718.0,6091.0,371682.0,3581.0,2810.0,1489.41
cbecs,building_survey,3876,3876,2,18,6300,1,7,1,168,6,1,1,2,2,1,2,2,6296,1447,192182.0,56325.0,5529.0,,,,4384.99
cbecs,building_survey,3877,3877,2,8,31000,1,6,1,72,150,1,1,1,2,2,2,2,8759,552,2394725.0,701854.0,79762.0,3171976.0,30559.0,19838.0,117.27
cbecs,building_survey,3878,3878,1,2,1500,1,6,1,50,4,1,1,1,2,2,2,2,4822,1478,75982.0,22269.0,2538.0,59672.0,575.0,641.0,4468.96
cbecs,building_survey,3879,3879,4,23,74000,2,6,30,75,124,1,1,1,2,1,2,2,422,1484,5855598.0,1716178.0,216652.0,3624674.0,34920.0,19717.0,175.02
cbecs,building_survey,3880,3880,1,25,210000,1,8,4,168,150,1,1,1,2,2,2,2,6449,802,17784792.0,5212424.0,483094.0,9225322.0,88876.0,155002.0,44.87
cbecs,building_survey,3881,3881,3,2,130000,8,6,90,62,350,1,1,2,1,2,2,2,1185,3492,6272527.0,1838373.0,112370.0,,,,58.26
cbecs,building_survey,3882,3882,3,5,800000,1,9,1,102,300,1,1,2,1,2,2,2,3276,2532,14347838.0,4205111.0,458713.0,,,,69.6
cbecs,building_survey,3883,3883,3,2,1150,1,3,1,40,1,1,1,1,2,2,2,2,4254,1682,20331.0,5959.0,911.0,54843.0,528.0,769.0,2990.63
cbecs,building_survey,3884,3884,3,15,2600,1,8,1,66,7,1,1,1,2,2,2,2,4094,1699,285373.0,83638.0,10505.0,503065.0,4846.0,4349.0,1218.03
cbecs,building_survey,3885,3885,2,2,122000,5,6,3,40,350,1,1,2,1,2,2,2,5862,1425,7540498.0,2209994.0,245446.0,,,,14.9
cbecs,building_survey,3886,3886,3,8,2750,1,4,1,55,8,1,1,2,2,2,2,2,1576,3718,135288.0,39651.0,4483.0,,,,1218.03
cbecs,building_survey,3887,3887,1,25,24000,2,4,10,168,15,1,1,2,2,1,2,2,5029,1074,560931.0,164399.0,21802.0,,,,1461.43
cbecs,building_survey,3888,3888,1,13,1500000,3,8,4,84,1764,1,1,1,2,2,1,2,5232,1102,49740780.0,14578189.0,1069380.0,55411733.0,533832.0,299080.0,14.9
cbecs,building_survey,3889,3889,2,2,6000,1,5,3,40,9,1,1,1,2,2,2,2,6092,952,120000.0,35170.0,6159.0,53106.0,512.0,658.0,1531.55
cbecs,building_survey,3890,3890,3,2,116000,5,6,25,73,225,1,1,2,2,2,2,2,4296,1939,10070536.0,2951505.0,166955.0,,,,137.69
cbecs,building_survey,3891,3891,2,15,10000,1,8,1,57,40,1,1,1,2,2,2,2,6446,745,1929551.0,565519.0,67064.0,4405314.0,42440.0,24256.0,1587.04
cbecs,building_survey,3892,3892,2,14,89000,5,4,1,96,100,1,1,1,2,2,1,2,7661,910,1746666.0,511919.0,64832.0,1583126.0,15252.0,12476.0,69.36
cbecs,building_survey,3893,3893,2,5,10000,1,4,1,60,9,1,1,1,2,2,2,2,6547,1026,213132.0,62465.0,7599.0,357073.0,3440.0,3016.0,2990.63
cbecs,building_survey,3894,3894,1,26,3000,1,2,1,10,2,1,1,2,1,2,2,2,9021,500,7612.0,2231.0,756.0,,,,2934.43
cbecs,building_survey,3895,3895,3,17,45000,1,5,2,168,75,1,1,1,1,2,2,2,1364,3122,3230802.0,946894.0,133222.0,1571012.0,15135.0,11965.0,460.21
cbecs,building_survey,3896,3896,2,14,60000,4,4,1,45,49,1,1,1,2,2,2,2,6418,1237,942058.0,276101.0,27190.0,2612441.0,25168.0,20729.0,9.11
cbecs,building_survey,3897,3897,2,5,280000,1,5,1,40,40,1,1,1,2,2,2,2,5074,1163,9093986.0,2665295.0,225214.0,7043570.0,67857.0,37655.0,31.68
cbecs,building_survey,3898,3898,3,5,210000,1,5,1,80,6,1,1,2,2,2,2,2,4441,1556,815509.0,239012.0,31205.0,,,,66.26
cbecs,building_survey,3899,3899,3,5,355000,2,6,1,50,8,1,1,2,2,1,2,2,3554,2338,2449731.0,717975.0,72236.0,,,,27.17
cbecs,building_survey,3900,3900,4,13,32500,2,8,1,90,23,1,1,1,1,2,2,2,929,1646,1707309.0,500384.0,64153.0,722735.0,6963.0,2852.0,227.11
cbecs,building_survey,3901,3901,4,5,14250,1,3,4,40,5,1,1,2,2,2,2,2,4562,217,128188.0,37570.0,4444.0,,,,3554.88
cbecs,building_survey,3902,3902,3,13,9400,1,7,1,40,1,1,1,2,2,2,2,2,2833,2929,140336.0,41130.0,7716.0,,,,1122.76
cbecs,building_survey,3903,3903,4,8,5000,1,5,1,70,8,1,1,2,2,2,2,2,1521,4467,126589.0,37101.0,10301.0,,,,2934.43
cbecs,building_survey,3904,3904,2,13,60000,3,8,1,80,4,1,1,1,2,2,2,2,5628,1301,1250259.0,366430.0,40270.0,3973509.0,38280.0,26310.0,227.11
cbecs,building_survey,3905,3905,4,18,230000,994,8,9,168,120,1,1,1,2,2,2,2,5699,748,5092152.0,1492424.0,106899.0,18915286.0,182228.0,94329.0,50.03
cbecs,building_survey,3906,3906,4,18,4000,1,8,1,168,4,1,1,1,1,2,2,2,968,1469,94155.0,27595.0,7345.0,44124.0,425.0,460.0,4384.99
cbecs,building_survey,3907,3907,3,18,104000,995,8,1,168,18,1,1,1,1,2,2,2,4476,1662,7025142.0,2058951.0,202071.0,2950298.0,28423.0,21570.0,17.7
cbecs,building_survey,3908,3908,3,2,355000,6,5,20,55,458,1,1,1,2,2,2,2,3964,1809,10943153.0,3207255.0,490885.0,9669496.0,93155.0,52608.0,14.9
cbecs,building_survey,3909,3909,2,14,235000,6,5,1,77,85,1,1,1,2,2,2,2,6067,920,7542850.0,2210683.0,289060.0,10651294.0,102614.0,48102.0,8.93
cbecs,building_survey,3910,3910,3,23,5000,2,8,3,42,9,1,1,1,2,2,2,2,4256,2027,336160.0,98523.0,6400.0,40744.0,393.0,485.0,4740.75
cbecs,building_survey,3911,3911,3,26,2200,1,2,1,72,6,1,1,1,2,2,2,2,3153,1988,121940.0,35739.0,3570.0,53836.0,519.0,592.0,1218.03
cbecs,building_survey,3912,3912,4,23,91000,2,7,5,75,40,1,1,1,2,2,2,2,899,1743,3814103.0,1117850.0,139914.0,2526004.0,24335.0,20098.0,395.28
cbecs,building_survey,3913,3913,3,25,100000,1,8,2,168,100,1,1,1,2,2,2,2,3204,2663,9921319.0,2907772.0,164393.0,3291695.0,31712.0,17460.0,125.04
cbecs,building_survey,3914,3914,1,17,100000,1,8,1,168,50,1,1,1,1,1,2,2,8086,423,2443785.0,716232.0,101166.0,5628990.0,54229.0,36761.0,58.57
cbecs,building_survey,3915,3915,2,1,90000,3,2,1,18,0,1,1,1,2,2,2,2,7431,1073,240611.0,70519.0,7618.0,824228.0,7941.0,5376.0,193.45
cbecs,building_survey,3916,3916,2,5,350000,2,6,1,144,350,1,1,1,2,1,2,2,7992,977,16976235.0,4975450.0,482388.0,7971121.0,76793.0,42501.0,42.58
cbecs,building_survey,3917,3917,1,16,440000,994,5,1,168,1100,1,1,1,1,2,1,2,5867,939,58689557.0,17200925.0,2568210.0,48659799.0,468784.0,262695.0,20.31
cbecs,building_survey,3918,3918,2,5,16250,1,5,1,50,5,1,1,1,2,2,2,2,5771,1219,221986.0,65060.0,8476.0,451039.0,4345.0,4040.0,1531.55
cbecs,building_survey,3919,3919,2,5,3000,1,5,1,40,2,1,1,2,2,1,2,2,6196,1141,66940.0,19619.0,2556.0,,,,3075.23
cbecs,building_survey,3920,3920,4,2,1700,1,3,1,40,5,1,1,1,2,2,2,2,590,4591,129868.0,38062.0,5294.0,10322.0,99.0,195.0,4384.99
cbecs,building_survey,3921,3921,3,16,152000,5,5,1,168,400,1,1,1,1,2,2,2,1266,3041,21251722.0,6228523.0,771159.0,19295544.0,185892.0,164365.0,65.23
cbecs,building_survey,3922,3922,4,26,2500,2,3,1,60,1,1,1,2,2,2,2,2,9206,228,170754.0,50045.0,4036.0,,,,2577.06
cbecs,building_survey,3923,3923,1,7,136000,8,7,20,75,100,1,1,1,1,2,2,2,5463,989,5125189.0,1502107.0,226483.0,4254890.0,40991.0,23018.0,137.69
cbecs,building_survey,3924,3924,4,12,50000,2,5,1,60,15,1,1,1,2,2,2,2,6497,434,609776.0,178715.0,20813.0,612803.0,5904.0,4148.0,65.96
cbecs,building_survey,3925,3925,3,1,500001,2,4,2,60,0,1,1,1,2,2,2,2,1263,4008,10128448.0,2968478.0,178320.0,3034645.0,29236.0,16360.0,52.07
cbecs,building_survey,3926,3926,3,91,1150,1,7,1,30,0,1,1,2,2,2,2,2,1638,3047,44403.0,13014.0,1614.0,,,,1218.03
cbecs,building_survey,3927,3927,4,18,300000,8,6,1,168,80,1,1,1,2,2,2,2,4141,393,7046263.0,2065142.0,184400.0,6386053.0,61523.0,49946.0,9.11
cbecs,building_survey,3928,3928,4,2,3450,1,5,1,40,6,1,1,2,2,2,2,2,466,3541,97319.0,28523.0,12290.0,,,,2934.43
cbecs,building_survey,3929,3929,3,5,80000,1,6,3,60,80,1,1,1,2,2,2,2,2861,2583,683252.0,200250.0,13809.0,1265123.0,12188.0,10204.0,633.24
cbecs,building_survey,3930,3930,4,23,22750,1,8,13,55,53,1,1,1,2,2,2,2,882,1310,1295248.0,379615.0,47943.0,395115.0,3807.0,3349.0,841.34
cbecs,building_survey,3931,3931,3,23,45500,1,9,14,46,59,1,1,1,2,2,2,2,3663,1754,2178947.0,638613.0,54036.0,1202448.0,11584.0,9771.0,841.34
cbecs,building_survey,3932,3932,3,14,15000,1,2,1,55,15,1,1,2,2,2,2,2,1486,3293,792523.0,232275.0,14408.0,,,,1426.39
cbecs,building_survey,3933,3933,2,6,11000,1,5,4,126,8,1,1,1,2,2,2,2,8522,368,1074884.0,315030.0,36045.0,435784.0,4198.0,3315.0,717.24
cbecs,building_survey,3934,3934,4,2,132000,4,6,1,65,350,1,1,1,2,2,2,2,5905,591,3976956.0,1165579.0,121232.0,815645.0,7858.0,4536.0,137.69
cbecs,building_survey,3935,3935,3,23,96000,1,2,16,72,88,1,1,1,2,2,2,2,1138,3441,6170714.0,1808533.0,109404.0,4457667.0,42945.0,24293.0,175.02
cbecs,building_survey,3936,3936,2,2,94000,7,3,1,43,150,1,1,1,1,2,2,2,8325,567,3310129.0,970143.0,84102.0,3726988.0,35905.0,20508.0,15.06
cbecs,building_survey,3937,3937,3,2,1200,1,4,1,32,2,1,1,2,2,2,2,2,3337,2682,18600.0,5451.0,789.0,,,,2990.63
cbecs,building_survey,3938,3938,1,25,128000,1,7,1,112,70,1,1,1,2,2,2,2,5827,1123,7697735.0,2256077.0,330185.0,4036640.0,38889.0,36656.0,105.74
cbecs,building_survey,3939,3939,3,16,600000,5,7,1,168,450,1,1,1,1,2,2,2,2057,3557,66395246.0,19459334.0,1506878.0,54289710.0,523022.0,293632.0,10.4
cbecs,building_survey,3940,3940,4,5,10000,1,6,1,68,1,1,1,2,2,2,2,2,1796,1437,321214.0,94142.0,12261.0,,,,6921.06
cbecs,building_survey,3941,3941,4,1,1400,1,5,0,0,0,1,1,1,2,2,2,2,5813,939,8742.0,2562.0,600.0,54042.0,521.0,556.0,1049.59
cbecs,building_survey,3942,3942,4,2,280000,994,8,1,40,800,1,1,2,1,2,2,2,1438,4573,14672089.0,4300143.0,413231.0,,,,6.63
cbecs,building_survey,3943,3943,4,13,27500,2,7,1,75,7,1,1,1,2,2,2,2,5420,676,1790322.0,524713.0,24395.0,550481.0,5303.0,4503.0,1531.55
cbecs,building_survey,3944,3944,2,23,70000,1,6,8,112,86,1,1,1,2,2,2,2,7513,518,5271947.0,1545119.0,133902.0,6618787.0,63765.0,36024.0,395.28
cbecs,building_survey,3945,3945,3,2,700000,995,6,30,168,1000,1,1,1,2,2,2,2,2546,3380,37116136.0,10878117.0,723016.0,3358463.0,32355.0,18262.0,14.9
cbecs,building_survey,3946,3946,3,5,4000,1,6,1,35,2,1,1,1,2,2,2,2,3883,1817,23470.0,6879.0,1460.0,26330.0,254.0,388.0,1779.2
cbecs,building_survey,3947,3947,4,25,330000,5,6,30,40,95,1,1,1,2,2,2,2,2301,70,4112788.0,1205389.0,295703.0,286667.0,2762.0,4428.0,59.79
cbecs,building_survey,3948,3948,4,13,124000,3,7,1,168,450,1,1,1,1,1,2,2,469,5490,9861938.0,2890369.0,378429.0,2602929.0,25076.0,49804.0,8.93
cbecs,building_survey,3949,3949,3,2,405000,994,8,12,8,350,1,1,2,1,2,2,2,4871,1759,16469646.0,4826977.0,468778.0,,,,21.42
cbecs,building_survey,3950,3950,2,26,36500,2,4,1,120,85,1,1,1,2,2,2,2,7174,1117,1076883.0,315616.0,26543.0,983800.0,9478.0,5595.0,1531.55
cbecs,building_survey,3951,3951,3,12,49500,2,8,1,50,42,1,1,1,2,2,2,2,2839,2817,865273.0,253597.0,18741.0,131581.0,1268.0,1433.0,245.01
cbecs,building_survey,3952,3952,4,5,55000,2,5,5,45,55,1,1,1,2,1,2,2,6459,380,957130.0,280519.0,20543.0,2315020.0,22303.0,11855.0,244.16
cbecs,building_survey,3953,3953,1,1,118000,1,8,0,0,0,1,1,1,2,2,2,2,5213,1008,1059460.0,310510.0,46760.0,549526.0,5294.0,5290.0,68.56
cbecs,building_survey,3954,3954,3,2,132000,5,7,6,60,315,1,1,2,2,2,2,2,2893,2671,7725322.0,2264162.0,228700.0,,,,149.25
cbecs,building_survey,3955,3955,3,25,150000,1,8,1,85,200,1,1,1,1,2,2,2,4684,1733,7480345.0,2192364.0,201555.0,1481477.0,14272.0,12555.0,125.04
cbecs,building_survey,3956,3956,4,18,2100000,995,6,16,168,480,1,1,1,1,2,1,2,4307,1269,81687077.0,23941113.0,1675671.0,92457067.0,890723.0,277861.0,8.84
cbecs,building_survey,3957,3957,1,2,1500000,995,8,13,66,3000,1,1,1,2,2,2,2,5537,954,45251356.0,13262414.0,2648005.0,13958224.0,134472.0,70456.0,14.73
cbecs,building_survey,3958,3958,3,8,360000,4,5,1,65,2500,1,1,2,1,2,1,2,3779,1961,81088999.0,23765826.0,1007918.0,,,,5.89
cbecs,building_survey,3959,3959,2,26,5000,2,2,1,48,9,1,1,1,2,2,2,2,6018,1141,99248.0,29088.0,4218.0,156455.0,1507.0,1431.0,2934.43
cbecs,building_survey,3960,3960,2,23,97000,1,6,16,51,89,1,1,1,2,2,2,2,4832,1602,5229706.0,1532739.0,129163.0,2579081.0,24847.0,14164.0,395.28
cbecs,building_survey,3961,3961,2,12,12000,2,2,1,10,1,1,1,1,2,2,2,2,9294,791,122227.0,35823.0,3635.0,286973.0,2765.0,2702.0,4175.5
cbecs,building_survey,3962,3962,2,14,100000,2,4,1,55,50,1,1,1,2,2,2,2,7483,834,1527371.0,447647.0,32179.0,5138341.0,49502.0,28041.0,114.27
cbecs,building_survey,3963,3963,3,6,2500,1,5,1,50,2,1,1,2,2,1,2,2,3432,1966,128977.0,37801.0,4560.0,,,,2990.63
cbecs,building_survey,3964,3964,3,13,450000,3,7,1,168,50,1,1,1,1,2,2,2,3641,2353,69653269.0,20414205.0,1546711.0,3612956.0,34807.0,37128.0,15.65
cbecs,building_survey,3965,3965,1,2,3000,3,9,1,35,3,1,1,1,2,2,2,2,5391,1117,80262.0,23523.0,2613.0,147334.0,1419.0,1338.0,1745.76
cbecs,building_survey,3966,3966,2,2,5200,2,5,2,50,13,1,1,1,2,2,2,2,9362,558,79133.0,23193.0,3676.0,91203.0,879.0,777.0,3075.23
cbecs,building_survey,3967,3967,2,26,50000,2,4,1,66,22,1,1,1,2,1,2,2,5690,1179,805603.0,236109.0,21024.0,1121426.0,10804.0,7557.0,611.8
cbecs,building_survey,3968,3968,3,2,3200,1,8,1,50,5,1,1,2,2,2,2,2,1625,3925,83362.0,24432.0,2899.0,,,,2990.63
cbecs,building_survey,3969,3969,2,2,360000,6,8,1,60,1625,1,1,2,1,2,2,2,5816,1856,24650984.0,7224790.0,837254.0,,,,6.52
cbecs,building_survey,3970,3970,2,14,116000,2,7,1,45,45,1,1,2,2,1,2,2,5465,1476,2478529.0,726415.0,97482.0,,,,97.52
cbecs,building_survey,3971,3971,4,2,174000,2,6,1,50,75,1,1,1,2,2,2,2,741,1504,12001291.0,3517377.0,571861.0,220384.0,2123.0,1948.0,63.64
cbecs,building_survey,3972,3972,1,2,110000,4,5,1,45,400,1,1,1,2,2,2,2,7541,478,5898850.0,1728854.0,162907.0,3572154.0,34414.0,40715.0,14.73
cbecs,building_survey,3973,3973,3,16,88000,3,5,1,168,100,1,1,2,1,1,2,2,1460,4445,18897087.0,5538419.0,668577.0,,,,10.91
cbecs,building_survey,3974,3974,3,14,35500,2,8,1,83,13,1,1,1,2,2,2,1,1106,3405,2335962.0,684631.0,41881.0,25871.0,249.0,348.0,137.69
cbecs,building_survey,3975,3975,3,91,445000,4,8,8,168,990,1,1,2,1,2,1,2,3663,1977,276566282.0,81056941.0,5987342.0,,,,3.85
cbecs,building_survey,3976,3976,3,14,265000,2,3,1,50,110,1,1,1,2,2,2,2,3852,1565,7434054.0,2178797.0,163482.0,3142380.0,30273.0,30975.0,8.7
cbecs,building_survey,3977,3977,1,5,3200,1,7,1,66,1,1,1,2,2,1,2,2,4258,1559,26307.0,7710.0,778.0,,,,1779.2
cbecs,building_survey,3978,3978,2,8,26000,2,5,2,68,15,1,1,1,2,2,2,2,6156,1459,630200.0,184701.0,18106.0,891668.0,8590.0,5236.0,717.24
cbecs,building_survey,3979,3979,1,8,20250,2,2,1,168,50,1,1,1,1,2,2,2,5019,1080,1874432.0,549365.0,92913.0,1553272.0,14964.0,17458.0,677.21
cbecs,building_survey,3980,3980,4,13,156000,2,9,1,119,68,1,1,1,1,1,2,2,1016,2225,8157913.0,2390948.0,305222.0,3600671.0,34689.0,19732.0,8.66
cbecs,building_survey,3981,3981,3,16,1700000,9,7,3,168,2000,1,1,1,2,2,1,2,2432,2517,73891127.0,21656251.0,1288256.0,41796796.0,402667.0,220933.0,4.7
cbecs,building_survey,3982,3982,2,2,3000,1,9,1,63,7,1,1,1,2,2,2,2,6519,1420,279988.0,82060.0,6457.0,57512.0,554.0,797.0,3320.27
cbecs,building_survey,3983,3983,3,14,178000,2,7,1,55,135,1,1,1,2,2,2,2,4001,1443,6628763.0,1942779.0,201906.0,6652260.0,64087.0,55009.0,44.64
cbecs,building_survey,3984,3984,3,2,80000,5,7,2,60,150,1,1,2,1,2,2,2,4330,1556,4241404.0,1243084.0,121632.0,,,,234.86
cbecs,building_survey,3985,3985,3,16,600000,994,5,12,168,550,1,1,1,1,2,2,2,4019,2111,70254943.0,20590546.0,2247291.0,6892794.0,66405.0,37634.0,13.73
cbecs,building_survey,3986,3986,1,18,200000,3,4,1,168,100,1,1,1,2,2,2,2,6244,636,12725088.0,3729510.0,561075.0,11484792.0,110643.0,61215.0,9.21
cbecs,building_survey,3987,3987,3,15,3750,1,9,1,10,2,1,1,2,2,2,2,2,4252,1655,526561.0,154326.0,10013.0,,,,2990.63
cbecs,building_survey,3988,3988,2,13,5500,2,7,1,50,10,1,1,1,2,2,2,2,6394,1161,512676.0,150257.0,13543.0,313894.0,3024.0,2664.0,15.06
cbecs,building_survey,3989,3989,3,15,4500,1,9,1,140,45,1,1,2,2,2,2,2,3953,1697,2377564.0,696824.0,35001.0,,,,1218.03
cbecs,building_survey,3990,3990,1,8,11000,1,6,6,44,12,1,1,2,2,2,2,2,5267,1307,467135.0,136909.0,13006.0,,,,690.18
cbecs,building_survey,3991,3991,3,2,235000,995,5,25,64,746,1,1,1,1,2,2,2,1356,3748,8556745.0,2507839.0,229318.0,591141.0,5695.0,9224.0,14.9
cbecs,building_survey,3992,3992,3,8,5100,1,8,1,45,5,1,1,2,2,2,2,2,3095,2140,75193.0,22038.0,3776.0,,,,532.67
cbecs,building_survey,3993,3993,3,18,42000,4,9,1,168,7,1,1,1,2,2,2,2,3416,2147,2289259.0,670943.0,40951.0,1295912.0,12485.0,6143.0,495.15
cbecs,building_survey,3994,3994,3,26,13250,1,4,1,0,2,1,1,2,1,2,2,2,2338,3156,239091.0,70074.0,4708.0,,,,1489.41
cbecs,building_survey,3995,3995,4,2,150000,2,7,6,119,100,1,1,1,2,1,2,2,948,1144,5116578.0,1499583.0,381445.0,452073.0,4355.0,3259.0,15.06
cbecs,building_survey,3996,3996,4,25,55000,1,9,1,84,10,1,1,1,2,2,2,2,7257,454,1104416.0,323686.0,30277.0,803506.0,7741.0,5622.0,245.01
cbecs,building_survey,3997,3997,3,2,280000,994,7,1,40,650,1,1,1,1,2,2,2,2612,2563,21134735.0,6194237.0,452547.0,11266741.0,108543.0,86405.0,14.67
cbecs,building_survey,3998,3998,1,2,245000,995,2,37,168,1478,1,1,1,1,2,2,2,4751,1517,13378113.0,3920901.0,356147.0,1977688.0,19053.0,22159.0,9.01
cbecs,building_survey,3999,3999,4,16,126000,3,9,2,168,200,1,1,2,1,2,2,2,5314,1384,26696015.0,7824154.0,633755.0,,,,74.72
cbecs,building_survey,4000,4000,3,18,10250,2,8,1,168,3,1,1,1,2,2,2,2,2973,2943,889686.0,260752.0,16217.0,130588.0,1258.0,1435.0,1421.48
cbecs,building_survey,4001,4001,3,18,700000,7,4,1,168,250,1,1,1,1,2,2,2,1208,2942,30712213.0,9001235.0,378133.0,21651189.0,208586.0,114444.0,8.84
cbecs,building_survey,4002,4002,2,2,4250,2,2,1,45,4,1,1,1,2,2,2,2,8913,716,23617.0,6922.0,974.0,84417.0,813.0,788.0,2990.63
cbecs,building_survey,4003,4003,2,13,600000,3,5,2,63,200,1,1,1,1,2,2,1,8895,887,24277007.0,7115184.0,492577.0,13531225.0,130359.0,93748.0,8.79
cbecs,building_survey,4004,4004,2,18,3250,2,9,1,168,1,1,1,1,2,2,2,2,6371,1319,260545.0,76361.0,7102.0,358904.0,3458.0,2982.0,3271.02
cbecs,building_survey,4005,4005,2,2,178000,1,5,1,46,300,1,1,2,2,2,1,2,7651,621,7840397.0,2297889.0,200438.0,,,,108.39
cbecs,building_survey,4006,4006,2,15,4450,1,8,1,120,12,1,1,1,2,2,2,2,6916,1015,1994836.0,584653.0,53418.0,1012502.0,9754.0,5754.0,1265.79
cbecs,building_survey,4007,4007,2,14,500000,8,4,1,60,150,1,1,1,1,2,2,2,6887,986,8124492.0,2381152.0,203362.0,25785265.0,248413.0,138991.0,148.45
cbecs,building_survey,4008,4008,3,18,192000,994,3,1,168,40,1,1,1,1,1,2,2,1011,3729,9674228.0,2835354.0,106640.0,5685278.0,54771.0,22173.0,176.77
cbecs,building_survey,4009,4009,4,18,132000,7,7,1,168,9,1,1,1,2,2,2,2,5989,745,3008438.0,881723.0,62407.0,4321107.0,41629.0,19478.0,8.84
cbecs,building_survey,4010,4010,2,2,148000,994,4,40,68,300,1,1,1,1,2,2,2,6776,1139,11599168.0,3399522.0,287435.0,4432483.0,42702.0,24038.0,15.06
cbecs,building_survey,4011,4011,1,13,10000,1,6,1,24,20,1,1,1,2,2,2,2,5289,1030,199466.0,58460.0,11880.0,314672.0,3032.0,3039.0,1218.03
cbecs,building_survey,4012,4012,3,23,290000,1,7,14,55,153,1,1,1,2,2,2,2,3424,2397,13028454.0,3818421.0,226767.0,21538480.0,207500.0,116040.0,12.56
cbecs,building_survey,4013,4013,3,15,2500,1,8,1,140,10,1,1,2,2,1,2,2,3864,1587,1118315.0,327759.0,31984.0,,,,1218.03
cbecs,building_survey,4014,4014,3,12,3100,1,5,1,2,2,1,1,1,2,2,2,2,2538,2552,24746.0,7253.0,1300.0,70902.0,683.0,729.0,4084.96
cbecs,building_survey,4015,4015,4,14,122000,1,3,1,50,80,1,1,1,2,2,2,2,3284,2310,2417468.0,708519.0,60556.0,863101.0,8315.0,5529.0,43.95
cbecs,building_survey,4016,4016,3,25,12000,2,6,1,65,8,1,1,1,2,2,2,2,2163,2197,369474.0,108287.0,14409.0,91319.0,880.0,1072.0,2990.63
cbecs,building_survey,4017,4017,3,14,19750,1,5,2,40,30,1,1,1,2,2,2,2,4044,1839,233995.0,68580.0,11376.0,527823.0,5085.0,6050.0,330.8
cbecs,building_survey,4018,4018,3,2,205000,9,6,8,168,125,1,1,1,1,2,2,2,4594,1746,7493807.0,2196309.0,217529.0,1378389.0,13279.0,10983.0,21.42
cbecs,building_survey,4019,4019,4,2,2600,2,2,2,30,3,1,1,1,2,2,2,2,6308,697,14545.0,4263.0,875.0,42174.0,406.0,346.0,1380.94
cbecs,building_survey,4020,4020,1,2,60000,2,6,1,38,275,1,1,1,2,2,2,2,5390,1358,5321053.0,1559511.0,198760.0,3162627.0,30468.0,29064.0,14.9
cbecs,building_survey,4021,4021,3,15,3200,1,7,1,84,20,1,1,1,2,2,2,2,4158,1568,686412.0,201176.0,18073.0,938599.0,9042.0,9919.0,1218.03
cbecs,building_survey,4022,4022,1,16,800000,6,2,1,168,3000,1,1,1,2,2,2,2,5156,1367,58586762.0,17170798.0,3307977.0,194721326.0,1875928.0,1025720.0,8.92
cbecs,building_survey,4023,4023,4,23,28500,1,8,5,75,31,1,1,1,2,2,2,2,5917,701,1748328.0,512406.0,36605.0,2577537.0,24832.0,17972.0,2009.74
cbecs,building_survey,4024,4024,4,2,5000,1,6,1,45,10,1,1,1,2,2,2,2,6367,374,91788.0,26902.0,2941.0,147907.0,1425.0,1082.0,2990.63
cbecs,building_survey,4025,4025,4,1,36000,3,6,0,0,0,1,1,1,1,2,2,2,5024,758,103662.0,30382.0,2745.0,741880.0,7147.0,5398.0,244.16
cbecs,building_survey,4026,4026,3,14,8500,1,3,1,75,15,1,1,2,2,2,1,2,2116,3359,485802.0,142380.0,12931.0,,,,3899.01
cbecs,building_survey,4027,4027,3,2,280000,994,6,2,65,948,1,1,1,1,1,2,2,5071,1256,23633252.0,6926510.0,588966.0,1829303.0,17623.0,14542.0,14.9
cbecs,building_survey,4028,4028,3,2,13000,1,6,1,42,29,1,1,1,2,2,2,2,3258,2792,738124.0,216332.0,18163.0,285726.0,2753.0,3582.0,458.62
cbecs,building_survey,4029,4029,3,24,1700000,2,5,996,72,1030,1,1,1,2,2,2,2,2757,2451,59189947.0,17347581.0,1503525.0,8544106.0,82313.0,45259.0,14.9
cbecs,building_survey,4030,4030,4,23,98000,1,8,11,75,101,1,1,1,2,2,2,2,1097,1911,5769022.0,1690804.0,217222.0,4736817.0,45634.0,25776.0,395.28
cbecs,building_survey,4031,4031,3,23,11000,1,7,7,55,27,1,1,1,2,1,2,2,4983,1836,621873.0,182261.0,11508.0,146213.0,1409.0,1314.0,2009.74
cbecs,building_survey,4032,4032,2,18,30000,3,7,1,168,5,1,1,1,2,2,2,2,6026,1039,959369.0,281175.0,27378.0,782745.0,7541.0,8436.0,495.15
cbecs,building_survey,4033,4033,3,14,86000,2,3,1,55,70,1,1,1,2,2,2,2,4431,1648,2220171.0,650695.0,70914.0,1922226.0,18519.0,14501.0,99.04
cbecs,building_survey,4034,4034,2,5,36000,1,3,1,43,4,1,1,2,2,2,2,2,6196,1373,1201306.0,352083.0,30582.0,,,,461.19
cbecs,building_survey,4035,4035,2,2,400000,995,4,37,40,900,1,1,1,1,2,2,2,5992,1522,20070569.0,5882347.0,556112.0,29736766.0,286481.0,209624.0,15.06
cbecs,building_survey,4036,4036,2,25,305000,2,8,1,70,150,1,1,1,2,2,2,2,5942,1028,8420153.0,2467806.0,276135.0,4955012.0,47736.0,26352.0,15.06
cbecs,building_survey,4037,4037,2,14,176000,4,8,2,84,100,1,1,1,2,2,2,2,6161,1362,7792918.0,2283974.0,200471.0,7257406.0,69917.0,38169.0,45.1
cbecs,building_survey,4038,4038,1,12,25500,3,7,1,168,7,1,1,1,2,2,2,2,4924,1106,1387454.0,406640.0,37982.0,688418.0,6632.0,5968.0,1413.09
cbecs,building_survey,4039,4039,3,2,148000,6,7,9,65,315,1,1,2,2,2,2,2,3461,2099,7781619.0,2280662.0,203239.0,,,,14.9
cbecs,building_survey,4040,4040,1,16,390000,7,3,1,168,85,1,1,2,1,2,1,2,6851,735,21090998.0,6181418.0,467101.0,,,,10.4
cbecs,building_survey,4041,4041,2,6,9500,1,9,1,168,6,1,1,1,1,2,2,2,6295,894,1797221.0,526735.0,51942.0,1082841.0,10432.0,8751.0,1531.55
cbecs,building_survey,4042,4042,3,12,41000,1,4,1,8,5,1,1,1,2,2,2,2,4484,1842,173247.0,50776.0,7314.0,960992.0,9258.0,4406.0,591.56
cbecs,building_survey,4043,4043,3,2,205000,994,6,30,61,300,1,1,2,1,2,2,2,2975,2925,19019116.0,5574184.0,424123.0,,,,31.35
cbecs,building_survey,4044,4044,1,14,182000,2,4,1,75,200,1,1,2,1,2,2,2,4955,1037,6085529.0,1783567.0,264117.0,,,,44.12
cbecs,building_survey,4045,4045,3,14,7200,1,7,1,10,1,1,1,2,2,2,2,2,1612,2579,239171.0,70097.0,9643.0,,,,4468.96
cbecs,building_survey,4046,4046,1,18,50001,4,4,1,168,0,1,1,2,2,2,1,2,6612,933,510885.0,149732.0,17676.0,,,,423.01
cbecs,building_survey,4047,4047,1,5,1500,1,4,2,45,4,1,1,2,2,1,2,2,6257,568,22774.0,6675.0,1262.0,,,,4084.96
cbecs,building_survey,4048,4048,3,25,205000,1,7,5,168,150,1,1,1,2,2,2,2,2784,2800,16754533.0,4910473.0,418075.0,2968842.0,28602.0,16169.0,21.45
cbecs,building_survey,4049,4049,3,5,130000,2,5,1,50,35,1,1,1,2,2,2,2,4540,1791,494920.0,145053.0,23189.0,443784.0,4275.0,3716.0,240.4
cbecs,building_survey,4050,4050,3,5,136000,1,6,1,40,5,1,1,1,2,2,2,2,3692,2491,995824.0,291859.0,24069.0,62900.0,606.0,759.0,247.57
cbecs,building_survey,4051,4051,2,2,6200,3,2,1,40,4,1,1,1,2,2,2,2,7219,1331,140242.0,41103.0,4015.0,202922.0,1955.0,1779.0,3709.28
cbecs,building_survey,4052,4052,2,26,3000,1,7,1,1,1,1,1,2,2,2,2,2,6055,1102,87969.0,25782.0,2732.0,,,,4057.15
cbecs,building_survey,4053,4053,3,23,64000,1,7,10,117,63,1,1,1,2,1,2,2,1373,3719,7711179.0,2260017.0,189313.0,2604238.0,25089.0,13916.0,10.71
cbecs,building_survey,4054,4054,2,26,2700,1,5,1,80,9,1,1,1,2,2,2,2,5132,1083,116607.0,34176.0,2856.0,237731.0,2290.0,1585.0,3075.23
cbecs,building_survey,4055,4055,2,14,100000,2,8,1,50,50,1,1,1,2,2,2,2,8889,535,1880651.0,551187.0,75591.0,2792697.0,26905.0,17341.0,100.08
cbecs,building_survey,4056,4056,2,14,30000,2,3,1,60,4,1,1,1,2,2,2,2,4857,1991,697845.0,204527.0,17955.0,1374829.0,13245.0,10933.0,690.18
cbecs,building_survey,4057,4057,4,14,87000,3,2,1,50,50,1,1,1,2,2,2,2,2171,195,3199382.0,937685.0,174492.0,2940333.0,28327.0,23240.0,100.08
cbecs,building_survey,4058,4058,4,14,194000,2,2,1,50,40,1,1,1,2,2,2,2,4571,748,7837853.0,2297143.0,293340.0,3846924.0,37061.0,34690.0,100.08
cbecs,building_survey,4059,4059,3,14,37000,2,9,1,50,39,1,1,1,2,2,2,2,4068,1749,1175900.0,344637.0,21498.0,1231058.0,11860.0,9768.0,324.59
cbecs,building_survey,4060,4060,2,25,20000,1,5,1,84,7,1,1,1,2,2,2,2,5949,1112,692861.0,203066.0,18397.0,572271.0,5513.0,6026.0,581.87
cbecs,building_survey,4061,4061,1,2,500001,995,4,30,168,2750,1,1,1,2,2,1,2,5333,1198,126783565.0,37158137.0,1171086.0,1024728.0,9872.0,13150.0,14.9
cbecs,building_survey,4062,4062,2,13,9900,2,4,1,60,2,1,1,1,2,2,2,2,7223,646,329406.0,96543.0,12075.0,590214.0,5686.0,3442.0,1531.55
cbecs,building_survey,4063,4063,3,5,2400,1,4,1,126,1,1,1,2,2,2,2,2,4301,1839,57622.0,16888.0,1375.0,,,,6534.79
cbecs,building_survey,4064,4064,4,2,60000,2,8,29,72,75,1,1,1,2,2,2,2,2447,558,2409005.0,706039.0,176942.0,2169660.0,20902.0,25378.0,15.06
cbecs,building_survey,4065,4065,4,2,29500,2,8,9,8,200,1,1,1,2,2,2,2,2043,1260,1500410.0,439745.0,56373.0,460162.0,4433.0,3886.0,611.8
cbecs,building_survey,4066,4066,1,8,92000,3,9,1,60,125,1,1,1,2,2,2,2,6432,1030,7040282.0,2063389.0,191357.0,1821946.0,17552.0,7739.0,116.06
cbecs,building_survey,4067,4067,3,25,12000,1,8,1,65,10,1,1,1,2,2,2,2,2111,3083,419223.0,122867.0,16782.0,260241.0,2507.0,2252.0,1413.09
cbecs,building_survey,4068,4068,1,14,40500,3,2,1,55,50,1,1,1,2,2,2,2,5696,1062,909435.0,266540.0,24905.0,1810727.0,17444.0,14582.0,332.94
cbecs,building_survey,4069,4069,1,18,500000,8,5,3,168,50,1,1,1,1,2,2,2,6224,783,16154455.0,4734600.0,584765.0,26142581.0,251855.0,298159.0,8.74
cbecs,building_survey,4070,4070,3,2,33500,1,8,1,50,40,1,1,1,1,1,2,2,1487,3327,464269.0,136069.0,3007.0,183949.0,1772.0,3260.0,621.37
cbecs,building_survey,4071,4071,4,2,88000,4,8,1,50,275,1,1,1,2,2,2,2,1422,4431,1381882.0,405006.0,30205.0,224908.0,2167.0,1740.0,240.4
cbecs,building_survey,4072,4072,2,25,220000,1,8,4,126,150,1,1,1,2,2,2,2,4523,1333,13723330.0,4022078.0,349216.0,7930535.0,76402.0,42560.0,15.06
cbecs,building_survey,4073,4073,2,2,35000,3,9,1,168,11,1,1,1,2,2,2,2,5934,1136,2065058.0,605234.0,51419.0,678246.0,6534.0,5607.0,502.9
cbecs,building_survey,4074,4074,2,13,156000,2,8,1,108,100,1,1,1,2,2,2,2,4864,2122,14773737.0,4329935.0,329216.0,722930.0,6965.0,5934.0,14.9
cbecs,building_survey,4075,4075,2,14,11500,1,4,1,35,6,1,1,1,2,2,2,2,5641,1408,261114.0,76528.0,9011.0,335557.0,3233.0,1598.0,1426.39
cbecs,building_survey,4076,4076,3,14,380000,3,8,1,80,175,1,1,1,1,2,2,2,3533,2081,7935590.0,2325788.0,240503.0,2108665.0,20315.0,23036.0,8.7
cbecs,building_survey,4077,4077,1,5,40000,2,4,1,132,50,1,1,1,2,1,2,2,7175,863,897585.0,263067.0,24869.0,2198119.0,21176.0,13467.0,1030.4
cbecs,building_survey,4078,4078,1,12,2500,2,2,1,10,2,1,1,2,1,2,2,2,6353,933,50392.0,14769.0,1124.0,,,,2990.63
cbecs,building_survey,4079,4079,3,1,500000,2,4,12,60,300,1,1,1,2,2,2,2,4180,1720,4127223.0,1209620.0,125462.0,7039230.0,67815.0,94644.0,52.07
cbecs,building_survey,4080,4080,1,18,62000,994,2,1,168,45,1,1,2,2,2,1,2,4635,1497,2382638.0,698311.0,116054.0,,,,495.15
cbecs,building_survey,4081,4081,3,18,50000,3,4,1,168,4,1,1,1,2,2,2,2,3867,2082,1777143.0,520851.0,29464.0,3500021.0,33719.0,18525.0,329.67
cbecs,building_survey,4082,4082,4,15,3750,1,4,1,92,10,1,1,1,2,2,2,2,4990,934,277191.0,81240.0,7747.0,1159656.0,11172.0,5760.0,1218.03
cbecs,building_survey,4083,4083,1,8,8200,2,2,4,40,4,1,1,2,2,2,2,2,5180,1338,70683.0,20716.0,1617.0,,,,1195.14
cbecs,building_survey,4084,4084,4,2,138000,9,4,1,65,270,1,1,1,2,2,2,2,813,1156,4998697.0,1465034.0,230456.0,2870738.0,27656.0,19022.0,15.06
cbecs,building_survey,4085,4085,3,16,1700000,7,5,1,168,2750,1,1,1,1,2,1,2,2762,2750,162430786.0,47605740.0,3842014.0,114615998.0,1104200.0,427397.0,8.92
cbecs,building_survey,4086,4086,3,2,55000,2,6,1,168,25,1,1,2,2,2,2,2,1777,3058,8511397.0,2494548.0,213328.0,,,,14.9
cbecs,building_survey,4087,4087,2,2,275000,8,5,130,168,2100,1,1,1,1,2,2,2,6480,915,11733094.0,3438773.0,381273.0,13139721.0,126587.0,74236.0,15.06
cbecs,building_survey,4088,4088,4,15,9000,1,7,1,40,4,1,1,1,2,2,2,2,1680,1715,569044.0,166777.0,22036.0,32152.0,310.0,89.0,4384.99
cbecs,building_survey,4089,4089,2,2,108000,3,8,1,45,192,1,1,1,2,2,2,2,8317,675,3292578.0,964999.0,127158.0,1530926.0,14749.0,9450.0,338.72
cbecs,building_survey,4090,4090,4,18,400000,5,9,1,168,50,1,1,1,1,2,2,2,718,2015,27661117.0,8107010.0,1010396.0,6551191.0,63114.0,45377.0,51.34
cbecs,building_survey,4091,4091,1,18,5700,2,6,1,168,4,1,1,2,1,1,2,2,5692,815,611488.0,179217.0,17070.0,,,,9.67
cbecs,building_survey,4092,4092,1,26,6400,1,9,1,44,4,1,1,2,2,1,2,2,8150,697,104278.0,30562.0,5311.0,,,,2934.43
cbecs,building_survey,4093,4093,2,11,126000,2,8,1,144,40,1,1,1,2,1,2,2,6697,1209,16001719.0,4689836.0,482908.0,299795.0,2888.0,2052.0,80.37
cbecs,building_survey,4094,4094,3,12,1100,2,5,1,60,1,1,1,2,2,2,2,2,2793,2919,39351.0,11533.0,2156.0,,,,2990.63
cbecs,building_survey,4095,4095,1,2,600000,995,7,15,60,1200,1,1,2,1,2,1,2,4473,1589,6457436.0,1892566.0,167125.0,,,,9.01
cbecs,building_survey,4096,4096,3,2,225000,6,6,45,55,400,1,1,2,1,2,2,2,2620,2458,11368290.0,3331855.0,299770.0,,,,60.86
cbecs,building_survey,4097,4097,3,13,1500,1,7,1,28,10,1,1,2,2,2,2,2,1435,4215,238334.0,69852.0,6588.0,,,,2990.63
cbecs,building_survey,4098,4098,1,2,73000,2,5,2,45,130,1,1,1,2,2,2,2,5169,1317,3846666.0,1127393.0,97384.0,1622750.0,15633.0,16088.0,116.06
cbecs,building_survey,4099,4099,1,2,490000,995,6,11,60,483,1,1,2,1,2,1,2,5838,1108,24536471.0,7191228.0,1080825.0,,,,14.73
cbecs,building_survey,4100,4100,4,91,10000,1,7,1,54,3,1,1,1,2,2,2,2,4133,1831,85158.0,24958.0,2914.0,74302.0,716.0,710.0,2990.63
cbecs,building_survey,4101,4101,3,2,27500,2,2,1,40,40,1,1,1,2,2,2,2,2991,2386,1339990.0,392729.0,34320.0,286945.0,2764.0,2714.0,589.53
cbecs,building_survey,4102,4102,1,13,5300,2,2,1,10,0,1,1,2,1,2,2,2,5688,886,102505.0,30042.0,3289.0,,,,1779.2
cbecs,building_survey,4103,4103,1,2,410000,995,4,65,55,800,1,1,1,1,2,1,2,4473,1284,20577832.0,6031018.0,596614.0,502241.0,4839.0,4118.0,31.35
cbecs,building_survey,4104,4104,1,2,220000,4,6,1,50,456,1,1,1,2,2,2,2,5077,1222,8816623.0,2584004.0,272500.0,495176.0,4770.0,5838.0,14.9
cbecs,building_survey,4105,4105,1,18,66000,6,5,1,168,4,1,1,1,2,2,1,2,5469,886,1454931.0,426416.0,46113.0,4099850.0,39498.0,30946.0,502.9
cbecs,building_survey,4106,4106,2,16,122000,3,8,1,168,70,1,1,1,1,2,2,2,7985,820,9967795.0,2921394.0,198754.0,8996337.0,86670.0,60519.0,75.71
cbecs,building_survey,4107,4107,3,14,270000,5,7,2,112,200,1,1,2,2,1,2,2,1466,3060,3609117.0,1057772.0,103255.0,,,,50.63
cbecs,building_survey,4108,4108,3,2,205000,7,8,9,55,550,1,1,2,1,2,2,2,1828,4031,9057337.0,2654554.0,240425.0,,,,14.9
cbecs,building_survey,4109,4109,3,16,425000,5,4,2,168,250,1,1,1,1,2,2,2,2468,2906,45452720.0,13321430.0,1129340.0,12935846.0,124623.0,59520.0,9.07
cbecs,building_survey,4110,4110,2,14,210000,2,5,1,45,75,1,1,2,2,2,2,2,7859,579,5169946.0,1515225.0,174260.0,,,,22.49
cbecs,building_survey,4111,4111,2,16,1800000,994,5,6,168,2000,1,1,1,1,2,2,2,5192,1692,135302491.0,39654892.0,3476672.0,110173644.0,1061403.0,585633.0,9.3
cbecs,building_survey,4112,4112,2,15,3500,1,2,1,12,5,1,1,2,2,2,2,2,6577,1028,58503.0,17146.0,2378.0,,,,1391.33
cbecs,building_survey,4113,4113,3,5,380000,1,7,1,168,35,1,1,1,2,2,2,2,3210,1741,9038257.0,2648962.0,236748.0,9161267.0,88259.0,49931.0,189.32
cbecs,building_survey,4114,4114,4,18,9500,2,6,1,168,15,1,1,1,2,2,2,2,3793,1562,468561.0,137327.0,9822.0,1382063.0,13315.0,9839.0,1195.68
cbecs,building_survey,4115,4115,1,91,23000,1,6,1,80,50,1,1,1,1,2,2,2,7028,659,5245743.0,1537439.0,258445.0,1194049.0,11503.0,16393.0,1461.43
cbecs,building_survey,4116,4116,3,18,270000,6,3,1,168,88,1,1,2,2,2,1,2,2073,2755,11373979.0,3333523.0,234557.0,,,,99.38
cbecs,building_survey,4117,4117,3,2,900000,8,2,3,50,2100,1,1,2,2,2,1,2,4548,1764,34198984.0,10023149.0,1459137.0,,,,6.52
cbecs,building_survey,4118,4118,2,23,12000,1,8,6,75,19,1,1,1,2,2,2,2,7039,925,1312417.0,384647.0,33915.0,1133088.0,10916.0,8925.0,2009.74
cbecs,building_survey,4119,4119,3,18,360000,994,4,2,168,40,1,1,1,1,2,2,2,2048,2416,16747475.0,4908404.0,453149.0,1313867.0,12658.0,4991.0,8.84
cbecs,building_survey,4120,4120,1,5,13000,2,7,7,100,1,1,1,2,2,1,2,2,5555,598,314452.0,92161.0,14147.0,,,,4145.52
cbecs,building_survey,4121,4121,3,14,350000,2,4,1,50,110,1,1,1,2,2,2,2,3416,2239,5447954.0,1596704.0,134453.0,1147070.0,11051.0,10246.0,44.64
cbecs,building_survey,4122,4122,3,2,300000,995,4,43,70,450,1,1,2,2,2,1,2,4814,1672,15551563.0,4557902.0,141974.0,,,,14.9
cbecs,building_survey,4123,4123,3,15,7500,1,4,1,50,5,1,1,2,2,2,2,2,3359,2119,2129659.0,624167.0,33870.0,,,,4468.96
cbecs,building_survey,4124,4124,4,8,126000,5,8,4,50,150,1,1,2,2,2,1,2,814,1356,6857117.0,2009706.0,255113.0,,,,52.84
cbecs,building_survey,4125,4125,3,5,265000,2,6,1,168,200,1,1,1,2,2,2,2,3604,1908,20655812.0,6053872.0,608396.0,3410524.0,32857.0,36276.0,14.67
cbecs,building_survey,4126,4126,3,26,3600,1,6,1,54,1,1,1,2,2,1,2,2,2326,2927,110024.0,32246.0,3558.0,,,,3320.27
cbecs,building_survey,4127,4127,3,18,124000,1,6,10,168,140,1,1,1,2,2,2,2,1512,4143,8120032.0,2379845.0,196251.0,2438770.0,23495.0,14180.0,97.52
cbecs,building_survey,4128,4128,4,14,85000,2,8,1,56,100,1,1,1,1,2,2,2,5035,1346,3603408.0,1056098.0,100271.0,970233.0,9347.0,7632.0,216.62
cbecs,building_survey,4129,4129,3,18,1700000,995,8,1,168,20,1,1,1,1,2,2,2,2851,1811,36699594.0,10756036.0,924464.0,21002233.0,202334.0,124574.0,5.52
cbecs,building_survey,4130,4130,2,14,116000,2,8,1,55,80,1,1,1,2,2,2,2,5554,1263,3508105.0,1028167.0,87228.0,3015005.0,29046.0,16453.0,97.52
cbecs,building_survey,4131,4131,4,16,800000,6,8,1,168,1275,1,1,1,2,2,2,2,857,1430,116573662.0,34165786.0,2708816.0,120626316.0,1162103.0,1101988.0,9.01
cbecs,building_survey,4132,4132,2,4,490000,1,7,1,168,50,1,1,2,1,2,1,2,6108,1374,133212516.0,39042355.0,2000378.0,,,,3.95
cbecs,building_survey,4133,4133,1,2,3200,3,2,1,60,10,1,1,1,2,2,2,2,4276,1471,92849.0,27212.0,6924.0,89496.0,862.0,869.0,1195.14
cbecs,building_survey,4134,4134,3,8,128000,9,6,25,60,200,1,1,2,1,2,2,2,1588,4152,2427096.0,711341.0,65447.0,,,,51.49
cbecs,building_survey,4135,4135,1,14,480000,4,5,1,45,350,1,1,1,1,2,2,2,4464,1436,17379899.0,5093757.0,395367.0,16491801.0,158881.0,89342.0,44.64
cbecs,building_survey,4136,4136,3,2,22250,1,8,1,70,60,1,1,2,2,2,2,2,1512,3759,804508.0,235788.0,23879.0,,,,799.99
cbecs,building_survey,4137,4137,4,4,130000,4,3,10,50,220,1,1,2,2,2,1,2,6525,225,5136637.0,1505462.0,88667.0,,,,7.45
cbecs,building_survey,4138,4138,3,6,1600,1,8,1,84,4,1,1,2,2,2,2,2,3592,2046,414920.0,121606.0,12361.0,,,,2990.63
cbecs,building_survey,4139,4139,3,17,63000,1,8,1,168,42,1,1,2,1,1,2,2,4189,1571,4592353.0,1345942.0,122630.0,,,,110.28
cbecs,building_survey,4140,4140,1,2,53000,994,2,1,168,225,1,1,1,1,2,2,2,4495,1511,3355765.0,983518.0,93582.0,1199839.0,11559.0,15322.0,246.59
cbecs,building_survey,4141,4141,4,14,31000,1,4,1,48,19,1,1,1,2,2,2,2,5933,451,1184479.0,347151.0,44096.0,950151.0,9154.0,5963.0,611.8
cbecs,building_survey,4142,4142,4,14,41000,2,8,1,45,40,1,1,1,2,2,2,2,2467,656,889282.0,260634.0,33521.0,697756.0,6722.0,5619.0,587.89
cbecs,building_survey,4143,4143,3,12,3600,1,3,1,2,1,1,1,1,2,2,2,2,3727,2121,12120.0,3552.0,550.0,117595.0,1133.0,1105.0,460.31
cbecs,building_survey,4144,4144,2,14,3500,2,2,1,60,6,1,1,2,2,1,2,2,7096,748,43135.0,12642.0,1674.0,,,,4384.99
cbecs,building_survey,4145,4145,4,25,2000,1,2,2,44,1,1,1,1,2,2,2,2,5133,219,30434.0,8920.0,991.0,18697.0,180.0,278.0,3075.23
cbecs,building_survey,4146,4146,1,23,400000,3,5,23,75,234,1,1,1,2,2,2,2,5047,1280,26604822.0,7797427.0,713330.0,37073442.0,357162.0,195660.0,72.88
cbecs,building_survey,4147,4147,2,14,110000,1,4,1,45,35,1,1,1,2,2,2,2,7026,966,4403865.0,1290699.0,92978.0,4313919.0,41560.0,10162.0,101.36
cbecs,building_survey,4148,4148,2,14,57000,3,4,1,56,28,1,1,1,2,2,2,2,5698,1852,2280695.0,668433.0,56719.0,761776.0,7339.0,6101.0,99.04
cbecs,building_survey,4149,4149,2,2,108000,994,7,40,90,300,1,1,2,2,2,2,2,6669,1095,2776387.0,813712.0,69778.0,,,,68.53
cbecs,building_survey,4150,4150,2,2,1200,1,8,1,50,3,1,1,1,2,2,2,2,7686,735,30746.0,9011.0,1339.0,125720.0,1211.0,1164.0,6921.06
cbecs,building_survey,4151,4151,3,2,2400,1,2,2,50,2,1,1,1,2,2,2,2,2947,2306,29160.0,8546.0,1119.0,90958.0,876.0,1094.0,2990.63
cbecs,building_survey,4152,4152,3,2,460000,6,2,2,66,1300,1,1,2,1,2,1,2,3268,2007,26705157.0,7826834.0,674198.0,,,,6.52
cbecs,building_survey,4153,4153,1,18,6000,2,7,1,168,2,1,1,1,2,2,2,2,7787,526,408851.0,119827.0,23695.0,421460.0,4060.0,5539.0,1195.68
cbecs,building_survey,4154,4154,2,2,215000,8,3,1,75,100,1,1,2,1,2,2,2,4532,2342,13412632.0,3931018.0,341014.0,,,,14.9
cbecs,building_survey,4155,4155,1,15,3500,1,8,1,120,8,1,1,1,2,2,2,2,3968,1503,740245.0,216953.0,16756.0,340043.0,3276.0,3375.0,1417.97
cbecs,building_survey,4156,4156,4,13,300000,3,7,10,168,50,1,1,1,2,2,1,2,4816,1320,13866066.0,4063911.0,338192.0,812141.0,7824.0,6292.0,10.14
cbecs,building_survey,4157,4157,2,13,250000,3,8,1,45,60,1,1,1,2,2,2,2,9067,628,3280637.0,961500.0,70317.0,12872925.0,124017.0,69289.0,14.9
cbecs,building_survey,4158,4158,2,5,4500,1,3,1,3,0,2,2,2,2,2,2,2,5182,1741,,,,,,,8384.09
cbecs,building_survey,4159,4159,2,18,375000,995,5,1,168,150,1,1,1,2,2,2,2,4671,1966,10965792.0,3213890.0,321143.0,18935263.0,182421.0,101844.0,8.84
cbecs,building_survey,4160,4160,3,15,9400,2,9,1,82,12,1,1,1,2,2,2,2,1474,3228,1222243.0,358219.0,30576.0,733800.0,7069.0,5912.0,1195.14
cbecs,building_survey,4161,4161,4,2,122000,5,9,5,55,500,1,1,1,1,2,2,2,4219,1598,9816887.0,2877165.0,230326.0,233646.0,2251.0,2957.0,137.69
cbecs,building_survey,4162,4162,2,5,10750,1,4,1,0,0,1,1,2,2,2,2,2,6704,1057,304917.0,89366.0,8185.0,,,,3554.88
cbecs,building_survey,4163,4163,3,2,102000,3,5,12,66,50,1,1,1,2,2,2,2,1303,2865,4677131.0,1370789.0,110617.0,1387828.0,13370.0,9889.0,126.08
cbecs,building_survey,4164,4164,2,13,350000,4,3,1,120,50,1,1,1,2,2,1,2,7108,693,14669713.0,4299447.0,360040.0,98785.0,952.0,571.0,24.75
cbecs,building_survey,4165,4165,4,14,142000,2,8,1,45,150,1,1,1,2,2,2,2,1858,3825,12672896.0,3714213.0,258692.0,5221790.0,50306.0,25371.0,43.95
cbecs,building_survey,4166,4166,1,18,30000,3,4,1,168,12,1,1,1,2,2,2,2,6671,776,2670581.0,782703.0,37280.0,2490975.0,23998.0,19661.0,467.07
cbecs,building_survey,4167,4167,3,91,45000,1,7,1,60,35,1,1,2,2,2,2,2,1683,3689,1267970.0,371621.0,37450.0,,,,14.9
cbecs,building_survey,4168,4168,1,2,245000,994,6,4,60,596,1,1,1,2,2,2,2,5496,1089,10576426.0,3099773.0,532042.0,6818522.0,65689.0,56191.0,14.73
cbecs,building_survey,4169,4169,4,25,14750,1,8,1,98,7,1,1,2,2,2,2,2,1313,2421,1154346.0,338319.0,50042.0,,,,1531.55
cbecs,building_survey,4170,4170,3,26,62000,1,8,1,100,50,1,1,1,2,2,2,2,2531,2536,9350577.0,2740497.0,274732.0,29613518.0,285294.0,249259.0,633.24
cbecs,building_survey,4171,4171,1,14,170000,2,7,1,86,100,1,1,1,2,2,2,2,4671,1393,5746951.0,1684335.0,122912.0,11867769.0,114333.0,63912.0,13.73
cbecs,building_survey,4172,4172,3,18,192000,7,8,1,168,25,1,1,1,2,2,2,2,2483,2679,6144927.0,1800975.0,127244.0,3216373.0,30986.0,19546.0,97.52
cbecs,building_survey,4173,4173,4,13,30000,1,7,1,54,6,1,1,1,2,2,2,2,1770,1337,133907.0,39246.0,8673.0,399252.0,3846.0,4166.0,495.15
cbecs,building_survey,4174,4174,2,13,1750,1,9,1,72,1,1,1,2,2,1,2,2,6732,1231,74124.0,21725.0,2444.0,,,,1779.2
cbecs,building_survey,4175,4175,3,5,61000,1,7,2,110,21,1,1,2,2,2,2,2,1737,3685,2019576.0,591904.0,51791.0,,,,310.59
cbecs,building_survey,4176,4176,2,17,46500,2,4,2,168,32,1,1,1,1,2,2,2,10132,788,2194880.0,643283.0,64523.0,5309753.0,51154.0,37664.0,99.04
cbecs,building_survey,4177,4177,3,18,200000,6,5,1,168,50,1,1,1,2,2,2,2,3409,2146,10542860.0,3089936.0,297528.0,2542108.0,24490.0,18151.0,8.84
cbecs,building_survey,4178,4178,2,2,275000,995,6,32,68,850,1,1,1,2,2,2,2,8170,852,20921988.0,6131884.0,556352.0,3386115.0,32622.0,18212.0,14.9
cbecs,building_survey,4179,4179,4,7,20000,2,6,1,168,3,1,1,1,2,2,1,2,1877,1418,1035753.0,303562.0,39787.0,461891.0,4450.0,3847.0,495.15
cbecs,building_survey,4180,4180,3,2,2100,1,5,1,44,8,1,1,2,2,2,2,2,1043,2117,270735.0,79348.0,13051.0,,,,2990.63
cbecs,building_survey,4181,4181,3,18,170000,6,8,1,168,25,1,1,2,2,2,2,2,1657,3907,10072967.0,2952218.0,253369.0,,,,5.52
cbecs,building_survey,4182,4182,1,17,162000,9,5,1,168,125,1,1,1,1,2,2,2,4630,1267,6628176.0,1942607.0,178312.0,13469623.0,129765.0,71232.0,8.84
cbecs,building_survey,4183,4183,4,18,176000,8,9,1,168,40,1,1,1,2,2,2,2,4339,1671,10827491.0,3173356.0,227892.0,5197555.0,50073.0,32298.0,97.52
cbecs,building_survey,4184,4184,2,13,27000,1,5,1,75,4,1,1,1,2,2,2,2,7204,644,591582.0,173383.0,24076.0,648182.0,6245.0,4187.0,1317.69
cbecs,building_survey,4185,4185,3,2,184000,3,5,43,65,400,1,1,1,2,2,2,2,2297,3193,5960811.0,1747014.0,149285.0,2264919.0,21820.0,11475.0,14.9
cbecs,building_survey,4186,4186,3,5,60000,1,6,1,40,1,1,1,2,2,2,2,2,3173,1817,689099.0,201963.0,17558.0,,,,797.99
cbecs,building_survey,4187,4187,1,14,174000,2,3,1,40,82,1,1,1,2,2,2,2,7298,675,3309805.0,970048.0,168227.0,6313601.0,60825.0,106561.0,44.64
cbecs,building_survey,4188,4188,3,26,15250,1,8,1,98,12,1,1,2,2,2,2,2,1979,4162,176058.0,51600.0,4574.0,,,,1489.41
cbecs,building_survey,4189,4189,3,5,200000,1,6,1,120,60,1,1,2,2,2,2,2,4296,1367,6286201.0,1842380.0,156102.0,,,,125.04
cbecs,building_survey,4190,4190,1,5,21000,3,2,1,55,25,1,1,1,2,2,2,2,5107,1410,641908.0,188132.0,34351.0,625130.0,6022.0,5017.0,1270.83
cbecs,building_survey,4191,4191,2,14,275000,1,4,1,45,246,1,1,1,2,2,2,2,7214,826,3904325.0,1144292.0,124183.0,9890498.0,95284.0,60994.0,8.93
cbecs,building_survey,4192,4192,1,2,390000,9,6,8,54,250,1,1,2,2,2,2,2,5505,1065,11222275.0,3289061.0,396487.0,,,,14.9
cbecs,building_survey,4193,4193,1,25,4000,3,7,1,55,3,1,1,2,2,1,2,2,6741,468,105210.0,30835.0,3989.0,,,,2747.83
cbecs,building_survey,4194,4194,2,18,500000,5,8,1,168,70,1,1,1,1,2,2,2,7591,753,24301164.0,7122264.0,682420.0,18790728.0,181028.0,99118.0,15.06
cbecs,building_survey,4195,4195,2,12,1600,2,2,1,2,1,1,1,2,2,1,2,2,5847,1959,3587.0,1051.0,288.0,,,,2990.63
cbecs,building_survey,4196,4196,4,14,3600,1,7,1,40,2,1,1,2,2,2,2,2,1746,826,125457.0,36769.0,5220.0,,,,4384.99
cbecs,building_survey,4197,4197,4,16,480000,9,8,1,168,2000,1,1,1,2,2,1,2,742,1428,76376504.0,22384673.0,2830166.0,21107808.0,203351.0,112695.0,8.44
cbecs,building_survey,4198,4198,3,14,6000,2,6,2,70,30,1,1,2,2,2,2,2,1601,3994,373232.0,109388.0,11330.0,,,,2990.63
cbecs,building_survey,4199,4199,3,1,3700,3,6,0,0,0,2,2,2,2,2,2,2,1530,4374,,,,,,,2934.43
cbecs,building_survey,4200,4200,4,7,47000,2,4,2,45,140,1,1,1,2,2,2,2,1010,1217,1885158.0,552508.0,125461.0,1297801.0,12503.0,9410.0,100.08
cbecs,building_survey,4201,4201,2,17,132000,3,7,2,168,23,1,1,1,2,2,2,2,8365,1116,3765843.0,1103705.0,98983.0,1206065.0,11619.0,8984.0,99.04
cbecs,building_survey,4202,4202,3,14,350000,2,7,1,60,150,1,1,1,2,2,2,2,4487,1581,5277392.0,1546715.0,158133.0,595503.0,5737.0,6269.0,47.7
cbecs,building_survey,4203,4203,3,2,18000,2,7,2,45,6,1,1,1,2,2,2,2,4202,1718,267849.0,78502.0,7503.0,226120.0,2178.0,2283.0,1408.23
cbecs,building_survey,4204,4204,2,13,65000,1,9,1,40,4,1,1,1,2,2,1,2,7078,632,1588850.0,465665.0,51218.0,561970.0,5414.0,3193.0,290.39
cbecs,building_survey,4205,4205,3,2,67000,1,7,6,50,200,1,1,2,2,2,2,2,3054,1863,3323979.0,974203.0,84981.0,,,,213.58
cbecs,building_survey,4206,4206,2,2,1800000,995,4,40,60,4250,1,1,1,2,2,2,2,6424,1068,61381559.0,17989906.0,1390577.0,42513864.0,409575.0,196250.0,6.59
cbecs,building_survey,4207,4207,4,26,10000,1,9,1,46,5,1,1,2,2,2,2,2,756,1232,55552.0,16281.0,3207.0,,,,3075.23
cbecs,building_survey,4208,4208,3,14,1600,1,4,1,60,6,1,1,2,2,2,2,2,4771,1720,100858.0,29560.0,3483.0,,,,4384.99
cbecs,building_survey,4209,4209,2,17,40000,1,5,1,168,30,1,1,1,1,2,2,2,6643,971,5334887.0,1563566.0,136991.0,1175912.0,11329.0,12292.0,349.71
cbecs,building_survey,4210,4210,3,2,270000,994,6,10,60,600,1,1,2,2,2,2,2,2532,2416,11930933.0,3496756.0,307026.0,,,,8.7
cbecs,building_survey,4211,4211,4,5,12000,1,4,1,60,5,1,1,2,2,2,2,2,1155,1719,486316.0,142531.0,18987.0,,,,1531.55
cbecs,building_survey,4212,4212,4,11,405000,2,8,1,144,150,1,1,1,1,1,2,2,1841,3812,29197408.0,8557271.0,610576.0,653754.0,6298.0,4200.0,30.86
cbecs,building_survey,4213,4213,2,25,31500,1,8,1,52,7,1,1,1,2,2,2,2,7460,599,608149.0,178238.0,15616.0,654207.0,6303.0,4005.0,15.06
cbecs,building_survey,4214,4214,1,12,11250,1,4,2,60,20,1,1,1,2,2,2,2,8557,490,81408.0,23859.0,3756.0,883041.0,8507.0,15052.0,611.8
cbecs,building_survey,4215,4215,4,16,146000,5,3,1,168,200,1,1,1,1,2,2,2,5737,574,27698766.0,8118044.0,234630.0,3857756.0,37165.0,20510.0,98.88
cbecs,building_survey,4216,4216,2,23,38500,1,5,8,51,43,1,1,1,2,2,2,2,8411,805,2128807.0,623918.0,54403.0,2208258.0,21274.0,17315.0,395.28
cbecs,building_survey,4217,4217,3,16,600000,7,9,4,168,850,1,1,1,1,2,2,2,3293,2397,46814262.0,13720475.0,1450031.0,6201847.0,59748.0,33594.0,12.09
cbecs,building_survey,4218,4218,2,13,24000,2,5,1,70,1,1,1,1,2,2,2,2,6304,689,203459.0,59630.0,8646.0,515470.0,4966.0,3586.0,1531.55
cbecs,building_survey,4219,4219,3,2,2550,1,2,1,45,8,1,1,2,2,2,2,2,2676,2533,254113.0,74476.0,12915.0,,,,2990.63
cbecs,building_survey,4220,4220,2,2,1800000,995,6,43,55,7500,1,1,1,1,2,1,2,8341,928,53320017.0,15627203.0,1923278.0,2946511.0,28386.0,23608.0,14.9
cbecs,building_survey,4221,4221,3,12,11000,1,8,1,30,10,1,1,1,2,2,2,2,4257,1846,95363.0,27949.0,8055.0,278545.0,2683.0,3040.0,1413.09
cbecs,building_survey,4222,4222,3,4,102000,4,4,1,60,350,1,1,2,2,2,1,2,3152,1998,6358197.0,1863481.0,132394.0,,,,117.32
cbecs,building_survey,4223,4223,4,5,16750,1,6,4,40,25,1,1,1,2,2,2,2,5059,1241,111086.0,32557.0,2851.0,175123.0,1687.0,1782.0,623.52
cbecs,building_survey,4224,4224,4,2,74000,2,6,1,65,200,1,1,1,2,2,2,2,2084,284,3237670.0,948907.0,195549.0,2546580.0,24534.0,29507.0,611.8
cbecs,building_survey,4225,4225,3,16,500000,4,8,40,168,400,1,1,1,1,2,2,2,4770,1515,61062263.0,17896326.0,1795042.0,79506071.0,765954.0,577985.0,16.15
cbecs,building_survey,4226,4226,2,15,3850,1,9,1,110,13,1,1,1,2,2,2,2,6177,938,1242572.0,364177.0,32148.0,1051713.0,10132.0,4988.0,1265.79
cbecs,building_survey,4227,4227,1,14,180000,3,3,1,35,60,1,1,1,2,2,2,2,6093,837,2745367.0,804621.0,118516.0,7352732.0,70836.0,38992.0,44.12
cbecs,building_survey,4228,4228,4,18,32000,2,6,1,168,6,1,1,1,2,2,2,2,5916,435,802275.0,235133.0,22542.0,922279.0,8885.0,5424.0,429.63
cbecs,building_survey,4229,4229,3,14,365000,4,9,1,67,138,1,1,1,2,2,2,1,3871,1956,2435442.0,713787.0,59255.0,15961329.0,153770.0,84569.0,99.38
cbecs,building_survey,4230,4230,4,2,2100,1,8,1,48,2,1,1,1,2,2,2,2,1246,2502,37378.0,10955.0,2141.0,14759.0,142.0,325.0,3075.23
cbecs,building_survey,4231,4231,4,13,220000,3,7,1,168,700,1,1,1,1,2,2,2,979,1287,19469608.0,5706216.0,725516.0,8793756.0,84718.0,47333.0,15.06
cbecs,building_survey,4232,4232,2,91,210000,1,8,1,168,20,1,1,1,1,2,2,2,8499,824,115617469.0,33885542.0,2054379.0,4192113.0,40386.0,22258.0,125.04
cbecs,building_survey,4233,4233,2,15,3000,1,2,1,90,3,1,1,1,2,2,2,2,9344,663,247722.0,72603.0,8403.0,473465.0,4561.0,3900.0,1218.03
cbecs,building_survey,4234,4234,3,5,4900,1,7,2,50,8,1,1,2,2,2,2,2,1510,3054,238789.0,69985.0,4790.0,,,,2990.63
cbecs,building_survey,4235,4235,4,25,205000,1,8,4,168,150,1,1,1,2,2,2,2,4744,1613,17979048.0,5269358.0,376976.0,5246736.0,50547.0,23471.0,14.9
cbecs,building_survey,4236,4236,3,18,10000,1,6,1,168,2,1,1,2,2,1,2,2,3684,1952,637506.0,186842.0,19313.0,,,,1218.58
cbecs,building_survey,4237,4237,1,5,3000,2,7,1,40,2,1,1,1,2,2,2,2,5982,908,53099.0,15562.0,4096.0,202935.0,1955.0,2702.0,2990.63
cbecs,building_survey,4238,4238,3,23,350000,1,8,5,75,140,1,1,1,2,2,2,2,1975,3569,23420704.0,6864216.0,589628.0,3328151.0,32063.0,17725.0,111.19
cbecs,building_survey,4239,4239,1,25,3800,2,6,1,60,3,1,1,2,2,2,2,2,5874,851,19109.0,5601.0,422.0,,,,1195.14
cbecs,building_survey,4240,4240,1,8,148000,6,6,1,168,75,1,1,2,2,2,1,2,5468,1272,17198516.0,5040597.0,413610.0,,,,51.49
cbecs,building_survey,4241,4241,1,14,100000,2,5,1,50,46,1,1,1,1,2,2,2,5963,1035,3464888.0,1015501.0,111574.0,4089042.0,39393.0,32032.0,288.37
cbecs,building_survey,4242,4242,4,13,14000,1,4,3,99,3,1,1,2,2,1,2,2,417,3609,335388.0,98297.0,8709.0,,,,1461.43
cbecs,building_survey,4243,4243,1,26,13000,1,6,3,60,2,1,1,2,2,1,2,2,5677,1088,56795.0,16646.0,1334.0,,,,1489.41
cbecs,building_survey,4244,4244,3,18,205000,8,8,1,168,50,1,1,1,1,2,2,2,2074,3294,20474771.0,6000812.0,593103.0,7894253.0,76053.0,42099.0,14.9
cbecs,building_survey,4245,4245,3,2,148000,4,5,4,45,25,1,1,1,1,2,2,2,2559,2938,7133702.0,2090768.0,127207.0,1317406.0,12692.0,10606.0,117.32
cbecs,building_survey,4246,4246,3,5,126000,1,2,150,60,18,1,1,2,2,1,2,2,4315,1821,1273214.0,373158.0,11660.0,,,,32.47
cbecs,building_survey,4247,4247,4,25,3800,1,4,5,50,4,1,1,2,2,2,2,2,5585,1020,377646.0,110682.0,8408.0,,,,2990.63
cbecs,building_survey,4248,4248,3,5,9000,1,7,2,65,0,1,1,2,2,2,2,2,3610,1775,95785.0,28073.0,3512.0,,,,2990.63
cbecs,building_survey,4249,4249,3,13,4000,1,6,1,8,2,1,1,2,1,2,2,2,2169,2455,132794.0,38920.0,3833.0,,,,1218.03
cbecs,building_survey,4250,4250,1,14,196000,2,5,1,83,140,1,1,1,2,2,2,2,6272,830,7909775.0,2318222.0,257638.0,11907375.0,114715.0,63865.0,9.96
cbecs,building_survey,4251,4251,4,2,600000,8,7,23,60,1500,1,1,1,2,2,2,2,4472,291,21487751.0,6297700.0,685976.0,934343.0,9001.0,7453.0,15.06
cbecs,building_survey,4252,4252,4,5,5000,1,7,1,20,1,1,1,1,2,1,2,2,4950,785,72314.0,21194.0,1191.0,856.0,8.0,68.0,3075.23
cbecs,building_survey,4253,4253,3,2,86000,4,5,3,70,250,1,1,1,1,2,2,2,3430,1567,5718297.0,1675937.0,116581.0,2339718.0,22541.0,16455.0,589.53
cbecs,building_survey,4254,4254,2,8,2000,1,8,1,35,2,1,1,1,2,2,2,2,6121,1530,86910.0,25472.0,2659.0,92403.0,890.0,910.0,1417.97
cbecs,building_survey,4255,4255,1,13,30000,1,4,1,96,4,1,1,1,2,2,2,2,5065,1141,1694572.0,496651.0,45635.0,4370179.0,42102.0,23604.0,470.02
cbecs,building_survey,4256,4256,3,2,420000,5,2,7,60,608,1,1,2,2,2,2,2,1716,2883,9520106.0,2790183.0,250230.0,,,,7.84
cbecs,building_survey,4257,4257,2,5,365000,1,2,4,76,52,1,1,1,1,1,2,2,7875,748,3924746.0,1150277.0,113887.0,4070189.0,39212.0,25807.0,31.68
cbecs,building_survey,4258,4258,1,17,270000,3,8,1,168,20,1,1,1,1,2,2,2,5732,915,28207586.0,8267171.0,1207804.0,19476939.0,187639.0,104356.0,97.52
cbecs,building_survey,4259,4259,3,1,4000,1,5,0,0,0,2,2,2,2,2,2,2,3308,2328,,,,,,,2990.63
cbecs,building_survey,4260,4260,1,7,900000,994,7,3,50,400,1,1,1,2,2,2,2,6236,892,45719822.0,13399713.0,2157886.0,25207815.0,242850.0,270141.0,8.91
cbecs,building_survey,4261,4261,1,12,11000,2,4,1,9,0,1,1,2,1,2,2,2,5561,861,43748.0,12822.0,1765.0,,,,2934.43
cbecs,building_survey,4262,4262,1,13,700000,995,8,3,100,800,1,1,1,2,2,1,2,5446,1216,63625169.0,18647470.0,1285787.0,2741096.0,26407.0,15663.0,14.9
cbecs,building_survey,4263,4263,3,2,83000,5,2,1,168,30,1,1,2,1,1,1,2,5126,1443,2895509.0,848625.0,35619.0,,,,3.1
cbecs,building_survey,4264,4264,1,15,3600,1,2,1,90,20,1,1,2,2,1,2,2,6632,815,331021.0,97017.0,15076.0,,,,1195.14
cbecs,building_survey,4265,4265,4,12,250000,3,7,1,80,75,1,1,1,2,2,2,2,3548,308,9856529.0,2888783.0,299022.0,2344135.0,22583.0,18148.0,15.06
cbecs,building_survey,4266,4266,3,14,100000,1,8,1,45,40,1,1,1,2,2,2,2,4012,2014,3971086.0,1163859.0,134585.0,963196.0,9279.0,9490.0,161.63
cbecs,building_survey,4267,4267,1,2,190000,5,2,130,168,800,1,1,1,2,2,2,2,4836,1414,4521286.0,1325113.0,150587.0,3528060.0,33989.0,31300.0,14.9
cbecs,building_survey,4268,4268,3,13,90000,9,2,2,54,8,1,1,1,2,2,1,2,4216,2018,10262829.0,3007863.0,78906.0,567360.0,5466.0,6262.0,97.52
cbecs,building_survey,4269,4269,2,23,235000,1,7,29,96,148,1,1,1,2,2,2,2,5707,1176,13082213.0,3834177.0,334998.0,20012978.0,192803.0,105978.0,6.52
cbecs,building_survey,4270,4270,3,12,335000,3,7,1,168,75,1,1,1,2,2,2,2,3252,2695,9916832.0,2906457.0,284778.0,4284005.0,41272.0,10979.0,14.9
cbecs,building_survey,4271,4271,3,6,1750,1,5,1,81,1,1,1,2,2,2,2,2,3990,1923,178400.0,52286.0,6048.0,,,,2990.63
cbecs,building_survey,4272,4272,4,2,6800,1,9,3,50,20,1,1,1,2,2,2,2,1714,1803,184736.0,54143.0,6897.0,36466.0,351.0,98.0,1399.59
cbecs,building_survey,4273,4273,3,26,18000,1,9,1,55,2,1,1,1,2,2,2,2,3174,2013,41673.0,12214.0,1684.0,753561.0,7260.0,6071.0,2990.63
cbecs,building_survey,4274,4274,4,2,700000,8,8,2,60,800,1,1,1,1,2,2,2,4228,333,25849607.0,7576086.0,624539.0,9515633.0,91673.0,44111.0,17.76
cbecs,building_survey,4275,4275,3,5,5000,2,6,1,40,1,1,1,1,2,2,2,2,2308,3226,20120.0,5897.0,1049.0,47436.0,457.0,311.0,5337.59
cbecs,building_survey,4276,4276,4,5,198000,1,5,1,40,50,1,1,1,2,2,2,2,828,1255,1231049.0,360800.0,48497.0,52679.0,508.0,651.0,249.3
cbecs,building_survey,4277,4277,3,5,325000,3,5,2,40,22,1,1,2,2,2,2,2,3786,1861,2105442.0,617070.0,45002.0,,,,32.47
cbecs,building_survey,4278,4278,3,2,1500,1,3,1,40,7,1,1,2,2,2,2,2,3306,2026,155907.0,45694.0,4507.0,,,,2990.63
cbecs,building_survey,4279,4279,3,12,15750,2,4,1,24,1,1,1,2,2,2,2,2,2772,2300,220460.0,64613.0,8312.0,,,,1408.23
cbecs,building_survey,4280,4280,3,13,182000,7,7,2,70,35,1,1,2,2,2,1,2,4088,2190,11449097.0,3355538.0,269884.0,,,,14.9
cbecs,building_survey,4281,4281,2,5,600000,1,8,1,40,80,1,1,1,2,2,2,2,6720,1032,5991164.0,1755910.0,189661.0,16194236.0,156014.0,85025.0,66.72
cbecs,building_survey,4282,4282,4,7,20000,1,6,1,168,20,1,1,1,1,2,2,2,3390,2203,1039798.0,304747.0,19078.0,104937.0,1011.0,707.0,1661.74
cbecs,building_survey,4283,4283,3,2,445000,995,8,15,65,1200,1,1,2,2,2,2,2,3694,1808,24084762.0,7058840.0,996487.0,,,,14.9
cbecs,building_survey,4284,4284,2,91,38500,1,2,1,168,0,1,1,1,2,2,2,2,7137,805,1379892.0,404423.0,35269.0,1475575.0,14216.0,11702.0,227.11
cbecs,building_survey,4285,4285,4,2,1050,1,5,1,40,3,1,1,2,2,2,2,2,1420,3956,47625.0,13958.0,1778.0,,,,2934.43
cbecs,building_survey,4286,4286,1,91,19000,1,2,1,63,6,1,1,2,2,1,2,2,6963,721,57910.0,16972.0,4220.0,,,,1195.14
cbecs,building_survey,4287,4287,4,2,235000,995,6,47,16,500,1,1,2,2,2,2,2,1675,965,13150379.0,3854156.0,607135.0,,,,15.06
cbecs,building_survey,4288,4288,4,18,53000,4,2,2,168,4,1,1,1,1,2,2,1,5048,1061,1402266.0,410981.0,36168.0,521864.0,5028.0,3607.0,14.9
cbecs,building_survey,4289,4289,2,5,152000,2,6,1,168,60,1,1,1,1,2,2,2,4868,1922,5044574.0,1478480.0,125141.0,5273305.0,50803.0,25960.0,48.85
cbecs,building_survey,4290,4290,3,12,1200,1,2,1,3,0,1,1,2,2,2,2,2,1498,2569,55788.0,16351.0,1907.0,,,,2990.63
cbecs,building_survey,4291,4291,3,5,1350,1,4,1,0,2,2,2,2,2,2,2,2,4303,1874,,,,,,,2577.06
cbecs,building_survey,4292,4292,2,26,13000,3,2,1,45,7,1,1,1,2,2,2,2,5805,1524,124774.0,36569.0,4552.0,281883.0,2716.0,2791.0,1101.66
cbecs,building_survey,4293,4293,2,2,270000,5,4,14,168,150,1,1,1,1,2,2,2,9347,588,10044920.0,2943998.0,243329.0,9160956.0,88256.0,46663.0,9.92
cbecs,building_survey,4294,4294,3,2,370000,8,4,14,60,715,1,1,2,1,2,2,2,4217,2008,15896268.0,4658930.0,623825.0,,,,14.9
cbecs,building_survey,4295,4295,2,91,1500,1,2,1,0,0,1,1,2,2,2,2,2,4482,1725,3809.0,1116.0,108.0,,,,2934.43
cbecs,building_survey,4296,4296,4,14,2900,1,7,1,30,5,1,1,1,2,2,2,2,1789,1353,107724.0,31572.0,4590.0,25357.0,244.0,314.0,4384.99
cbecs,building_survey,4297,4297,3,5,270000,1,7,10,50,12,1,1,2,2,1,2,2,2572,2547,10915882.0,3199262.0,272013.0,,,,32.47
cbecs,building_survey,4298,4298,3,15,6800,2,2,1,91,12,1,1,1,2,2,2,2,4334,1670,353672.0,103655.0,10336.0,439135.0,4231.0,3741.0,1218.03
cbecs,building_survey,4299,4299,2,13,5000,2,7,1,15,2,1,1,1,2,2,2,2,4473,1101,114161.0,33459.0,3805.0,146497.0,1411.0,1318.0,6921.06
cbecs,building_survey,4300,4300,3,1,69000,4,9,1,60,0,1,1,1,1,2,2,2,3334,2332,2765272.0,810455.0,48776.0,239560.0,2308.0,2035.0,124.14
cbecs,building_survey,4301,4301,3,14,186000,1,8,1,45,125,1,1,2,2,1,2,2,2162,3433,2734092.0,801317.0,63786.0,,,,54.9
cbecs,building_survey,4302,4302,4,16,90000,2,6,4,168,250,1,1,1,1,2,1,2,1771,1343,8338483.0,2443870.0,390127.0,18605385.0,179243.0,193163.0,117.27
cbecs,building_survey,4303,4303,3,2,160000,7,7,7,12,425,1,1,2,1,2,2,2,2782,2770,10574691.0,3099265.0,200779.0,,,,14.9
cbecs,building_survey,4304,4304,3,4,325000,994,4,1,168,450,1,1,1,2,2,2,2,1219,3468,44249386.0,12968753.0,1079886.0,47382227.0,456476.0,322782.0,78.39
cbecs,building_survey,4305,4305,1,18,34500,3,6,1,168,2,1,1,1,2,2,1,2,5008,1453,1772599.0,519519.0,48277.0,655902.0,6319.0,5296.0,502.9
cbecs,building_survey,4306,4306,3,2,102000,2,6,7,50,244,1,1,1,2,2,2,2,5510,1397,6130719.0,1796811.0,175895.0,1158290.0,11159.0,9714.0,224.76
cbecs,building_survey,4307,4307,1,26,5500,1,6,1,58,4,1,1,1,2,2,2,2,5440,1050,107170.0,31410.0,4228.0,151748.0,1462.0,1589.0,2990.63
cbecs,building_survey,4308,4308,3,2,4000,3,3,1,50,10,1,1,1,2,2,2,2,3789,1714,79461.0,23289.0,2368.0,264743.0,2551.0,3615.0,1195.14
cbecs,building_survey,4309,4309,4,2,124000,6,6,8,52,500,1,1,1,1,2,2,2,1093,1032,3243072.0,950490.0,120737.0,250061.0,2409.0,2363.0,117.27
cbecs,building_survey,4310,4310,2,8,700000,995,9,1,80,876,1,1,1,2,2,2,2,5697,1278,36945131.0,10827999.0,1179675.0,4159642.0,40074.0,22209.0,8.85
cbecs,building_survey,4311,4311,2,16,475000,994,4,1,168,533,1,1,1,1,2,1,2,6474,1153,32595476.0,9553188.0,932129.0,28259313.0,272248.0,116581.0,27.22
cbecs,building_survey,4312,4312,3,26,7500,1,8,1,45,9,1,1,2,2,2,2,2,1075,3978,505428.0,148132.0,9449.0,,,,3420.76
cbecs,building_survey,4313,4313,2,2,176000,4,3,4,12,600,1,1,1,1,2,2,2,5619,1792,7833318.0,2295814.0,196324.0,290311.0,2797.0,2457.0,14.9
cbecs,building_survey,4314,4314,4,2,28000,7,2,1,60,41,1,1,2,2,2,2,2,937,1170,1055748.0,309422.0,59398.0,,,,611.8
cbecs,building_survey,4315,4315,3,25,34000,2,7,1,50,7,1,1,1,2,2,2,2,4276,1764,373547.0,109480.0,10838.0,580529.0,5593.0,4763.0,1632.49
cbecs,building_survey,4316,4316,2,2,345000,4,6,9,60,750,1,1,1,2,2,2,2,5717,1587,13115149.0,3843830.0,334549.0,5483673.0,52829.0,29611.0,15.06
cbecs,building_survey,4317,4317,2,2,200001,994,4,11,45,538,1,1,2,2,2,1,2,7175,697,7005593.0,2053222.0,232821.0,,,,15.06
cbecs,building_survey,4318,4318,3,2,5000,1,8,3,40,7,1,1,2,2,2,2,2,3887,1670,45182.0,13242.0,1348.0,,,,1408.23
cbecs,building_survey,4319,4319,1,2,60000,5,6,11,72,150,1,1,1,1,2,2,2,7025,787,2972844.0,871291.0,128348.0,2782667.0,26808.0,32319.0,8.74
cbecs,building_survey,4320,4320,1,5,77000,1,8,4,50,30,1,1,1,2,2,2,2,6817,693,1575581.0,461776.0,42343.0,2280501.0,21970.0,5582.0,247.57
cbecs,building_survey,4321,4321,4,2,12500,2,5,17,84,50,1,1,2,2,2,2,2,624,1407,908618.0,266301.0,48068.0,,,,1531.55
cbecs,building_survey,4322,4322,3,6,5800,1,3,1,105,12,1,1,1,2,1,2,2,2074,3659,1398397.0,409847.0,25312.0,214671.0,2068.0,1889.0,2990.63
cbecs,building_survey,4323,4323,1,7,8900,2,5,1,168,12,1,1,2,1,1,2,2,5697,420,243978.0,71506.0,12553.0,,,,2050.06
cbecs,building_survey,4324,4324,3,5,4200,1,5,1,168,0,1,1,2,2,2,2,2,1395,3948,34047.0,9979.0,1146.0,,,,6659.94
cbecs,building_survey,4325,4325,2,14,235000,2,7,1,43,200,1,1,1,2,2,2,2,5952,1053,8646077.0,2534020.0,214482.0,3033673.0,29226.0,16381.0,43.95
cbecs,building_survey,4326,4326,2,14,81000,2,6,1,50,40,1,1,2,2,1,2,2,5698,1656,1282172.0,375783.0,38123.0,,,,99.04
cbecs,building_survey,4327,4327,2,2,27000,5,5,1,40,128,1,1,1,2,2,2,2,5155,1732,1290533.0,378234.0,46469.0,1769671.0,17049.0,12429.0,324.59
cbecs,building_survey,4328,4328,3,18,60000,4,9,1,168,15,1,1,1,2,2,2,2,3510,2293,2048316.0,600327.0,53586.0,1888060.0,18189.0,14898.0,324.59
cbecs,building_survey,4329,4329,4,5,34000,1,5,1,168,52,1,1,1,2,1,2,2,1446,4127,2207022.0,646841.0,46813.0,8438.0,81.0,168.0,611.8
cbecs,building_survey,4330,4330,3,18,160000,6,5,1,168,45,1,1,1,2,2,2,2,4819,1381,12515866.0,3668191.0,398777.0,8654800.0,83380.0,64694.0,8.84
cbecs,building_survey,4331,4331,1,25,205000,1,8,5,112,150,1,1,1,2,2,2,2,6563,809,14390152.0,4217512.0,380818.0,11170213.0,107613.0,59033.0,14.9
cbecs,building_survey,4332,4332,3,2,13000,1,8,1,50,65,1,1,1,2,2,2,2,4682,1879,658589.0,193021.0,12273.0,426616.0,4110.0,3706.0,1413.09
cbecs,building_survey,4333,4333,3,12,4500,1,8,1,35,2,1,1,1,2,2,2,2,3743,1717,85192.0,24968.0,3041.0,113055.0,1089.0,1260.0,2990.63
cbecs,building_survey,4334,4334,4,5,300000,2,7,5,60,100,1,1,2,2,2,2,2,3972,1362,2542105.0,745048.0,52502.0,,,,31.35
cbecs,building_survey,4335,4335,3,2,41500,2,8,1,60,60,1,1,2,2,2,2,2,1035,4179,2495846.0,731491.0,44459.0,,,,502.9
cbecs,building_survey,4336,4336,4,91,12000,1,7,6,168,0,1,1,2,2,2,2,2,1663,1322,1322112.0,387489.0,88431.0,,,,3554.88
cbecs,building_survey,4337,4337,3,6,1400,1,3,1,121,1,1,1,2,2,2,2,2,3814,2028,244271.0,71592.0,6557.0,,,,2990.63
cbecs,building_survey,4338,4338,3,2,500001,994,6,1,64,1200,1,1,2,1,2,2,2,3050,2008,30214978.0,8855504.0,1274708.0,,,,6.52
cbecs,building_survey,4339,4339,4,14,134000,2,2,1,60,30,1,1,1,2,2,2,2,2506,164,4643149.0,1360829.0,171599.0,4017711.0,38706.0,21462.0,45.1
cbecs,building_survey,4340,4340,4,2,225000,995,6,70,66,400,1,1,2,1,2,2,2,5495,875,18414991.0,5397125.0,432048.0,,,,14.9
cbecs,building_survey,4341,4341,3,18,28500,2,7,1,168,8,1,1,1,2,2,2,2,3272,2729,609577.0,178657.0,12761.0,571210.0,5503.0,4882.0,502.9
cbecs,building_survey,4342,4342,2,13,34000,1,9,1,168,22,1,1,1,2,2,2,2,5385,1132,2001206.0,586520.0,51845.0,1171012.0,11281.0,10473.0,216.68
cbecs,building_survey,4343,4343,3,1,12000,1,7,0,0,0,1,1,2,2,2,2,2,1098,4249,160.0,47.0,161.0,,,,690.18
cbecs,building_survey,4344,4344,4,2,75000,5,8,5,60,250,1,1,1,1,2,2,2,4905,1401,3499189.0,1025554.0,89987.0,2730723.0,26308.0,19892.0,240.4
cbecs,building_survey,4345,4345,1,17,260000,5,6,2,168,75,1,1,1,1,2,2,2,4879,1163,12579476.0,3686834.0,268851.0,4702522.0,45304.0,34999.0,44.64
cbecs,building_survey,4346,4346,4,14,31000,1,6,2,168,5,1,1,2,2,2,2,1,3500,2005,1729646.0,506930.0,36062.0,,,,423.01
cbecs,building_survey,4347,4347,2,12,10000,1,7,1,65,4,1,1,1,2,2,2,2,8293,474,61563.0,18043.0,2633.0,230394.0,2220.0,1693.0,8786.36
cbecs,building_survey,4348,4348,3,26,10000,1,4,1,40,2,1,1,2,2,1,2,2,2133,2277,72239.0,21172.0,3103.0,,,,1489.41
cbecs,building_survey,4349,4349,1,24,1000000,2,7,996,92,500,1,1,1,1,2,2,2,6955,819,33523731.0,9825244.0,635936.0,2776545.0,26749.0,17889.0,48.85
cbecs,building_survey,4350,4350,1,26,3000,2,7,1,60,2,1,1,2,2,2,2,2,5614,847,64137.0,18797.0,2869.0,,,,2990.63
cbecs,building_survey,4351,4351,3,14,63000,2,2,1,60,53,1,1,1,2,2,2,2,3637,1643,2047814.0,600180.0,59805.0,1088482.0,10486.0,8336.0,431.11
cbecs,building_survey,4352,4352,3,5,100000,1,6,1,55,200,1,1,1,2,2,2,2,3698,2192,2450703.0,718260.0,65317.0,1538776.0,14824.0,6876.0,245.01
cbecs,building_survey,4353,4353,3,1,350000,994,6,0,0,0,1,1,1,2,2,2,2,2265,3309,3705460.0,1086008.0,107915.0,2564932.0,24710.0,20092.0,10.92
cbecs,building_survey,4354,4354,4,2,3750,1,9,1,40,8,1,1,2,2,2,2,2,1190,864,231968.0,67986.0,9265.0,,,,3075.23
cbecs,building_survey,4355,4355,3,2,5000,2,3,3,40,7,1,1,2,2,2,2,2,3550,2256,154239.0,45205.0,5027.0,,,,490.82
cbecs,building_survey,4356,4356,2,16,500000,5,4,4,168,800,1,1,1,1,2,2,2,5382,1506,44844208.0,13143086.0,1123365.0,66014409.0,635977.0,349437.0,20.95
cbecs,building_survey,4357,4357,4,15,2000,3,2,1,88,8,1,1,2,2,1,2,2,7569,88,136959.0,40140.0,5620.0,,,,1265.79
cbecs,building_survey,4358,4358,3,5,80000,1,8,1,60,1,1,1,2,2,2,2,2,4307,1852,107682.0,31560.0,3608.0,,,,126.51
cbecs,building_survey,4359,4359,2,14,30000,3,4,1,50,25,1,1,1,2,2,2,2,9235,801,696458.0,204120.0,15075.0,663820.0,6395.0,4331.0,329.67
cbecs,building_survey,4360,4360,3,25,70000,1,9,1,150,60,1,1,1,2,2,2,2,3910,1920,8754438.0,2565779.0,255508.0,3606273.0,34743.0,26545.0,220.83
cbecs,building_survey,4361,4361,3,6,1800,1,6,1,168,8,1,1,2,2,1,2,2,1376,3209,586226.0,171813.0,11959.0,,,,2990.63
cbecs,building_survey,4362,4362,2,1,13000,1,6,1,10,1,1,1,1,2,2,2,2,4271,2002,157210.0,46076.0,4546.0,385928.0,3718.0,3005.0,1386.54
cbecs,building_survey,4363,4363,2,26,1450,1,2,1,30,2,1,1,1,2,2,2,2,4193,1832,59550.0,17453.0,2389.0,92590.0,892.0,912.0,2934.43
cbecs,building_survey,4364,4364,2,2,21500,3,6,1,40,32,1,1,1,2,2,2,2,8688,847,612417.0,179489.0,20410.0,908005.0,8748.0,7281.0,1484.29
cbecs,building_survey,4365,4365,3,7,51000,2,6,1,168,18,1,1,1,1,2,2,2,4115,2020,3156965.0,925254.0,69442.0,2492699.0,24014.0,20214.0,504.63
cbecs,building_survey,4366,4366,4,2,300000,6,8,1,55,1200,1,1,1,1,2,2,2,5993,1433,19185252.0,5622876.0,451757.0,9619956.0,92678.0,42091.0,58.26
cbecs,building_survey,4367,4367,3,12,50000,3,4,1,68,46,1,1,1,2,2,2,2,3329,1863,788623.0,231132.0,20059.0,1271314.0,12248.0,10400.0,468.41
cbecs,building_survey,4368,4368,3,6,2400,1,5,1,168,1,1,1,2,2,2,2,2,4213,1841,741094.0,217202.0,25571.0,,,,2990.63
cbecs,building_survey,4369,4369,3,13,500000,994,4,100,40,700,1,1,1,2,2,2,2,3877,1803,13566716.0,3976177.0,496368.0,7427271.0,71554.0,62838.0,9.07
cbecs,building_survey,4370,4370,3,15,8000,1,7,1,112,8,1,1,2,2,2,2,2,3218,1834,2071882.0,607234.0,51883.0,,,,1218.03
cbecs,building_survey,4371,4371,1,16,1500000,994,6,1,168,4500,1,1,2,1,2,1,2,5030,1375,135389638.0,39680433.0,2723180.0,,,,10.37
cbecs,building_survey,4372,4372,4,18,5400,1,9,1,168,4,1,1,1,2,2,2,2,4051,724,99527.0,29170.0,3519.0,95674.0,922.0,1040.0,4384.99
cbecs,building_survey,4373,4373,2,25,180000,1,8,3,168,115,1,1,1,2,2,2,2,3925,2075,13740259.0,4027040.0,353015.0,5084468.0,48983.0,32737.0,122.69
cbecs,building_survey,4374,4374,4,16,495000,8,3,1,168,533,1,1,1,1,2,2,2,1262,884,71341104.0,20908882.0,2658829.0,26087183.0,251322.0,139304.0,10.17
cbecs,building_survey,4375,4375,3,5,176000,2,3,11,45,5,1,1,1,2,1,2,2,3969,2341,299431.0,87758.0,10327.0,812421.0,7827.0,6692.0,125.04
cbecs,building_survey,4376,4376,3,5,215000,1,9,2,60,12,1,1,1,1,2,2,2,4036,2342,802424.0,235177.0,33111.0,3226684.0,31086.0,21635.0,69.6
cbecs,building_survey,4377,4377,2,2,210000,3,7,8,71,350,1,1,2,1,2,2,2,6868,911,10751464.0,3151074.0,250450.0,,,,43.03
cbecs,building_survey,4378,4378,1,15,2400,1,3,1,70,6,1,1,2,1,1,2,2,5526,856,226848.0,66485.0,10401.0,,,,1195.14
cbecs,building_survey,4379,4379,1,7,28000,2,8,1,168,10,1,1,1,2,2,2,2,5570,1158,978448.0,286767.0,26466.0,563164.0,5425.0,4670.0,1426.39
cbecs,building_survey,4380,4380,2,2,480000,995,2,80,100,500,1,1,1,1,2,2,2,5776,1330,19002550.0,5569329.0,489110.0,13313119.0,128257.0,46125.0,15.06
cbecs,building_survey,4381,4381,1,18,198000,7,8,4,168,15,1,1,1,2,2,2,2,5343,920,5475305.0,1604720.0,86633.0,5628898.0,54228.0,30547.0,6.63
cbecs,building_survey,4382,4382,3,1,1900,1,4,0,0,0,1,1,2,2,1,2,2,3892,1837,25966.0,7610.0,1108.0,,,,2990.63
cbecs,building_survey,4383,4383,3,26,10000,1,8,1,40,5,1,1,2,1,2,2,2,1986,3541,88638.0,25978.0,3278.0,,,,1122.76
cbecs,building_survey,4384,4384,2,13,30000,1,8,1,84,1,1,1,1,2,2,2,2,5169,1232,1160193.0,340033.0,29414.0,2967760.0,28591.0,16075.0,1399.59
cbecs,building_survey,4385,4385,4,5,1200,1,6,1,0,0,2,2,2,2,2,2,2,6238,455,,,,,,,5738.94
cbecs,building_survey,4386,4386,4,2,198000,4,8,1,10,145,1,1,1,2,2,2,2,6117,625,5502895.0,1612806.0,117248.0,4777107.0,46022.0,21413.0,14.9
cbecs,building_survey,4387,4387,3,2,600000,994,5,10,60,800,1,1,1,1,2,2,2,4355,1714,21766572.0,6379417.0,552340.0,1876794.0,18081.0,18870.0,6.52
cbecs,building_survey,4388,4388,2,12,6300,1,8,1,5,3,1,1,2,2,1,2,2,4835,1533,25432.0,7454.0,1598.0,,,,2934.43
cbecs,building_survey,4389,4389,3,5,7800,2,4,1,168,26,1,1,2,2,2,2,2,2357,3264,426243.0,124925.0,7956.0,,,,1489.41
cbecs,building_survey,4390,4390,2,13,112000,4,7,3,47,25,1,1,2,2,2,1,2,5965,949,3703289.0,1085372.0,78631.0,,,,8.66
cbecs,building_survey,4391,4391,4,13,11250,1,2,1,30,0,1,1,1,2,2,2,2,7163,559,66751.0,19564.0,3519.0,519580.0,5006.0,4622.0,1445.98
cbecs,building_survey,4392,4392,3,14,8800,1,8,1,48,8,1,1,2,2,2,2,2,3843,2069,1198468.0,351251.0,20438.0,,,,1426.39
cbecs,building_survey,4393,4393,3,12,30000,2,9,1,55,3,1,1,2,2,2,2,2,4172,1618,559784.0,164063.0,21259.0,,,,580.45
cbecs,building_survey,4394,4394,2,25,10000,1,9,1,48,20,1,1,1,2,2,2,2,6509,691,229732.0,67331.0,9555.0,389568.0,3753.0,2519.0,1531.55
cbecs,building_survey,4395,4395,1,8,81000,3,9,2,66,45,1,1,1,2,2,2,2,6730,878,2625619.0,769525.0,35867.0,3995865.0,38496.0,37168.0,116.06
cbecs,building_survey,4396,4396,4,12,20250,1,3,1,48,4,1,1,1,2,2,2,2,840,1061,336471.0,98614.0,25583.0,129784.0,1250.0,1313.0,1531.55
cbecs,building_survey,4397,4397,2,25,5000,1,6,1,98,6,1,1,2,2,1,2,2,4528,1655,548527.0,160764.0,14049.0,,,,1413.09
cbecs,building_survey,4398,4398,1,14,140000,3,3,1,70,60,1,1,1,2,2,2,2,7657,635,1341018.0,393030.0,41282.0,8077508.0,77818.0,135082.0,99.04
cbecs,building_survey,4399,4399,3,5,140000,2,5,1,40,5,1,1,2,2,2,2,2,2895,1828,1834311.0,537606.0,45606.0,,,,235.71
cbecs,building_survey,4400,4400,3,25,64000,1,9,1,91,45,1,1,1,2,2,2,2,1879,3926,2151058.0,630439.0,66188.0,1446020.0,13931.0,11440.0,623.52
cbecs,building_survey,4401,4401,3,2,3800,2,7,1,42,8,1,1,2,2,2,2,2,2969,2436,254985.0,74732.0,7060.0,,,,2990.63
cbecs,building_survey,4402,4402,3,5,100000,1,7,2,40,8,1,1,1,2,2,2,2,2855,2580,534526.0,156661.0,17781.0,375417.0,3617.0,4796.0,245.01
cbecs,building_survey,4403,4403,2,15,7200,1,7,1,98,10,1,1,1,2,2,2,2,6949,998,671268.0,196737.0,25335.0,3152622.0,30372.0,20287.0,1265.79
cbecs,building_survey,4404,4404,3,26,13000,1,6,1,40,6,1,1,1,2,2,2,2,3791,2245,72027.0,21110.0,2314.0,119924.0,1155.0,950.0,1445.98
cbecs,building_survey,4405,4405,3,26,3000,1,8,1,75,5,1,1,1,2,2,2,2,3908,2225,269831.0,79083.0,6565.0,298309.0,2874.0,2960.0,2990.63
cbecs,building_survey,4406,4406,2,8,186000,2,5,2,168,200,1,1,1,1,2,2,2,6286,1515,9234563.0,2706496.0,188788.0,9954511.0,95901.0,54134.0,152.37
cbecs,building_survey,4407,4407,4,25,150000,1,8,1,105,70,1,1,1,1,1,2,2,2643,2714,7104314.0,2082155.0,143550.0,3527110.0,33980.0,15647.0,105.74
cbecs,building_survey,4408,4408,3,15,2750,1,7,2,105,9,1,1,1,2,2,2,2,4348,1527,683383.0,200288.0,21030.0,1029217.0,9915.0,10973.0,1218.03
cbecs,building_survey,4409,4409,4,13,230000,2,5,1,80,20,1,1,1,2,2,2,1,5599,1091,6644933.0,1947518.0,244228.0,2629570.0,25333.0,11945.0,8.57
cbecs,building_survey,4410,4410,4,14,46000,4,4,1,75,44,1,1,2,2,2,1,2,4376,482,851776.0,249641.0,20816.0,,,,495.15
cbecs,building_survey,4411,4411,4,2,345000,994,9,12,44,350,1,1,1,2,2,2,2,5274,988,11993646.0,3515137.0,248621.0,2264432.0,21815.0,11448.0,58.72
cbecs,building_survey,4412,4412,2,26,7000,2,8,1,68,20,1,1,1,2,2,2,2,5515,1123,251917.0,73833.0,8241.0,94561.0,911.0,809.0,1531.55
cbecs,building_survey,4413,4413,3,12,75000,2,5,2,75,18,1,1,1,2,1,2,2,3305,2118,2643360.0,774725.0,65632.0,164423.0,1584.0,1671.0,224.76
cbecs,building_survey,4414,4414,2,2,4150,2,5,1,52,9,1,1,1,2,2,2,2,5626,1161,109422.0,32070.0,3268.0,54124.0,521.0,602.0,2649.96
cbecs,building_survey,4415,4415,2,17,270000,6,6,1,168,30,1,1,1,1,1,2,2,5836,1155,4011241.0,1175627.0,123909.0,11011993.0,106089.0,62245.0,8.93
cbecs,building_survey,4416,4416,2,15,6400,2,3,1,14,40,1,1,1,2,2,2,2,8136,497,1654730.0,484974.0,54341.0,4729888.0,45567.0,28923.0,717.24
cbecs,building_survey,4417,4417,3,91,800000,3,4,2,168,75,1,1,1,1,2,1,2,2363,2798,55007517.0,16121781.0,1026007.0,17139073.0,165116.0,92664.0,66.26
cbecs,building_survey,4418,4418,3,91,78000,1,8,1,45,21,1,1,2,2,1,2,2,3179,1892,663297.0,194401.0,26661.0,,,,220.83
cbecs,building_survey,4419,4419,4,5,365000,2,5,2,60,350,1,1,1,2,2,2,2,698,1150,2975182.0,871976.0,121514.0,541865.0,5220.0,4206.0,9.16
cbecs,building_survey,4420,4420,1,2,260000,995,3,18,60,600,1,1,2,2,2,1,2,5626,1341,10943605.0,3207387.0,320114.0,,,,14.9
cbecs,building_survey,4421,4421,3,6,128000,1,9,1,133,60,1,1,1,2,2,2,2,2398,3344,12799160.0,3751219.0,227780.0,4269367.0,41131.0,53177.0,125.04
cbecs,building_survey,4422,4422,3,18,48000,4,8,1,168,10,1,1,1,2,2,2,2,2009,2570,1644094.0,481856.0,53676.0,787298.0,7585.0,3447.0,423.01
cbecs,building_survey,4423,4423,3,26,1200,1,6,1,35,2,1,1,2,2,2,2,2,2939,2051,75168.0,22030.0,2369.0,,,,2990.63
cbecs,building_survey,4424,4424,1,2,118000,4,2,1,60,250,1,1,1,2,2,2,2,4475,1385,6503121.0,1905956.0,168414.0,1491259.0,14367.0,11638.0,51.49
cbecs,building_survey,4425,4425,4,2,15000,1,7,1,60,20,1,1,2,1,2,2,2,1592,3337,1560421.0,457333.0,55002.0,,,,1461.43
cbecs,building_survey,4426,4426,1,16,380000,5,5,6,168,180,1,1,1,1,2,2,2,4815,1591,18258967.0,5351397.0,600219.0,10298269.0,99213.0,84329.0,9.91
cbecs,building_survey,4427,4427,2,25,98000,1,8,1,96,30,1,1,1,2,2,2,2,8346,528,2781293.0,815150.0,85466.0,1163368.0,11208.0,7953.0,215.07
cbecs,building_survey,4428,4428,4,12,3200,1,5,1,16,1,1,1,1,2,2,2,2,1995,1567,135999.0,39859.0,9602.0,86602.0,834.0,1171.0,3414.19
cbecs,building_survey,4429,4429,1,14,152000,6,9,1,77,85,1,1,1,1,2,1,1,5422,1081,5861502.0,1717908.0,224145.0,3286599.0,31663.0,17579.0,97.52
cbecs,building_survey,4430,4430,2,13,104000,2,8,1,111,45,1,1,1,2,2,2,2,4891,1124,2217121.0,649801.0,71089.0,2323337.0,22383.0,8803.0,118.55
cbecs,building_survey,4431,4431,4,8,5600,1,6,1,45,10,1,1,1,2,2,2,2,3356,2379,200556.0,58780.0,6020.0,78725.0,758.0,676.0,1195.14
cbecs,building_survey,4432,4432,4,2,4250,3,2,1,50,2,1,1,1,2,2,2,2,8202,66,30493.0,8937.0,1085.0,223016.0,2149.0,1879.0,1029.87
cbecs,building_survey,4433,4433,1,2,180000,994,6,13,53,599,1,1,1,2,2,2,2,5665,1039,7119327.0,2086555.0,304548.0,1290888.0,12436.0,21982.0,58.49
cbecs,building_survey,4434,4434,3,17,120000,3,7,1,168,100,1,1,1,1,2,2,2,4329,1705,10636834.0,3117478.0,261390.0,5273328.0,50803.0,19341.0,74.78
cbecs,building_survey,4435,4435,4,2,158000,4,8,1,65,695,1,1,1,1,2,2,2,2481,234,5319045.0,1558923.0,252730.0,1924028.0,18536.0,22783.0,59.79
cbecs,building_survey,4436,4436,1,14,44500,4,2,1,40,44,1,1,1,2,2,2,2,7440,576,485567.0,142312.0,23141.0,2044936.0,19701.0,23163.0,324.59
cbecs,building_survey,4437,4437,3,5,30000,1,5,1,45,20,1,1,1,2,1,2,2,3606,2468,218392.0,64007.0,5339.0,85957.0,828.0,1109.0,1030.4
cbecs,building_survey,4438,4438,3,24,600000,3,6,996,72,400,1,1,1,2,2,2,2,3441,2655,43689699.0,12804718.0,763292.0,1573102.0,15155.0,13365.0,52.07
cbecs,building_survey,4439,4439,1,5,1000000,2,5,1,132,200,1,1,1,2,2,2,2,5858,1139,17165739.0,5030990.0,753910.0,20961751.0,201944.0,111776.0,27.28
cbecs,building_survey,4440,4440,4,13,2100000,7,8,6,168,750,1,1,1,1,1,2,1,1418,4391,128975330.0,37800507.0,2628510.0,112463630.0,1083465.0,478397.0,8.87
cbecs,building_survey,4441,4441,1,5,4900,1,7,1,60,2,1,1,2,2,1,2,2,7583,384,31871.0,9341.0,1874.0,,,,9096.95
cbecs,building_survey,4442,4442,4,91,78000,3,2,1,49,2,1,1,2,2,2,2,2,993,1673,159661.0,46794.0,11505.0,,,,55.51
cbecs,building_survey,4443,4443,4,4,84000,4,5,1,83,80,1,1,1,2,2,1,2,834,1183,3283372.0,962301.0,121940.0,66987.0,645.0,678.0,100.08
cbecs,building_survey,4444,4444,3,14,108000,4,8,1,50,80,1,1,2,2,2,2,2,3159,1985,3833964.0,1123671.0,82758.0,,,,99.04
cbecs,building_survey,4445,4445,4,2,245000,994,2,45,60,300,1,1,2,2,2,1,2,2364,75,6595383.0,1932996.0,393164.0,,,,15.06
cbecs,building_survey,4446,4446,3,14,69000,1,9,1,80,40,1,1,2,2,2,2,2,1041,4236,2222995.0,651523.0,39719.0,,,,8.84
cbecs,building_survey,4447,4447,2,16,425000,7,6,1,168,400,1,1,1,1,2,2,2,6315,1153,39269197.0,11509143.0,985619.0,23770594.0,229004.0,109018.0,29.07
cbecs,building_survey,4448,4448,4,14,350000,2,7,1,96,200,1,1,1,1,2,2,2,776,1796,14171244.0,4153354.0,516716.0,3178377.0,30620.0,22717.0,8.66
cbecs,building_survey,4449,4449,3,5,10001,1,3,1,168,0,1,1,1,2,2,2,2,4053,2301,974482.0,285604.0,38144.0,400419.0,3858.0,3235.0,1426.39
cbecs,building_survey,4450,4450,2,14,370000,4,7,1,104,110,1,1,1,1,2,2,2,7471,885,12052132.0,3532278.0,353493.0,13542873.0,130471.0,68094.0,51.3
cbecs,building_survey,4451,4451,4,14,7200,1,4,1,35,4,1,1,1,2,2,2,2,872,1278,97936.0,28703.0,4196.0,98320.0,947.0,655.0,1834.88
cbecs,building_survey,4452,4452,3,13,64000,2,8,8,154,42,1,1,1,1,2,2,2,3318,2280,5936438.0,1739870.0,103587.0,6383669.0,61500.0,33964.0,117.32
cbecs,building_survey,4453,4453,3,18,96000,5,5,2,168,45,1,1,1,2,2,2,2,2159,2939,13746003.0,4028723.0,369516.0,4188459.0,40351.0,22472.0,97.52
cbecs,building_survey,4454,4454,4,13,15250,3,2,1,6,6,1,1,1,2,2,2,2,1533,817,592702.0,173711.0,22623.0,496297.0,4781.0,4109.0,611.8
cbecs,building_survey,4455,4455,3,14,132000,4,7,1,168,100,1,1,1,2,2,2,2,2483,3066,9365148.0,2744768.0,194086.0,6900766.0,66481.0,41883.0,63.15
cbecs,building_survey,4456,4456,4,13,260000,5,8,2,16,25,1,1,1,1,2,2,2,7228,14,5086122.0,1490657.0,185216.0,21674157.0,208807.0,116783.0,6.04
cbecs,building_survey,4457,4457,3,5,27500,1,7,1,112,4,1,1,2,2,2,2,2,2776,2494,934390.0,273854.0,26946.0,,,,591.56
cbecs,building_survey,4458,4458,4,5,44000,1,7,2,60,14,1,1,1,2,2,2,2,6791,393,187145.0,54849.0,8547.0,1778646.0,17135.0,10533.0,623.52
cbecs,building_survey,4459,4459,1,14,168000,4,3,1,78,100,1,1,1,1,2,2,2,4818,1408,3396059.0,995328.0,91144.0,7723977.0,74412.0,40627.0,117.32
cbecs,building_survey,4460,4460,4,2,36500,4,6,7,40,60,1,1,2,1,2,2,2,3539,866,3205592.0,939505.0,120611.0,,,,14.67
cbecs,building_survey,4461,4461,3,18,360000,3,5,3,168,100,1,1,1,2,2,2,2,1244,3277,12438219.0,3645433.0,246494.0,3186985.0,30703.0,23717.0,9.01
cbecs,building_survey,4462,4462,3,18,55000,7,7,1,168,10,1,1,1,2,2,2,2,4031,1990,2186246.0,640752.0,69290.0,1502783.0,14478.0,15543.0,8.7
cbecs,building_survey,4463,4463,3,16,1000000,9,8,1,168,1209,1,1,1,1,2,2,2,1741,3721,116528718.0,34152614.0,1952756.0,74743089.0,720068.0,457352.0,8.92
cbecs,building_survey,4464,4464,3,2,1900,3,2,1,45,6,1,1,2,2,2,2,2,5266,1069,101975.0,29887.0,3133.0,,,,2934.43
cbecs,building_survey,4465,4465,2,18,200000,994,5,1,168,50,1,1,1,1,2,2,2,6351,1263,11654608.0,3415770.0,365814.0,20087396.0,193520.0,110919.0,8.93
cbecs,building_survey,4466,4466,4,2,120000,4,8,8,45,45,1,1,1,1,2,2,2,3236,2355,7010631.0,2054698.0,141479.0,4175398.0,40225.0,20018.0,97.52
cbecs,building_survey,4467,4467,3,13,235000,3,9,1,168,25,1,1,1,2,2,2,2,3557,2021,14459857.0,4237942.0,267102.0,16331473.0,157336.0,120875.0,8.57
cbecs,building_survey,4468,4468,4,5,400000,1,9,1,17,105,1,1,1,2,1,2,2,2570,234,2850480.0,835428.0,180292.0,97526.0,940.0,930.0,52.43
cbecs,building_survey,4469,4469,2,15,1001,3,2,1,69,4,1,1,1,2,2,2,2,5726,1310,149516.0,43821.0,5299.0,590949.0,5693.0,5410.0,1265.79
cbecs,building_survey,4470,4470,4,2,106000,5,7,20,54,100,1,1,1,1,2,2,2,860,1054,6503077.0,1905943.0,386045.0,809013.0,7794.0,6453.0,15.06
cbecs,building_survey,4471,4471,1,26,7000,2,3,1,80,5,1,1,1,2,2,2,2,5620,1139,140790.0,41263.0,10922.0,583869.0,5625.0,6896.0,1461.43
cbecs,building_survey,4472,4472,3,14,160000,3,3,1,72,150,1,1,1,2,2,2,2,4501,1918,8056582.0,2361249.0,212743.0,6751411.0,65042.0,36362.0,99.04
cbecs,building_survey,4473,4473,3,2,2150,2,7,1,48,4,1,1,2,2,2,2,2,3185,2175,83042.0,24338.0,2572.0,,,,2990.63
cbecs,building_survey,4474,4474,3,2,6000,1,4,1,40,18,1,1,1,2,2,2,2,3451,1993,365343.0,107076.0,8425.0,475851.0,4584.0,8331.0,1413.09
cbecs,building_survey,4475,4475,3,1,12750,1,7,0,0,0,1,1,1,2,2,2,2,4725,1758,138337.0,40544.0,4571.0,397589.0,3830.0,3752.0,591.56
cbecs,building_survey,4476,4476,2,12,7000,2,7,1,6,1,1,1,1,2,2,2,2,6466,1128,65411.0,19171.0,2786.0,225224.0,2170.0,1798.0,3075.23
cbecs,building_survey,4477,4477,2,14,355000,6,8,1,61,375,1,1,2,2,2,1,2,6098,755,12325497.0,3612397.0,362267.0,,,,18.29
cbecs,building_survey,4478,4478,1,26,260000,3,2,1,100,75,1,1,1,2,2,2,2,5241,1302,14586296.0,4274999.0,382765.0,10032269.0,96650.0,53621.0,14.9
cbecs,building_survey,4479,4479,2,17,29000,1,7,1,168,30,1,1,1,1,2,2,2,6083,1110,1996817.0,585234.0,45828.0,1175622.0,11326.0,8994.0,1414.71
cbecs,building_survey,4480,4480,1,13,385000,5,6,5,84,30,1,1,1,2,2,2,2,6556,797,30661946.0,8986502.0,488521.0,4300662.0,41432.0,14690.0,8.57
cbecs,building_survey,4481,4481,2,14,360000,3,3,1,106,300,1,1,1,1,2,2,2,7532,1072,13914614.0,4078140.0,389658.0,15339213.0,147777.0,71346.0,26.02
cbecs,building_survey,4482,4482,1,16,600000,8,4,1,168,500,1,1,1,1,2,1,2,7546,761,42504431.0,12457336.0,1134736.0,10379673.0,99997.0,55515.0,8.92
cbecs,building_survey,4483,4483,3,5,68000,2,8,1,45,20,1,1,1,2,1,2,2,1276,3575,743064.0,217780.0,19698.0,493279.0,4752.0,4094.0,244.16
cbecs,building_survey,4484,4484,2,14,65000,2,4,1,60,40,1,1,1,2,2,2,2,6682,938,1721627.0,504580.0,60780.0,4226368.0,40716.0,11258.0,278.62
cbecs,building_survey,4485,4485,2,5,6000,1,3,1,20,2,1,1,1,2,2,2,2,8493,771,65444.0,19181.0,638.0,77502.0,747.0,765.0,2990.63
cbecs,building_survey,4486,4486,2,26,2500,1,6,1,44,1,1,1,2,2,2,2,2,5998,1128,31639.0,9273.0,1409.0,,,,2934.43
cbecs,building_survey,4487,4487,3,14,215000,4,8,1,80,140,1,1,1,2,2,2,1,2725,3296,6338762.0,1857785.0,128256.0,33101.0,319.0,566.0,71.98
cbecs,building_survey,4488,4488,2,5,62000,2,5,1,60,40,1,1,1,2,1,2,2,7265,653,802404.0,235171.0,33930.0,669209.0,6447.0,4678.0,118.55
cbecs,building_survey,4489,4489,3,8,7900,1,4,1,45,15,1,1,2,2,2,2,2,3529,2171,412334.0,120848.0,10824.0,,,,1218.03
cbecs,building_survey,4490,4490,3,25,1200,2,2,2,52,4,1,1,2,2,2,2,2,3532,1963,15685.0,4597.0,451.0,,,,14.9
cbecs,building_survey,4491,4491,1,2,210000,3,6,8,66,552,1,1,1,2,2,2,2,6221,875,11981601.0,3511606.0,511291.0,1346300.0,12970.0,10573.0,14.73
cbecs,building_survey,4492,4492,1,2,106000,994,2,11,60,250,1,1,1,2,2,2,2,5514,1050,5124739.0,1501975.0,221969.0,2386474.0,22991.0,19154.0,137.69
cbecs,building_survey,4493,4493,4,23,99000,1,8,11,75,70,1,1,1,2,2,2,2,1610,1441,4674168.0,1369920.0,176098.0,7057671.0,67993.0,37738.0,175.02
cbecs,building_survey,4494,4494,3,12,11500,1,6,1,15,25,1,1,2,2,1,2,2,2230,2170,140025.0,41039.0,5577.0,,,,1489.41
cbecs,building_survey,4495,4495,2,14,275000,3,6,1,100,100,1,1,1,1,2,2,2,9896,678,7618890.0,2232969.0,185866.0,9595601.0,92443.0,34589.0,44.64
cbecs,building_survey,4496,4496,2,14,118000,2,2,1,50,50,1,1,1,2,2,2,2,5951,1253,2721197.0,797537.0,75855.0,2111240.0,20339.0,9831.0,100.08
cbecs,building_survey,4497,4497,3,2,3200,1,8,1,50,6,1,1,2,2,2,2,2,3784,1775,128280.0,37597.0,4486.0,,,,2990.63
cbecs,building_survey,4498,4498,1,1,60000,3,2,0,0,0,1,1,1,2,2,2,2,6036,948,74683.0,21888.0,2377.0,3280872.0,31608.0,22397.0,303.46
cbecs,building_survey,4499,4499,3,14,95000,6,6,1,72,53,1,1,2,2,2,1,2,4190,2064,5940136.0,1740954.0,137405.0,,,,97.52
cbecs,building_survey,4500,4500,4,15,3000,1,9,1,100,15,1,1,1,2,2,2,2,4105,1293,283171.0,82993.0,6502.0,1427561.0,13753.0,6880.0,1218.03
cbecs,building_survey,4501,4501,1,14,210000,2,7,1,40,124,1,1,2,1,2,2,2,6543,539,3835157.0,1124020.0,70726.0,,,,99.04
cbecs,building_survey,4502,4502,2,5,4000,1,4,2,45,4,1,1,1,2,2,2,2,10345,714,61958.0,18159.0,1567.0,314790.0,3033.0,2695.0,2990.63
cbecs,building_survey,4503,4503,3,12,11250,2,3,1,50,2,1,1,1,2,2,2,2,3461,2115,99201.0,29074.0,2993.0,24220.0,233.0,264.0,1413.09
cbecs,building_survey,4504,4504,2,5,32000,1,5,1,50,15,1,1,1,2,2,2,2,5389,1375,397317.0,116447.0,10597.0,374750.0,3610.0,3139.0,611.8
cbecs,building_survey,4505,4505,3,18,82000,4,7,1,168,30,1,1,1,2,1,2,2,1597,3832,4864651.0,1425748.0,113905.0,2261432.0,21786.0,19036.0,417.91
cbecs,building_survey,4506,4506,3,8,140000,3,8,25,12,326,1,1,1,2,2,2,2,3911,1729,16399396.0,4806388.0,486262.0,2708327.0,26092.0,24704.0,12.83
cbecs,building_survey,4507,4507,1,2,210000,995,2,9,168,250,1,1,1,1,2,1,2,5474,1423,7593147.0,2225424.0,231921.0,102615.0,989.0,1785.0,58.26
cbecs,building_survey,4508,4508,3,26,4500,1,6,1,60,2,1,1,1,2,2,2,2,4351,1641,49971.0,14646.0,1464.0,157988.0,1522.0,1714.0,2990.63
cbecs,building_survey,4509,4509,3,17,16500,1,4,1,168,25,1,1,1,1,2,2,2,1704,2701,1585861.0,464789.0,32177.0,972294.0,9367.0,13410.0,1426.39
cbecs,building_survey,4510,4510,3,16,230000,5,8,1,168,450,1,1,1,1,2,1,2,4108,1939,33598209.0,9847072.0,856200.0,30600058.0,294798.0,179905.0,15.85
cbecs,building_survey,4511,4511,3,17,83000,3,8,2,168,20,1,1,1,2,2,2,2,3583,1999,3671374.0,1076018.0,104291.0,1286196.0,12391.0,15003.0,324.59
cbecs,building_survey,4512,4512,2,26,2200,1,7,1,40,0,1,1,1,2,2,2,2,6355,1503,68948.0,20208.0,2247.0,92953.0,896.0,749.0,1472.45
cbecs,building_survey,4513,4513,3,2,9900,1,6,13,168,26,1,1,2,2,2,2,2,4387,2053,136183.0,39913.0,4300.0,,,,3695.52
cbecs,building_survey,4514,4514,3,12,62000,3,6,1,40,10,1,1,1,2,2,2,2,2537,2556,2753431.0,806984.0,62773.0,144116.0,1388.0,1325.0,14.9
cbecs,building_survey,4515,4515,4,18,350000,994,8,1,168,30,1,1,1,2,2,2,2,1368,4499,8489589.0,2488156.0,258591.0,4988088.0,48055.0,46312.0,6.63
cbecs,building_survey,4516,4516,1,5,200000,1,4,2,168,50,1,1,1,1,1,2,2,4885,1274,4947922.0,1450153.0,232923.0,910784.0,8774.0,7108.0,31.35
cbecs,building_survey,4517,4517,4,14,1500,1,6,1,50,6,1,1,1,2,2,2,2,1145,1302,21800.0,6389.0,1609.0,5716.0,55.0,46.0,4384.99
cbecs,building_survey,4518,4518,2,16,1800000,995,7,1,168,3500,1,1,1,2,2,2,2,6886,1236,201274987.0,58990324.0,5529171.0,28232438.0,271989.0,153207.0,8.44
cbecs,building_survey,4519,4519,3,24,240000,2,7,996,112,400,1,1,1,2,2,2,2,3195,2120,9107911.0,2669376.0,258836.0,3179175.0,30628.0,17385.0,9.07
cbecs,building_survey,4520,4520,1,14,150000,2,7,1,45,60,1,1,1,1,2,2,2,6516,676,2335921.0,684619.0,103282.0,6876007.0,66243.0,36920.0,8.74
cbecs,building_survey,4521,4521,4,26,1800,1,4,2,60,4,1,1,2,2,2,2,2,1517,3480,143160.0,41958.0,3600.0,,,,2934.43
cbecs,building_survey,4522,4522,3,14,23250,2,6,1,50,10,1,1,1,2,2,2,2,3322,2411,387896.0,113686.0,9807.0,703438.0,6777.0,5742.0,329.67
cbecs,building_survey,4523,4523,3,8,2100,1,2,1,50,6,1,1,2,2,2,2,2,2377,2569,100211.0,29370.0,3810.0,,,,1218.03
cbecs,building_survey,4524,4524,3,25,205000,1,8,5,168,150,1,1,1,2,2,2,2,2962,1906,15853614.0,4646428.0,338910.0,2183437.0,21035.0,25061.0,14.67
cbecs,building_survey,4525,4525,4,18,50000,2,5,1,168,3,1,1,1,2,2,2,2,5745,323,995376.0,291728.0,31769.0,791898.0,7629.0,5431.0,587.89
cbecs,building_survey,4526,4526,1,18,55000,994,9,1,168,15,1,1,1,1,2,2,2,4664,1309,1355675.0,397326.0,42874.0,1504657.0,14496.0,18798.0,332.94
cbecs,building_survey,4527,4527,3,1,2400,2,6,1,0,0,1,1,2,2,2,2,2,1128,3868,1494.0,438.0,160.0,,,,2990.63
cbecs,building_survey,4528,4528,2,18,1500,4,7,1,168,2,1,1,1,2,2,2,2,5124,1700,26226.0,7686.0,978.0,147209.0,1418.0,1348.0,3075.23
cbecs,building_survey,4529,4529,4,13,1000000,5,2,6,30,200,1,1,1,1,1,2,2,639,2156,17734716.0,5197748.0,845393.0,17153113.0,165252.0,109677.0,15.06
cbecs,building_survey,4530,4530,3,2,78000,2,9,2,168,130,1,1,1,1,2,2,2,2121,2004,6653618.0,1950064.0,142965.0,1404883.0,13535.0,11356.0,56.43
cbecs,building_survey,4531,4531,3,14,45000,2,5,1,45,20,1,1,1,2,2,2,2,3580,2266,708607.0,207681.0,31071.0,741415.0,7143.0,7365.0,599.15
cbecs,building_survey,4532,4532,3,25,8500,1,6,1,84,5,1,1,2,2,2,2,2,2274,3253,202830.0,59446.0,3330.0,,,,2990.63
cbecs,building_survey,4533,4533,2,12,6100,2,2,1,7,10,1,1,1,2,2,2,2,6265,954,60658.0,17778.0,3945.0,252068.0,2428.0,2197.0,1531.55
cbecs,building_survey,4534,4534,4,8,110000,3,9,1,50,75,1,1,1,2,2,2,2,2278,1228,7890129.0,2312465.0,425156.0,8191577.0,78917.0,77564.0,75.26
cbecs,building_survey,4535,4535,4,2,2000,1,8,1,40,5,1,1,1,2,2,2,2,7706,242,15963.0,4678.0,613.0,146976.0,1416.0,966.0,183.95
cbecs,building_survey,4536,4536,3,14,118000,4,5,1,90,125,1,1,1,1,2,1,2,4394,1940,5971391.0,1750115.0,131684.0,1663775.0,16029.0,8481.0,97.52
cbecs,building_survey,4537,4537,3,7,370000,3,8,1,168,180,1,1,1,1,2,2,2,5127,1232,17867425.0,5236643.0,390841.0,20718431.0,199600.0,139398.0,50.03
cbecs,building_survey,4538,4538,2,13,2800,3,2,1,24,1,1,1,2,2,1,2,2,6174,1253,49610.0,14540.0,1546.0,,,,1429.19
cbecs,building_survey,4539,4539,3,14,182000,1,8,1,75,75,1,1,2,2,2,2,2,1179,3880,13848452.0,4058749.0,241901.0,,,,99.38
cbecs,building_survey,4540,4540,2,2,415000,9,8,20,168,4000,1,1,1,1,2,2,2,7652,733,11847648.0,3472347.0,322891.0,3070417.0,29580.0,19676.0,15.06
cbecs,building_survey,4541,4541,3,13,330000,2,6,25,168,1500,1,1,1,1,2,2,1,1464,3623,19140290.0,5609698.0,483126.0,3891369.0,37489.0,21053.0,10.17
cbecs,building_survey,4542,4542,1,25,19000,3,2,3,67,6,1,1,1,2,1,2,2,5183,1178,438724.0,128583.0,13475.0,963032.0,9278.0,8519.0,621.37
cbecs,building_survey,4543,4543,3,2,62000,7,5,22,90,100,1,1,2,2,2,2,2,5415,1465,4860996.0,1424676.0,123641.0,,,,234.86
cbecs,building_survey,4544,4544,2,8,134000,6,8,6,60,250,1,1,2,1,2,2,2,5313,1903,10334408.0,3028842.0,262586.0,,,,66.02
cbecs,building_survey,4545,4545,2,2,2500,1,4,1,35,3,1,1,1,2,2,2,2,5090,1550,166727.0,48865.0,4845.0,2449.0,24.0,99.0,1472.45
cbecs,building_survey,4546,4546,2,2,5000,2,7,1,24,6,1,1,1,2,2,2,2,9051,679,57162.0,16753.0,2087.0,115942.0,1117.0,1215.0,3480.09
cbecs,building_survey,4547,4547,2,1,350000,4,2,0,0,0,1,1,2,1,2,2,2,5865,1095,15354333.0,4500098.0,404767.0,,,,10.17
cbecs,building_survey,4548,4548,4,23,94000,1,8,7,119,116,1,1,1,2,2,2,2,1375,4159,10083765.0,2955382.0,208279.0,4443554.0,42809.0,19744.0,175.02
cbecs,building_survey,4549,4549,2,5,182000,1,5,1,40,22,1,1,1,2,1,2,2,6070,1051,1867497.0,547332.0,70653.0,1936848.0,18659.0,13539.0,237.36
cbecs,building_survey,4550,4550,4,7,1100,1,7,1,168,6,1,1,2,2,2,2,2,2794,2469,60808.0,17822.0,1386.0,,,,2528.63
cbecs,building_survey,4551,4551,2,14,260000,4,2,1,60,50,1,1,1,2,2,2,2,4757,1276,4999553.0,1465285.0,161039.0,5258722.0,50662.0,27712.0,45.1
cbecs,building_survey,4552,4552,2,25,2000,1,4,1,55,3,1,1,1,2,2,2,2,9621,672,71571.0,20976.0,2551.0,153449.0,1478.0,1506.0,2990.63
cbecs,building_survey,4553,4553,4,25,43000,1,8,1,52,12,1,1,2,2,2,2,2,1595,4530,950435.0,278557.0,34158.0,,,,240.4
cbecs,building_survey,4554,4554,4,5,5000,1,7,1,50,3,1,1,2,2,2,2,2,5621,706,116205.0,34058.0,1776.0,,,,6921.06
cbecs,building_survey,4555,4555,2,2,1800000,995,5,4,72,1200,1,1,2,2,2,1,2,7051,937,42187437.0,12364431.0,1405902.0,,,,6.59
cbecs,building_survey,4556,4556,2,2,56000,3,9,1,50,200,1,1,1,1,2,2,2,7162,637,1245103.0,364919.0,26300.0,263467.0,2538.0,1364.0,11.33
cbecs,building_survey,4557,4557,3,13,2150,1,8,1,112,0,1,1,2,2,2,2,2,2950,2610,363837.0,106635.0,6936.0,,,,4384.99
cbecs,building_survey,4558,4558,1,2,1500000,995,4,16,60,2500,1,1,2,1,2,1,2,4851,1423,34724497.0,10177168.0,1878640.0,,,,14.9
cbecs,building_survey,4559,4559,3,18,200000,994,6,1,168,50,1,1,1,1,1,2,2,3233,1803,10976906.0,3217147.0,312973.0,7209896.0,69459.0,45135.0,9.01
cbecs,building_survey,4560,4560,3,14,1600,1,7,1,30,2,1,1,2,2,2,2,2,1570,3606,53611.0,15712.0,1819.0,,,,3850.95
cbecs,building_survey,4561,4561,2,14,340000,3,7,1,98,135,1,1,1,1,2,2,2,5681,1150,12882853.0,3775748.0,373256.0,6510620.0,62723.0,30038.0,8.93
cbecs,building_survey,4562,4562,3,14,250000,2,3,1,40,300,1,1,1,2,2,2,2,3397,2211,7433901.0,2178752.0,200735.0,4200405.0,40466.0,20752.0,78.39
cbecs,building_survey,4563,4563,4,16,800000,2,2,4,168,700,1,1,1,1,2,2,2,3783,995,25272853.0,7407050.0,557678.0,47713438.0,459667.0,96717.0,71.71
cbecs,building_survey,4564,4564,4,24,2100000,2,5,996,76,150,1,1,1,2,2,2,2,2654,79,54018261.0,15831847.0,2572507.0,28047730.0,270209.0,273837.0,9.16
cbecs,building_survey,4565,4565,4,5,118000,2,7,1,100,50,1,1,1,2,2,2,2,4161,1565,878534.0,257484.0,27456.0,2748025.0,26474.0,21636.0,31.35
cbecs,building_survey,4566,4566,3,12,70000,3,7,1,55,50,1,1,1,2,2,2,2,2860,2160,932528.0,273308.0,38103.0,863940.0,8323.0,7190.0,14.9
cbecs,building_survey,4567,4567,4,23,5400,1,4,3,75,5,1,1,1,2,2,2,2,2158,286,654862.0,191929.0,25322.0,342019.0,3295.0,2927.0,4740.75
cbecs,building_survey,4568,4568,2,2,36500,1,6,1,168,50,1,1,1,2,2,2,2,6811,811,2986598.0,875322.0,75293.0,1698357.0,16362.0,13269.0,451.56
cbecs,building_survey,4569,4569,4,13,152000,3,7,1,30,3,1,1,1,2,2,2,2,3176,2072,5875747.0,1722083.0,122226.0,2523405.0,24310.0,16496.0,102.37
cbecs,building_survey,4570,4570,2,26,34000,1,8,1,144,35,1,1,2,1,2,2,2,8771,700,2419551.0,709130.0,74786.0,,,,1748.0
cbecs,building_survey,4571,4571,2,2,245000,4,5,5,50,500,1,1,1,2,2,2,2,6652,1091,2386646.0,699486.0,59176.0,9468413.0,91218.0,44335.0,6.59
cbecs,building_survey,4572,4572,3,5,67000,1,3,1,45,5,1,1,1,2,2,2,2,3724,2047,360453.0,105643.0,13494.0,1816400.0,17499.0,15324.0,14.67
cbecs,building_survey,4573,4573,1,18,3050,2,7,1,168,1,1,1,2,2,2,2,2,6198,1044,51287.0,15031.0,1175.0,,,,1421.48
cbecs,building_survey,4574,4574,3,2,500001,2,7,1,168,800,1,1,1,1,1,2,2,4197,1634,112767550.0,33050278.0,2839495.0,43708097.0,421080.0,234113.0,25.2
cbecs,building_survey,4575,4575,2,5,80000,2,9,1,50,30,1,1,1,2,2,2,2,6045,1026,810467.0,237534.0,29339.0,1421203.0,13692.0,8309.0,611.8
cbecs,building_survey,4576,4576,1,26,1800,3,2,1,58,7,1,1,2,1,2,2,2,5464,1292,126319.0,37022.0,5360.0,,,,2934.43
cbecs,building_survey,4577,4577,4,5,6000,1,3,2,50,5,1,1,1,2,2,2,2,909,2047,103229.0,30255.0,6575.0,17027.0,164.0,346.0,1265.79
cbecs,building_survey,4578,4578,3,2,3200,1,8,1,32,4,1,1,2,2,2,2,2,4504,1732,67223.0,19702.0,2325.0,,,,2800.45
cbecs,building_survey,4579,4579,2,14,17250,1,9,1,50,2,1,1,2,2,1,2,2,7686,1118,500725.0,146754.0,13029.0,,,,374.59
cbecs,building_survey,4580,4580,2,8,330000,994,6,4,85,499,1,1,1,1,2,2,2,5693,1272,25892303.0,7588600.0,647950.0,24055867.0,231752.0,130399.0,8.85
cbecs,building_survey,4581,4581,3,2,295000,994,2,8,168,350,1,1,1,1,2,2,2,4851,1681,27428752.0,8038907.0,693487.0,1935769.0,18649.0,15403.0,14.9
cbecs,building_survey,4582,4582,3,5,20000,1,7,3,10,1,2,2,2,2,2,2,2,2013,2810,,,,,,,1871.1
cbecs,building_survey,4583,4583,4,26,2100,1,5,1,40,1,1,1,1,2,2,2,2,3585,2000,34778.0,10193.0,799.0,75573.0,728.0,656.0,2934.43
cbecs,building_survey,4584,4584,4,13,42000,1,9,1,60,45,1,1,1,2,2,2,2,1317,4513,1812589.0,531239.0,54233.0,1424104.0,13720.0,10025.0,240.4
cbecs,building_survey,4585,4585,2,12,30000,2,2,1,8,2,1,1,2,2,1,2,2,6233,1156,247629.0,72576.0,6573.0,,,,1531.55
cbecs,building_survey,4586,4586,2,12,5000,2,2,1,6,3,1,1,2,2,1,2,2,4897,1801,66840.0,19590.0,2152.0,,,,2990.63
cbecs,building_survey,4587,4587,3,17,120000,9,4,3,168,55,1,1,1,1,2,2,2,4135,1793,7071850.0,2072641.0,207533.0,8244152.0,79423.0,41503.0,97.52
cbecs,building_survey,4588,4588,3,13,56000,1,7,1,168,10,1,1,1,2,2,2,2,1472,3026,1635655.0,479383.0,63985.0,539005.0,5193.0,2971.0,419.36
cbecs,building_survey,4589,4589,3,13,20750,1,7,1,40,1,1,1,2,2,2,2,2,3675,1891,1986725.0,582276.0,43154.0,,,,580.45
cbecs,building_survey,4590,4590,4,7,17000,2,6,1,168,5,1,1,1,2,2,2,2,5041,761,396436.0,116189.0,8997.0,510252.0,4916.0,3696.0,1218.58
cbecs,building_survey,4591,4591,4,2,4250,2,3,1,40,4,1,1,1,2,2,2,2,9433,239,313828.0,91978.0,7213.0,98192.0,946.0,950.0,460.31
cbecs,building_survey,4592,4592,2,12,132000,2,8,1,100,55,1,1,1,2,2,2,2,7081,911,5312711.0,1557067.0,107170.0,5745799.0,55355.0,35213.0,125.04
cbecs,building_survey,4593,4593,3,13,600000,3,7,100,168,1500,1,1,1,1,1,1,2,1396,3661,25981109.0,7614627.0,667788.0,8798214.0,84761.0,47584.0,10.17
cbecs,building_survey,4594,4594,3,25,1600,1,8,1,24,1,1,1,2,2,2,2,2,4143,1970,30054.0,8808.0,1303.0,,,,2990.63
cbecs,building_survey,4595,4595,2,16,340000,4,7,1,168,150,1,1,1,1,2,2,2,6213,717,36234733.0,10619793.0,907120.0,35588529.0,342857.0,180128.0,44.15
cbecs,building_survey,4596,4596,3,13,146000,2,4,3,16,50,1,1,1,1,2,1,2,4719,1551,3483853.0,1021059.0,75161.0,8648216.0,83316.0,36359.0,50.81
cbecs,building_survey,4597,4597,1,14,148000,994,2,2,112,76,1,1,1,1,2,2,2,6484,864,9066353.0,2657196.0,430089.0,1339236.0,12902.0,15050.0,6.66
cbecs,building_survey,4598,4598,4,26,63000,2,8,1,40,28,1,1,2,2,2,2,2,1129,1877,5246064.0,1537533.0,196108.0,,,,118.55
cbecs,building_survey,4599,4599,4,12,11250,2,2,1,60,1,1,1,1,2,2,2,2,7492,245,112960.0,33107.0,2901.0,710200.0,6842.0,5792.0,1441.01
cbecs,building_survey,4600,4600,1,17,52000,2,4,1,168,27,1,1,1,2,1,2,2,7635,808,1447003.0,424092.0,35928.0,5181411.0,49917.0,28164.0,99.04
cbecs,building_survey,4601,4601,2,14,77000,2,4,1,50,60,1,1,1,2,2,2,2,6077,1419,1681818.0,492913.0,43224.0,3559111.0,34288.0,16155.0,306.64
cbecs,building_survey,4602,4602,4,14,88000,4,7,1,90,44,1,1,2,1,2,2,1,882,1719,1917099.0,561870.0,72276.0,,,,341.69
cbecs,building_survey,4603,4603,1,14,108000,6,2,2,66,80,1,1,1,1,2,2,2,3919,1511,4374471.0,1282084.0,115960.0,4428974.0,42668.0,31971.0,8.84
cbecs,building_survey,4604,4604,3,12,56000,3,7,1,80,75,1,1,1,2,2,2,2,3094,2251,1473849.0,431960.0,45785.0,237265.0,2286.0,1829.0,117.32
cbecs,building_survey,4605,4605,2,12,4800,2,3,1,16,1,1,1,1,2,2,2,2,5243,1683,95604.0,28020.0,5347.0,303840.0,2927.0,2760.0,3414.19
cbecs,building_survey,4606,4606,4,25,205000,1,8,4,168,150,1,1,1,2,2,2,2,4086,1786,16231524.0,4757188.0,332430.0,6482814.0,62455.0,56503.0,61.68
cbecs,building_survey,4607,4607,1,14,138000,3,5,1,30,40,1,1,1,2,2,2,2,6466,790,2306675.0,676048.0,64205.0,4680825.0,45095.0,36289.0,99.04
cbecs,building_survey,4608,4608,4,91,170000,1,6,1,168,70,1,1,1,2,2,2,2,2252,258,33699298.0,9876699.0,1449342.0,8220830.0,79199.0,82991.0,125.92
cbecs,building_survey,4609,4609,1,2,110000,3,9,1,40,510,1,1,1,1,2,2,2,6701,719,3558016.0,1042795.0,159887.0,1835872.0,17687.0,9793.0,117.32
cbecs,building_survey,4610,4610,1,14,230000,5,9,1,84,125,1,1,1,1,2,2,2,6346,798,7940576.0,2327250.0,214627.0,1708529.0,16460.0,13477.0,9.17
cbecs,building_survey,4611,4611,3,1,12000,1,6,0,0,0,1,1,2,2,2,2,2,1053,3359,14506.0,4251.0,699.0,,,,8.84
cbecs,building_survey,4612,4612,3,14,75000,1,4,1,35,80,1,1,1,2,2,2,2,2491,2167,2531200.0,741852.0,64084.0,1292173.0,12449.0,9637.0,1298.81
cbecs,building_survey,4613,4613,4,2,300000,995,8,25,54,700,1,1,1,1,2,2,2,949,881,10193371.0,2987506.0,570081.0,1436713.0,13841.0,9965.0,9.11
cbecs,building_survey,4614,4614,4,18,2100000,995,8,55,168,3500,1,1,1,1,2,2,2,1749,3891,273744469.0,80229915.0,5533637.0,260575942.0,2510366.0,1150020.0,8.87
cbecs,building_survey,4615,4615,4,13,20000,2,7,2,56,4,1,1,1,2,1,2,2,4698,1785,102541.0,30053.0,3350.0,131188.0,1264.0,1109.0,1418.81
cbecs,building_survey,4616,4616,3,5,50000,2,4,1,74,60,1,1,1,1,2,2,2,2013,2861,749729.0,219733.0,24215.0,1108988.0,10684.0,8822.0,309.52
cbecs,building_survey,4617,4617,2,8,75000,4,9,3,60,40,1,1,1,2,2,2,2,8372,1012,6008519.0,1760996.0,180721.0,1794092.0,17284.0,14113.0,126.08
cbecs,building_survey,4618,4618,4,13,260000,4,6,19,112,200,1,1,1,2,2,2,2,767,1757,11968096.0,3507648.0,447089.0,902829.0,8698.0,7091.0,118.55
cbecs,building_survey,4619,4619,4,18,375000,994,2,1,168,100,1,1,1,2,2,2,2,1014,1628,22100689.0,6477341.0,807487.0,10909861.0,105105.0,70283.0,100.08
cbecs,building_survey,4620,4620,3,14,235000,4,2,2,78,130,1,1,1,2,2,2,2,3916,2081,7730336.0,2265632.0,220771.0,1875423.0,18068.0,14223.0,17.7
cbecs,building_survey,4621,4621,3,2,8500,5,2,2,24,4,1,1,2,2,2,2,2,4739,1643,304997.0,89390.0,8306.0,,,,589.53
cbecs,building_survey,4622,4622,4,2,40000,2,6,3,168,24,1,1,2,2,2,2,2,1345,3764,1966573.0,576370.0,57850.0,,,,240.4
cbecs,building_survey,4623,4623,4,4,110000,7,7,10,112,200,1,1,2,2,2,1,2,787,1244,13727009.0,4023156.0,421431.0,,,,52.84
cbecs,building_survey,4624,4624,2,2,500001,995,2,42,83,1450,1,1,1,2,2,2,2,6523,825,23531053.0,6896557.0,629654.0,25165476.0,242442.0,51391.0,15.06
cbecs,building_survey,4625,4625,3,2,415000,8,2,30,50,200,1,1,1,1,2,1,2,4005,2129,15815009.0,4635114.0,189600.0,7300027.0,70328.0,59502.0,14.9
cbecs,building_survey,4626,4626,2,5,6000,1,8,1,40,0,1,1,2,2,2,2,2,5035,1325,29904.0,8764.0,1448.0,,,,3075.23
cbecs,building_survey,4627,4627,1,5,300000,2,2,16,10,40,1,1,1,2,2,2,2,5315,1056,2710348.0,794358.0,71934.0,18399369.0,177258.0,128371.0,8.84
cbecs,building_survey,4628,4628,4,17,160000,4,7,2,168,125,1,1,1,1,2,2,2,2321,48,14564445.0,4268595.0,727648.0,7228916.0,69643.0,52572.0,9.11
cbecs,building_survey,4629,4629,4,12,18500,1,7,1,108,12,1,1,1,2,2,2,2,1973,3867,539112.0,158005.0,11200.0,554126.0,5338.0,3974.0,2934.43
cbecs,building_survey,4630,4630,1,8,75000,5,8,14,70,100,1,1,1,1,2,2,2,4651,1282,8175618.0,2396137.0,283529.0,294178.0,2834.0,3075.0,127.33
cbecs,building_survey,4631,4631,1,2,3200,3,2,3,168,9,1,1,1,2,2,2,2,4784,828,50913.0,14922.0,3270.0,106574.0,1027.0,1794.0,1745.76
cbecs,building_survey,4632,4632,3,24,1700000,1,7,996,96,400,1,1,1,2,2,2,2,1600,3791,82975795.0,24318814.0,2070716.0,4926439.0,47461.0,26671.0,14.9
cbecs,building_survey,4633,4633,4,5,6000,1,6,2,0,0,1,1,2,2,2,2,2,5522,675,170364.0,49931.0,3085.0,,,,6921.06
cbecs,building_survey,4634,4634,1,5,56000,3,6,1,18,20,1,1,2,2,1,2,2,7387,444,1068114.0,313046.0,42765.0,,,,672.81
cbecs,building_survey,4635,4635,3,23,265000,2,8,16,72,109,1,1,1,2,2,2,2,1043,2635,16590084.0,4862275.0,285580.0,2538497.0,24456.0,13682.0,85.15
cbecs,building_survey,4636,4636,4,25,220000,1,8,4,126,150,1,1,1,2,2,2,2,2522,43,15055538.0,4412526.0,565901.0,2229574.0,21480.0,21177.0,15.06
cbecs,building_survey,4637,4637,1,14,138000,4,3,3,110,300,1,1,1,1,1,2,2,4584,1586,1887772.0,553274.0,51996.0,3582664.0,34515.0,19678.0,99.04
cbecs,building_survey,4638,4638,3,14,73000,4,2,1,70,10,1,1,2,2,2,1,2,4867,1540,6072442.0,1779731.0,138797.0,,,,324.59
cbecs,building_survey,4639,4639,3,14,94000,1,9,1,60,70,1,1,1,2,2,2,2,4059,1760,3455885.0,1012862.0,105579.0,3923963.0,37803.0,20833.0,288.37
cbecs,building_survey,4640,4640,2,91,2400,1,3,1,24,0,2,2,2,2,2,2,2,6159,1109,,,,,,,1265.79
cbecs,building_survey,4641,4641,3,24,1700000,2,7,996,140,500,1,1,2,1,2,2,2,1569,3325,52765012.0,15464540.0,1429721.0,,,,14.9
cbecs,building_survey,4642,4642,2,17,43000,2,3,1,168,50,1,1,1,1,2,2,2,6918,1026,2374738.0,695996.0,67452.0,3950592.0,38060.0,21486.0,495.15
cbecs,building_survey,4643,4643,1,24,1500000,2,4,996,75,135,1,1,1,1,2,2,2,5111,1097,53605974.0,15711012.0,1432099.0,14975654.0,144274.0,80523.0,14.9
cbecs,building_survey,4644,4644,3,17,162000,3,4,1,168,150,1,1,1,1,2,2,2,2485,3036,13414346.0,3931520.0,299776.0,5224123.0,50329.0,49882.0,21.46
cbecs,building_survey,4645,4645,4,2,285000,994,6,17,55,100,1,1,1,1,2,2,2,4688,1121,6609228.0,1937054.0,136870.0,6497856.0,62600.0,31493.0,14.9
cbecs,building_survey,4646,4646,2,14,1800000,4,4,3,88,400,1,1,1,2,2,1,2,6846,1077,24737231.0,7250068.0,484247.0,95671475.0,921691.0,243402.0,9.11
cbecs,building_survey,4647,4647,3,14,45000,5,8,1,90,15,1,1,1,1,2,1,2,2473,3172,2754681.0,807351.0,48926.0,2300245.0,22160.0,37599.0,329.67
cbecs,building_survey,4648,4648,4,26,4200,1,8,1,50,1,1,1,2,2,1,2,2,1408,4081,28602.0,8383.0,1765.0,,,,2934.43
cbecs,building_survey,4649,4649,4,1,1800,2,2,1,0,1,1,1,2,2,2,2,2,413,1209,1755.0,514.0,370.0,,,,677.49
cbecs,building_survey,4650,4650,3,12,22000,1,8,1,40,4,1,1,2,2,2,2,2,1433,3088,578522.0,169555.0,15063.0,,,,2990.63
cbecs,building_survey,4651,4651,3,14,37500,5,7,1,75,53,1,1,2,2,2,1,2,3457,1892,4376373.0,1282642.0,91391.0,,,,429.63
cbecs,building_survey,4652,4652,1,17,88000,4,9,1,168,100,1,1,1,1,2,2,2,6988,948,7070504.0,2072246.0,306429.0,2755111.0,26542.0,14723.0,134.42
cbecs,building_survey,4653,4653,4,18,345000,4,7,1,168,150,1,1,2,1,1,2,2,3560,1293,12949999.0,3795428.0,378084.0,,,,8.7
cbecs,building_survey,4654,4654,3,5,425000,2,7,1,72,300,1,1,1,2,2,2,2,2833,1982,15124800.0,4432825.0,356602.0,3650400.0,35168.0,32029.0,14.9
cbecs,building_survey,4655,4655,1,14,34000,4,3,1,40,30,1,1,1,2,2,2,2,5570,1113,484648.0,142042.0,18140.0,704715.0,6789.0,7444.0,303.46
cbecs,building_survey,4656,4656,2,2,130000,3,4,1,50,225,1,1,2,1,2,2,2,5056,1967,7158040.0,2097902.0,254653.0,,,,14.9
cbecs,building_survey,4657,4657,4,5,20000,1,6,1,12,10,1,1,2,2,2,2,2,1035,2107,75296.0,22068.0,4214.0,,,,3554.88
cbecs,building_survey,4658,4658,4,14,2100,1,8,1,33,6,1,1,2,2,2,2,2,5863,512,46751.0,13702.0,1042.0,,,,2063.57
cbecs,building_survey,4659,4659,3,12,20000,1,6,1,10,3,1,1,1,2,2,2,2,2323,3504,371235.0,108803.0,17094.0,404716.0,3899.0,4415.0,589.53
cbecs,building_survey,4660,4660,1,2,485000,994,2,1,168,1500,1,1,1,1,2,2,2,5709,884,21181519.0,6207948.0,994831.0,13028954.0,125520.0,68445.0,14.73
cbecs,building_survey,4661,4661,4,16,1000000,7,5,1,168,2200,1,1,1,2,2,1,2,901,1184,117497919.0,34436670.0,3613024.0,40918328.0,394204.0,221169.0,3.95
cbecs,building_survey,4662,4662,3,14,230000,1,4,1,60,100,1,1,1,2,2,2,2,1026,3048,8035801.0,2355159.0,262718.0,3999875.0,38534.0,21553.0,99.38
cbecs,building_survey,4663,4663,2,2,85000,6,8,2,65,175,1,1,2,2,2,2,2,5318,1757,4647266.0,1362036.0,187820.0,,,,240.4
cbecs,building_survey,4664,4664,2,17,34000,2,7,1,168,15,1,1,1,1,2,2,2,5665,863,1366570.0,400519.0,43587.0,1138934.0,10972.0,5523.0,329.67
cbecs,building_survey,4665,4665,4,14,255000,5,9,1,102,250,1,1,1,1,2,2,2,4898,1452,12739956.0,3733868.0,266143.0,11958538.0,115207.0,94864.0,6.87
cbecs,building_survey,4666,4666,1,91,170000,2,5,2,70,90,1,1,1,2,1,2,2,4843,1241,9907018.0,2903581.0,267633.0,7683684.0,74024.0,41503.0,914.63
cbecs,building_survey,4667,4667,1,7,160000,5,4,43,40,472,1,1,1,2,2,2,2,6419,946,6698508.0,1963220.0,143776.0,1665524.0,16046.0,20127.0,69.5
cbecs,building_survey,4668,4668,3,25,1250,1,5,1,1,1,1,1,2,2,2,2,2,3615,2246,46738.0,13698.0,1355.0,,,,2990.63
cbecs,building_survey,4669,4669,4,8,4000,1,6,1,45,15,1,1,1,2,2,2,2,4680,830,192867.0,56526.0,6565.0,220994.0,2129.0,2244.0,1265.79
cbecs,building_survey,4670,4670,4,14,50000,2,6,2,55,20,1,1,1,2,2,2,2,2728,616,1671585.0,489914.0,90850.0,2019684.0,19457.0,22768.0,15.06
cbecs,building_survey,4671,4671,1,14,600000,4,8,1,65,200,1,1,1,2,2,2,2,5688,1080,5051303.0,1480452.0,116792.0,18795560.0,181075.0,102169.0,8.84
cbecs,building_survey,4672,4672,3,2,9500,1,8,1,60,12,1,1,1,2,2,2,2,2934,2326,610332.0,178878.0,10312.0,910251.0,8769.0,7115.0,690.18
cbecs,building_survey,4673,4673,1,2,124000,3,6,3,50,300,1,1,2,1,2,2,2,6360,750,5026338.0,1473135.0,220187.0,,,,14.73
cbecs,building_survey,4674,4674,3,25,186000,1,9,1,168,200,1,1,1,2,2,2,2,1589,2921,14926397.0,4374677.0,255102.0,7042502.0,67847.0,38210.0,125.04
cbecs,building_survey,4675,4675,2,14,79000,2,8,1,45,11,1,1,1,2,2,2,2,5018,1545,2357232.0,690865.0,59165.0,1711152.0,16485.0,10590.0,97.52
cbecs,building_survey,4676,4676,1,8,7200,2,8,2,60,20,1,1,2,2,1,2,2,5079,944,454364.0,133166.0,20145.0,,,,55.76
cbecs,building_survey,4677,4677,1,18,42000,3,6,1,168,40,1,1,1,2,2,2,2,5306,800,2645213.0,775268.0,130095.0,2542302.0,24492.0,19983.0,13.94
cbecs,building_survey,4678,4678,1,8,4550,1,6,1,102,10,1,1,1,2,2,2,2,5839,1045,557557.0,163411.0,12388.0,441542.0,4254.0,4445.0,1218.03
cbecs,building_survey,4679,4679,3,12,5000,1,8,1,40,3,1,1,1,2,2,2,2,2998,2163,101501.0,29748.0,3840.0,146698.0,1413.0,1576.0,2990.63
cbecs,building_survey,4680,4680,2,12,4500,1,3,1,6,1,1,1,1,2,2,2,2,5583,1085,55673.0,16317.0,1882.0,189909.0,1830.0,1576.0,4057.15
cbecs,building_survey,4681,4681,1,15,2100,1,8,1,84,5,1,1,1,2,2,2,2,5856,895,279887.0,82030.0,15459.0,733003.0,7062.0,8160.0,1195.14
cbecs,building_survey,4682,4682,4,26,8600,1,5,1,40,12,1,1,1,2,2,2,2,6401,267,45718.0,13399.0,1963.0,171844.0,1656.0,1488.0,1899.96
cbecs,building_survey,4683,4683,2,6,63000,1,8,2,133,10,1,1,1,2,2,2,2,7500,615,8024525.0,2351854.0,218542.0,5613424.0,54079.0,34847.0,215.07
cbecs,building_survey,4684,4684,3,14,128000,2,8,1,50,98,1,1,1,2,2,2,2,3029,2064,4047687.0,1186309.0,102325.0,2869075.0,27640.0,25250.0,57.62
cbecs,building_survey,4685,4685,2,2,285000,995,6,28,85,1300,1,1,1,1,2,2,2,7217,974,6955610.0,2038573.0,199576.0,6114097.0,58903.0,45471.0,14.9
cbecs,building_survey,4686,4686,2,91,2100,1,5,1,168,1,1,1,2,2,2,2,2,7208,1063,129238.0,37877.0,3806.0,,,,1265.79
cbecs,building_survey,4687,4687,1,26,5400,1,2,1,0,2,1,1,2,2,2,2,2,5649,1416,84892.0,24880.0,6489.0,,,,2990.63
cbecs,building_survey,4688,4688,2,1,30000,2,6,0,0,0,1,1,1,2,2,2,2,4902,1454,450567.0,132054.0,12105.0,318894.0,3072.0,3427.0,15.06
cbecs,building_survey,4689,4689,2,14,150000,2,8,1,60,125,1,1,1,1,2,2,2,4796,1068,5671990.0,1662365.0,159555.0,8391250.0,80841.0,44258.0,20.62
cbecs,building_survey,4690,4690,1,2,230000,994,5,28,60,400,1,1,1,2,2,2,2,7401,863,7475307.0,2190887.0,185814.0,8676190.0,83586.0,32398.0,14.9
cbecs,building_survey,4691,4691,3,2,2400,1,7,1,50,7,1,1,1,2,2,2,2,3775,1677,40140.0,11764.0,1619.0,49656.0,478.0,1040.0,1218.03
cbecs,building_survey,4692,4692,3,2,164000,4,8,6,65,490,1,1,1,1,2,2,2,5360,1388,6530365.0,1913941.0,163901.0,2195729.0,21153.0,19802.0,137.69
cbecs,building_survey,4693,4693,2,2,275000,9,7,23,60,850,1,1,1,1,2,2,2,8592,824,14289239.0,4187936.0,437575.0,1865109.0,17968.0,13675.0,14.9
cbecs,building_survey,4694,4694,3,18,255000,994,9,1,168,50,1,1,1,1,2,2,2,2555,3290,13704940.0,4016688.0,348960.0,5100492.0,49138.0,30754.0,5.52
cbecs,building_survey,4695,4695,3,14,220000,3,6,1,60,153,1,1,1,1,2,2,2,3789,1934,4810081.0,1409754.0,175277.0,1397544.0,13464.0,16176.0,69.58
cbecs,building_survey,4696,4696,1,12,265000,2,5,1,70,35,1,1,1,1,2,2,2,7149,801,8685131.0,2545466.0,297755.0,1026249.0,9887.0,8852.0,14.9
cbecs,building_survey,4697,4697,1,26,4000,1,7,1,50,2,1,1,2,2,2,2,2,4959,1365,128571.0,37682.0,4045.0,,,,6659.94
cbecs,building_survey,4698,4698,2,25,31000,1,7,1,56,3,1,1,2,2,1,2,2,4868,1094,491172.0,143954.0,17209.0,,,,611.8
cbecs,building_survey,4699,4699,4,2,4000,2,4,1,50,5,1,1,1,2,2,2,2,2529,611,46839.0,13728.0,3705.0,57101.0,550.0,860.0,3075.23
cbecs,building_survey,4700,4700,2,14,31000,3,3,1,45,13,1,1,1,2,2,2,2,6228,751,385707.0,113044.0,15369.0,2444878.0,23554.0,12434.0,495.15
cbecs,building_survey,4701,4701,4,13,12000,1,8,1,80,11,1,1,1,2,2,2,2,1050,861,308028.0,90278.0,13925.0,361491.0,3483.0,3067.0,3075.23
cbecs,building_survey,4702,4702,1,2,230000,4,2,1,60,500,1,1,1,1,2,2,2,6581,842,16163149.0,4737148.0,369347.0,8593062.0,82785.0,45131.0,58.26
cbecs,building_survey,4703,4703,4,5,340000,1,8,1,120,300,1,1,1,1,2,2,2,1461,1915,6786027.0,1988871.0,257343.0,2553027.0,24596.0,20524.0,32.81
cbecs,building_survey,4704,4704,1,14,160000,4,7,1,11,125,1,1,1,2,2,2,2,5144,930,2967481.0,869719.0,127405.0,4895690.0,47165.0,26822.0,8.91
cbecs,building_survey,4705,4705,3,2,3000,1,5,1,40,5,1,1,2,2,2,2,2,1121,4133,100707.0,29516.0,4338.0,,,,2990.63
cbecs,building_survey,4706,4706,3,14,73000,2,2,1,40,75,1,1,1,2,2,2,2,4130,2199,3016768.0,884164.0,132431.0,602876.0,5808.0,4419.0,97.52
cbecs,building_survey,4707,4707,1,2,700000,995,8,14,70,2200,1,1,2,1,2,2,2,5932,1084,18848254.0,5524107.0,457778.0,,,,58.26
cbecs,building_survey,4708,4708,4,2,470000,995,6,100,60,2100,1,1,1,1,2,2,2,981,1999,17297502.0,5069608.0,969504.0,1800072.0,17342.0,12004.0,15.06
cbecs,building_survey,4709,4709,3,14,178000,3,8,1,55,75,1,1,2,1,2,2,2,2478,2510,8256074.0,2419717.0,190424.0,,,,43.95
cbecs,building_survey,4710,4710,4,13,80000,2,8,10,168,15,1,1,1,2,2,2,2,3682,898,5676993.0,1663831.0,181208.0,2320522.0,22356.0,21152.0,118.55
cbecs,building_survey,4711,4711,3,16,900000,8,6,1,168,450,1,1,1,1,2,2,2,2511,2565,66111881.0,19376284.0,1285351.0,52380195.0,504626.0,417098.0,8.62
cbecs,building_survey,4712,4712,3,14,400000,3,8,2,66,118,1,1,1,2,2,2,2,1775,2712,17703854.0,5188703.0,470073.0,3674182.0,35397.0,17467.0,9.01
cbecs,building_survey,4713,4713,1,4,315000,6,5,1,112,160,1,1,1,1,2,1,1,6061,1159,31738749.0,9302095.0,865266.0,37465.0,361.0,114.0,5.89
cbecs,building_survey,4714,4714,2,25,205000,1,8,4,168,150,1,1,1,2,2,2,2,6828,854,13046299.0,3823652.0,323872.0,11021691.0,106182.0,58231.0,52.43
cbecs,building_survey,4715,4715,2,8,4650,2,6,3,61,12,1,1,1,2,2,2,2,6805,806,259565.0,76074.0,7003.0,24611.0,237.0,504.0,1265.79
cbecs,building_survey,4716,4716,3,2,36000,4,2,8,55,65,1,1,1,2,2,2,2,4327,1549,2509249.0,735419.0,62136.0,829831.0,7995.0,6743.0,127.33
cbecs,building_survey,4717,4717,4,15,3200,1,9,1,100,10,1,1,1,2,2,2,2,1127,1540,475268.0,139293.0,21892.0,1189988.0,11464.0,8697.0,1265.79
cbecs,building_survey,4718,4718,1,2,9500,2,7,1,50,18,1,1,1,2,2,2,2,4818,1469,270661.0,79326.0,8898.0,497166.0,4790.0,4564.0,1779.2
cbecs,building_survey,4719,4719,3,91,3000,2,6,1,56,8,1,1,2,2,2,2,2,4744,1579,187468.0,54944.0,5374.0,,,,711.02
cbecs,building_survey,4720,4720,3,16,1700000,995,5,9,168,7500,1,1,1,1,2,1,2,3808,1908,280383061.0,82175575.0,7942775.0,1631375.0,15717.0,14558.0,8.22
cbecs,building_survey,4721,4721,4,5,66000,1,6,2,46,12,1,1,2,2,2,2,2,4130,354,235333.0,68972.0,7435.0,,,,118.55
cbecs,building_survey,4722,4722,2,18,55000,3,6,1,168,11,1,1,1,2,2,2,2,5062,1269,2683378.0,786453.0,77826.0,3288555.0,31682.0,18459.0,8.93
cbecs,building_survey,4723,4723,1,2,52000,2,5,7,60,150,1,1,1,2,2,2,2,8290,633,2414751.0,707723.0,67088.0,222262.0,2141.0,1884.0,224.76
cbecs,building_survey,4724,4724,2,1,600000,6,4,2,60,30,1,1,1,1,2,2,2,6794,712,21427712.0,6280103.0,524699.0,18351337.0,176795.0,96595.0,16.25
cbecs,building_survey,4725,4725,3,2,162000,6,7,16,45,200,1,1,1,2,2,2,2,4437,1518,10478819.0,3071166.0,307283.0,3669451.0,35351.0,19542.0,149.25
cbecs,building_survey,4726,4726,2,2,1800000,995,6,28,59,3000,1,1,2,1,2,1,2,7611,1007,48420710.0,14191298.0,1718593.0,,,,14.9
cbecs,building_survey,4727,4727,3,5,7800,1,9,14,168,28,1,1,1,2,2,2,2,1422,3441,666599.0,195369.0,12435.0,51173.0,493.0,573.0,3695.52
cbecs,building_survey,4728,4728,2,5,500000,2,7,1,168,1480,1,1,1,2,2,2,2,6688,1214,39115474.0,11464090.0,1091972.0,9918715.0,95556.0,45436.0,15.06
cbecs,building_survey,4729,4729,3,7,495000,994,8,9,55,472,1,1,2,1,2,2,2,1355,3256,9584565.0,2809075.0,239861.0,,,,6.52
cbecs,building_survey,4730,4730,3,14,110000,2,7,1,50,90,1,1,2,2,2,2,2,1442,3476,4360677.0,1278041.0,31691.0,,,,99.04
cbecs,building_survey,4731,4731,3,26,3600,1,6,1,40,4,1,1,2,2,1,2,2,1602,3447,58865.0,17252.0,2388.0,,,,2990.63
cbecs,building_survey,4732,4732,3,18,96000,5,7,1,168,27,1,1,1,2,2,2,2,2164,3044,2015921.0,590833.0,61694.0,1526558.0,14707.0,5356.0,411.48
cbecs,building_survey,4733,4733,2,5,15000,1,7,1,168,1,1,1,2,2,2,2,2,6129,1196,459374.0,134635.0,12196.0,,,,3554.88
cbecs,building_survey,4734,4734,4,13,500001,5,7,101,168,4000,1,1,1,2,2,2,1,1580,4482,18809912.0,5512870.0,395339.0,16119428.0,155293.0,83468.0,9.98
cbecs,building_survey,4735,4735,3,2,75000,5,2,1,80,250,1,1,2,2,2,1,2,2872,2060,1980910.0,580572.0,39918.0,,,,137.69
cbecs,building_survey,4736,4736,1,23,280000,1,8,24,75,174,1,1,1,2,2,2,2,4770,1406,22966084.0,6730974.0,611962.0,25531155.0,245965.0,136880.0,73.84
cbecs,building_survey,4737,4737,3,18,126000,5,9,1,168,21,1,1,1,2,2,2,2,3645,2195,2418878.0,708933.0,74097.0,1703310.0,16410.0,17088.0,324.59
cbecs,building_survey,4738,4738,4,2,152000,6,8,24,65,600,1,1,1,2,2,2,2,1047,1770,5363608.0,1571984.0,157276.0,2187224.0,21072.0,16278.0,15.06
cbecs,building_survey,4739,4739,4,2,500001,995,6,26,60,1378,1,1,1,2,2,2,2,2573,89,16945924.0,4966566.0,985445.0,583045.0,5617.0,5813.0,59.79
cbecs,building_survey,4740,4740,2,14,300000,3,4,1,60,108,1,1,1,2,2,2,2,8334,501,9317286.0,2730740.0,269588.0,20485232.0,197353.0,110134.0,128.87
cbecs,building_survey,4741,4741,3,7,25500,1,7,3,168,20,1,1,1,1,2,2,2,3136,2871,2092269.0,613209.0,49907.0,1495284.0,14405.0,12433.0,431.11
cbecs,building_survey,4742,4742,3,16,205000,5,3,1,168,350,1,1,1,1,2,2,2,5112,1472,21185833.0,6209212.0,522318.0,38091676.0,366972.0,203129.0,10.07
cbecs,building_survey,4743,4743,1,14,110000,3,2,1,35,100,1,1,1,2,2,2,2,7309,548,1566099.0,458997.0,50399.0,5451152.0,52516.0,29023.0,9.96
cbecs,building_survey,4744,4744,4,16,205000,5,8,1,168,300,1,1,2,1,2,2,1,791,1298,38290045.0,11222170.0,1439665.0,,,,146.87
cbecs,building_survey,4745,4745,2,2,5400,5,2,4,40,8,1,1,1,2,2,2,2,6448,1541,141179.0,41377.0,4070.0,84504.0,814.0,843.0,846.62
cbecs,building_survey,4746,4746,3,13,1000000,3,7,30,147,350,1,1,1,1,2,1,2,2063,2875,83178907.0,24378343.0,2618073.0,17159366.0,165312.0,118189.0,10.17
cbecs,building_survey,4747,4747,3,15,8000,1,9,1,37,7,1,1,2,2,1,2,2,1768,2768,807819.0,236758.0,28567.0,,,,690.18
cbecs,building_survey,4748,4748,3,5,450000,1,6,1,154,75,1,1,2,1,1,2,2,1510,4129,12692966.0,3720096.0,268471.0,,,,66.26
cbecs,building_survey,4749,4749,4,12,50000,1,7,3,49,10,1,1,2,2,2,2,2,1392,2908,470534.0,137906.0,28005.0,,,,14.67
cbecs,building_survey,4750,4750,1,26,26500,1,6,1,104,12,1,1,1,2,2,2,2,6615,787,848101.0,248564.0,23642.0,1355590.0,13060.0,7354.0,623.52
cbecs,building_survey,4751,4751,3,23,18750,1,5,10,70,30,1,1,1,2,1,2,2,1471,3293,1712700.0,501964.0,43331.0,155745.0,1500.0,1410.0,10.71
cbecs,building_survey,4752,4752,1,14,78000,8,3,5,85,60,1,1,2,1,2,1,2,6183,929,1724676.0,505474.0,29186.0,,,,332.94
cbecs,building_survey,4753,4753,2,18,300000,994,6,1,168,50,1,1,1,1,2,2,2,5859,1349,24934585.0,7307909.0,776318.0,2528141.0,24356.0,11868.0,8.93
cbecs,building_survey,4754,4754,3,2,73000,5,5,15,60,60,1,1,2,2,2,2,2,2837,1973,6792872.0,1990877.0,233681.0,,,,137.69
cbecs,building_survey,4755,4755,4,14,68000,2,4,1,40,60,1,1,2,2,2,2,2,1815,614,2312525.0,677762.0,85110.0,,,,100.08
cbecs,building_survey,4756,4756,4,26,4000,1,8,1,30,1,1,1,2,1,2,2,2,5565,147,86850.0,25454.0,3073.0,,,,3075.23
cbecs,building_survey,4757,4757,2,2,2400,1,8,1,40,3,1,1,1,2,2,2,2,5657,1592,44517.0,13047.0,1576.0,40587.0,391.0,926.0,2747.83
cbecs,building_survey,4758,4758,1,16,82000,1,8,1,168,80,1,1,1,1,1,2,2,4836,1292,3668354.0,1075133.0,201472.0,2725234.0,26255.0,23057.0,110.28
cbecs,building_survey,4759,4759,2,26,71000,1,5,15,168,50,1,1,1,2,2,2,2,9057,840,3256835.0,954524.0,81109.0,3980829.0,38351.0,28395.0,245.01
cbecs,building_survey,4760,4760,1,25,18000,1,7,1,53,4,1,1,2,2,2,2,2,6293,813,983954.0,288380.0,27365.0,,,,3207.89
cbecs,building_survey,4761,4761,3,2,485000,995,7,3,95,750,1,1,1,1,2,2,2,4029,1996,27418120.0,8035791.0,1133796.0,459976.0,4431.0,4918.0,14.9
cbecs,building_survey,4762,4762,3,13,230000,3,4,1,168,200,1,1,1,2,2,2,2,3046,3140,3984603.0,1167820.0,83499.0,8217866.0,79170.0,45471.0,48.85
cbecs,building_survey,4763,4763,4,8,38000,3,9,7,68,168,1,1,1,2,2,2,2,4502,1298,1716420.0,503054.0,35373.0,1627187.0,15676.0,7903.0,126.08
cbecs,building_survey,4764,4764,3,14,150000,2,3,1,80,105,1,1,1,2,2,2,2,5850,1099,5525656.0,1619477.0,34296.0,9278065.0,89384.0,72224.0,44.64
cbecs,building_survey,4765,4765,3,1,3000,1,6,0,0,0,1,1,2,2,2,2,2,1713,2595,107952.0,31639.0,3178.0,,,,2990.63
cbecs,building_survey,4766,4766,4,23,18500,1,6,10,42,28,1,1,1,2,2,2,2,8528,15,1225034.0,359037.0,45263.0,1159664.0,11172.0,9392.0,10.71
cbecs,building_survey,4767,4767,2,14,260000,4,8,1,65,50,1,1,1,2,2,2,2,6117,1356,6996612.0,2050590.0,178681.0,6158429.0,59330.0,28323.0,9.11
cbecs,building_survey,4768,4768,4,5,21250,2,8,2,50,15,1,1,1,2,2,2,2,6466,381,208245.0,61033.0,9913.0,706175.0,6803.0,4141.0,1489.41
cbecs,building_survey,4769,4769,2,14,15000,2,9,1,80,20,1,1,1,2,2,2,2,4826,1697,130376.0,38211.0,4874.0,648878.0,6251.0,5254.0,591.56
cbecs,building_survey,4770,4770,3,15,2000,1,3,2,74,3,1,1,2,2,2,2,2,3539,2002,452538.0,132631.0,12034.0,,,,1218.03
cbecs,building_survey,4771,4771,3,23,17250,1,8,9,42,35,1,1,1,2,2,2,2,2142,2724,1212197.0,355275.0,22076.0,1044032.0,10058.0,8556.0,2009.74
cbecs,building_survey,4772,4772,1,8,190000,7,2,2,48,150,1,1,1,1,2,2,2,4572,1539,10529794.0,3086106.0,566597.0,7976930.0,76849.0,76033.0,14.9
cbecs,building_survey,4773,4773,1,5,250000,7,2,5,10,10,1,1,1,2,2,1,2,5275,1116,7476134.0,2191130.0,204049.0,1284.0,12.0,502.0,14.9
cbecs,building_survey,4774,4774,4,16,295000,3,8,1,168,300,1,1,1,1,2,1,2,4333,1253,19092425.0,5595670.0,393552.0,17788948.0,171377.0,84585.0,52.3
cbecs,building_survey,4775,4775,2,18,6000,2,9,1,168,3,1,1,2,2,2,2,2,5894,1539,324050.0,94974.0,8346.0,,,,5991.81
cbecs,building_survey,4776,4776,2,25,28500,1,8,1,18,10,1,1,2,2,2,2,2,8515,754,684657.0,200661.0,28884.0,,,,623.52
cbecs,building_survey,4777,4777,2,14,340000,4,5,1,75,180,1,1,1,2,2,2,2,8396,654,12727289.0,3730155.0,436034.0,14996545.0,144475.0,79518.0,44.64
cbecs,building_survey,4778,4778,4,18,88000,2,6,1,168,7,1,1,1,2,1,2,2,3164,2152,4008058.0,1174695.0,86365.0,793751.0,7647.0,4055.0,142.75
cbecs,building_survey,4779,4779,1,2,600000,8,2,6,60,1800,1,1,2,1,2,1,1,5335,1098,23148425.0,6784415.0,518660.0,,,,14.9
cbecs,building_survey,4780,4780,1,5,255000,1,5,13,72,250,1,1,1,2,2,2,2,4512,1530,1223069.0,358461.0,40998.0,236376.0,2277.0,2963.0,44.87
cbecs,building_survey,4781,4781,1,5,166000,1,9,1,45,25,1,1,1,2,2,2,2,5383,1157,1968401.0,576905.0,76546.0,3337029.0,32149.0,27317.0,69.36
cbecs,building_survey,4782,4782,4,5,500000,3,3,3,96,60,1,1,2,2,2,2,2,766,1142,19235038.0,5637467.0,875294.0,,,,32.81
cbecs,building_survey,4783,4783,2,26,6200,1,6,1,66,9,1,1,1,2,2,2,2,6328,818,339966.0,99638.0,10028.0,1673356.0,16121.0,8136.0,1265.79
cbecs,building_survey,4784,4784,3,2,1800,1,6,1,45,6,1,1,2,2,2,2,2,3248,1712,80875.0,23703.0,3692.0,,,,3899.01
cbecs,building_survey,4785,4785,4,25,4000,1,2,1,50,3,1,1,2,2,1,2,2,7044,144,131699.0,38599.0,4016.0,,,,2990.63
cbecs,building_survey,4786,4786,3,14,102000,3,3,1,50,20,1,1,1,2,2,2,1,2116,2237,6518702.0,1910522.0,119219.0,5108626.0,49216.0,28107.0,97.52
cbecs,building_survey,4787,4787,3,14,104000,5,7,1,75,60,1,1,1,2,2,1,2,2941,2015,18214955.0,5338498.0,367441.0,449549.0,4331.0,3810.0,97.52
cbecs,building_survey,4788,4788,3,15,6800,3,2,1,102,8,1,1,1,2,2,2,2,2965,2006,559270.0,163913.0,18140.0,561245.0,5407.0,4182.0,1195.14
cbecs,building_survey,4789,4789,2,6,235000,1,5,4,168,75,1,1,1,2,2,2,2,5572,1230,19475187.0,5707851.0,508699.0,8523879.0,82118.0,25360.0,15.06
cbecs,building_survey,4790,4790,1,8,300000,994,6,1,168,210,1,1,1,1,2,2,2,4386,1526,12674085.0,3714562.0,624185.0,27408143.0,264048.0,240200.0,9.21
cbecs,building_survey,4791,4791,3,13,6000,1,7,2,60,9,1,1,1,2,2,2,2,5275,1121,134786.0,39504.0,3950.0,45358.0,437.0,436.0,2990.63
cbecs,building_survey,4792,4792,3,2,18750,2,2,4,40,38,1,1,2,2,2,2,2,3618,2204,720185.0,211074.0,21345.0,,,,589.53
cbecs,building_survey,4793,4793,2,2,87000,3,6,1,50,80,1,1,1,1,2,2,2,7465,955,3620945.0,1061238.0,67722.0,3938080.0,37939.0,29952.0,244.16
cbecs,building_survey,4794,4794,3,23,148000,1,6,21,75,131,1,1,1,2,2,2,2,1756,2822,11566034.0,3389811.0,207069.0,9323006.0,89817.0,49547.0,175.02
cbecs,building_survey,4795,4795,3,91,38500,3,9,1,40,15,1,1,1,2,2,2,2,2951,1624,1264604.0,370634.0,32722.0,251870.0,2426.0,1856.0,224.76
cbecs,building_survey,4796,4796,3,12,11250,3,2,1,60,3,1,1,2,2,1,2,2,4445,1620,330874.0,96974.0,10172.0,,,,589.53
cbecs,building_survey,4797,4797,2,13,32000,2,4,3,56,20,1,1,1,2,2,2,2,6067,934,591085.0,173237.0,17180.0,2582610.0,24881.0,20493.0,227.11
cbecs,building_survey,4798,4798,3,14,62000,2,7,1,40,20,1,1,1,2,2,2,2,4363,1947,1756535.0,514811.0,48801.0,257211.0,2478.0,2140.0,504.63
cbecs,building_survey,4799,4799,1,4,19500,4,8,1,168,44,1,1,2,2,2,2,2,5209,766,822485.0,241057.0,22657.0,,,,2934.43
cbecs,building_survey,4800,4800,3,12,10000,2,6,1,5,1,1,1,2,2,2,2,2,3911,1957,83211.0,24388.0,2948.0,,,,2934.43
cbecs,building_survey,4801,4801,4,18,15000,5,4,3,168,20,1,1,1,2,2,2,2,935,943,751848.0,220354.0,62936.0,912284.0,8789.0,6911.0,9.11
cbecs,building_survey,4802,4802,3,26,17750,1,4,2,60,9,1,1,1,2,2,2,2,1387,3878,690442.0,202357.0,18102.0,206920.0,1993.0,2731.0,2990.63
cbecs,building_survey,4803,4803,3,2,83000,1,6,12,50,35,1,1,1,2,2,2,2,2507,2918,2685289.0,787013.0,47066.0,1197014.0,11532.0,9774.0,623.52
cbecs,building_survey,4804,4804,2,2,42000,1,7,1,40,130,1,1,1,2,2,2,2,7417,643,3197327.0,937083.0,107975.0,935327.0,9011.0,7654.0,227.11
cbecs,building_survey,4805,4805,3,16,176000,4,5,1,168,175,1,1,1,1,2,2,2,1731,3062,21970723.0,6439251.0,391035.0,17493769.0,168533.0,126172.0,10.07
cbecs,building_survey,4806,4806,3,23,150000,2,5,10,71,128,1,1,1,2,2,2,2,2784,2304,14677912.0,4301850.0,369711.0,7223855.0,69594.0,38031.0,175.02
cbecs,building_survey,4807,4807,3,5,25000,1,7,1,40,12,1,1,2,2,2,2,2,1221,4149,463832.0,135941.0,8633.0,,,,3420.76
cbecs,building_survey,4808,4808,4,8,140000,5,8,21,65,200,1,1,1,1,2,2,2,6459,375,10992620.0,3221753.0,383987.0,11149743.0,107416.0,54704.0,13.29
cbecs,building_survey,4809,4809,3,13,47000,2,8,1,66,20,1,1,1,2,2,2,2,4286,1454,2490352.0,729880.0,73860.0,796621.0,7675.0,8722.0,589.53
cbecs,building_survey,4810,4810,4,16,360000,4,5,1,168,1000,1,1,1,1,2,2,2,6201,264,28855389.0,8457031.0,608018.0,10282812.0,99064.0,31563.0,11.36
cbecs,building_survey,4811,4811,4,15,5500,1,6,1,80,20,1,1,1,2,2,2,2,5363,1285,657126.0,192593.0,22482.0,1750836.0,16867.0,14326.0,1218.03
cbecs,building_survey,4812,4812,3,5,480000,1,4,2,168,45,1,1,1,2,1,2,2,4476,1686,4601862.0,1348729.0,75862.0,1280306.0,12334.0,10807.0,11.51
cbecs,building_survey,4813,4813,4,2,220000,8,8,6,168,350,1,1,1,1,2,2,2,2968,75,17689067.0,5184369.0,877404.0,18180640.0,175151.0,160032.0,59.79
cbecs,building_survey,4814,4814,3,2,3200,1,8,1,40,8,1,1,2,1,2,2,2,2988,2382,466755.0,136798.0,12439.0,,,,2990.63
cbecs,building_survey,4815,4815,1,16,370000,9,3,4,168,648,1,1,1,1,2,1,2,7271,760,27841422.0,8159854.0,438092.0,52749604.0,508185.0,169381.0,17.13
cbecs,building_survey,4816,4816,3,13,12000,1,3,1,30,1,1,1,2,2,2,2,1,2037,2597,192050.0,56287.0,3905.0,,,,1426.39
cbecs,building_survey,4817,4817,3,14,126000,6,9,1,40,125,1,1,1,1,1,2,2,3581,1888,8097880.0,2373353.0,204680.0,1261637.0,12154.0,12280.0,8.84
cbecs,building_survey,4818,4818,3,18,85000,4,5,1,168,4,1,1,1,2,2,2,2,5055,1572,3546725.0,1039486.0,102520.0,1249586.0,12038.0,11000.0,142.75
cbecs,building_survey,4819,4819,2,6,2000,1,8,1,154,1,1,1,1,2,2,2,2,6530,943,463410.0,135818.0,17581.0,255176.0,2458.0,1749.0,1265.79
cbecs,building_survey,4820,4820,3,16,55000,4,8,1,168,100,1,1,1,1,2,2,2,1459,3975,4644683.0,1361279.0,121266.0,1062943.0,10240.0,17879.0,157.37
cbecs,building_survey,4821,4821,2,13,4500,1,7,1,2,1,1,1,1,2,2,2,2,5658,1199,96930.0,28409.0,2965.0,66638.0,642.0,688.0,1420.0
cbecs,building_survey,4822,4822,4,1,1400,1,6,0,0,0,2,2,2,2,2,2,2,3861,1832,,,,,,,2934.43
cbecs,building_survey,4823,4823,2,14,152000,3,7,1,60,75,1,1,1,2,2,2,2,5558,1787,6624425.0,1941508.0,167584.0,4135108.0,39837.0,22169.0,99.04
cbecs,building_survey,4824,4824,2,26,75000,2,6,2,60,29,1,1,1,2,2,2,2,7590,751,867641.0,254291.0,36437.0,1942549.0,18714.0,12390.0,215.07
cbecs,building_survey,4825,4825,3,2,176000,994,6,11,55,475,1,1,2,1,2,2,2,1249,2768,5628927.0,1649744.0,147592.0,,,,14.9
cbecs,building_survey,4826,4826,1,2,20000,1,7,1,50,25,1,1,1,2,2,2,2,5668,913,170158.0,49870.0,4092.0,989384.0,9532.0,8061.0,1489.41
cbecs,building_survey,4827,4827,3,2,200000,7,9,1,168,650,1,1,1,2,2,2,2,2735,2403,15178807.0,4448654.0,302063.0,664029.0,6397.0,8280.0,14.67
cbecs,building_survey,4828,4828,3,14,150000,1,9,1,65,120,1,1,2,1,2,2,2,1188,2309,5596180.0,1640147.0,179962.0,,,,99.38
cbecs,building_survey,4829,4829,3,25,5000,1,6,1,40,2,1,1,2,2,2,2,2,2972,2145,48959.0,14349.0,1896.0,,,,2990.63
cbecs,building_survey,4830,4830,4,16,450000,5,8,2,168,250,1,1,1,1,2,2,2,535,1701,52538311.0,15398098.0,2429296.0,18198707.0,175325.0,97046.0,9.01
cbecs,building_survey,4831,4831,3,25,15000,1,6,1,58,3,1,1,2,2,1,2,2,2782,2771,492234.0,144266.0,12798.0,,,,1122.76
cbecs,building_survey,4832,4832,3,12,140000,1,5,1,52,35,1,1,1,2,2,2,2,4024,2018,4119998.0,1207502.0,103546.0,1425817.0,13736.0,5266.0,14.9
cbecs,building_survey,4833,4833,4,18,7800,3,7,1,168,0,1,1,2,2,1,2,2,7403,186,322340.0,94472.0,5113.0,,,,1661.74
cbecs,building_survey,4834,4834,4,2,9000,1,5,1,45,56,1,1,2,2,2,2,2,1369,4318,506015.0,148305.0,25833.0,,,,3356.48
cbecs,building_survey,4835,4835,3,4,210000,8,4,1,72,450,1,1,1,2,2,1,2,2313,2778,25549925.0,7488255.0,528626.0,5095.0,49.0,47.0,99.04
cbecs,building_survey,4836,4836,4,18,210000,8,4,1,168,60,1,1,1,1,2,2,2,1011,1375,4886882.0,1432263.0,147913.0,5732285.0,55224.0,42548.0,5.66
cbecs,building_survey,4837,4837,3,7,260000,994,4,2,60,250,1,1,2,2,2,1,2,4289,2067,11592637.0,3397608.0,289228.0,,,,6.52
cbecs,building_survey,4838,4838,3,17,12000,2,3,1,168,45,1,1,1,2,2,2,2,3331,1786,1829515.0,536200.0,45443.0,942546.0,9080.0,8287.0,1417.97
cbecs,building_survey,4839,4839,4,14,7500,1,2,1,4,5,1,1,1,2,2,2,2,3940,1355,104966.0,30764.0,2711.0,34639.0,334.0,422.0,674.93
cbecs,building_survey,4840,4840,3,14,104000,5,5,1,168,50,1,1,1,2,2,2,2,2616,2790,7519606.0,2203870.0,154966.0,6589434.0,63482.0,46248.0,50.03
cbecs,building_survey,4841,4841,3,13,152000,6,7,2,90,45,1,1,1,2,2,2,2,2097,2346,9522659.0,2790932.0,180658.0,7635674.0,73561.0,42613.0,97.52
cbecs,building_survey,4842,4842,1,26,40000,1,7,1,58,35,1,1,2,1,2,2,2,6180,671,533959.0,156494.0,15842.0,,,,2990.63
cbecs,building_survey,4843,4843,3,1,1700,1,5,0,0,0,2,2,2,2,2,2,2,3360,2038,,,,,,,6659.94
cbecs,building_survey,4844,4844,3,14,425000,3,8,1,80,125,1,1,1,2,2,2,2,2441,2774,27533226.0,8069527.0,689465.0,17130632.0,165035.0,91432.0,66.66
cbecs,building_survey,4845,4845,1,26,4500,2,2,3,60,1,1,1,2,1,2,2,2,5910,919,81440.0,23869.0,3374.0,,,,1461.43
cbecs,building_survey,4846,4846,3,25,220000,1,8,5,168,150,1,1,1,2,2,2,2,1989,2974,23112293.0,6773826.0,302370.0,650710.0,6269.0,7151.0,14.9
cbecs,building_survey,4847,4847,3,23,23000,1,8,11,73,38,1,1,1,2,2,2,2,3349,2174,1947219.0,570697.0,50075.0,1752512.0,16884.0,13747.0,841.34
cbecs,building_survey,4848,4848,3,2,1300,1,5,1,32,2,1,1,2,2,1,2,2,4231,1972,31895.0,9348.0,1349.0,,,,2990.63
cbecs,building_survey,4849,4849,3,2,500001,994,5,20,61,1173,1,1,2,1,2,2,2,2910,2002,30232617.0,8860673.0,1250669.0,,,,8.84
cbecs,building_survey,4850,4850,2,23,52000,3,5,4,55,20,1,1,1,2,2,2,2,6079,1551,3176227.0,930899.0,80145.0,1556940.0,14999.0,12559.0,395.28
cbecs,building_survey,4851,4851,1,2,4700,1,9,1,42,6,1,1,2,2,2,2,2,7539,684,218099.0,63921.0,6343.0,,,,2990.63
cbecs,building_survey,4852,4852,1,26,60000,1,5,1,133,200,1,1,1,2,2,2,2,5311,991,4274609.0,1252816.0,188662.0,3909248.0,37661.0,20735.0,240.4
cbecs,building_survey,4853,4853,1,2,10000,3,3,1,40,6,1,1,1,2,2,2,2,5026,1035,155246.0,45500.0,4704.0,98919.0,953.0,957.0,1484.29
cbecs,building_survey,4854,4854,3,14,132000,2,4,1,50,135,1,1,1,1,2,2,2,4477,1318,3415205.0,1000939.0,101553.0,3200737.0,30836.0,25257.0,99.38
cbecs,building_survey,4855,4855,2,1,3600,1,7,0,0,0,1,1,1,2,2,2,2,5981,1587,38237.0,11207.0,1456.0,191678.0,1847.0,1690.0,2990.63
cbecs,building_survey,4856,4856,4,17,25500,1,4,3,168,69,1,1,1,2,2,2,2,3513,867,2261930.0,662934.0,56740.0,1239774.0,11944.0,11735.0,451.56
cbecs,building_survey,4857,4857,3,23,97000,1,8,10,68,48,1,1,1,2,2,2,2,3173,2755,5908769.0,1731761.0,105309.0,4068724.0,39198.0,21621.0,395.28
cbecs,building_survey,4858,4858,4,5,10000,1,8,1,40,0,2,2,2,2,2,2,2,7263,316,,,,,,,6659.94
cbecs,building_survey,4859,4859,1,14,15000,1,3,1,50,20,1,1,2,1,2,2,2,7995,519,587073.0,172061.0,25906.0,,,,1195.68
cbecs,building_survey,4860,4860,3,91,45000,3,9,1,40,15,1,1,1,2,2,2,2,2854,2129,1279648.0,375043.0,32032.0,1128061.0,10868.0,9072.0,224.76
cbecs,building_survey,4861,4861,4,2,13000,1,9,1,40,1,1,1,1,2,2,2,2,2079,1435,371960.0,109015.0,21308.0,83158.0,801.0,1195.0,1531.55
cbecs,building_survey,4862,4862,1,13,5000,2,7,1,56,1,1,1,1,2,2,2,2,4663,1469,42618.0,12491.0,1620.0,261288.0,2517.0,1754.0,2990.63
cbecs,building_survey,4863,4863,3,12,20250,1,8,1,4,3,1,1,2,2,2,2,2,1636,3259,144467.0,42341.0,2412.0,,,,2990.63
cbecs,building_survey,4864,4864,4,6,55000,2,7,1,126,30,1,1,1,2,2,2,2,5655,445,7459475.0,2186247.0,173887.0,1756187.0,16919.0,8948.0,623.52
cbecs,building_survey,4865,4865,3,18,17000,3,8,1,168,4,1,1,2,2,2,2,2,2906,3528,700047.0,205172.0,14535.0,,,,1214.38
cbecs,building_survey,4866,4866,2,13,162000,3,8,1,94,10,1,1,2,2,2,2,1,7078,774,1862847.0,545969.0,47689.0,,,,8.66
cbecs,building_survey,4867,4867,1,13,450000,3,5,1,90,85,1,1,2,1,1,1,2,6330,965,22469589.0,6585460.0,993543.0,,,,48.29
cbecs,building_survey,4868,4868,4,13,9400,1,5,1,40,3,1,1,2,2,1,2,2,408,1351,56960.0,16694.0,6898.0,,,,1508.74
cbecs,building_survey,4869,4869,4,5,11500,1,7,1,49,14,1,1,2,2,2,2,2,1017,1574,151811.0,44493.0,9744.0,,,,1531.55
cbecs,building_survey,4870,4870,3,23,108000,1,3,6,55,73,1,1,1,2,2,2,2,2576,2309,5009312.0,1468145.0,111221.0,2448848.0,23592.0,19210.0,395.28
cbecs,building_survey,4871,4871,2,15,1400,1,8,1,60,1,1,1,1,2,2,2,2,6628,834,214496.0,62865.0,9223.0,396176.0,3817.0,2825.0,1218.03
cbecs,building_survey,4872,4872,4,18,405000,995,5,8,168,50,1,1,1,1,2,2,2,9568,13,20901864.0,6125986.0,778521.0,52642066.0,507149.0,447942.0,8.93
cbecs,building_survey,4873,4873,4,14,2900,1,4,1,60,3,1,1,1,2,2,2,1,922,1079,70754.0,20737.0,3364.0,1034.0,10.0,68.0,4384.99
cbecs,building_survey,4874,4874,3,26,2600,1,5,2,98,1,1,1,1,2,1,2,2,2324,3139,408865.0,119831.0,10706.0,1019433.0,9821.0,7192.0,1218.03
cbecs,building_survey,4875,4875,4,18,5700,2,6,1,168,2,1,1,2,2,2,2,2,1481,4241,740064.0,216900.0,15810.0,,,,1195.68
cbecs,building_survey,4876,4876,3,23,25000,1,2,5,26,14,1,1,1,2,2,2,2,3110,1990,966299.0,283206.0,25147.0,730578.0,7038.0,6054.0,841.34
cbecs,building_survey,4877,4877,3,2,500001,994,4,16,60,1400,1,1,1,1,2,1,2,3959,1852,30397957.0,8909132.0,1262900.0,3112148.0,29982.0,27941.0,6.52
cbecs,building_survey,4878,4878,3,14,152000,1,8,1,50,120,1,1,1,1,2,2,2,4002,1822,6366640.0,1865955.0,186229.0,3781393.0,36430.0,29954.0,303.46
cbecs,building_survey,4879,4879,2,2,17000,2,8,12,72,22,1,1,1,2,2,2,2,5586,1614,370209.0,108502.0,13008.0,1009893.0,9729.0,8926.0,7607.48
cbecs,building_survey,4880,4880,2,12,30000,3,3,1,55,3,1,1,1,2,2,2,2,7585,794,277165.0,81232.0,6184.0,473841.0,4565.0,3148.0,681.06
cbecs,building_survey,4881,4881,4,5,2200,1,3,1,40,7,1,1,1,2,2,2,2,2281,726,51291.0,15033.0,2425.0,52768.0,508.0,568.0,8057.15
cbecs,building_survey,4882,4882,4,16,43000,1,8,1,168,40,1,1,1,1,2,2,2,5472,510,4488144.0,1315400.0,104659.0,6417132.0,61822.0,30227.0,460.21
cbecs,building_survey,4883,4883,4,2,5700,1,6,6,40,13,1,1,2,2,2,2,2,5120,756,307051.0,89992.0,12091.0,,,,3075.23
cbecs,building_survey,4884,4884,2,16,600000,994,8,1,168,1800,1,1,1,1,2,2,2,9028,900,73593817.0,21569114.0,1739801.0,16185050.0,155925.0,86781.0,9.91
cbecs,building_survey,4885,4885,4,2,172000,3,6,1,45,600,1,1,2,2,2,2,2,1814,4355,3731977.0,1093780.0,130378.0,,,,240.4
cbecs,building_survey,4886,4886,3,14,380000,2,7,1,60,200,1,1,1,2,2,2,2,4608,1403,14992895.0,4394166.0,436246.0,7253412.0,69879.0,57595.0,17.27
cbecs,building_survey,4887,4887,3,5,3000,1,6,1,40,3,1,1,1,2,2,2,2,3788,2321,78077.0,22883.0,3021.0,54368.0,524.0,669.0,1218.03
cbecs,building_survey,4888,4888,2,5,1400,1,3,1,35,1,1,1,2,2,2,2,2,4583,1655,14036.0,4114.0,637.0,,,,2934.43
cbecs,building_survey,4889,4889,4,25,196000,1,7,2,126,115,1,1,1,2,2,2,2,1875,3764,14536009.0,4260261.0,304834.0,2610627.0,25151.0,11753.0,50.47
cbecs,building_survey,4890,4890,3,18,146000,3,5,1,168,80,1,1,1,1,2,2,2,4298,1422,3832262.0,1123172.0,120258.0,1227361.0,11824.0,14058.0,8.84
cbecs,building_survey,4891,4891,3,25,100000,1,8,1,119,100,1,1,1,2,2,2,2,3442,1951,9247932.0,2710414.0,272840.0,1620806.0,15615.0,12819.0,125.04
cbecs,building_survey,4892,4892,3,16,235000,3,3,2,168,250,1,1,1,1,2,2,2,3916,2304,26364974.0,7727132.0,695959.0,3553144.0,34231.0,19312.0,12.09
cbecs,building_survey,4893,4893,2,18,450000,995,7,5,168,40,1,1,1,1,2,2,2,6309,1235,18869388.0,5530301.0,478486.0,13808969.0,133034.0,74769.0,9.11
cbecs,building_survey,4894,4894,1,14,250000,3,3,1,101,120,1,1,1,2,2,2,2,4731,1423,12805089.0,3752957.0,342926.0,14193470.0,136739.0,76195.0,44.64
cbecs,building_survey,4895,4895,4,6,3300,1,4,1,70,1,1,1,1,2,2,2,2,1826,1534,330551.0,96879.0,12620.0,263695.0,2540.0,3063.0,3075.23
cbecs,building_survey,4896,4896,3,14,380000,2,7,1,50,200,1,1,2,1,2,2,2,1593,3675,20175693.0,5913157.0,493971.0,,,,56.51
cbecs,building_survey,4897,4897,2,12,3600,1,5,1,2,1,1,1,1,2,2,2,2,5154,1642,61097.0,17907.0,2261.0,147537.0,1421.0,1122.0,2934.43
cbecs,building_survey,4898,4898,4,15,20250,3,7,4,130,30,1,1,2,2,2,2,2,2498,694,1008470.0,295566.0,60993.0,,,,715.37
cbecs,building_survey,4899,4899,3,2,235000,1,5,4,50,815,1,1,1,2,2,2,2,2656,2509,3416808.0,1001409.0,84309.0,6791953.0,65433.0,36932.0,69.08
cbecs,building_survey,4900,4900,4,18,80000,4,8,1,168,25,1,1,1,2,1,2,2,1634,4098,2320836.0,680198.0,48425.0,1411637.0,13600.0,8413.0,8.87
cbecs,building_survey,4901,4901,1,24,1500000,3,6,996,76,500,1,1,1,2,2,2,2,6657,696,50717478.0,14864443.0,1519435.0,20961491.0,201941.0,109748.0,8.76
cbecs,building_survey,4902,4902,2,14,54000,2,6,1,40,46,1,1,1,2,2,2,2,5594,1564,1667818.0,488809.0,54672.0,2919984.0,28131.0,14470.0,1426.39
cbecs,building_survey,4903,4903,4,5,30000,1,7,1,55,6,1,1,1,2,1,2,2,4463,832,1036063.0,303653.0,39836.0,1440350.0,13876.0,11690.0,312.77
cbecs,building_survey,4904,4904,3,18,33500,4,4,1,168,25,1,1,2,2,2,1,2,2988,1916,1462620.0,428669.0,29817.0,,,,423.01
cbecs,building_survey,4905,4905,3,5,134000,1,7,12,168,45,1,1,1,2,2,2,2,3340,1620,4102470.0,1202365.0,103687.0,3843478.0,37028.0,20857.0,125.04
cbecs,building_survey,4906,4906,3,2,60000,1,4,1,75,115,1,1,1,2,2,2,2,4299,1746,3202849.0,938701.0,57041.0,699283.0,6737.0,6516.0,245.01
cbecs,building_survey,4907,4907,3,14,285000,1,6,1,60,100,1,1,1,2,2,2,2,3345,2027,8787292.0,2575408.0,261832.0,2705471.0,26064.0,32580.0,8.84
cbecs,building_survey,4908,4908,4,2,300000,9,8,6,60,1480,1,1,1,1,2,2,2,4412,315,14168637.0,4152590.0,363164.0,210.0,2.0,423.0,15.06
cbecs,building_survey,4909,4909,2,2,250000,3,5,3,40,400,1,1,1,1,2,2,2,8652,865,7900366.0,2315465.0,207151.0,7285775.0,70191.0,45841.0,9.01
cbecs,building_survey,4910,4910,4,7,126000,3,8,2,168,50,1,1,1,1,2,2,2,6030,525,7343396.0,2152226.0,166694.0,1767332.0,17026.0,4962.0,9.01
cbecs,building_survey,4911,4911,2,2,225000,995,2,2,72,300,1,1,1,2,2,2,2,5245,1372,7803585.0,2287100.0,243130.0,10806719.0,104111.0,62925.0,146.69
cbecs,building_survey,4912,4912,1,26,1600,2,8,1,54,3,1,1,2,2,2,2,2,5251,1176,81892.0,24001.0,3223.0,,,,2934.43
cbecs,building_survey,4913,4913,3,2,60000,1,6,40,50,75,1,1,2,2,2,2,2,1540,4303,1962909.0,575296.0,68344.0,,,,310.59
cbecs,building_survey,4914,4914,2,14,600000,5,2,3,60,300,1,1,1,2,2,1,2,5441,1293,9883350.0,2896644.0,275930.0,26290578.0,253281.0,139848.0,45.1
cbecs,building_survey,4915,4915,2,13,1800000,5,7,60,168,4500,1,1,1,2,2,2,1,6017,1111,63804045.0,18699896.0,1647168.0,80801231.0,778432.0,424119.0,10.24
cbecs,building_survey,4916,4916,2,2,12250,2,5,2,40,11,1,1,2,2,1,2,2,9118,548,413446.0,121174.0,8649.0,,,,2990.63
cbecs,building_survey,4917,4917,1,26,80000,1,3,1,85,90,1,1,1,1,2,2,2,5232,1309,4611645.0,1351596.0,155437.0,5216129.0,50252.0,48633.0,552.0
cbecs,building_survey,4918,4918,1,2,7200,2,7,1,48,13,1,1,1,2,2,2,2,5371,1153,217559.0,63763.0,7250.0,165255.0,1592.0,1585.0,1218.03
cbecs,building_survey,4919,4919,2,14,91000,1,5,10,60,80,1,1,1,1,2,2,2,8434,456,1827993.0,535754.0,46141.0,1544165.0,14876.0,5594.0,10.55
cbecs,building_survey,4920,4920,3,15,10500,2,7,1,94,40,1,1,2,1,1,2,2,1541,3747,3108352.0,911006.0,117395.0,,,,690.18
cbecs,building_survey,4921,4921,3,2,1700000,8,2,1,60,2500,1,1,2,1,2,1,2,4626,1626,41044724.0,12029521.0,1386060.0,,,,6.52
cbecs,building_survey,4922,4922,1,13,28500,3,7,1,84,75,1,1,2,2,1,2,2,5451,483,1269303.0,372011.0,33360.0,,,,941.46
cbecs,building_survey,4923,4923,3,14,164000,1,5,1,80,350,1,1,1,2,2,2,2,4535,1682,8528210.0,2499475.0,252568.0,2063827.0,19883.0,21773.0,43.95
cbecs,building_survey,4924,4924,3,14,84000,1,8,1,40,75,1,1,2,2,1,2,2,2249,3430,1720505.0,504251.0,40155.0,,,,99.04
cbecs,building_survey,4925,4925,1,4,275000,5,7,1,15,240,1,1,1,1,2,2,2,4546,1560,32357953.0,9483574.0,725125.0,37498279.0,361255.0,328739.0,2.24
cbecs,building_survey,4926,4926,3,18,200000,4,8,1,168,100,1,1,1,1,2,2,2,2831,2104,23112017.0,6773745.0,624429.0,4731329.0,45581.0,52473.0,50.03
cbecs,building_survey,4927,4927,2,5,10500,1,5,1,83,19,1,1,1,2,2,2,2,5942,1567,258972.0,75900.0,7004.0,1358882.0,13091.0,10774.0,1413.09
cbecs,building_survey,4928,4928,4,12,25000,1,3,1,28,3,1,1,1,2,2,2,2,1792,1761,611918.0,179343.0,23695.0,67299.0,648.0,931.0,1829.53
cbecs,building_survey,4929,4929,3,14,280000,3,5,1,60,120,1,1,1,2,2,2,2,3307,1967,7630760.0,2236448.0,253013.0,1670242.0,16091.0,14841.0,8.84
cbecs,building_survey,4930,4930,2,14,240000,3,2,1,88,147,1,1,1,2,2,2,2,5806,1763,11990272.0,3514148.0,228645.0,913523.0,8801.0,5911.0,103.87
cbecs,building_survey,4931,4931,1,18,15000,4,2,2,168,10,1,1,2,1,1,2,2,8593,512,140354.0,41135.0,6857.0,,,,1461.43
cbecs,building_survey,4932,4932,3,5,295000,2,3,1,80,175,1,1,1,1,1,2,2,2856,2329,8710732.0,2552970.0,243713.0,4346699.0,41876.0,28194.0,14.9
cbecs,building_survey,4933,4933,3,2,28000,3,6,7,40,50,1,1,2,1,2,2,2,1664,4177,1262573.0,370039.0,40551.0,,,,621.37
cbecs,building_survey,4934,4934,1,2,11000,3,3,1,45,37,1,1,1,2,2,2,2,6657,848,419291.0,122887.0,16619.0,479693.0,4621.0,3942.0,621.37
cbecs,building_survey,4935,4935,3,1,2100,1,3,0,0,0,1,1,2,2,2,2,2,1301,3002,51756.0,15169.0,1766.0,,,,2990.63
cbecs,building_survey,4936,4936,3,1,600000,2,4,15,84,80,1,1,1,2,2,2,2,3057,2052,20175479.0,5913095.0,516379.0,15753833.0,151771.0,84289.0,14.9
cbecs,building_survey,4937,4937,2,2,33000,1,6,1,50,58,1,1,1,2,2,2,2,8944,748,1182014.0,346428.0,38764.0,1625229.0,15657.0,11461.0,14.9
cbecs,building_survey,4938,4938,1,26,4000,1,5,1,54,1,1,1,2,1,2,2,2,4816,1518,78745.0,23079.0,1728.0,,,,2342.98
cbecs,building_survey,4939,4939,4,5,87000,2,6,14,70,40,1,1,1,2,2,2,2,1038,1614,2087191.0,611721.0,76663.0,40735.0,392.0,479.0,227.11
cbecs,building_survey,4940,4940,1,2,225000,995,2,10,168,1200,1,1,1,2,2,2,2,4601,1512,35613309.0,10437664.0,953594.0,9303269.0,89627.0,53739.0,31.35
cbecs,building_survey,4941,4941,1,13,17500,1,5,2,50,9,1,1,1,2,2,2,2,7147,815,698794.0,204805.0,18952.0,1033336.0,9955.0,5545.0,14.9
cbecs,building_survey,4942,4942,4,2,370000,995,6,19,62,483,1,1,2,1,2,2,2,1529,4559,19728362.0,5782052.0,666569.0,,,,8.62
cbecs,building_survey,4943,4943,3,2,51000,6,6,1,70,80,1,1,1,2,2,2,2,4683,1471,2817197.0,825673.0,74721.0,1141946.0,11001.0,9274.0,502.9
cbecs,building_survey,4944,4944,2,13,25500,1,7,1,70,36,1,1,1,2,2,2,2,5450,1388,1254520.0,367679.0,41572.0,460651.0,4438.0,3789.0,611.8
cbecs,building_survey,4945,4945,3,14,7500,1,6,1,40,8,1,1,2,2,2,2,2,1607,3632,419339.0,122901.0,11223.0,,,,6104.25
cbecs,building_survey,4946,4946,1,26,27000,1,5,1,40,10,1,1,1,2,2,2,2,5988,954,339896.0,99618.0,18378.0,1926233.0,18557.0,21976.0,1094.79
cbecs,building_survey,4947,4947,2,2,3700,1,2,1,60,6,1,1,2,2,2,2,2,5615,1691,72890.0,21363.0,1213.0,,,,1472.45
cbecs,building_survey,4948,4948,2,14,98000,2,6,1,85,70,1,1,1,2,2,2,2,7348,1218,3167624.0,928377.0,91343.0,3828830.0,36887.0,17421.0,100.08
cbecs,building_survey,4949,4949,1,12,76000,3,8,1,95,5,1,1,1,2,2,2,2,5916,1002,4642675.0,1360690.0,169066.0,2214208.0,21331.0,20115.0,224.76
cbecs,building_survey,4950,4950,3,8,54000,5,6,10,55,56,1,1,1,2,2,2,2,4469,1993,1784706.0,523067.0,44382.0,365240.0,3519.0,2622.0,130.19
cbecs,building_survey,4951,4951,3,2,440000,995,8,27,40,746,1,1,1,1,2,2,2,5408,1274,31724398.0,9297889.0,1001970.0,1243582.0,11981.0,9600.0,14.9
cbecs,building_survey,4952,4952,3,2,250000,3,7,1,68,1100,1,1,2,1,2,2,2,2796,2907,20803959.0,6097292.0,342259.0,,,,14.9
cbecs,building_survey,4953,4953,4,14,275000,995,2,15,75,100,1,1,1,1,2,2,2,4482,314,12249111.0,3590009.0,447779.0,1995651.0,19226.0,16039.0,9.16
cbecs,building_survey,4954,4954,4,2,300000,4,6,1,50,300,1,1,1,1,2,2,2,988,1157,12761117.0,3740069.0,842512.0,1652387.0,15919.0,13090.0,9.16
cbecs,building_survey,4955,4955,3,13,30500,1,9,1,80,10,1,1,2,2,2,2,2,1572,3507,3508579.0,1028306.0,89072.0,,,,623.52
cbecs,building_survey,4956,4956,3,2,220000,994,5,28,48,630,1,1,2,2,1,2,2,1938,4128,12047292.0,3530859.0,319969.0,,,,32.47
cbecs,building_survey,4957,4957,2,91,2400,1,9,1,168,0,1,1,2,2,2,2,2,6288,1167,164221.0,48130.0,4810.0,,,,3075.23
cbecs,building_survey,4958,4958,2,17,51000,1,5,1,168,40,1,1,1,2,2,2,2,5689,1071,9155652.0,2683368.0,227859.0,507713.0,4891.0,5234.0,1290.17
cbecs,building_survey,4959,4959,1,15,3000,1,4,1,105,5,1,1,1,2,2,2,2,6848,820,350424.0,102703.0,13075.0,865747.0,8341.0,6342.0,1218.03
cbecs,building_survey,4960,4960,3,16,1700000,9,3,1,168,3500,1,1,1,2,2,1,2,4340,1553,99196669.0,29072881.0,2500003.0,78206994.0,753439.0,410359.0,8.92
cbecs,building_survey,4961,4961,3,13,10000,2,8,3,60,3,1,1,2,2,2,2,2,4696,1490,563143.0,165048.0,17499.0,,,,687.8
cbecs,building_survey,4962,4962,1,8,114000,5,5,1,60,75,1,1,1,2,2,2,2,6858,690,9432935.0,2764635.0,211546.0,7164271.0,69020.0,41466.0,8.76
cbecs,building_survey,4963,4963,1,23,265000,1,6,26,75,216,1,1,1,2,2,2,2,5048,1150,27008936.0,7915866.0,722487.0,20799728.0,200383.0,110969.0,79.12
cbecs,building_survey,4964,4964,1,2,3200,2,6,1,48,15,1,1,2,2,2,2,2,6569,560,294646.0,86356.0,9163.0,,,,2990.63
cbecs,building_survey,4965,4965,2,2,30500,3,4,6,80,45,1,1,1,2,2,2,2,7264,708,1163877.0,341113.0,50867.0,1070773.0,10316.0,7444.0,1531.55
cbecs,building_survey,4966,4966,2,13,15000,1,7,1,70,2,1,1,1,2,2,2,2,4357,1809,828929.0,242945.0,21489.0,1650475.0,15901.0,13049.0,2934.43
cbecs,building_survey,4967,4967,3,12,66000,3,6,1,18,22,1,1,1,2,2,2,2,2135,2952,1238913.0,363105.0,31517.0,948870.0,9141.0,8784.0,14.9
cbecs,building_survey,4968,4968,4,2,1500,1,6,1,40,2,1,1,1,2,2,2,2,3298,2035,11402.0,3342.0,526.0,60293.0,581.0,494.0,736.22
cbecs,building_survey,4969,4969,1,5,410000,2,5,2,50,35,1,1,1,2,2,2,2,6258,596,308676.0,90468.0,13786.0,7083161.0,68239.0,37185.0,14.73
cbecs,building_survey,4970,4970,4,16,700000,5,6,2,168,3000,1,1,1,1,2,2,2,4864,1146,67938256.0,19911564.0,1350111.0,9054182.0,87227.0,40324.0,9.91
cbecs,building_survey,4971,4971,1,2,8500,2,2,2,35,2,1,1,1,2,2,2,2,6096,1004,158277.0,46388.0,5371.0,306837.0,2956.0,3238.0,2990.63
cbecs,building_survey,4972,4972,4,18,30000,2,6,1,168,10,1,1,1,2,2,1,2,7937,489,1083367.0,317517.0,30678.0,372746.0,3591.0,2384.0,1214.38
cbecs,building_survey,4973,4973,3,2,47000,3,6,6,168,200,1,1,1,2,2,2,2,1502,3757,2293642.0,672228.0,71606.0,1077142.0,10377.0,8730.0,14.9
cbecs,building_survey,4974,4974,4,2,29500,7,2,7,45,45,1,1,1,2,2,2,2,6275,375,317878.0,93165.0,14523.0,991464.0,9552.0,5680.0,611.8
cbecs,building_survey,4975,4975,1,13,3500,3,2,1,4,2,1,1,1,2,2,2,2,5789,968,43971.0,12887.0,2339.0,232388.0,2239.0,3296.0,2934.43
cbecs,building_survey,4976,4976,3,2,13000,2,8,1,40,12,1,1,2,2,2,2,2,2343,2826,581673.0,170479.0,15068.0,,,,1408.23
cbecs,building_survey,4977,4977,4,8,16250,1,9,3,70,20,1,1,1,2,2,2,2,4311,1550,422255.0,123756.0,15620.0,46686.0,450.0,460.0,1218.03
cbecs,building_survey,4978,4978,3,14,10500,1,5,1,40,12,1,1,2,2,2,2,2,2092,3380,742445.0,217598.0,18884.0,,,,1218.58
cbecs,building_survey,4979,4979,2,14,12500,4,2,1,30,30,1,1,1,2,2,2,2,5189,1610,292005.0,85582.0,7801.0,791575.0,7626.0,8121.0,495.15
cbecs,building_survey,4980,4980,3,14,67000,1,8,1,45,75,1,1,2,2,2,2,2,1627,2784,2461063.0,721296.0,92798.0,,,,419.36
cbecs,building_survey,4981,4981,4,26,7000,2,6,1,40,5,1,1,1,2,2,2,2,2014,1463,69119.0,20258.0,4652.0,22547.0,217.0,308.0,3075.23
cbecs,building_survey,4982,4982,2,26,15250,1,5,1,40,18,1,1,1,1,2,2,2,7316,710,324982.0,95247.0,12636.0,527275.0,5080.0,3547.0,1531.55
cbecs,building_survey,4983,4983,3,25,210000,1,8,5,168,150,1,1,1,2,2,2,2,1058,4174,25437532.0,7455314.0,444914.0,889628.0,8571.0,6937.0,72.01
cbecs,building_survey,4984,4984,1,2,215000,995,6,23,168,477,1,1,2,1,2,2,2,5269,997,6688117.0,1960175.0,394501.0,,,,14.73
cbecs,building_survey,4985,4985,3,14,16500,1,8,1,75,35,1,1,1,2,1,2,2,1620,3766,861443.0,252475.0,22692.0,249067.0,2399.0,2155.0,411.48
cbecs,building_survey,4986,4986,3,26,12750,2,5,2,54,5,1,1,2,2,2,2,2,2925,1890,239763.0,70271.0,10635.0,,,,2990.63
cbecs,building_survey,4987,4987,1,4,23000,1,2,1,45,40,1,1,1,2,2,2,2,5423,901,1297553.0,380291.0,59848.0,1189932.0,11464.0,13569.0,677.21
cbecs,building_survey,4988,4988,2,5,1800000,1,8,1,70,135,1,1,1,2,2,2,2,5430,2116,39502263.0,11577451.0,988636.0,29315026.0,282418.0,145147.0,113.9
cbecs,building_survey,4989,4989,3,5,340000,1,3,1,36,35,1,1,1,2,2,2,2,3337,2067,2777704.0,814098.0,72221.0,2805644.0,27029.0,24840.0,14.9
cbecs,building_survey,4990,4990,2,2,14000,2,4,6,40,20,1,1,1,2,2,2,2,5726,1196,325333.0,95350.0,8704.0,227630.0,2193.0,1779.0,3075.23
cbecs,building_survey,4991,4991,3,25,15000,1,7,1,44,15,1,1,2,2,1,2,2,1137,4287,161245.0,47258.0,3274.0,,,,1489.41
cbecs,building_survey,4992,4992,2,14,340000,4,4,1,84,172,1,1,1,1,2,2,2,9745,760,7306701.0,2141472.0,229034.0,10972986.0,105713.0,43813.0,8.84
cbecs,building_survey,4993,4993,3,13,15000,1,7,1,48,125,1,1,2,2,2,2,2,1546,3286,1480505.0,433911.0,38052.0,,,,429.63
cbecs,building_survey,4994,4994,3,12,22000,3,2,1,10,1,1,1,1,2,2,2,2,3730,2099,101876.0,29858.0,3794.0,261014.0,2515.0,2421.0,2934.43
cbecs,building_survey,4995,4995,4,25,5000,1,7,1,72,12,1,1,2,2,2,2,2,5019,785,390474.0,114441.0,5609.0,,,,1265.79
cbecs,building_survey,4996,4996,4,23,17500,2,4,6,71,27,1,1,1,2,2,2,2,982,1870,870483.0,255124.0,33124.0,292751.0,2820.0,2450.0,6.52
cbecs,building_survey,4997,4997,2,2,350000,995,6,30,60,600,1,1,1,1,2,2,2,5214,1432,27263535.0,7990485.0,709196.0,13770370.0,132663.0,50491.0,43.03
cbecs,building_survey,4998,4998,1,15,1800,1,2,1,77,11,1,1,1,2,2,2,2,5617,1410,479923.0,140657.0,28722.0,136020.0,1310.0,1243.0,1218.03
cbecs,building_survey,4999,4999,2,7,10750,1,7,2,168,6,1,1,1,2,2,2,2,6768,854,369923.0,108418.0,9750.0,1192557.0,11489.0,8602.0,1399.59
cbecs,building_survey,5000,5000,3,26,12750,2,7,1,70,10,1,1,2,2,2,2,2,1492,3535,1611662.0,472351.0,56895.0,,,,534.51
cbecs,building_survey,5001,5001,3,17,58000,1,7,1,168,60,1,1,1,1,2,2,2,3629,2149,3153558.0,924255.0,85046.0,2929485.0,28222.0,24864.0,126.51
cbecs,building_survey,5002,5002,3,8,6000,1,7,1,32,6,1,1,2,2,2,2,2,3002,1922,171420.0,50240.0,8614.0,,,,1218.03
cbecs,building_survey,5003,5003,2,14,100000,1,8,1,60,60,1,1,1,2,2,2,2,5478,1663,4462989.0,1308027.0,158982.0,5288205.0,50946.0,28358.0,100.08
cbecs,building_survey,5004,5004,3,2,350000,2,5,1,168,300,1,1,1,1,2,2,2,2463,2152,25923333.0,7597694.0,556288.0,6751493.0,65043.0,36286.0,14.67
cbecs,building_survey,5005,5005,1,5,3750,1,4,1,60,1,1,1,2,2,2,2,2,6239,788,44938.0,13171.0,1627.0,,,,6659.94
cbecs,building_survey,5006,5006,4,16,800000,7,8,1,168,1152,1,1,1,1,2,2,2,5213,808,77300012.0,22655338.0,1593110.0,100268422.0,965977.0,414170.0,10.07
cbecs,building_survey,5007,5007,1,14,146000,4,4,1,84,45,1,1,1,1,2,2,2,4514,1522,12189911.0,3572659.0,259656.0,1607866.0,15490.0,19716.0,97.52
cbecs,building_survey,5008,5008,1,5,245000,4,2,12,0,0,1,1,2,2,2,2,2,5906,797,7025227.0,2058976.0,186678.0,,,,31.35
cbecs,building_survey,5009,5009,4,14,68000,1,7,1,50,75,1,1,2,2,2,2,2,6972,217,2977893.0,872771.0,65767.0,,,,272.88
cbecs,building_survey,5010,5010,2,2,3000,1,8,2,50,5,1,1,1,2,2,2,2,7883,576,38968.0,11421.0,1806.0,53917.0,519.0,510.0,3075.23
cbecs,building_survey,5011,5011,3,23,178000,1,8,4,96,91,1,1,1,2,2,2,2,1022,4279,12268941.0,3595821.0,215234.0,42241.0,407.0,483.0,175.02
cbecs,building_survey,5012,5012,4,2,150000,3,3,1,55,600,1,1,1,2,2,2,2,887,1352,7620777.0,2233522.0,456835.0,748051.0,7207.0,5689.0,9.11
cbecs,building_survey,5013,5013,3,14,60000,6,5,13,168,175,1,1,1,2,2,1,1,4175,1814,4021733.0,1178703.0,102329.0,5954.0,57.0,58.0,272.57
cbecs,building_survey,5014,5014,4,11,66000,2,5,2,60,18,1,1,2,2,2,2,2,831,1360,1055316.0,309295.0,60917.0,,,,227.11
cbecs,building_survey,5015,5015,2,12,50000,2,6,1,40,3,1,1,1,2,2,2,2,5204,1851,704588.0,206503.0,18027.0,1901689.0,18321.0,15053.0,589.53
cbecs,building_survey,5016,5016,4,1,1400,1,4,0,0,0,1,1,1,2,2,2,2,7570,245,6606.0,1936.0,495.0,105209.0,1014.0,992.0,3195.83
cbecs,building_survey,5017,5017,3,17,132000,5,4,1,168,40,1,1,1,1,2,2,2,1134,3124,17624205.0,5165359.0,314926.0,138983.0,1339.0,1272.0,8.84
cbecs,building_survey,5018,5018,1,2,5000,2,4,1,70,8,1,1,2,1,2,2,2,7676,602,331610.0,97189.0,18270.0,,,,2934.43
cbecs,building_survey,5019,5019,1,4,50000,1,6,1,168,50,1,1,1,1,2,2,2,4368,1532,29188847.0,8554762.0,1101203.0,3179834.0,30634.0,32935.0,460.21
cbecs,building_survey,5020,5020,4,18,2100000,995,8,3,168,400,1,1,1,1,2,2,2,1692,3702,43591541.0,12775950.0,904007.0,16641958.0,160327.0,77688.0,8.87
cbecs,building_survey,5021,5021,2,8,60000,3,9,1,56,45,1,1,1,2,2,2,2,6145,1625,2915924.0,854608.0,114959.0,4329188.0,41707.0,21184.0,117.27
cbecs,building_survey,5022,5022,3,26,25000,1,4,1,50,8,1,1,2,1,2,2,2,2683,2331,148811.0,43614.0,5584.0,,,,1413.09
cbecs,building_survey,5023,5023,3,14,144000,2,7,1,68,40,1,1,1,2,2,2,2,1439,3043,7694894.0,2255244.0,135913.0,1431379.0,13790.0,11572.0,99.38
cbecs,building_survey,5024,5024,4,25,205000,1,8,5,168,150,1,1,1,2,2,2,2,5662,1270,14768209.0,4328314.0,312216.0,7253639.0,69881.0,31747.0,14.9
cbecs,building_survey,5025,5025,3,13,9500,2,7,5,50,4,1,1,2,2,2,2,2,1301,3489,183805.0,53870.0,4071.0,,,,240.4
cbecs,building_survey,5026,5026,3,2,55000,1,6,1,132,425,1,1,2,2,2,2,2,1061,4212,5742091.0,1682911.0,100138.0,,,,117.32
cbecs,building_survey,5027,5027,2,14,55000,3,7,1,144,28,1,1,1,2,2,2,1,7188,658,2070719.0,606893.0,53657.0,1224498.0,11797.0,9735.0,227.11
cbecs,building_survey,5028,5028,4,5,490000,3,9,2,60,150,1,1,1,2,2,2,2,824,1321,6262838.0,1835533.0,234120.0,100707.0,970.0,1053.0,15.06
cbecs,building_survey,5029,5029,3,16,500000,6,4,3,168,650,1,1,1,1,2,2,2,4140,2230,52281666.0,15322880.0,878973.0,6444314.0,62084.0,34573.0,10.07
cbecs,building_survey,5030,5030,2,14,5000,2,2,1,4,3,1,1,2,2,1,2,2,10080,626,57897.0,16969.0,2357.0,,,,2934.43
cbecs,building_survey,5031,5031,3,18,430000,994,6,1,168,280,1,1,1,1,2,2,2,1820,3680,22501176.0,6594717.0,545388.0,16325391.0,157277.0,48562.0,9.01
cbecs,building_survey,5032,5032,1,5,120000,2,9,1,70,12,1,1,1,2,2,2,2,4365,1400,2629693.0,770719.0,148669.0,4390269.0,42295.0,38582.0,31.35
cbecs,building_survey,5033,5033,4,14,55000,2,8,1,50,20,1,1,1,2,2,2,2,4295,808,372640.0,109215.0,11342.0,715313.0,6891.0,6658.0,422.29
cbecs,building_survey,5034,5034,1,25,46000,1,2,5,49,4,1,1,1,2,2,2,2,6247,749,798792.0,234113.0,22405.0,1133640.0,10921.0,10097.0,623.52
cbecs,building_survey,5035,5035,3,2,100000,4,6,8,60,65,1,1,2,2,2,2,2,5630,1279,3880205.0,1137223.0,98391.0,,,,14.9
cbecs,building_survey,5036,5036,4,4,285000,5,8,1,93,110,1,1,1,1,2,1,1,2438,80,18347797.0,5377432.0,771331.0,21340.0,206.0,292.0,9.16
cbecs,building_survey,5037,5037,2,5,5000,1,7,1,168,0,1,1,1,2,2,2,2,6437,662,191548.0,56140.0,5347.0,28678.0,276.0,293.0,3075.23
cbecs,building_survey,5038,5038,4,25,17500,1,2,1,66,8,1,1,2,2,2,2,2,5468,1278,253764.0,74374.0,9666.0,,,,603.25
cbecs,building_survey,5039,5039,1,5,3000,1,3,1,43,4,1,1,2,1,2,2,2,5707,935,78840.0,23107.0,2730.0,,,,1779.2
cbecs,building_survey,5040,5040,2,2,1800000,995,6,1,168,7500,1,1,1,2,2,2,2,7224,747,307209464.0,90037944.0,7707842.0,153547214.0,1479260.0,822849.0,15.06
cbecs,building_survey,5041,5041,4,26,2800,1,4,1,39,2,1,1,1,2,2,2,2,2723,693,72206.0,21162.0,4364.0,5777.0,56.0,163.0,3414.19
cbecs,building_survey,5042,5042,2,14,30000,1,6,1,40,45,1,1,2,2,2,2,2,4910,1760,1473584.0,431883.0,37923.0,,,,290.39
cbecs,building_survey,5043,5043,3,12,30000,2,9,1,10,2,1,1,2,2,1,2,2,1298,3297,721754.0,211534.0,18851.0,,,,309.52
cbecs,building_survey,5044,5044,3,18,455000,995,6,2,168,120,1,1,1,1,2,2,2,1456,4108,15081466.0,4420125.0,406623.0,5426904.0,52282.0,73782.0,9.01
cbecs,building_survey,5045,5045,3,13,12000,2,8,5,112,10,1,1,1,2,2,2,2,3611,2006,1158213.0,339453.0,31549.0,171686.0,1654.0,2323.0,580.45
cbecs,building_survey,5046,5046,2,2,150000,5,8,1,68,500,1,1,2,2,2,2,2,5946,1746,11305870.0,3313561.0,397495.0,,,,58.26
cbecs,building_survey,5047,5047,4,26,7800,2,5,1,0,0,1,1,2,2,2,2,2,5447,351,38152.0,11182.0,1382.0,,,,1420.0
cbecs,building_survey,5048,5048,3,2,106000,5,6,20,80,225,1,1,2,1,2,2,2,2405,2542,6704351.0,1964933.0,147614.0,,,,51.49
cbecs,building_survey,5049,5049,3,13,340000,2,6,28,168,1500,1,1,2,2,2,2,1,2780,2035,51833366.0,15191491.0,1064077.0,,,,10.14
cbecs,building_survey,5050,5050,3,12,26000,2,8,1,40,3,1,1,1,2,2,2,2,2520,3008,526783.0,154391.0,12519.0,120068.0,1157.0,1308.0,244.16
cbecs,building_survey,5051,5051,3,12,2100,1,7,1,6,0,1,1,2,2,2,2,2,1190,4052,82597.0,24208.0,1974.0,,,,2990.63
cbecs,building_survey,5052,5052,4,5,600000,1,9,1,80,50,1,1,2,2,1,2,2,2248,1220,3572273.0,1046973.0,214861.0,,,,70.08
cbecs,building_survey,5053,5053,4,8,5000,1,8,1,40,15,1,1,2,2,2,2,2,5054,771,332135.0,97343.0,3317.0,,,,1195.14
cbecs,building_survey,5054,5054,3,14,295000,5,8,1,40,100,1,1,1,2,2,2,2,5240,1313,12212157.0,3579178.0,287457.0,23566962.0,227042.0,117843.0,5.98
cbecs,building_survey,5055,5055,4,5,220000,1,8,2,60,170,1,1,1,2,1,2,2,2199,431,1430727.0,419322.0,70967.0,1017254.0,9800.0,3182.0,32.81
cbecs,building_survey,5056,5056,1,5,1800,1,5,1,5,0,2,2,2,2,2,2,2,3867,1494,,,,,,,3780.32
cbecs,building_survey,5057,5057,3,18,600000,994,2,3,168,200,1,1,1,1,2,2,2,4350,1710,28558692.0,8370074.0,1078799.0,27211649.0,262155.0,263276.0,8.84
cbecs,building_survey,5058,5058,3,25,10000,2,3,1,40,5,1,1,2,2,2,2,2,2723,3609,148234.0,43445.0,6180.0,,,,1408.23
cbecs,building_survey,5059,5059,3,18,88000,2,6,4,168,7,1,1,1,2,2,2,2,4721,1867,4674793.0,1370103.0,83541.0,2022642.0,19486.0,18098.0,329.67
cbecs,building_survey,5060,5060,2,14,215000,2,7,1,100,135,1,1,1,2,1,2,2,6917,700,6855353.0,2009189.0,236467.0,4768166.0,45936.0,24135.0,98.46
cbecs,building_survey,5061,5061,2,2,500001,994,8,1,120,900,1,1,1,2,2,2,2,5710,1348,18456703.0,5409350.0,464852.0,14897483.0,143521.0,79479.0,18.83
cbecs,building_survey,5062,5062,4,26,1900,1,6,1,48,6,1,1,2,2,2,2,2,1395,4376,88180.0,25844.0,3014.0,,,,2934.43
cbecs,building_survey,5063,5063,2,2,18000,1,7,5,50,60,1,1,2,2,2,2,2,7114,1408,349085.0,102311.0,15386.0,,,,4375.84
cbecs,building_survey,5064,5064,3,2,26500,2,6,1,40,50,1,1,1,2,2,2,2,1426,4246,1096937.0,321494.0,19745.0,206066.0,1985.0,1837.0,504.63
cbecs,building_survey,5065,5065,3,14,58000,1,3,1,60,125,1,1,2,2,1,2,2,1523,2833,1920573.0,562888.0,53196.0,,,,419.36
cbecs,building_survey,5066,5066,3,91,10000,1,4,1,168,0,2,2,2,2,2,2,2,3141,2469,,,,,,,1218.03
cbecs,building_survey,5067,5067,3,2,178000,8,5,1,85,300,1,1,2,2,2,2,2,1531,3556,4949406.0,1450588.0,132714.0,,,,137.69
cbecs,building_survey,5068,5068,2,13,118000,2,5,1,80,10,1,1,1,2,1,2,2,5300,1671,4333347.0,1270031.0,193452.0,3406555.0,32818.0,11294.0,48.85
cbecs,building_survey,5069,5069,3,8,9300,2,8,1,45,21,1,1,2,2,2,2,2,4838,1983,453454.0,132900.0,18398.0,,,,677.21
cbecs,building_survey,5070,5070,3,1,54000,1,7,0,0,0,1,1,2,2,2,2,2,1325,4069,980594.0,287396.0,24620.0,,,,802.75
cbecs,building_survey,5071,5071,3,18,146000,7,9,1,168,26,1,1,1,1,2,2,2,4098,1872,15088502.0,4422187.0,439653.0,2746948.0,26464.0,14935.0,9.93
cbecs,building_survey,5072,5072,3,12,17500,2,2,1,84,6,1,1,1,2,2,1,2,4401,1850,978341.0,286735.0,25401.0,122871.0,1184.0,1276.0,1142.75
cbecs,building_survey,5073,5073,2,2,8500,2,2,3,40,2,1,1,1,2,2,2,2,4675,1845,175602.0,51466.0,5061.0,90628.0,873.0,1046.0,3075.23
cbecs,building_survey,5074,5074,3,26,2300,1,9,1,40,6,1,1,2,2,2,2,2,1482,3692,50309.0,14745.0,848.0,,,,2990.63
cbecs,building_survey,5075,5075,3,16,275000,3,6,1,168,850,1,1,1,1,2,2,2,1657,3064,30148888.0,8836134.0,815998.0,15816290.0,152373.0,84164.0,10.21
cbecs,building_survey,5076,5076,4,12,7100,1,4,1,55,3,1,1,1,2,2,2,2,2870,2686,76788.0,22505.0,4316.0,14825.0,143.0,850.0,2528.63
cbecs,building_survey,5077,5077,4,25,15000,1,8,1,40,3,1,1,1,2,2,2,2,2423,1404,204554.0,59951.0,11825.0,89076.0,858.0,1455.0,717.24
cbecs,building_survey,5078,5078,2,2,55000,2,8,1,40,30,1,1,1,2,2,2,2,6360,1054,1545888.0,453074.0,44857.0,1007779.0,9709.0,5637.0,118.55
cbecs,building_survey,5079,5079,4,25,215000,1,8,5,168,150,1,1,1,2,2,2,2,6368,392,14014611.0,4107448.0,290009.0,12014146.0,115743.0,52234.0,17.21
cbecs,building_survey,5080,5080,3,25,5300,1,9,1,16,1,1,1,2,2,2,2,2,1242,3391,158658.0,46500.0,3324.0,,,,1489.41
cbecs,building_survey,5081,5081,1,26,1600,2,5,1,38,3,1,1,2,1,2,2,2,6179,885,13842.0,4057.0,861.0,,,,2990.63
cbecs,building_survey,5082,5082,3,2,255000,9,5,65,71,200,1,1,2,1,2,2,2,2148,3189,19478377.0,5708786.0,361052.0,,,,14.9
cbecs,building_survey,5083,5083,2,2,1500,1,8,3,32,1,1,1,2,2,1,2,2,4402,1651,93147.0,27300.0,3220.0,,,,2934.43
cbecs,building_survey,5084,5084,4,5,148000,2,8,1,40,30,1,1,1,2,2,2,2,806,1210,970150.0,284335.0,43299.0,985289.0,9492.0,7862.0,70.08
cbecs,building_survey,5085,5085,3,6,59000,1,8,1,133,27,1,1,1,2,2,2,2,2740,3060,7354418.0,2155457.0,180561.0,1055213.0,10166.0,5024.0,14.9
cbecs,building_survey,5086,5086,1,14,166000,4,2,1,50,90,1,1,1,2,2,2,2,6996,793,3175949.0,930817.0,74538.0,8077346.0,77816.0,43975.0,97.52
cbecs,building_survey,5087,5087,3,18,4500,2,8,1,168,1,1,1,1,2,2,2,2,4364,1990,73398.0,21512.0,2466.0,36068.0,347.0,605.0,3825.74
cbecs,building_survey,5088,5088,4,23,11500,1,8,8,42,24,1,1,1,2,2,2,2,2368,705,820375.0,240438.0,31342.0,743417.0,7162.0,6057.0,956.77
cbecs,building_survey,5089,5089,3,18,900000,995,4,1,168,150,1,1,1,2,2,1,2,1898,3155,43170920.0,12652673.0,839780.0,3800741.0,36616.0,20079.0,6.63
cbecs,building_survey,5090,5090,3,23,130000,1,6,11,75,89,1,1,1,2,2,2,2,3973,2500,6404988.0,1877195.0,113886.0,1973991.0,19017.0,15405.0,175.02
cbecs,building_survey,5091,5091,3,2,310000,1,8,1,50,900,1,1,2,1,2,2,2,1540,4123,14657491.0,4295865.0,421950.0,,,,8.84
cbecs,building_survey,5092,5092,1,14,7200,1,3,1,35,4,1,1,2,2,2,2,1,8991,702,242775.0,71153.0,11120.0,,,,4384.99
cbecs,building_survey,5093,5093,1,13,116000,2,8,1,56,20,1,1,2,2,2,1,2,5131,1395,5411312.0,1585965.0,145434.0,,,,117.32
cbecs,building_survey,5094,5094,1,5,6000,1,5,2,60,6,1,1,2,1,2,2,2,6017,924,159941.0,46876.0,9783.0,,,,3356.48
cbecs,building_survey,5095,5095,2,15,3800,1,2,1,60,4,1,1,2,2,1,2,2,9958,720,407769.0,119510.0,15817.0,,,,3480.09
cbecs,building_survey,5096,5096,4,17,78000,2,7,2,168,100,1,1,1,1,2,2,2,1362,636,4439756.0,1301218.0,168500.0,6856082.0,66051.0,36248.0,8.93
cbecs,building_survey,5097,5097,3,15,1200,1,5,1,168,8,1,1,1,2,2,2,2,1063,4170,262969.0,77072.0,5113.0,305045.0,2939.0,2841.0,1218.03
cbecs,building_survey,5098,5098,2,5,410000,3,6,1,122,185,1,1,1,1,2,2,2,7880,793,11413520.0,3345111.0,292230.0,17608377.0,169638.0,106208.0,15.06
cbecs,building_survey,5099,5099,2,18,200000,6,6,1,168,50,1,1,1,2,2,2,2,8518,646,6186074.0,1813035.0,189109.0,13064948.0,125867.0,68877.0,13.91
cbecs,building_survey,5100,5100,1,2,250000,4,2,12,60,300,1,1,2,2,2,1,2,6132,962,1940899.0,568845.0,85540.0,,,,14.73
cbecs,building_survey,5101,5101,3,26,13000,2,8,1,71,5,1,1,1,2,2,2,2,5183,1322,632054.0,185244.0,20338.0,259702.0,2502.0,3478.0,687.8
cbecs,building_survey,5102,5102,1,2,1500000,995,6,1,50,7500,1,1,1,1,2,1,2,5058,1308,59716904.0,17502023.0,1012521.0,1982180.0,19096.0,11926.0,9.01
cbecs,building_survey,5103,5103,1,14,186000,7,7,1,50,500,1,1,1,1,2,2,2,4917,1340,3686465.0,1080441.0,117015.0,1230938.0,11859.0,15339.0,97.52
cbecs,building_survey,5104,5104,1,18,25000,1,6,1,168,3,1,1,2,1,2,2,2,5563,884,340985.0,99937.0,9841.0,,,,1426.39
cbecs,building_survey,5105,5105,2,17,51000,1,9,1,168,40,1,1,1,2,2,2,2,5615,956,2059769.0,603684.0,55228.0,1638470.0,15785.0,13161.0,290.39
cbecs,building_survey,5106,5106,4,13,8300,1,5,2,45,4,1,1,1,2,2,2,2,1738,1827,178386.0,52282.0,9044.0,66032.0,636.0,1029.0,3075.23
cbecs,building_survey,5107,5107,1,14,700000,994,7,1,84,1500,1,1,1,1,2,2,2,3938,1642,14088763.0,4129180.0,299376.0,39080413.0,376497.0,204777.0,50.03
cbecs,building_survey,5108,5108,3,14,340000,3,8,1,40,135,1,1,1,2,2,2,2,3063,2276,10458944.0,3065341.0,227363.0,1371628.0,13214.0,10534.0,9.01
cbecs,building_survey,5109,5109,4,2,700000,995,4,1,120,2000,1,1,2,2,2,1,2,4505,1554,59731865.0,17506408.0,1288986.0,,,,14.9
cbecs,building_survey,5110,5110,4,5,320000,1,9,1,96,70,1,1,1,2,1,2,2,2049,967,2157880.0,632438.0,137839.0,872858.0,8409.0,11701.0,70.08
cbecs,building_survey,5111,5111,2,14,315000,2,4,1,80,241,1,1,1,2,2,2,2,7034,624,7228886.0,2118665.0,229755.0,17459090.0,168199.0,78557.0,13.91
cbecs,building_survey,5112,5112,1,13,600000,1,5,1,76,600,1,1,2,2,2,1,2,6035,845,15789205.0,4627551.0,508526.0,,,,8.6
cbecs,building_survey,5113,5113,2,12,3200,2,4,1,14,2,1,1,1,2,2,2,2,6193,1055,29528.0,8654.0,1466.0,147809.0,1424.0,1009.0,3075.23
cbecs,building_survey,5114,5114,4,26,1750,1,9,1,50,3,1,1,2,1,2,2,2,7533,478,49328.0,14457.0,488.0,,,,6534.79
cbecs,building_survey,5115,5115,1,5,150000,2,9,1,40,15,1,1,2,2,2,2,2,5672,838,2669118.0,782274.0,133755.0,,,,247.57
cbecs,building_survey,5116,5116,3,5,6000,1,7,1,44,6,1,1,2,2,2,2,2,1047,3745,206559.0,60539.0,9910.0,,,,6659.94
cbecs,building_survey,5117,5117,3,25,210000,1,8,4,126,150,1,1,1,2,2,2,2,1766,2924,21320649.0,6248725.0,528572.0,1594157.0,15358.0,12720.0,14.9
cbecs,building_survey,5118,5118,2,26,10000,1,4,1,44,9,1,1,1,2,2,2,2,6057,1360,161735.0,47402.0,4694.0,846335.0,8154.0,3920.0,3075.23
cbecs,building_survey,5119,5119,4,5,13250,2,7,2,40,5,1,1,1,2,2,2,2,3702,1013,192879.0,56530.0,6886.0,47719.0,460.0,499.0,3554.88
cbecs,building_survey,5120,5120,2,2,300000,4,2,1,50,400,1,1,1,2,2,2,2,6144,879,7887212.0,2311610.0,202300.0,7947191.0,76563.0,43363.0,8.85
cbecs,building_survey,5121,5121,1,2,194000,6,8,1,80,810,1,1,2,2,2,2,1,5737,1013,4646671.0,1361861.0,90567.0,,,,50.03
cbecs,building_survey,5122,5122,3,14,182000,1,8,1,75,84,1,1,2,1,1,2,2,3512,1989,3180748.0,932224.0,140671.0,,,,99.38
cbecs,building_survey,5123,5123,2,13,15000,1,2,1,60,6,1,1,1,2,2,2,2,5183,1114,233641.0,68476.0,10329.0,698377.0,6728.0,4062.0,1531.55
cbecs,building_survey,5124,5124,2,15,2600,1,6,1,125,7,1,1,1,2,2,2,2,7220,809,952813.0,279254.0,25644.0,824567.0,7944.0,3734.0,1265.79
cbecs,building_survey,5125,5125,2,5,44500,1,7,1,60,15,1,1,1,2,2,2,2,7149,839,233134.0,68328.0,7351.0,1680846.0,16193.0,13485.0,2888.67
cbecs,building_survey,5126,5126,3,2,1700000,994,7,60,168,7500,1,1,1,1,1,1,2,4420,1678,168696671.0,49442166.0,4633752.0,3851221.0,37102.0,37784.0,6.52
cbecs,building_survey,5127,5127,2,14,1600,2,4,1,24,4,1,1,1,2,2,2,2,4763,1786,15340.0,4496.0,726.0,35140.0,339.0,614.0,2934.43
cbecs,building_survey,5128,5128,2,13,60000,2,5,1,107,25,1,1,1,2,2,2,2,8683,535,8897522.0,2607715.0,209317.0,2441993.0,23526.0,13846.0,338.72
cbecs,building_survey,5129,5129,1,2,1900,1,8,1,70,12,1,1,1,2,2,2,2,7999,675,312810.0,91679.0,6772.0,102603.0,988.0,980.0,6659.94
cbecs,building_survey,5130,5130,1,26,2400,1,6,1,31,1,1,1,2,2,1,2,2,6924,581,6715.0,1968.0,534.0,,,,2934.43
cbecs,building_survey,5131,5131,3,5,122000,1,5,1,168,213,1,1,2,2,2,2,2,1264,3700,13135315.0,3849741.0,314147.0,,,,48.85
cbecs,building_survey,5132,5132,3,18,104000,994,8,1,168,12,1,1,1,1,2,2,2,3946,1931,5566377.0,1631412.0,153437.0,899375.0,8664.0,7268.0,8.84
cbecs,building_survey,5133,5133,3,13,178000,4,5,3,38,50,1,1,1,2,2,2,2,1293,3388,6487896.0,1901494.0,112895.0,2078223.0,20021.0,19168.0,8.57
cbecs,building_survey,5134,5134,2,14,210000,1,4,1,75,119,1,1,1,2,2,2,2,7432,596,3372837.0,988522.0,131025.0,7304159.0,70368.0,45722.0,55.22
cbecs,building_survey,5135,5135,3,5,8700,1,9,1,126,0,2,2,2,2,2,2,2,3774,2053,,,,,,,2990.63
cbecs,building_survey,5136,5136,1,25,50001,1,6,1,74,10,1,1,1,2,2,2,2,5880,1133,1046101.0,306595.0,53160.0,910133.0,8768.0,11093.0,213.58
cbecs,building_survey,5137,5137,4,14,1900,1,7,1,35,2,1,1,2,2,2,2,2,2075,1355,84218.0,24683.0,3706.0,,,,4384.99
cbecs,building_survey,5138,5138,3,16,40000,1,4,1,168,80,1,1,1,1,2,2,2,4286,2286,4037753.0,1183398.0,110748.0,4620968.0,44518.0,34310.0,126.51
cbecs,building_survey,5139,5139,4,12,2100,1,4,1,2,0,1,1,2,2,2,2,2,2102,71,18041.0,5288.0,1097.0,,,,3075.23
cbecs,building_survey,5140,5140,1,5,250000,1,2,1,112,6,1,1,2,1,1,2,2,5587,1121,11205359.0,3284103.0,304288.0,,,,31.35
cbecs,building_survey,5141,5141,3,14,27500,1,3,1,40,25,1,1,1,2,2,2,2,3892,1886,1693737.0,496406.0,50900.0,2732424.0,26324.0,32242.0,288.37
cbecs,building_survey,5142,5142,3,5,25000,1,2,1,45,2,1,1,2,2,2,2,2,1751,3769,16241.0,4760.0,696.0,,,,1030.4
cbecs,building_survey,5143,5143,2,13,6400,1,8,1,52,4,1,1,2,2,2,2,2,5130,1675,325170.0,95302.0,10179.0,,,,2934.43
cbecs,building_survey,5144,5144,1,8,24500,2,5,2,50,20,1,1,1,2,2,2,2,8163,882,784314.0,229869.0,21861.0,820246.0,7902.0,4449.0,1218.03
cbecs,building_survey,5145,5145,3,2,285000,995,6,32,65,650,1,1,2,1,2,2,2,1507,3659,19262858.0,5645621.0,516301.0,,,,14.9
cbecs,building_survey,5146,5146,4,26,52000,2,9,1,40,10,1,1,1,1,2,2,2,4351,1614,1225323.0,359122.0,34080.0,1416044.0,13642.0,10085.0,582.8
cbecs,building_survey,5147,5147,4,2,485000,994,5,1,65,1000,1,1,1,1,2,2,2,1287,1952,11340100.0,3323593.0,615949.0,368434.0,3549.0,3354.0,15.06
cbecs,building_survey,5148,5148,3,2,152000,1,4,50,168,500,1,1,1,1,2,2,2,4014,1799,5750674.0,1685426.0,152085.0,5562614.0,53590.0,29269.0,9.46
cbecs,building_survey,5149,5149,2,11,72000,3,7,1,168,100,1,1,1,1,2,2,2,8369,471,13447799.0,3941324.0,285292.0,1024823.0,9873.0,8305.0,118.55
cbecs,building_survey,5150,5150,3,13,1000000,7,7,5,40,80,1,1,1,1,2,1,2,3913,2027,29960422.0,8780897.0,741140.0,4311078.0,41533.0,11217.0,58.26
cbecs,building_survey,5151,5151,2,25,15000,1,8,1,60,4,1,1,2,2,2,2,2,5981,1243,232378.0,68106.0,2348.0,,,,1472.45
cbecs,building_survey,5152,5152,1,2,225000,4,6,5,60,60,1,1,1,1,2,2,2,5696,774,5803502.0,1700909.0,278487.0,7500005.0,72254.0,39566.0,14.9
cbecs,building_survey,5153,5153,3,12,22000,1,5,1,55,3,1,1,1,2,2,2,2,3185,2707,158149.0,46351.0,4234.0,185992.0,1792.0,1836.0,589.53
cbecs,building_survey,5154,5154,1,18,14250,1,5,1,168,12,1,1,2,1,2,2,2,5939,922,1358846.0,398255.0,36533.0,,,,1315.0
cbecs,building_survey,5155,5155,3,2,220000,4,9,11,64,1100,1,1,1,2,2,2,2,2688,2833,12635495.0,3703252.0,227509.0,5105114.0,49182.0,27810.0,58.26
cbecs,building_survey,5156,5156,2,12,15000,3,2,1,10,2,1,1,1,2,2,2,2,4140,1843,120873.0,35426.0,5124.0,558500.0,5381.0,3893.0,580.45
cbecs,building_survey,5157,5157,3,14,178000,2,8,1,60,122,1,1,1,2,2,2,2,3840,1488,6152214.0,1803111.0,153500.0,3888343.0,37460.0,28877.0,99.38
cbecs,building_survey,5158,5158,4,13,32500,3,8,1,40,20,1,1,1,2,2,1,2,2124,1592,954163.0,279649.0,36068.0,33429.0,322.0,416.0,306.64
cbecs,building_survey,5159,5159,4,1,2100000,2,8,0,0,0,1,1,1,2,2,2,2,1144,2030,109939.0,32221.0,4640.0,46525.0,448.0,607.0,15.06
cbecs,building_survey,5160,5160,4,14,48000,2,8,1,40,55,1,1,1,2,2,2,1,1894,1749,1726737.0,506078.0,60980.0,537339.0,5177.0,1475.0,100.08
cbecs,building_survey,5161,5161,2,17,142000,5,8,1,168,45,1,1,1,2,2,2,2,8416,875,3386085.0,992405.0,101267.0,4385515.0,42250.0,28688.0,8.84
cbecs,building_survey,5162,5162,3,2,285000,995,6,7,60,741,1,1,2,1,2,2,2,3531,2153,18790954.0,5507314.0,474163.0,,,,14.9
cbecs,building_survey,5163,5163,3,14,15000,1,5,1,52,30,1,1,1,2,2,2,2,1037,3976,422998.0,123974.0,8092.0,29363.0,283.0,374.0,690.18
cbecs,building_survey,5164,5164,3,14,20000,1,7,1,45,9,1,1,2,2,1,2,2,2881,2228,915143.0,268213.0,23215.0,,,,591.56
cbecs,building_survey,5165,5165,2,7,340000,3,8,1,168,350,1,1,1,1,2,2,2,8771,535,18707318.0,5482801.0,564664.0,21719903.0,209248.0,134920.0,58.46
cbecs,building_survey,5166,5166,2,14,51000,1,7,1,40,35,1,1,1,2,2,2,2,7154,1136,2633346.0,771790.0,62749.0,327472.0,3155.0,2419.0,329.67
cbecs,building_survey,5167,5167,3,14,100001,1,8,2,55,70,1,1,1,1,2,2,2,4677,1312,4040776.0,1184284.0,121095.0,3555781.0,34256.0,10503.0,99.38
cbecs,building_survey,5168,5168,1,2,700000,995,2,50,168,2750,1,1,2,1,2,1,2,6062,1444,55964764.0,16402334.0,1214207.0,,,,14.9
cbecs,building_survey,5169,5169,3,15,2000,2,2,1,105,15,1,1,1,2,2,2,2,4526,1858,681432.0,199716.0,19545.0,1067940.0,10288.0,8589.0,1195.14
cbecs,building_survey,5170,5170,3,2,315000,994,5,22,55,595,1,1,1,1,2,2,2,4164,1984,21728620.0,6368294.0,587682.0,2245480.0,21633.0,24212.0,14.9
cbecs,building_survey,5171,5171,4,2,11000,2,7,1,72,45,1,1,1,2,2,2,2,4568,409,890653.0,261035.0,33229.0,63639.0,613.0,778.0,1641.81
cbecs,building_survey,5172,5172,2,16,600000,7,8,1,168,1000,1,1,1,1,2,2,2,5125,1680,23318538.0,6834273.0,550447.0,76183677.0,733947.0,319284.0,8.78
cbecs,building_survey,5173,5173,2,26,2400,1,5,1,0,0,1,1,2,2,1,2,2,8755,729,97471.0,28567.0,2923.0,,,,6659.94
cbecs,building_survey,5174,5174,3,8,26000,1,8,2,168,96,1,1,1,2,2,2,2,1659,2950,3049040.0,893623.0,80070.0,759020.0,7312.0,6980.0,116.06
cbecs,building_survey,5175,5175,2,25,210000,1,7,5,168,150,1,1,1,2,2,2,2,4754,1953,17293626.0,5068472.0,429975.0,7014684.0,67579.0,28774.0,52.07
cbecs,building_survey,5176,5176,1,2,93000,3,2,1,168,240,1,1,1,1,2,1,1,4783,1179,5916241.0,1733951.0,157224.0,614471.0,5920.0,5094.0,97.44
cbecs,building_survey,5177,5177,3,17,53000,1,8,1,168,40,1,1,1,1,2,2,2,5109,1853,2650166.0,776719.0,128206.0,8035255.0,77411.0,42765.0,126.51
cbecs,building_survey,5178,5178,4,2,245000,2,4,1,45,53,1,1,1,2,2,2,2,984,922,3889212.0,1139863.0,241319.0,661971.0,6377.0,5856.0,9.11
cbecs,building_survey,5179,5179,3,2,80000,8,5,1,50,150,1,1,1,2,2,2,2,1543,2864,2534732.0,742887.0,90349.0,129342.0,1246.0,847.0,14.9
cbecs,building_survey,5180,5180,3,2,174000,994,5,20,60,600,1,1,1,1,2,2,2,3835,1733,25021233.0,7333304.0,627297.0,4743066.0,45694.0,25035.0,72.47
cbecs,building_survey,5181,5181,1,2,132000,9,2,90,168,64,1,1,1,2,2,2,2,5228,1287,5441337.0,1594765.0,171178.0,4384444.0,42239.0,23880.0,8.76
cbecs,building_survey,5182,5182,2,5,2400,1,8,1,48,0,1,1,2,2,2,2,2,8497,856,135317.0,39659.0,4000.0,,,,8544.65
cbecs,building_survey,5183,5183,2,2,600000,994,5,46,12,750,1,1,2,2,2,2,2,4789,2387,15755680.0,4617726.0,576546.0,,,,8.84
cbecs,building_survey,5184,5184,3,16,255000,5,4,1,168,705,1,1,1,1,2,2,2,1491,3812,39986405.0,11719345.0,889095.0,24705265.0,238008.0,166315.0,10.07
cbecs,building_survey,5185,5185,4,2,174000,2,7,1,50,80,1,1,1,2,2,2,2,1073,1212,1365943.0,400335.0,63935.0,1637203.0,15773.0,13040.0,32.81
cbecs,building_survey,5186,5186,3,25,205000,1,8,4,168,150,1,1,1,2,2,2,2,4549,1485,19899195.0,5832120.0,608658.0,11068590.0,106634.0,125962.0,14.9
cbecs,building_survey,5187,5187,2,25,23000,1,8,1,44,12,1,1,1,2,2,2,2,6847,803,444420.0,130252.0,11813.0,106345.0,1025.0,731.0,1265.79
cbecs,building_survey,5188,5188,4,14,205000,3,9,1,48,60,1,1,1,2,2,2,2,6218,246,3950719.0,1157890.0,144799.0,5145535.0,49572.0,30275.0,63.31
cbecs,building_survey,5189,5189,1,17,41500,4,4,2,168,40,1,1,1,1,1,2,2,5801,580,2020213.0,592091.0,95631.0,4941736.0,47608.0,19718.0,727.99
cbecs,building_survey,5190,5190,1,2,15000,2,5,1,60,12,1,1,1,2,2,2,2,4377,1331,421791.0,123620.0,12807.0,636215.0,6129.0,5286.0,1408.23
cbecs,building_survey,5191,5191,3,1,29000,2,7,0,0,0,1,1,1,2,2,2,2,3698,1941,198135.0,58070.0,6406.0,607813.0,5856.0,4707.0,580.45
cbecs,building_survey,5192,5192,4,15,2400,1,2,1,80,2,1,1,1,2,2,2,2,1810,1707,205231.0,60150.0,8063.0,128741.0,1240.0,1179.0,1265.79
cbecs,building_survey,5193,5193,4,26,5000,1,4,1,45,0,1,1,2,2,1,2,2,1995,1632,156393.0,45836.0,6481.0,,,,3075.23
cbecs,building_survey,5194,5194,3,24,1700000,1,7,996,15,150,1,1,1,1,2,2,2,1528,3303,39373250.0,11539640.0,1004764.0,4523335.0,43577.0,24793.0,9.07
cbecs,building_survey,5195,5195,1,6,6100,1,2,1,42,2,1,1,2,1,2,2,2,5637,985,558178.0,163593.0,25265.0,,,,2934.43
cbecs,building_survey,5196,5196,2,2,97000,5,5,1,60,150,1,1,1,2,2,1,2,7673,705,2680607.0,785641.0,79248.0,5301.0,51.0,304.0,298.33
cbecs,building_survey,5197,5197,2,5,2400,1,7,1,168,0,1,1,2,2,2,2,2,8525,981,13125.0,3847.0,751.0,,,,6659.94
cbecs,building_survey,5198,5198,4,5,600000,1,6,1,168,30,1,1,1,2,1,2,2,2165,808,4018900.0,1177872.0,228827.0,6251153.0,60223.0,32926.0,70.08
cbecs,building_survey,5199,5199,1,11,40500,3,5,1,61,9,1,1,2,1,2,2,2,5008,1386,4322504.0,1266853.0,92105.0,,,,1030.4
cbecs,building_survey,5200,5200,2,1,5300,1,6,0,0,0,1,1,2,2,1,2,2,7344,944,47616.0,13955.0,2262.0,,,,19028.4
cbecs,building_survey,5201,5201,4,14,48000,2,4,1,40,50,1,1,1,2,2,2,2,961,1385,4261481.0,1248969.0,184237.0,1417606.0,13657.0,11331.0,495.15
cbecs,building_survey,5202,5202,3,7,370000,994,8,1,168,100,1,1,1,1,2,2,2,3661,1704,19206570.0,5629124.0,334278.0,17367663.0,167319.0,130763.0,63.15
cbecs,building_survey,5203,5203,1,2,150000,994,6,4,60,300,1,1,2,1,2,1,2,6321,1247,13954001.0,4089684.0,344854.0,,,,14.9
cbecs,building_survey,5204,5204,4,7,300000,994,4,10,50,300,1,1,1,2,2,2,2,6090,383,6117770.0,1793016.0,185759.0,4051582.0,39033.0,23928.0,6.59
cbecs,building_survey,5205,5205,1,26,21000,1,6,1,60,12,1,1,2,1,1,2,2,5118,932,813717.0,238487.0,36149.0,,,,611.8
cbecs,building_survey,5206,5206,3,25,205000,1,8,5,168,150,1,1,1,2,2,2,2,3995,2005,16732290.0,4903954.0,294499.0,4634549.0,44649.0,24672.0,52.07
cbecs,building_survey,5207,5207,4,8,3500,1,8,2,48,18,1,1,2,2,2,2,2,3873,853,127402.0,37339.0,4707.0,,,,3075.23
cbecs,building_survey,5208,5208,2,23,28500,1,7,7,119,20,1,1,1,2,2,2,2,7371,692,1723646.0,505172.0,43831.0,2831275.0,27276.0,15444.0,841.34
cbecs,building_survey,5209,5209,3,11,300000,2,8,1,130,100,1,1,2,1,2,2,2,1461,3563,9722023.0,2849362.0,284340.0,,,,32.47
cbecs,building_survey,5210,5210,1,5,10000,1,4,1,49,3,1,1,1,2,2,2,2,6889,752,98022.0,28729.0,4979.0,479293.0,4617.0,4016.0,1489.41
cbecs,building_survey,5211,5211,4,2,116000,4,8,20,64,180,1,1,1,2,2,2,2,649,1879,4850394.0,1421569.0,389814.0,364515.0,3512.0,2914.0,15.06
cbecs,building_survey,5212,5212,3,5,30000,1,4,2,40,5,1,1,1,2,2,2,2,3797,1765,362740.0,106313.0,10587.0,582163.0,5609.0,5412.0,213.58
cbecs,building_survey,5213,5213,1,2,900000,995,4,60,65,2750,1,1,1,2,2,1,2,4120,1545,46053909.0,13497629.0,2525809.0,5516733.0,53148.0,52451.0,14.9
cbecs,building_survey,5214,5214,1,2,1500000,995,6,20,65,7500,1,1,1,1,2,1,2,4880,1301,144300855.0,42292161.0,5017951.0,16893781.0,162753.0,89640.0,14.9
cbecs,building_survey,5215,5215,4,2,1550,1,4,1,60,6,1,1,1,2,2,2,2,2391,575,46114.0,13515.0,3437.0,41650.0,401.0,611.0,3075.23
cbecs,building_survey,5216,5216,4,6,14500,1,8,2,168,10,1,1,1,2,2,2,2,2435,1469,1880941.0,551272.0,70668.0,1555388.0,14984.0,12488.0,1531.55
cbecs,building_survey,5217,5217,1,12,1200,2,2,1,15,10,1,1,1,2,2,2,2,7681,706,34154.0,10010.0,1382.0,105413.0,1016.0,997.0,2990.63
cbecs,building_survey,5218,5218,4,5,355000,1,5,1,96,40,1,1,1,2,2,2,2,1963,1789,3712778.0,1088153.0,259687.0,3410135.0,32853.0,18577.0,52.43
cbecs,building_survey,5219,5219,2,26,2000,1,7,1,30,1,1,1,2,2,2,2,2,4982,1080,6660.0,1952.0,302.0,,,,1420.0
cbecs,building_survey,5220,5220,2,17,62000,4,7,1,168,14,1,1,1,2,2,2,2,8593,845,1496153.0,438497.0,43150.0,2989716.0,28803.0,19599.0,329.67
cbecs,building_survey,5221,5221,3,18,310000,995,6,2,168,40,1,1,1,2,2,2,2,4898,1261,12487934.0,3660004.0,114856.0,5160007.0,49711.0,15320.0,5.52
cbecs,building_survey,5222,5222,4,5,128000,1,6,1,16,22,1,1,1,2,2,2,2,1807,1530,3669904.0,1075587.0,204251.0,1786080.0,17207.0,21176.0,15.06
cbecs,building_survey,5223,5223,2,16,500000,5,2,1,168,720,1,1,1,1,2,2,2,7070,953,56145360.0,16455264.0,989513.0,100524414.0,968443.0,476470.0,10.17
cbecs,building_survey,5224,5224,3,14,10000,1,7,1,60,5,1,1,2,2,2,2,1,1152,3933,353671.0,103655.0,6871.0,,,,1834.88
cbecs,building_survey,5225,5225,3,23,67000,2,8,11,56,63,1,1,1,2,2,2,2,2731,2243,3455001.0,1012603.0,75619.0,1675087.0,16138.0,13572.0,395.28
cbecs,building_survey,5226,5226,3,15,4000,3,2,1,60,8,1,1,2,2,1,2,2,4511,1360,680744.0,199515.0,20565.0,,,,1195.14
cbecs,building_survey,5227,5227,2,2,25000,2,4,4,48,20,1,1,1,2,2,2,2,5182,1554,685165.0,200810.0,18216.0,558897.0,5384.0,4556.0,1531.55
cbecs,building_survey,5228,5228,3,23,128000,1,7,17,133,109,1,1,1,2,2,2,2,3306,1848,17727822.0,5195727.0,437453.0,9629094.0,92766.0,50619.0,10.71
cbecs,building_survey,5229,5229,3,14,45500,1,4,1,40,57,1,1,1,2,2,2,2,2305,2069,1809181.0,530241.0,49102.0,915474.0,8820.0,7281.0,495.15
cbecs,building_survey,5230,5230,3,18,29500,2,7,1,168,5,1,1,1,2,2,2,2,3977,1919,980258.0,287297.0,24744.0,754682.0,7271.0,4045.0,502.9
cbecs,building_survey,5231,5231,3,14,215000,2,5,1,55,150,1,1,1,2,2,2,2,4403,1849,6525068.0,1912388.0,214047.0,2101728.0,20248.0,21984.0,13.73
cbecs,building_survey,5232,5232,4,15,1850,1,8,1,128,10,1,1,1,2,2,2,2,859,2014,511443.0,149895.0,21752.0,491107.0,4731.0,4108.0,1265.79
cbecs,building_survey,5233,5233,2,5,58000,1,5,1,60,150,1,1,1,2,2,2,2,7250,1031,1940597.0,568756.0,49165.0,949324.0,9146.0,4388.0,215.07
cbecs,building_survey,5234,5234,4,15,1800,1,2,1,84,3,1,1,2,2,2,2,2,4837,877,510143.0,149514.0,11464.0,,,,1218.03
cbecs,building_survey,5235,5235,4,13,4000,1,7,1,4,0,1,1,2,2,1,2,2,5824,668,11121.0,3259.0,614.0,,,,2934.43
cbecs,building_survey,5236,5236,3,25,205000,1,8,4,168,150,1,1,1,2,2,2,2,2371,3087,18918086.0,5544574.0,252861.0,2019890.0,19459.0,13955.0,14.9
cbecs,building_survey,5237,5237,2,2,205000,994,4,30,45,60,1,1,1,2,2,2,2,6283,1062,13981519.0,4097749.0,358436.0,11313282.0,108991.0,68768.0,42.58
cbecs,building_survey,5238,5238,3,18,250000,994,4,1,168,26,1,1,2,2,2,1,2,3297,2081,9889087.0,2898326.0,201320.0,,,,6.63
cbecs,building_survey,5239,5239,3,16,310000,8,5,2,168,650,1,1,1,1,2,2,2,2435,3142,36994079.0,10842344.0,640721.0,27357635.0,263561.0,144751.0,8.92
cbecs,building_survey,5240,5240,4,25,25000,1,7,1,60,10,1,1,1,2,2,2,2,6438,560,406932.0,119265.0,13892.0,253985.0,2447.0,2438.0,1445.98
cbecs,building_survey,5241,5241,3,24,360000,1,5,996,72,110,1,1,1,2,2,2,2,1873,3044,13848506.0,4058765.0,279583.0,1213782.0,11693.0,11157.0,48.85
cbecs,building_survey,5242,5242,3,2,235000,995,5,40,120,300,1,1,1,1,2,2,2,2342,2352,13547523.0,3970552.0,350405.0,4085844.0,39363.0,79304.0,14.67
cbecs,building_survey,5243,5243,1,15,1900,1,9,1,119,8,1,1,1,2,2,2,2,6671,890,502921.0,147398.0,14274.0,112871.0,1087.0,847.0,1218.03
cbecs,building_survey,5244,5244,2,2,14500,3,8,2,40,12,1,1,1,2,2,2,2,5972,972,356881.0,104596.0,9790.0,134995.0,1301.0,1034.0,12.66
cbecs,building_survey,5245,5245,3,14,455000,1,6,1,60,200,1,1,2,2,1,2,2,1096,3629,32068435.0,9398721.0,1524541.0,,,,44.64
cbecs,building_survey,5246,5246,3,5,56000,1,3,1,50,32,1,1,1,1,2,2,2,3394,2324,2172166.0,636625.0,70183.0,1696857.0,16347.0,16011.0,245.01
cbecs,building_survey,5247,5247,2,7,150000,3,7,1,168,175,1,1,1,1,2,2,2,7600,569,9060087.0,2655360.0,260947.0,12167520.0,117221.0,68389.0,61.2
cbecs,building_survey,5248,5248,1,8,4100,2,4,1,45,10,1,1,1,2,2,2,2,7390,660,176450.0,51715.0,5315.0,119224.0,1149.0,1111.0,1218.03
cbecs,building_survey,5249,5249,4,14,2150,1,3,1,35,4,1,1,1,2,2,2,2,1857,1263,66201.0,19402.0,2985.0,46102.0,444.0,513.0,5522.3
cbecs,building_survey,5250,5250,2,12,85000,3,6,1,61,49,1,1,1,2,2,2,2,4938,2064,3316145.0,971907.0,89294.0,3348847.0,32262.0,20675.0,473.86
cbecs,building_survey,5251,5251,2,5,130000,2,5,1,50,38,1,1,1,2,2,2,2,6342,943,1424394.0,417466.0,48023.0,2066770.0,19911.0,11909.0,66.72
cbecs,building_survey,5252,5252,3,25,3200,1,4,1,43,2,1,1,2,2,2,2,2,3755,2279,55965.0,16402.0,941.0,,,,2990.63
cbecs,building_survey,5253,5253,2,2,55000,2,3,1,48,26,1,1,1,2,1,2,2,9916,643,2557494.0,749559.0,74739.0,1519166.0,14636.0,12038.0,697.61
cbecs,building_survey,5254,5254,3,13,10750,1,8,1,50,7,1,1,2,2,2,2,2,2291,3228,70105.0,20547.0,1732.0,,,,1426.39
cbecs,building_survey,5255,5255,4,2,95000,8,2,11,60,180,1,1,2,1,2,2,2,5918,821,5364478.0,1572239.0,143489.0,,,,240.4
cbecs,building_survey,5256,5256,4,5,18000,2,5,3,40,2,1,1,1,2,2,2,2,6664,209,174681.0,51196.0,6560.0,332079.0,3199.0,3315.0,593.96
cbecs,building_survey,5257,5257,2,5,900000,2,7,1,120,500,1,1,1,1,2,2,2,5083,1731,24722089.0,7245630.0,627485.0,21573060.0,207833.0,115791.0,66.26
cbecs,building_survey,5258,5258,2,2,4000,2,5,1,40,10,1,1,1,2,2,2,2,5073,1799,152680.0,44748.0,4408.0,111534.0,1075.0,940.0,19.01
cbecs,building_survey,5259,5259,3,14,178000,2,4,1,45,200,1,1,2,2,2,2,2,1994,3161,7512367.0,2201749.0,133959.0,,,,44.64
cbecs,building_survey,5260,5260,3,14,350000,1,7,1,50,200,1,1,1,2,2,2,2,1579,3062,16854996.0,4939917.0,300309.0,8186327.0,78866.0,43616.0,9.01
cbecs,building_survey,5261,5261,1,14,114000,2,7,1,40,80,1,1,2,1,2,2,2,8283,505,2131790.0,624792.0,43146.0,,,,303.46
cbecs,building_survey,5262,5262,4,5,72000,2,5,1,12,40,1,1,2,2,2,2,2,1070,2022,1060783.0,310898.0,57232.0,,,,215.07
cbecs,building_survey,5263,5263,3,25,41000,1,6,1,68,40,1,1,1,1,2,2,2,3112,2013,1803525.0,528583.0,55770.0,97892.0,943.0,1420.0,591.56
cbecs,building_survey,5264,5264,4,13,98000,1,8,14,102,35,1,1,1,2,2,2,2,1984,3865,7059383.0,2068987.0,204842.0,5942421.0,57249.0,29891.0,105.74
cbecs,building_survey,5265,5265,1,2,94000,994,9,33,60,350,1,1,1,1,2,2,2,4092,1596,2161541.0,633511.0,98987.0,754493.0,7269.0,10343.0,137.69
cbecs,building_survey,5266,5266,3,18,270000,995,8,2,168,50,1,1,1,1,2,2,2,1194,3621,18788102.0,5506478.0,328762.0,4920057.0,47399.0,38401.0,9.01
cbecs,building_survey,5267,5267,4,14,19750,1,8,3,60,4,1,1,1,2,2,2,2,1849,1539,723024.0,211906.0,48417.0,309075.0,2978.0,3948.0,1399.59
cbecs,building_survey,5268,5268,4,15,2400,1,2,1,40,2,1,1,2,2,1,2,2,7429,221,237844.0,69708.0,7785.0,,,,3414.19
cbecs,building_survey,5269,5269,4,2,112000,7,8,3,100,300,1,1,1,2,2,2,2,4377,322,5581020.0,1635703.0,205815.0,2630370.0,25341.0,14142.0,15.06
cbecs,building_survey,5270,5270,1,14,210000,3,8,1,100,200,1,1,1,2,2,2,2,6605,845,3860070.0,1131322.0,196476.0,8370136.0,80637.0,31076.0,44.12
cbecs,building_survey,5271,5271,2,5,270000,1,8,2,55,77,1,1,1,2,2,2,2,6841,1067,4009796.0,1175204.0,103496.0,1731066.0,16677.0,8631.0,31.68
cbecs,building_survey,5272,5272,4,18,66000,2,8,1,168,9,1,1,1,2,2,2,2,5884,608,844571.0,247530.0,23413.0,1072359.0,10331.0,7126.0,329.67
cbecs,building_survey,5273,5273,3,26,4800,1,6,1,40,5,1,1,1,2,2,2,2,2602,2368,73019.0,21401.0,2543.0,50980.0,491.0,928.0,3257.88
cbecs,building_survey,5274,5274,1,16,470000,994,4,1,168,1377,1,1,1,1,2,1,2,4468,1645,34415834.0,10086704.0,2054042.0,1898771.0,18293.0,26838.0,13.73
cbecs,building_survey,5275,5275,3,18,144000,4,5,1,168,10,1,1,1,2,2,2,2,2911,2491,1363262.0,399549.0,39688.0,967953.0,9325.0,6166.0,14.67
cbecs,building_survey,5276,5276,3,25,205000,1,8,4,168,150,1,1,1,2,2,2,2,1156,3627,18355185.0,5379597.0,243111.0,6592175.0,63508.0,35570.0,14.9
cbecs,building_survey,5277,5277,2,25,1200,1,8,1,24,2,1,1,2,2,2,2,2,7421,1075,40535.0,11880.0,1210.0,,,,9486.49
cbecs,building_survey,5278,5278,4,7,3000,1,3,1,168,10,1,1,2,1,1,2,2,6900,252,181374.0,53158.0,7381.0,,,,3075.23
cbecs,building_survey,5279,5279,2,5,36000,1,5,1,96,4,1,1,1,2,2,2,2,4420,1809,554262.0,162445.0,13095.0,1281233.0,12343.0,10144.0,1011.03
cbecs,building_survey,5280,5280,4,5,7800,1,5,1,168,1,1,1,2,2,2,2,2,3821,1943,17670.0,5179.0,452.0,,,,6534.79
cbecs,building_survey,5281,5281,4,1,260000,1,4,0,0,0,1,1,1,2,2,2,2,809,1100,783412.0,229605.0,41869.0,231756.0,2233.0,2073.0,15.06
cbecs,building_survey,5282,5282,4,13,140000,2,8,1,108,100,1,1,1,1,2,2,2,4792,1380,7962712.0,2333737.0,188446.0,17633873.0,169883.0,135144.0,117.32
cbecs,building_survey,5283,5283,3,26,110000,3,7,1,168,100,1,1,1,2,2,2,2,2797,2139,6572687.0,1926344.0,120556.0,4509721.0,43446.0,24701.0,235.71
cbecs,building_survey,5284,5284,1,14,19000,2,5,1,80,25,1,1,2,2,2,1,2,5453,999,998803.0,292732.0,44336.0,,,,1195.68
cbecs,building_survey,5285,5285,4,5,27500,1,5,1,50,8,1,1,1,2,2,2,2,5391,1428,378186.0,110840.0,15709.0,1740769.0,16770.0,13711.0,1489.41
cbecs,building_survey,5286,5286,4,14,25000,1,7,1,45,18,1,1,2,2,1,2,2,6188,280,467958.0,137151.0,14219.0,,,,587.89
cbecs,building_survey,5287,5287,4,2,320000,995,6,21,60,900,1,1,1,2,2,2,2,2311,96,11619133.0,3405373.0,690594.0,6777565.0,65294.0,70133.0,15.06
cbecs,building_survey,5288,5288,3,15,3000,1,9,1,120,18,1,1,1,2,2,2,2,4460,1601,1762988.0,516702.0,58011.0,261297.0,2517.0,3452.0,1218.03
cbecs,building_survey,5289,5289,2,91,300000,2,3,1,168,180,1,1,1,2,1,2,2,5393,1694,16682685.0,4889415.0,650296.0,12989629.0,125141.0,70449.0,125.92
cbecs,building_survey,5290,5290,3,25,25000,1,9,1,84,5,1,1,2,1,2,2,2,2673,3173,872261.0,255645.0,24024.0,,,,1413.09
cbecs,building_survey,5291,5291,1,2,200000,994,4,1,45,350,1,1,1,2,2,1,1,6429,935,4551048.0,1333836.0,122282.0,5616140.0,54105.0,30208.0,58.26
cbecs,building_survey,5292,5292,4,2,5200,2,7,2,55,11,1,1,1,2,2,2,2,4761,381,207974.0,60954.0,8138.0,40930.0,394.0,551.0,3075.23
cbecs,building_survey,5293,5293,3,14,150000,1,6,1,40,40,1,1,1,2,2,2,2,4075,1924,3898226.0,1142505.0,113939.0,911528.0,8782.0,7396.0,43.95
cbecs,building_survey,5294,5294,1,5,270000,1,4,100,50,50,1,1,1,2,1,2,2,5039,1465,4311024.0,1263489.0,114346.0,274405.0,2644.0,2820.0,31.35
cbecs,building_survey,5295,5295,3,25,184000,1,8,7,168,115,1,1,1,2,2,2,2,3027,2252,18103150.0,5305730.0,398717.0,11634479.0,112086.0,62764.0,14.67
cbecs,building_survey,5296,5296,2,14,178000,5,4,2,98,100,1,1,1,2,2,2,2,8704,1024,10126882.0,2968019.0,254070.0,868667.0,8369.0,7346.0,44.64
cbecs,building_survey,5297,5297,3,14,215000,2,5,1,168,150,1,1,1,2,2,2,2,4038,1786,35926037.0,10529319.0,1426089.0,14954851.0,144074.0,78398.0,5.52
cbecs,building_survey,5298,5298,4,8,110000,3,8,1,168,876,1,1,1,2,2,2,2,2841,1409,21032236.0,6164196.0,1000670.0,3530713.0,34015.0,19084.0,9.91
cbecs,building_survey,5299,5299,4,14,47000,1,8,1,40,62,1,1,2,2,2,2,2,2135,172,471110.0,138074.0,28298.0,,,,51.34
cbecs,building_survey,5300,5300,3,12,10000,2,4,1,30,2,1,1,1,2,2,2,2,3825,1748,118320.0,34678.0,4020.0,93413.0,900.0,1130.0,1408.23
cbecs,building_survey,5301,5301,3,26,5000,1,4,1,40,7,1,1,1,2,2,2,2,2310,2470,70083.0,20540.0,2602.0,167534.0,1614.0,2256.0,2990.63
cbecs,building_survey,5302,5302,3,18,104000,6,8,1,168,15,1,1,1,1,2,2,2,4044,1807,4710635.0,1380608.0,136782.0,3747584.0,36104.0,27879.0,97.52
cbecs,building_survey,5303,5303,3,18,210000,995,5,1,168,35,1,1,1,1,2,2,2,2256,2181,15758856.0,4618657.0,345146.0,5978192.0,57593.0,49182.0,8.7
cbecs,building_survey,5304,5304,4,2,17000,4,8,3,50,40,1,1,1,2,2,2,2,1807,1942,481756.0,141195.0,35542.0,367195.0,3538.0,4954.0,593.96
cbecs,building_survey,5305,5305,3,25,35000,1,7,1,47,2,1,1,2,2,2,2,2,3351,2070,1678266.0,491872.0,41936.0,,,,1413.09
cbecs,building_survey,5306,5306,2,16,220000,4,2,1,168,150,1,1,1,1,2,2,2,8301,580,17835049.0,5227154.0,444413.0,24076651.0,231952.0,126343.0,13.0
cbecs,building_survey,5307,5307,3,18,84000,4,8,1,168,20,1,1,1,2,2,2,2,1131,2734,946141.0,277298.0,45026.0,993377.0,9570.0,7361.0,329.67
cbecs,building_survey,5308,5308,2,5,6000,1,6,5,168,5,1,1,1,2,2,2,2,7204,590,102137.0,29935.0,7256.0,267112.0,2573.0,2432.0,6921.06
cbecs,building_survey,5309,5309,4,12,25000,1,5,1,3,1,1,1,2,2,1,2,2,7928,138,225298.0,66031.0,6570.0,,,,1632.49
cbecs,building_survey,5310,5310,4,14,3850,1,4,1,40,6,1,1,2,2,2,2,2,2077,590,265982.0,77955.0,10496.0,,,,4384.99
cbecs,building_survey,5311,5311,3,18,3250,2,3,1,168,3,1,1,2,2,2,2,2,1906,3153,375313.0,109998.0,12860.0,,,,3778.59
cbecs,building_survey,5312,5312,2,13,24000,1,8,1,20,4,1,1,1,2,2,2,2,5086,1696,88942.0,26067.0,4187.0,1489778.0,14352.0,12073.0,611.8
cbecs,building_survey,5313,5313,2,13,2400,1,8,1,5,20,1,1,2,2,2,2,2,4301,1633,235090.0,68901.0,6363.0,,,,1745.76
cbecs,building_survey,5314,5314,4,14,500000,2,8,1,80,200,1,1,1,1,2,2,2,1891,3962,10912313.0,3198216.0,225715.0,2008726.0,19352.0,10102.0,8.87
cbecs,building_survey,5315,5315,1,91,164000,1,8,1,50,100,1,1,2,1,1,2,2,5835,752,1948352.0,571029.0,107913.0,,,,263.04
cbecs,building_survey,5316,5316,3,14,240000,3,3,1,55,700,1,1,1,2,2,2,2,1381,3986,11516589.0,3375319.0,273955.0,2655935.0,25587.0,12182.0,44.64
cbecs,building_survey,5317,5317,3,12,54000,2,7,2,50,26,1,1,1,2,2,2,2,3963,1596,1256947.0,368390.0,28967.0,1798819.0,17330.0,16330.0,224.76
cbecs,building_survey,5318,5318,3,2,57000,6,3,5,70,300,1,1,2,1,2,2,2,1637,3754,5733332.0,1680343.0,161899.0,,,,97.52
cbecs,building_survey,5319,5319,2,13,3700,1,9,1,60,2,1,1,1,2,2,2,2,6282,1295,385948.0,113115.0,10460.0,118514.0,1142.0,1692.0,1472.45
cbecs,building_survey,5320,5320,3,25,3000,1,8,1,43,4,1,1,2,2,2,2,2,2016,3054,69894.0,20485.0,2393.0,,,,2990.63
cbecs,building_survey,5321,5321,3,15,4000,1,5,1,168,5,1,1,1,2,2,2,2,1211,4234,788144.0,230992.0,16107.0,369648.0,3561.0,3173.0,1218.03
cbecs,building_survey,5322,5322,2,2,5700,1,5,4,40,12,1,1,1,1,2,2,2,8176,1053,57380.0,16817.0,2238.0,110247.0,1062.0,1043.0,2800.45
cbecs,building_survey,5323,5323,1,8,220000,4,7,2,168,400,1,1,1,1,2,2,2,6556,1014,18320510.0,5369434.0,691273.0,24305993.0,234162.0,256800.0,8.76
cbecs,building_survey,5324,5324,3,14,158000,2,7,1,60,90,1,1,1,2,2,2,2,4136,1573,3625511.0,1062576.0,117382.0,2300128.0,22159.0,17656.0,99.38
cbecs,building_survey,5325,5325,1,17,285000,8,4,4,168,350,1,1,1,1,2,2,2,5942,958,10561140.0,3095293.0,276126.0,41000996.0,395000.0,314527.0,10.22
cbecs,building_survey,5326,5326,2,18,300000,8,8,1,168,80,1,1,1,2,2,2,2,5795,1117,15047351.0,4410126.0,472032.0,13281433.0,127952.0,75394.0,12.58
cbecs,building_survey,5327,5327,3,16,1700000,994,7,2,168,3500,1,1,1,1,2,2,1,1237,3096,135592725.0,39739955.0,2372841.0,164407449.0,1583887.0,609713.0,8.78
cbecs,building_survey,5328,5328,1,26,42000,1,5,6,168,105,1,1,1,1,2,2,2,5573,1019,3148769.0,922851.0,134875.0,3418243.0,32931.0,18553.0,240.4
cbecs,building_survey,5329,5329,3,2,58000,4,2,1,60,200,1,1,1,2,2,2,2,3128,1840,3769993.0,1104922.0,75808.0,553798.0,5335.0,3552.0,246.59
cbecs,building_survey,5330,5330,3,18,84000,4,8,1,168,30,1,1,1,2,2,2,2,4085,2283,3015517.0,883797.0,64066.0,1865809.0,17975.0,16410.0,324.59
cbecs,building_survey,5331,5331,1,18,600000,995,6,3,168,150,1,1,1,2,2,1,2,5390,1146,29972778.0,8784519.0,1335482.0,3189707.0,30729.0,29340.0,8.91
cbecs,building_survey,5332,5332,3,2,1100,1,6,1,16,3,1,1,2,2,2,2,2,1410,2960,66261.0,19420.0,2139.0,,,,2990.63
cbecs,building_survey,5333,5333,2,13,100000,6,9,2,80,25,1,1,2,1,2,1,1,5658,1334,4047472.0,1186246.0,101665.0,,,,51.4
cbecs,building_survey,5334,5334,3,14,92000,1,6,1,45,25,1,1,2,2,2,2,2,2488,2232,3427377.0,1004507.0,95433.0,,,,288.37
cbecs,building_survey,5335,5335,2,26,3000,1,5,3,45,2,1,1,1,2,2,2,2,6981,674,24313.0,7126.0,709.0,217157.0,2092.0,2474.0,6921.06
cbecs,building_survey,5336,5336,2,25,235000,2,7,1,105,60,1,1,1,2,2,2,2,8245,485,9016918.0,2642708.0,218187.0,3394031.0,32698.0,20144.0,84.68
cbecs,building_survey,5337,5337,4,12,54000,2,7,1,60,50,1,1,1,2,2,2,2,889,1733,785205.0,230130.0,47199.0,120666.0,1162.0,1218.0,227.11
cbecs,building_survey,5338,5338,4,26,3200,1,6,1,40,2,1,1,1,2,2,2,2,6578,528,149791.0,43901.0,3622.0,427201.0,4116.0,2467.0,2990.63
cbecs,building_survey,5339,5339,2,25,12000,2,9,1,80,40,1,1,1,2,2,2,2,6744,966,2081041.0,609918.0,58413.0,164593.0,1586.0,1490.0,3075.23
cbecs,building_survey,5340,5340,3,5,1800,1,8,1,130,0,2,2,2,2,2,2,2,3590,2255,,,,,,,6659.94
cbecs,building_survey,5341,5341,2,7,300000,995,8,1,168,250,1,1,1,1,2,1,2,7439,714,16170633.0,4739341.0,454867.0,377767.0,3639.0,2362.0,146.69
cbecs,building_survey,5342,5342,1,5,330000,1,4,1,110,60,1,1,2,1,2,2,2,5346,1455,6923259.0,2029091.0,229495.0,,,,31.35
cbecs,building_survey,5343,5343,1,91,7400,1,8,1,84,0,1,1,2,2,2,2,2,5256,1196,24910.0,7301.0,1014.0,,,,690.18
cbecs,building_survey,5344,5344,4,25,70000,1,9,1,40,60,1,1,2,2,2,2,2,1504,4636,2695099.0,789888.0,57240.0,,,,1011.03
cbecs,building_survey,5345,5345,1,17,62000,2,8,1,168,45,1,1,1,2,2,2,2,5366,1272,3918577.0,1148469.0,187919.0,2134044.0,20559.0,14888.0,303.46
cbecs,building_survey,5346,5346,2,26,2500,1,4,1,50,1,1,1,2,2,1,2,2,10013,744,38270.0,11216.0,1106.0,,,,2990.63
cbecs,building_survey,5347,5347,1,2,80000,994,7,1,168,107,1,1,2,1,2,1,2,4186,1550,6058523.0,1775652.0,163921.0,,,,246.59
cbecs,building_survey,5348,5348,3,16,420000,5,8,1,168,450,1,1,1,1,2,1,2,4278,1581,15767420.0,4621166.0,270408.0,16406016.0,158054.0,88453.0,10.07
cbecs,building_survey,5349,5349,4,8,210000,5,5,5,60,140,1,1,2,1,2,1,2,5325,1436,3632747.0,1064697.0,74347.0,,,,8.76
cbecs,building_survey,5350,5350,3,2,172000,994,8,9,50,325,1,1,1,2,2,2,2,4597,1657,9499407.0,2784117.0,275361.0,634122.0,6109.0,5047.0,149.25
cbecs,building_survey,5351,5351,4,16,108000,2,8,1,168,200,1,1,1,1,2,2,2,6469,277,12120509.0,3552318.0,339025.0,11846221.0,114125.0,68452.0,62.24
cbecs,building_survey,5352,5352,2,13,6100,1,7,1,15,0,1,1,1,2,2,2,2,4307,1399,37787.0,11075.0,1434.0,82614.0,796.0,819.0,3075.23
cbecs,building_survey,5353,5353,2,14,48000,1,3,1,50,30,1,1,1,2,2,2,2,6813,731,533709.0,156421.0,20559.0,2066617.0,19910.0,11498.0,13.91
cbecs,building_survey,5354,5354,3,25,198000,1,7,10,168,115,1,1,1,2,2,2,2,4074,2105,13108661.0,3841929.0,283132.0,5767139.0,55560.0,37890.0,125.04
cbecs,building_survey,5355,5355,3,5,8500,1,7,1,115,1,1,1,2,2,1,2,2,4729,1828,266059.0,77977.0,5184.0,,,,3420.76
cbecs,building_survey,5356,5356,1,26,4800,1,8,1,40,2,1,1,2,1,2,2,2,7344,614,117934.0,34564.0,6194.0,,,,6534.79
cbecs,building_survey,5357,5357,1,5,44000,1,6,4,56,10,1,1,1,2,1,2,2,8466,560,1476668.0,432787.0,39773.0,1204649.0,11605.0,22295.0,224.76
cbecs,building_survey,5358,5358,1,13,73000,2,2,1,18,65,1,1,1,2,2,2,2,4993,1233,3133866.0,918484.0,84335.0,7975221.0,76833.0,42667.0,224.76
cbecs,building_survey,5359,5359,4,14,6700,1,9,1,40,7,1,1,1,2,2,2,2,1691,1716,94164.0,27598.0,3600.0,27425.0,264.0,75.0,4384.99
cbecs,building_survey,5360,5360,2,14,110000,2,8,1,108,80,1,1,1,2,2,2,2,7799,685,2992488.0,877048.0,75441.0,385323.0,3712.0,2478.0,8.93
cbecs,building_survey,5361,5361,3,2,330000,3,8,1,50,300,1,1,1,2,2,2,2,1339,3207,33471188.0,9809844.0,600664.0,421953.0,4065.0,2919.0,9.01
cbecs,building_survey,5362,5362,2,2,600000,9,5,5,11,400,1,1,1,1,2,2,2,5561,1365,20144489.0,5904012.0,639320.0,3142505.0,30275.0,66283.0,15.06
cbecs,building_survey,5363,5363,3,14,3000,1,6,1,40,12,1,1,2,2,1,2,2,5398,1665,198081.0,58054.0,5579.0,,,,4468.96
cbecs,building_survey,5364,5364,3,18,700000,5,7,3,168,320,1,1,1,1,2,2,2,1611,3758,27883752.0,8172260.0,714057.0,20829297.0,200668.0,112253.0,9.01
cbecs,building_survey,5365,5365,2,14,78000,2,8,1,10,80,1,1,1,2,2,2,2,5781,1173,2539856.0,744389.0,87098.0,1458841.0,14054.0,11687.0,20.62
cbecs,building_survey,5366,5366,1,1,3800,2,3,0,0,0,1,1,1,2,2,2,2,5476,1201,44561.0,13060.0,2698.0,201886.0,1945.0,1499.0,1195.14
cbecs,building_survey,5367,5367,1,2,600000,2,6,10,168,900,1,1,1,2,2,2,2,6806,554,43872199.0,12858206.0,1228229.0,41440207.0,399231.0,401894.0,7.62
cbecs,building_survey,5368,5368,4,2,28500,1,7,1,50,173,1,1,1,2,2,2,2,1855,1833,1669487.0,489299.0,58161.0,493004.0,4750.0,4014.0,611.8
cbecs,building_survey,5369,5369,2,5,54000,1,5,7,50,32,1,1,1,2,2,2,2,7814,925,122165.0,35805.0,4343.0,217784.0,2098.0,1972.0,245.01
cbecs,building_survey,5370,5370,3,15,1600,1,3,1,77,2,1,1,2,2,2,2,2,3386,2033,268314.0,78638.0,7854.0,,,,1195.14
cbecs,building_survey,5371,5371,2,2,32500,1,7,5,168,55,1,1,1,2,2,2,2,7363,752,932826.0,273396.0,41051.0,92723.0,893.0,1024.0,8.85
cbecs,building_survey,5372,5372,3,25,2900,1,3,1,40,1,1,1,1,2,2,2,2,3486,2248,113883.0,33377.0,3116.0,181201.0,1746.0,2073.0,2990.63
cbecs,building_survey,5373,5373,2,25,65000,3,8,1,63,30,1,1,1,2,2,1,2,7907,897,1279224.0,374919.0,45201.0,1617387.0,15582.0,12410.0,117.32
cbecs,building_survey,5374,5374,4,15,8000,2,6,1,70,5,1,1,1,2,2,2,2,4149,1533,340897.0,99911.0,9386.0,368632.0,3551.0,1934.0,1029.87
cbecs,building_survey,5375,5375,2,14,80000,3,8,1,38,75,1,1,1,1,2,2,2,4621,1458,3078728.0,902324.0,124432.0,2866113.0,27612.0,15709.0,97.52
cbecs,building_survey,5376,5376,1,14,485000,995,4,1,73,100,1,1,2,1,2,1,2,4640,1550,17347182.0,5084168.0,314551.0,,,,5.89
cbecs,building_survey,5377,5377,1,26,1500000,5,5,1,168,750,1,1,2,1,2,1,2,5324,943,72203454.0,21161622.0,3621815.0,,,,14.73
cbecs,building_survey,5378,5378,3,14,205000,1,6,1,58,110,1,1,1,2,2,2,2,1324,3273,7741392.0,2268872.0,177438.0,160892.0,1550.0,1424.0,49.23
cbecs,building_survey,5379,5379,1,14,230000,4,2,1,40,120,1,1,1,2,2,2,2,5915,846,5701646.0,1671057.0,238529.0,9754791.0,93977.0,51243.0,44.12
cbecs,building_survey,5380,5380,4,18,28500,2,6,1,168,8,1,1,1,2,2,2,2,969,2043,1630258.0,477801.0,68054.0,1849792.0,17821.0,12860.0,495.15
cbecs,building_survey,5381,5381,1,15,1200,2,6,1,64,2,1,1,1,2,2,2,2,7463,938,48037.0,14079.0,3117.0,230556.0,2221.0,3077.0,1195.14
cbecs,building_survey,5382,5382,4,18,158000,994,7,1,168,45,1,1,1,2,1,2,2,871,956,8260423.0,2420992.0,418105.0,6820917.0,65712.0,49588.0,9.11
cbecs,building_survey,5383,5383,3,16,260000,6,4,1,168,400,1,1,1,1,2,1,2,3329,2097,20417416.0,5984002.0,507607.0,4050764.0,39025.0,21372.0,9.07
cbecs,building_survey,5384,5384,1,1,3000,3,5,0,0,0,1,1,2,2,2,2,2,4886,1239,82536.0,24190.0,2768.0,,,,1195.14
cbecs,building_survey,5385,5385,4,23,70000,1,8,4,55,62,1,1,1,2,1,2,2,419,4875,3715268.0,1088883.0,139717.0,508344.0,4897.0,4222.0,10.71
cbecs,building_survey,5386,5386,4,18,1100,1,3,1,168,5,1,1,1,2,2,2,2,4987,396,56485.0,16555.0,1930.0,26663.0,257.0,270.0,4384.99
cbecs,building_survey,5387,5387,2,26,75000,1,8,1,40,38,1,1,1,1,2,2,2,7056,973,480715.0,140890.0,19093.0,3894973.0,37524.0,21258.0,633.24
cbecs,building_survey,5388,5388,3,14,210000,2,3,1,60,100,1,1,1,2,2,2,2,4158,1904,6654147.0,1950219.0,143682.0,568335.0,5475.0,4245.0,9.93
cbecs,building_survey,5389,5389,3,18,600000,994,8,12,168,800,1,1,1,1,1,2,2,4186,1868,80091590.0,23473502.0,2399716.0,46207286.0,445157.0,540406.0,14.9
cbecs,building_survey,5390,5390,2,18,144000,2,6,1,168,19,1,1,1,2,2,2,2,5640,1238,4235943.0,1241484.0,108551.0,3910740.0,37676.0,21050.0,100.08
cbecs,building_survey,5391,5391,3,15,2200,1,2,1,40,3,1,1,1,2,2,2,2,2586,3232,173028.0,50712.0,5414.0,145804.0,1405.0,1330.0,2990.63
cbecs,building_survey,5392,5392,2,2,16750,2,8,1,45,21,1,1,2,1,2,2,2,8505,628,938620.0,275094.0,26194.0,,,,1484.29
cbecs,building_survey,5393,5393,3,14,83000,1,7,1,50,86,1,1,1,1,2,2,2,4814,1811,3282631.0,962084.0,96526.0,2249886.0,21675.0,17511.0,288.37
cbecs,building_survey,5394,5394,4,26,11500,1,4,1,55,10,1,1,1,2,2,2,2,802,1738,505518.0,148159.0,19081.0,23830.0,230.0,321.0,717.24
cbecs,building_survey,5395,5395,2,25,184000,1,8,1,168,115,1,1,1,2,2,2,2,5967,1140,14540647.0,4261620.0,365450.0,8399788.0,80923.0,45787.0,54.09
cbecs,building_survey,5396,5396,4,2,415000,995,6,12,40,800,1,1,1,1,2,2,2,790,1201,31557644.0,9249016.0,1724366.0,1988135.0,19154.0,15971.0,15.06
cbecs,building_survey,5397,5397,2,5,6300,1,3,1,45,10,1,1,1,2,2,2,2,8813,503,57712.0,16914.0,2538.0,149596.0,1441.0,1340.0,3075.23
cbecs,building_survey,5398,5398,3,26,4800,1,6,1,55,8,1,1,1,2,2,2,2,4721,1625,120524.0,35324.0,4249.0,416017.0,4008.0,3996.0,2990.63
cbecs,building_survey,5399,5399,4,24,700000,2,7,996,73,1000,1,1,1,2,2,2,2,6053,916,39808469.0,11667195.0,827567.0,3799373.0,36603.0,16761.0,49.24
cbecs,building_survey,5400,5400,4,91,7200,1,4,1,84,8,1,1,1,2,2,2,2,989,2001,196602.0,57621.0,13865.0,52932.0,510.0,678.0,3075.23
cbecs,building_survey,5401,5401,2,17,65000,2,8,2,168,55,1,1,1,2,1,2,2,4459,1629,2154488.0,631444.0,64129.0,2304252.0,22199.0,16433.0,282.95
cbecs,building_survey,5402,5402,3,16,285000,7,4,1,168,400,1,1,1,1,1,2,2,5357,1098,33402989.0,9789856.0,849989.0,38289759.0,368880.0,207542.0,10.07
cbecs,building_survey,5403,5403,1,16,1500000,994,8,2,168,1800,1,1,1,1,2,2,2,6347,1040,76630286.0,22459052.0,2084338.0,94341923.0,908882.0,499773.0,9.88
cbecs,building_survey,5404,5404,3,14,104000,2,5,1,48,15,1,1,1,2,2,2,2,2155,2420,3951929.0,1158244.0,93657.0,2739206.0,26389.0,44084.0,324.59
cbecs,building_survey,5405,5405,1,18,270000,995,6,4,168,75,1,1,1,1,2,2,2,5300,1159,12579327.0,3686790.0,624542.0,20752478.0,199928.0,150680.0,8.74
cbecs,building_survey,5406,5406,4,2,310000,995,6,30,168,1300,1,1,1,1,2,2,2,1150,1952,24531047.0,7189639.0,919850.0,950501.0,9157.0,7547.0,15.06
cbecs,building_survey,5407,5407,3,15,13000,2,8,1,168,4,1,1,2,2,2,2,2,1912,3089,3188279.0,934431.0,49292.0,,,,690.18
cbecs,building_survey,5408,5408,2,12,50000,1,6,1,65,25,1,1,1,2,2,2,2,7138,1009,523519.0,153435.0,22275.0,1180752.0,11375.0,7490.0,623.52
cbecs,building_survey,5409,5409,2,15,2650,3,2,1,72,1,1,1,1,2,2,2,2,8670,801,116458.0,34132.0,3350.0,39832.0,384.0,476.0,1195.14
cbecs,building_survey,5410,5410,2,16,500000,4,9,1,168,1000,1,1,1,1,2,1,2,6591,1035,105741873.0,30991170.0,1349019.0,9988267.0,96226.0,47967.0,146.87
cbecs,building_survey,5411,5411,2,2,1100,2,2,1,40,3,1,1,1,2,2,2,2,6869,1306,42808.0,12546.0,1585.0,58402.0,563.0,670.0,1472.45
cbecs,building_survey,5412,5412,2,26,8000,1,2,1,55,15,1,1,2,2,2,2,2,4373,1804,762937.0,223604.0,19926.0,,,,1472.45
cbecs,building_survey,5413,5413,1,91,6000,1,4,1,40,4,1,1,2,1,2,2,2,4733,1102,117582.0,34461.0,4096.0,,,,2990.63
cbecs,building_survey,5414,5414,2,2,66000,7,3,1,53,250,1,1,1,2,2,2,2,6683,1194,4238543.0,1242246.0,158378.0,3345153.0,32227.0,27268.0,403.75
cbecs,building_survey,5415,5415,3,5,2600,1,8,1,168,0,1,1,2,2,2,2,2,4993,1572,74622.0,21870.0,2818.0,,,,774.84
cbecs,building_survey,5416,5416,4,13,3800,1,4,1,24,1,1,1,2,2,2,2,2,1380,3260,77247.0,22640.0,3729.0,,,,1195.14
cbecs,building_survey,5417,5417,1,14,265000,5,4,6,76,300,1,1,1,1,2,2,2,4369,1486,7897255.0,2314553.0,266851.0,74290.0,716.0,1449.0,9.01
cbecs,building_survey,5418,5418,2,26,5100,1,9,2,40,3,1,1,2,2,2,2,2,5477,1537,44716.0,13106.0,1604.0,,,,3709.28
cbecs,building_survey,5419,5419,3,14,49500,3,2,1,84,12,1,1,1,1,2,2,2,4335,1561,1837493.0,538538.0,47209.0,4947554.0,47664.0,17523.0,267.28
cbecs,building_survey,5420,5420,3,23,54000,1,7,9,60,44,1,1,1,2,2,2,2,3059,2495,3795712.0,1112460.0,66823.0,3574155.0,34433.0,19597.0,395.28
cbecs,building_survey,5421,5421,2,15,3000,1,3,1,112,5,1,1,1,2,2,2,2,6924,684,447626.0,131192.0,17081.0,947056.0,9124.0,5529.0,2052.82
cbecs,building_survey,5422,5422,1,14,116000,5,2,1,78,121,1,1,1,1,2,2,2,4122,1557,3188060.0,934367.0,85669.0,6388615.0,61547.0,34175.0,8.84
cbecs,building_survey,5423,5423,1,18,700000,994,6,1,168,250,1,1,1,1,2,2,2,4473,1289,18531606.0,5431303.0,777004.0,7393687.0,71230.0,65277.0,8.84
cbecs,building_survey,5424,5424,2,23,6400,1,6,5,55,10,1,1,1,2,2,2,2,7567,650,544409.0,159557.0,14403.0,350322.0,3375.0,2945.0,4740.75
cbecs,building_survey,5425,5425,2,14,215000,3,4,3,115,200,1,1,1,1,2,2,2,7812,989,7853312.0,2301674.0,238291.0,18329681.0,176587.0,118443.0,14.9
cbecs,building_survey,5426,5426,3,2,55000,2,8,15,50,30,1,1,1,2,2,2,2,2944,2653,2578799.0,755803.0,64197.0,270871.0,2610.0,1973.0,125.04
cbecs,building_survey,5427,5427,2,5,340000,1,5,4,40,25,1,1,1,2,1,2,2,7712,621,1805659.0,529208.0,69516.0,6044865.0,58236.0,35488.0,31.68
cbecs,building_survey,5428,5428,3,2,3000,3,2,1,40,4,1,1,1,2,2,2,2,3141,2669,60115.0,17619.0,1591.0,217849.0,2099.0,1788.0,1195.14
cbecs,building_survey,5429,5429,3,12,15750,2,3,1,10,2,1,1,2,1,2,2,2,4043,2021,115535.0,33861.0,4123.0,,,,2990.63
cbecs,building_survey,5430,5430,3,5,40500,1,5,2,50,25,1,1,1,2,2,2,2,5516,1448,852841.0,249953.0,22220.0,1741274.0,16775.0,13706.0,552.0
cbecs,building_survey,5431,5431,3,26,1300,1,6,1,48,1,1,1,2,2,2,2,2,3341,2457,145384.0,42610.0,3684.0,,,,1218.03
cbecs,building_survey,5432,5432,2,1,4450,2,3,2,50,4,1,1,2,1,2,2,2,5673,1354,35788.0,10489.0,1501.0,,,,3075.23
cbecs,building_survey,5433,5433,1,12,3200,2,3,1,5,5,1,1,1,1,2,2,2,5962,894,22103.0,6478.0,1416.0,23995.0,231.0,890.0,240.4
cbecs,building_survey,5434,5434,1,5,186000,1,5,1,50,7,1,1,1,2,1,2,2,7398,529,793745.0,232633.0,21675.0,251103.0,2419.0,2022.0,31.35
cbecs,building_survey,5435,5435,1,14,245000,5,2,1,63,110,1,1,1,2,2,2,2,6501,786,4036576.0,1183053.0,126977.0,18856764.0,181664.0,82480.0,8.84
cbecs,building_survey,5436,5436,2,5,5000,1,4,1,0,0,1,1,1,2,2,2,2,6224,1278,55974.0,16405.0,1871.0,197720.0,1905.0,1754.0,3709.28
cbecs,building_survey,5437,5437,2,25,168000,1,9,1,133,200,1,1,1,2,2,2,2,5559,1423,11117837.0,3258452.0,282717.0,5614683.0,54091.0,30645.0,125.92
cbecs,building_survey,5438,5438,1,4,455000,9,4,1,168,600,1,1,1,2,2,1,2,4924,1385,46862398.0,13734583.0,1104631.0,425997.0,4104.0,5441.0,63.15
cbecs,building_survey,5439,5439,3,14,220000,2,8,1,130,125,1,1,1,1,2,2,2,3541,2240,17446717.0,5113340.0,510975.0,21345831.0,205644.0,111996.0,8.44
cbecs,building_survey,5440,5440,3,8,25000,1,6,4,45,67,1,1,2,2,2,2,2,3260,2483,1392082.0,407996.0,30572.0,,,,1426.39
cbecs,building_survey,5441,5441,4,2,2000,1,8,1,30,1,1,1,1,2,2,2,2,2286,299,41226.0,12083.0,2001.0,46823.0,451.0,523.0,15.06
cbecs,building_survey,5442,5442,2,14,85000,3,3,1,45,44,1,1,1,2,2,2,2,4593,1597,4142249.0,1214024.0,155882.0,4455191.0,42921.0,23561.0,174.24
cbecs,building_survey,5443,5443,1,2,235000,4,6,2,10,400,1,1,1,1,2,2,2,5275,1493,25468148.0,7464287.0,875885.0,12428714.0,119737.0,89176.0,39.95
cbecs,building_survey,5444,5444,3,25,65000,1,8,1,72,25,1,1,2,2,2,2,2,4397,2215,759844.0,222698.0,26405.0,,,,245.01
cbecs,building_survey,5445,5445,2,14,45500,5,4,1,84,53,1,1,1,2,2,2,2,5866,1372,1800278.0,527631.0,46890.0,3182992.0,30665.0,17336.0,332.94
cbecs,building_survey,5446,5446,3,13,17000,1,5,1,168,9,1,1,2,2,1,2,2,1223,2145,680787.0,199527.0,17361.0,,,,1489.41
cbecs,building_survey,5447,5447,3,13,3100,2,7,1,0,0,1,1,1,2,2,2,2,3290,1855,86874.0,25461.0,2715.0,14028.0,135.0,558.0,3320.27
cbecs,building_survey,5448,5448,3,2,395000,995,6,23,65,350,1,1,2,1,2,2,2,1310,3350,9330796.0,2734700.0,274496.0,,,,14.9
cbecs,building_survey,5449,5449,1,26,25000,2,6,1,76,15,1,1,2,2,2,2,2,4906,1216,1235149.0,362001.0,49534.0,,,,621.37
cbecs,building_survey,5450,5450,1,2,194000,6,8,1,65,420,1,1,1,2,2,2,2,5136,995,26107332.0,7651621.0,1141557.0,1403639.0,13523.0,11430.0,14.73
cbecs,building_survey,5451,5451,2,2,2700,2,8,1,55,6,1,1,1,2,2,2,2,7892,908,85619.0,25093.0,4068.0,104759.0,1009.0,1218.0,2990.63
cbecs,building_survey,5452,5452,1,24,700000,1,6,996,90,400,1,1,1,2,2,2,2,7376,764,3473094.0,1017906.0,110060.0,792300.0,7633.0,4065.0,44.87
cbecs,building_survey,5453,5453,3,14,77000,2,8,1,40,10,1,1,1,2,2,2,2,3055,1950,2619805.0,767821.0,45759.0,2419306.0,23307.0,19239.0,330.8
cbecs,building_survey,5454,5454,1,25,196000,1,7,3,168,115,1,1,1,2,2,2,2,6264,960,16627328.0,4873191.0,447043.0,5667163.0,54597.0,43227.0,107.76
cbecs,building_survey,5455,5455,4,2,330000,5,2,8,90,200,1,1,1,1,2,2,1,4698,1689,10392433.0,3045848.0,233067.0,1633147.0,15734.0,11570.0,14.9
cbecs,building_survey,5456,5456,2,26,2400,1,5,1,45,2,1,1,1,2,2,2,2,8243,558,20847.0,6110.0,1174.0,92017.0,886.0,1007.0,3075.23
cbecs,building_survey,5457,5457,3,12,21500,2,8,1,8,10,1,1,2,2,1,2,2,2020,2791,151872.0,44511.0,4602.0,,,,468.41
cbecs,building_survey,5458,5458,3,4,500001,995,7,2,72,500,1,1,1,1,2,1,2,1028,3627,66659877.0,19536892.0,1318307.0,400800.0,3861.0,3020.0,9.88
cbecs,building_survey,5459,5459,3,23,12000,1,8,4,45,15,1,1,1,2,2,2,2,3305,2066,732657.0,214729.0,19266.0,191462.0,1845.0,1661.0,2009.74
cbecs,building_survey,5460,5460,2,5,75000,1,7,1,10,35,1,1,1,2,2,2,2,5619,1689,825672.0,241991.0,20869.0,3967304.0,38221.0,33236.0,245.01
cbecs,building_survey,5461,5461,3,12,112000,2,2,1,58,34,1,1,1,2,2,2,2,3220,2697,2815099.0,825058.0,71944.0,3951561.0,38069.0,33077.0,117.32
cbecs,building_survey,5462,5462,3,14,130000,1,8,1,50,85,1,1,1,2,2,2,2,3912,2193,3712871.0,1088180.0,103292.0,359113.0,3460.0,3149.0,99.38
cbecs,building_survey,5463,5463,1,2,600000,995,6,10,11,1600,1,1,2,1,2,1,2,4562,1513,25888659.0,7587532.0,697624.0,,,,42.58
cbecs,building_survey,5464,5464,2,2,340000,1,7,1,96,1700,1,1,1,1,2,2,2,7086,940,18924939.0,5546582.0,619348.0,8819543.0,84967.0,40464.0,48.85
cbecs,building_survey,5465,5465,3,2,265000,994,6,44,65,350,1,1,2,2,2,2,2,2130,3545,15406462.0,4515376.0,270566.0,,,,14.9
cbecs,building_survey,5466,5466,2,23,250000,2,7,19,75,227,1,1,1,2,2,2,2,6154,1326,12842805.0,3764011.0,323826.0,16647898.0,160384.0,87776.0,72.88
cbecs,building_survey,5467,5467,1,13,20750,3,2,1,58,2,1,1,1,2,2,1,2,6283,904,265742.0,77885.0,17819.0,160405.0,1545.0,2713.0,1461.43
cbecs,building_survey,5468,5468,1,14,138000,3,8,1,80,30,1,1,1,2,2,2,2,5930,929,5283552.0,1548521.0,119219.0,5408018.0,52100.0,42541.0,99.38
cbecs,building_survey,5469,5469,3,2,445000,995,5,27,60,500,1,1,2,1,2,2,2,2165,2229,14257804.0,4178723.0,336186.0,,,,6.42
cbecs,building_survey,5470,5470,2,2,50000,2,5,1,100,17,1,1,1,2,1,2,2,8850,1000,1797635.0,526857.0,44936.0,384539.0,3705.0,3361.0,1489.41
cbecs,building_survey,5471,5471,4,5,12750,1,8,3,50,3,1,1,1,2,2,2,2,6723,378,104296.0,30567.0,5315.0,661767.0,6375.0,4898.0,1030.4
cbecs,building_survey,5472,5472,3,13,350000,7,4,1,126,30,1,1,1,1,2,2,2,3668,1932,22615048.0,6628091.0,527776.0,33445740.0,322213.0,180471.0,8.44
cbecs,building_survey,5473,5473,2,8,210000,6,6,1,168,150,1,1,1,1,2,2,2,5098,1564,25241605.0,7397891.0,641526.0,6968800.0,67137.0,37751.0,8.62
cbecs,building_survey,5474,5474,3,15,3300,1,5,1,70,9,1,1,1,2,2,2,2,2031,2196,399607.0,117118.0,14005.0,634187.0,6110.0,5687.0,1218.03
cbecs,building_survey,5475,5475,3,14,200001,2,6,1,68,60,1,1,1,2,2,2,2,1545,3438,5908179.0,1731588.0,182736.0,118263.0,1139.0,1959.0,9.01
cbecs,building_survey,5476,5476,4,15,1600,1,2,1,51,2,1,1,2,2,1,2,2,6393,257,73531.0,21551.0,2830.0,,,,1473.57
cbecs,building_survey,5477,5477,2,5,73000,1,3,1,63,2,1,1,1,2,2,2,2,5205,1296,326561.0,95710.0,9203.0,2959432.0,28511.0,13809.0,237.36
cbecs,building_survey,5478,5478,2,15,2000,1,8,1,103,3,1,1,2,2,2,2,2,7011,1343,386298.0,113217.0,13766.0,,,,1335.8
cbecs,building_survey,5479,5479,2,26,20000,1,5,1,50,23,1,1,2,2,2,2,2,4905,1696,390675.0,114500.0,7875.0,,,,1101.66
cbecs,building_survey,5480,5480,3,12,33000,3,7,1,30,3,1,1,1,2,2,2,2,3623,2277,615741.0,180463.0,21633.0,465805.0,4488.0,3192.0,1413.09
cbecs,building_survey,5481,5481,1,13,114000,2,5,1,112,75,1,1,1,1,2,2,2,6874,787,7061139.0,2069501.0,311965.0,12742422.0,122759.0,67066.0,240.4
cbecs,building_survey,5482,5482,4,8,1700,1,6,1,40,7,1,1,2,2,2,2,2,3270,2233,244878.0,71770.0,5557.0,,,,1029.87
cbecs,building_survey,5483,5483,4,8,7200,1,8,1,40,8,1,1,2,1,2,2,2,1694,3778,609723.0,178700.0,35425.0,,,,1505.12
cbecs,building_survey,5484,5484,3,14,128000,2,9,1,45,60,1,1,1,2,2,2,2,4586,1376,3214812.0,942208.0,98304.0,2702440.0,26035.0,48897.0,66.03
cbecs,building_survey,5485,5485,2,6,110000,1,9,2,168,98,1,1,1,2,2,2,2,5806,1145,12972103.0,3801906.0,346773.0,13240480.0,127558.0,60982.0,49.37
cbecs,building_survey,5486,5486,4,13,18250,1,5,1,30,2,1,1,1,2,2,2,2,1992,1608,150208.0,44023.0,9615.0,272340.0,2624.0,3240.0,1486.89
cbecs,building_survey,5487,5487,3,14,102000,1,7,1,60,82,1,1,2,1,2,2,2,3958,1641,2950643.0,864784.0,68147.0,,,,288.37
cbecs,building_survey,5488,5488,3,5,20000,1,8,1,40,2,1,1,2,2,2,2,2,1190,4234,566972.0,166170.0,10434.0,,,,3420.76
cbecs,building_survey,5489,5489,4,5,50000,2,4,1,120,50,1,1,2,2,1,2,2,4094,335,756878.0,221828.0,26066.0,,,,808.37
cbecs,building_survey,5490,5490,3,2,230000,4,2,35,50,325,1,1,1,2,2,2,1,4305,1614,9239068.0,2707816.0,231641.0,389493.0,3752.0,3891.0,14.9
cbecs,building_survey,5491,5491,3,7,25000,2,8,4,45,25,1,1,2,1,2,2,2,4207,1422,1741771.0,510484.0,56226.0,,,,681.06
cbecs,building_survey,5492,5492,3,13,62000,3,8,1,70,15,1,1,2,1,2,2,2,1464,3989,9293333.0,2723720.0,244029.0,,,,14.9
cbecs,building_survey,5493,5493,4,1,1400,1,8,0,0,0,2,2,2,2,2,2,2,3565,2142,,,,,,,677.49
cbecs,building_survey,5494,5494,2,17,400000,3,6,1,168,300,1,1,1,1,1,2,2,8005,562,22285703.0,6531566.0,552050.0,9884538.0,95227.0,46532.0,27.22
cbecs,building_survey,5495,5495,3,7,51000,2,8,1,168,350,1,1,1,1,2,2,2,2794,2769,5332836.0,1562965.0,93366.0,2603098.0,25078.0,14155.0,504.63
cbecs,building_survey,5496,5496,4,8,28000,1,7,20,45,16,1,1,1,2,2,2,2,3472,2408,875457.0,256582.0,22801.0,685748.0,6606.0,4994.0,675.45
cbecs,building_survey,5497,5497,3,2,455000,995,6,47,60,733,1,1,1,1,2,2,2,3163,2106,27585455.0,8084834.0,741322.0,10325756.0,99477.0,54593.0,14.9
cbecs,building_survey,5498,5498,3,12,132000,2,5,1,60,6,1,1,1,1,2,2,2,2449,2446,988796.0,289800.0,32361.0,350922.0,3381.0,3316.0,115.51
cbecs,building_survey,5499,5499,4,5,800000,2,7,1,144,100,1,1,1,2,2,2,2,4752,1183,8116855.0,2378914.0,166372.0,2510207.0,24183.0,11823.0,31.35
cbecs,building_survey,5500,5500,3,2,7500,1,5,4,40,7,1,1,1,2,2,2,2,3234,2944,857976.0,251458.0,23582.0,54317.0,523.0,727.0,2990.63
cbecs,building_survey,5501,5501,3,5,10250,1,8,2,40,4,1,1,2,2,2,2,2,1861,2528,169506.0,49679.0,4857.0,,,,1218.58
cbecs,building_survey,5502,5502,3,13,45000,2,6,1,63,20,1,1,1,2,2,2,2,1492,4039,6056043.0,1774925.0,148943.0,1509208.0,14540.0,22806.0,309.52
cbecs,building_survey,5503,5503,1,2,110000,4,2,1,50,420,1,1,1,1,2,2,2,7054,599,5724017.0,1677613.0,243435.0,5106297.0,49194.0,20923.0,14.73
cbecs,building_survey,5504,5504,3,16,210000,3,7,1,168,150,1,1,1,1,2,2,2,2353,4127,8526484.0,2498970.0,140336.0,8254892.0,79527.0,44679.0,28.53
cbecs,building_survey,5505,5505,1,8,20000,1,8,2,60,50,1,1,2,2,1,2,2,5702,531,580942.0,170264.0,21238.0,,,,488.97
cbecs,building_survey,5506,5506,2,5,18000,1,7,1,40,12,1,1,1,2,2,2,2,5227,1979,991408.0,290565.0,25259.0,250162.0,2410.0,2356.0,1413.09
cbecs,building_survey,5507,5507,4,13,1500,1,8,1,168,2,1,1,2,2,2,2,2,427,1397,113458.0,33253.0,4836.0,,,,677.49
cbecs,building_survey,5508,5508,3,13,15000,2,2,2,40,5,1,1,2,2,2,2,2,1316,3044,1102939.0,323253.0,20019.0,,,,1484.29
cbecs,building_survey,5509,5509,2,25,210000,1,7,6,168,150,1,1,1,2,2,2,2,5928,1054,15087031.0,4421756.0,373938.0,8390501.0,80833.0,44937.0,55.66
cbecs,building_survey,5510,5510,3,13,600000,3,7,1,80,64,1,1,1,2,2,2,2,1463,3651,22395609.0,6563778.0,608580.0,785680.0,7569.0,7735.0,48.85
cbecs,building_survey,5511,5511,1,5,60000,3,5,1,55,16,1,1,1,1,2,2,2,6498,863,1135975.0,332935.0,50022.0,629222.0,6062.0,5237.0,611.8
cbecs,building_survey,5512,5512,3,2,74000,2,8,1,50,282,1,1,2,2,2,2,2,1635,2850,5935802.0,1739684.0,164630.0,,,,244.16
cbecs,building_survey,5513,5513,2,14,230000,3,4,1,60,95,1,1,1,2,2,2,2,8510,987,3403387.0,997476.0,126430.0,12925730.0,124525.0,69258.0,22.22
cbecs,building_survey,5514,5514,2,18,200001,995,4,1,168,42,1,1,1,2,2,2,2,7988,1073,11169984.0,3273735.0,288826.0,21832723.0,210335.0,137482.0,9.01
cbecs,building_survey,5515,5515,4,2,210000,994,6,18,75,550,1,1,1,1,2,2,2,5706,759,9388366.0,2751573.0,241509.0,1159508.0,11171.0,7057.0,14.9
cbecs,building_survey,5516,5516,3,5,275000,1,5,1,168,15,1,1,2,2,1,2,2,1376,3131,1710091.0,501199.0,39610.0,,,,8.76
cbecs,building_survey,5517,5517,2,13,200000,3,6,1,110,35,1,1,1,2,2,2,2,8338,582,5728142.0,1678822.0,169224.0,5905821.0,56896.0,36842.0,118.55
cbecs,building_survey,5518,5518,3,13,27500,2,8,1,168,6,1,1,1,2,2,2,2,4341,1893,1056871.0,309751.0,19040.0,3340865.0,32186.0,18009.0,591.56
cbecs,building_survey,5519,5519,3,12,22000,1,5,1,5,1,1,1,2,2,1,2,2,2853,2160,218003.0,63893.0,7913.0,,,,1413.09
cbecs,building_survey,5520,5520,2,5,150000,2,6,5,50,60,1,1,1,2,2,2,2,7304,964,3429246.0,1005055.0,108926.0,4884820.0,47060.0,27663.0,27.6
cbecs,building_survey,5521,5521,1,91,54000,1,6,1,168,0,1,1,2,2,2,2,2,6275,864,3410896.0,999676.0,148300.0,,,,134.42
cbecs,building_survey,5522,5522,4,2,196000,2,8,1,60,200,1,1,1,1,1,2,2,4150,1734,3967463.0,1162797.0,84054.0,7216886.0,69527.0,57163.0,69.6
cbecs,building_survey,5523,5523,1,7,600000,994,7,1,168,370,1,1,1,1,2,2,2,5478,1014,32518906.0,9530746.0,1437861.0,37871510.0,364851.0,325296.0,8.91
cbecs,building_survey,5524,5524,1,13,2750,2,7,1,130,0,1,1,2,2,1,2,2,5351,973,14092.0,4130.0,989.0,,,,2934.43
cbecs,building_survey,5525,5525,1,14,305000,9,7,1,80,110,1,1,1,2,2,2,2,6321,925,24348868.0,7136245.0,396002.0,9828540.0,94687.0,51600.0,5.89
cbecs,building_survey,5526,5526,1,14,420000,5,8,3,78,250,1,1,2,1,2,1,2,4126,1646,19595513.0,5743116.0,530806.0,,,,5.89
cbecs,building_survey,5527,5527,3,13,32000,1,4,2,54,8,1,1,2,2,2,2,2,2048,2302,331032.0,97020.0,12769.0,,,,623.52
cbecs,building_survey,5528,5528,3,2,4000,3,6,1,40,10,1,1,1,2,2,2,2,2785,2232,81324.0,23835.0,4174.0,111326.0,1073.0,1069.0,1218.03
cbecs,building_survey,5529,5529,2,2,210000,994,8,2,60,800,1,1,1,1,2,2,2,7470,701,23588141.0,6913289.0,627211.0,1139889.0,10982.0,7347.0,15.06
cbecs,building_survey,5530,5530,3,13,210000,6,8,1,46,200,1,1,1,1,2,2,2,3912,2014,20671805.0,6058559.0,551615.0,17757147.0,171071.0,111382.0,68.7
cbecs,building_survey,5531,5531,3,12,5000,1,5,1,8,10,1,1,1,2,2,2,2,3472,2231,44513.0,13046.0,2060.0,74255.0,715.0,1054.0,2990.63
cbecs,building_survey,5532,5532,4,8,11000,1,8,1,45,12,1,1,2,2,2,2,2,1366,4830,367049.0,107576.0,20063.0,,,,1461.43
cbecs,building_survey,5533,5533,2,17,50001,2,8,1,168,25,1,1,1,2,2,2,2,7809,778,1979124.0,580048.0,42854.0,2707538.0,26084.0,20094.0,329.67
cbecs,building_survey,5534,5534,3,14,255000,7,4,1,80,100,1,1,1,2,2,1,2,2614,3152,25022319.0,7333622.0,519263.0,139826.0,1347.0,973.0,15.29
cbecs,building_survey,5535,5535,2,1,3000,1,6,0,0,0,2,2,2,2,2,2,2,5801,1141,,,,,,,2934.43
cbecs,building_survey,5536,5536,4,18,36000,4,6,1,168,40,1,1,1,2,2,2,1,1337,802,1548361.0,453799.0,51864.0,980079.0,9442.0,7916.0,426.97
cbecs,building_survey,5537,5537,2,14,355000,3,5,1,60,230,1,1,1,2,2,2,2,4636,1892,11900188.0,3487746.0,292173.0,15906644.0,153243.0,80403.0,44.64
cbecs,building_survey,5538,5538,2,25,24250,1,5,1,63,35,1,1,1,2,2,2,2,6817,928,888800.0,260492.0,19418.0,637033.0,6137.0,1732.0,1632.49
cbecs,building_survey,5539,5539,4,13,200000,6,6,2,70,15,1,1,1,1,2,2,2,1656,3766,4815890.0,1411457.0,98700.0,1343872.0,12947.0,7660.0,14.67
cbecs,building_survey,5540,5540,3,5,2400,1,4,1,40,2,1,1,1,2,2,2,2,3738,2142,115493.0,33849.0,2305.0,45085.0,434.0,530.0,1218.03
cbecs,building_survey,5541,5541,4,23,9900,1,9,5,55,13,1,1,1,2,2,2,2,7139,539,506362.0,148406.0,11256.0,618020.0,5954.0,4573.0,1930.83
cbecs,building_survey,5542,5542,3,23,56000,1,7,8,75,64,1,1,1,1,1,2,2,3658,1838,3821887.0,1120131.0,96443.0,2692996.0,25944.0,14673.0,395.28
cbecs,building_survey,5543,5543,1,2,310000,8,8,8,60,600,1,1,1,2,2,2,2,5081,1362,16974004.0,4974796.0,670624.0,1201052.0,11571.0,10073.0,14.9
cbecs,building_survey,5544,5544,4,2,114000,3,7,1,55,350,1,1,1,1,2,2,2,6367,651,5425593.0,1590150.0,115314.0,416475.0,4012.0,3080.0,14.9
cbecs,building_survey,5545,5545,2,14,280000,3,4,1,60,150,1,1,1,1,2,2,2,6925,1309,14158994.0,4149764.0,267206.0,1554350.0,14974.0,9124.0,93.97
cbecs,building_survey,5546,5546,2,2,2800,1,7,1,28,1,1,1,1,2,2,2,2,7682,626,18132.0,5314.0,884.0,96703.0,932.0,707.0,3075.23
cbecs,building_survey,5547,5547,1,18,375000,995,2,1,168,200,1,1,1,1,2,2,2,4498,1596,13992856.0,4101072.0,333845.0,37657073.0,362785.0,122149.0,9.01
cbecs,building_survey,5548,5548,4,91,94000,2,8,1,168,125,1,1,1,2,2,2,2,580,2023,18468118.0,5412696.0,772128.0,28719.0,277.0,438.0,118.55
cbecs,building_survey,5549,5549,2,7,65000,6,6,15,8,110,1,1,1,1,2,1,2,5053,1165,3533650.0,1035654.0,104679.0,585110.0,5637.0,4724.0,24.95
cbecs,building_survey,5550,5550,2,14,39500,2,4,1,50,38,1,1,1,2,2,2,2,7884,455,699487.0,205008.0,26685.0,2448667.0,23590.0,15399.0,611.8
cbecs,building_survey,5551,5551,3,26,4800,1,6,1,80,6,1,1,2,1,2,2,2,1993,3668,196578.0,57614.0,7550.0,,,,2990.63
cbecs,building_survey,5552,5552,3,5,10500,1,6,5,45,10,1,1,2,2,2,2,2,2826,2042,231840.0,67948.0,13040.0,,,,1413.09
cbecs,building_survey,5553,5553,2,16,1000000,994,8,1,168,2000,1,1,1,1,2,2,2,7068,1023,88797581.0,26025082.0,2401392.0,132623503.0,1277683.0,692649.0,33.82
cbecs,building_survey,5554,5554,1,2,290000,994,2,7,50,700,1,1,2,1,2,2,2,5710,916,10943921.0,3207480.0,469907.0,,,,14.73
cbecs,building_survey,5555,5555,3,14,122000,1,5,1,45,40,1,1,1,2,2,2,2,2303,3235,815122.0,238899.0,19099.0,3714340.0,35784.0,19714.0,54.9
cbecs,building_survey,5556,5556,2,5,700000,3,7,1,168,550,1,1,1,1,2,2,2,6211,1102,43581038.0,12772872.0,1244786.0,5030207.0,48461.0,30711.0,14.9
cbecs,building_survey,5557,5557,2,2,7000,2,6,1,44,5,1,1,1,2,2,2,2,9135,504,214497.0,62865.0,8723.0,97304.0,937.0,806.0,3075.23
cbecs,building_survey,5558,5558,3,23,300000,1,9,28,75,182,1,1,1,2,2,2,2,3591,2430,24227211.0,7100589.0,431433.0,11585095.0,111610.0,63053.0,111.63
cbecs,building_survey,5559,5559,4,1,4200,1,6,0,0,0,1,1,2,2,2,2,2,4741,878,7955.0,2331.0,473.0,,,,6921.06
cbecs,building_survey,5560,5560,3,18,200000,994,6,1,168,60,1,1,1,2,2,2,2,2988,2145,11604003.0,3400939.0,288021.0,3767805.0,36299.0,20174.0,332.94
cbecs,building_survey,5561,5561,1,13,1500000,4,7,1,112,150,1,1,1,1,2,2,2,4721,1625,47310817.0,13866007.0,1286729.0,19720266.0,189983.0,106694.0,14.9
cbecs,building_survey,5562,5562,1,13,14000,2,4,1,63,1,1,1,2,2,1,2,2,8514,664,304034.0,89107.0,14191.0,,,,2934.43
cbecs,building_survey,5563,5563,2,2,500001,6,2,70,56,250,1,1,1,1,2,2,2,6838,1001,10226179.0,2997122.0,253930.0,2327932.0,22427.0,16778.0,7.71
cbecs,building_survey,5564,5564,4,5,36000,2,8,1,40,1,1,1,1,2,1,2,2,948,961,104387.0,30594.0,4358.0,9413.0,91.0,269.0,227.11
cbecs,building_survey,5565,5565,3,6,1900,1,6,1,133,2,1,1,2,2,2,2,2,2312,3146,329078.0,96447.0,6458.0,,,,1218.03
cbecs,building_survey,5566,5566,1,2,3750,2,5,2,40,8,1,1,2,2,1,2,2,5830,802,149905.0,43935.0,6973.0,,,,4084.96
cbecs,building_survey,5567,5567,2,8,17000,1,8,2,50,20,1,1,1,2,2,2,2,5798,1549,1468094.0,430274.0,57048.0,597131.0,5753.0,4821.0,717.24
cbecs,building_survey,5568,5568,2,26,56000,1,4,1,168,0,2,2,2,2,2,2,2,6495,1031,,,,,,,581.87
cbecs,building_survey,5569,5569,4,7,4800,1,5,1,168,4,1,1,1,1,2,2,2,7182,451,122936.0,36030.0,3562.0,264093.0,2544.0,2252.0,4384.99
cbecs,building_survey,5570,5570,2,2,8000,1,9,1,60,20,1,1,1,2,2,2,2,8153,560,111614.0,32712.0,3851.0,66876.0,644.0,610.0,1531.55
cbecs,building_survey,5571,5571,4,14,12750,1,4,1,40,23,1,1,1,2,2,2,2,1013,1013,172717.0,50620.0,7867.0,166808.0,1607.0,1092.0,495.15
cbecs,building_survey,5572,5572,2,14,420000,4,3,1,50,300,1,1,1,2,2,2,2,6567,867,8795258.0,2577743.0,312226.0,15903671.0,153215.0,80153.0,8.93
cbecs,building_survey,5573,5573,1,5,350000,2,6,4,55,75,1,1,2,2,2,2,2,4998,1398,1869762.0,547996.0,61092.0,,,,14.9
cbecs,building_survey,5574,5574,1,8,83000,994,6,1,10,140,1,1,1,2,2,2,2,4387,1311,8586059.0,2516430.0,156085.0,912169.0,8788.0,10616.0,127.33
cbecs,building_survey,5575,5575,1,13,11000,2,7,1,10,0,1,1,1,2,2,2,2,5634,1062,16888.0,4950.0,1067.0,344031.0,3314.0,3683.0,1484.29
cbecs,building_survey,5576,5576,3,13,20000,1,8,1,91,16,1,1,1,2,2,2,2,3016,2616,372816.0,109266.0,7706.0,271385.0,2614.0,2720.0,1413.09
cbecs,building_survey,5577,5577,3,18,146000,7,6,1,168,55,1,1,1,2,2,2,2,1406,3638,10235473.0,2999846.0,273491.0,3490503.0,33627.0,15952.0,9.01
cbecs,building_survey,5578,5578,2,13,1800000,7,9,4,40,150,1,1,1,1,1,1,2,8021,998,78763335.0,23084213.0,2370693.0,2517858.0,24257.0,16872.0,14.9
cbecs,building_survey,5579,5579,4,26,2500,1,2,1,50,1,1,1,2,2,2,2,2,5349,673,52544.0,15400.0,938.0,,,,3075.23
cbecs,building_survey,5580,5580,3,2,41500,2,8,1,50,50,1,1,1,1,2,2,2,3247,2003,3096726.0,907598.0,45604.0,3245130.0,31263.0,28103.0,591.56
cbecs,building_survey,5581,5581,4,5,30000,1,6,1,42,5,1,1,2,2,2,2,2,1602,842,36431.0,10677.0,1934.0,,,,15.06
cbecs,building_survey,5582,5582,3,5,210000,1,9,2,50,12,1,1,1,2,2,2,2,4386,1539,1091927.0,320025.0,32804.0,4862409.0,46844.0,45019.0,66.03
cbecs,building_survey,5583,5583,3,1,2800,1,2,1,45,0,1,1,2,2,2,2,2,2822,2295,20879.0,6119.0,866.0,,,,2990.63
cbecs,building_survey,5584,5584,4,2,9300,1,7,1,48,21,1,1,2,2,2,2,2,4549,730,304927.0,89369.0,4466.0,,,,1531.55
cbecs,building_survey,5585,5585,2,14,335000,5,2,1,101,101,1,1,1,1,2,2,2,6731,773,6385459.0,1871471.0,210400.0,26557154.0,255849.0,147294.0,8.93
cbecs,building_survey,5586,5586,2,5,12000,2,8,3,50,2,1,1,1,2,2,2,2,8764,497,67400.0,19754.0,2635.0,557445.0,5370.0,4636.0,3554.88
cbecs,building_survey,5587,5587,4,23,79000,1,7,18,126,61,1,1,1,2,2,2,2,4768,1069,7287742.0,2135915.0,149572.0,4949946.0,47687.0,22012.0,395.28
cbecs,building_survey,5588,5588,1,13,29500,5,2,1,70,5,1,1,1,2,2,2,2,6771,725,407670.0,119481.0,11272.0,3492803.0,33649.0,18733.0,611.8
cbecs,building_survey,5589,5589,3,18,162000,8,6,1,168,50,1,1,1,1,2,2,2,1545,4275,10437802.0,3059145.0,263237.0,2011485.0,19378.0,6863.0,9.01
cbecs,building_survey,5590,5590,3,17,65000,2,5,1,168,100,1,1,2,2,1,2,2,4187,1546,7564479.0,2217022.0,186831.0,,,,110.28
cbecs,building_survey,5591,5591,2,2,1800000,6,7,1,65,1800,1,1,1,1,2,2,2,6756,821,60925225.0,17856162.0,1398368.0,73796718.0,710951.0,314774.0,15.06
cbecs,building_survey,5592,5592,4,2,280000,6,8,1,40,600,1,1,1,2,2,2,1,2343,904,11084759.0,3248757.0,415645.0,820694.0,7906.0,6702.0,12.36
cbecs,building_survey,5593,5593,3,26,30000,2,4,2,77,9,1,1,1,2,2,2,2,4924,1451,979030.0,286937.0,25436.0,1786053.0,17207.0,14484.0,21.42
cbecs,building_survey,5594,5594,4,2,15750,2,8,12,45,52,1,1,2,2,2,2,2,2934,2235,1009983.0,296009.0,21006.0,,,,611.8
cbecs,building_survey,5595,5595,3,2,420000,5,7,7,44,700,1,1,1,1,2,2,2,2119,2362,30307285.0,8882557.0,685265.0,7536831.0,72609.0,40901.0,14.67
cbecs,building_survey,5596,5596,3,14,235000,3,8,1,50,108,1,1,1,2,2,2,2,3246,1806,6808261.0,1995387.0,173848.0,4503121.0,43383.0,36304.0,8.84
cbecs,building_survey,5597,5597,1,14,156000,3,2,2,50,80,1,1,1,2,2,2,2,5485,1365,3584140.0,1050451.0,82083.0,12253276.0,118047.0,114067.0,8.84
cbecs,building_survey,5598,5598,1,14,900000,8,6,1,168,1117,1,1,1,1,2,2,2,5241,1369,94960350.0,27831287.0,2544831.0,11803101.0,113710.0,63439.0,6.63
cbecs,building_survey,5599,5599,3,25,15000,1,4,1,84,4,1,1,2,2,2,2,2,1030,4298,310346.0,90957.0,6367.0,,,,1489.41
cbecs,building_survey,5600,5600,3,15,3900,1,6,1,115,14,1,1,1,2,2,2,2,2868,3946,934486.0,273882.0,15692.0,1551712.0,14949.0,16931.0,1218.03
cbecs,building_survey,5601,5601,4,1,3000,2,2,0,0,0,2,2,2,2,2,2,2,5975,976,,,,,,,2063.57
cbecs,building_survey,5602,5602,2,13,53000,4,3,2,168,35,1,1,1,2,2,2,2,6700,646,1792595.0,525380.0,52149.0,8436717.0,81279.0,45322.0,495.15
cbecs,building_survey,5603,5603,3,25,158000,1,8,8,168,115,1,1,1,2,2,2,2,4244,1983,13350228.0,3912728.0,296019.0,4131096.0,39799.0,22440.0,125.04
cbecs,building_survey,5604,5604,3,2,50000,5,5,1,54,45,1,1,2,2,2,2,2,1254,3991,826305.0,242176.0,31572.0,,,,240.4
cbecs,building_survey,5605,5605,2,2,4550,1,5,2,35,1,1,1,1,2,2,2,2,7403,575,85603.0,25089.0,4042.0,236826.0,2282.0,4001.0,5227.22
cbecs,building_survey,5606,5606,1,14,345000,8,7,3,120,500,1,1,1,1,2,1,2,5895,891,17697720.0,5186905.0,948639.0,707030.0,6811.0,7785.0,5.91
cbecs,building_survey,5607,5607,3,23,102000,1,8,22,126,82,1,1,1,2,2,2,2,3354,1911,11587285.0,3396039.0,292868.0,5727932.0,55182.0,30560.0,175.02
cbecs,building_survey,5608,5608,3,13,18000,2,7,2,84,2,1,1,1,2,2,2,2,3059,1919,369194.0,108205.0,8764.0,965336.0,9300.0,8653.0,1315.0
cbecs,building_survey,5609,5609,2,15,8000,1,9,1,48,6,1,1,2,2,1,2,2,9928,576,468068.0,137183.0,11789.0,,,,687.8
cbecs,building_survey,5610,5610,2,14,77000,2,8,1,65,53,1,1,1,2,2,2,2,6025,1069,2146671.0,629153.0,59404.0,2219481.0,21382.0,13256.0,876.13
cbecs,building_survey,5611,5611,2,13,1500,4,2,1,8,10,1,1,2,2,2,2,2,6627,1183,13075.0,3832.0,523.0,,,,4384.99
cbecs,building_survey,5612,5612,4,2,102000,994,6,1,20,500,1,1,1,1,2,2,2,8096,16,6213575.0,1821095.0,243755.0,8673524.0,83560.0,82280.0,253.07
cbecs,building_survey,5613,5613,4,25,205000,1,8,5,168,150,1,1,1,2,2,2,2,3465,1303,16110868.0,4721825.0,332317.0,5997731.0,57782.0,26279.0,44.87
cbecs,building_survey,5614,5614,2,14,106000,2,7,1,70,65,1,1,1,2,2,2,2,7759,682,1976579.0,579302.0,77755.0,2938391.0,28308.0,13224.0,100.08
cbecs,building_survey,5615,5615,3,2,83000,5,6,8,54,225,1,1,1,2,2,2,2,5178,1152,2831723.0,829931.0,72475.0,3132654.0,30180.0,16956.0,267.28
cbecs,building_survey,5616,5616,2,91,2400,1,3,1,168,0,1,1,2,2,1,2,2,8631,785,33526.0,9826.0,967.0,,,,1218.03
cbecs,building_survey,5617,5617,2,14,310000,2,5,1,80,190,1,1,1,2,2,2,2,7258,615,7448427.0,2183009.0,198054.0,8959037.0,86311.0,31662.0,169.14
cbecs,building_survey,5618,5618,2,2,5200,2,5,1,52,6,1,1,2,2,2,2,2,5405,1747,402815.0,118058.0,12671.0,,,,2990.63
cbecs,building_survey,5619,5619,3,18,250000,9,8,2,168,40,1,1,1,1,2,2,2,1597,3737,11078771.0,3247002.0,255849.0,11329563.0,109148.0,92893.0,5.89
cbecs,building_survey,5620,5620,4,26,6700,1,2,1,10,1,1,1,2,2,2,2,2,2071,1516,85101.0,24942.0,3062.0,,,,6921.06
cbecs,building_survey,5621,5621,3,25,205000,1,8,5,168,150,1,1,1,2,2,2,2,1685,3531,22433756.0,6574958.0,551969.0,5726722.0,55171.0,31186.0,62.06
cbecs,building_survey,5622,5622,3,15,7000,1,8,1,85,16,1,1,1,2,2,2,2,1486,4001,965248.0,282898.0,28893.0,1489359.0,14348.0,11242.0,1218.03
cbecs,building_survey,5623,5623,3,16,1700000,8,9,1,168,1800,1,1,1,1,2,2,2,1007,3832,172114487.0,50443871.0,2601736.0,158764904.0,1529527.0,2225547.0,6.59
cbecs,building_survey,5624,5624,1,2,600000,995,3,70,168,1800,1,1,1,1,2,2,2,5588,1255,23131224.0,6779374.0,1256194.0,12313269.0,118625.0,66507.0,14.9
cbecs,building_survey,5625,5625,3,5,60000,2,5,1,40,50,1,1,1,2,2,2,2,1152,3433,623364.0,182698.0,30471.0,185522.0,1787.0,1655.0,655.85
cbecs,building_survey,5626,5626,2,2,4500,1,2,1,45,6,1,1,1,2,2,2,2,5632,1145,123090.0,36076.0,4698.0,477042.0,4596.0,3910.0,6534.79
cbecs,building_survey,5627,5627,2,5,300000,2,8,1,70,100,1,1,1,2,2,2,2,5298,1667,3336822.0,977967.0,105798.0,6622412.0,63800.0,43288.0,19.68
cbecs,building_survey,5628,5628,4,14,25000,2,7,1,60,10,1,1,2,2,2,2,2,1239,2472,636277.0,186482.0,24259.0,,,,4384.99
cbecs,building_survey,5629,5629,3,2,345000,1,6,6,112,600,1,1,2,1,2,2,2,1648,3826,25800645.0,7561737.0,640335.0,,,,14.9
cbecs,building_survey,5630,5630,2,2,240000,4,7,5,12,1300,1,1,1,2,2,2,2,6478,701,10772091.0,3157119.0,321629.0,882212.0,8499.0,5878.0,90.5
cbecs,building_survey,5631,5631,3,14,69000,1,6,1,35,45,1,1,1,1,2,2,2,3992,1999,3638781.0,1066466.0,64447.0,562109.0,5415.0,3895.0,330.8
cbecs,building_survey,5632,5632,2,14,140000,3,4,1,60,40,1,1,1,2,2,2,2,7610,446,4255880.0,1247327.0,124673.0,14015702.0,135026.0,74237.0,100.08
cbecs,building_survey,5633,5633,3,14,17500,1,7,1,66,14,1,1,1,2,2,2,2,4099,1892,641898.0,188130.0,26537.0,351184.0,3383.0,2532.0,580.45
cbecs,building_survey,5634,5634,3,2,116000,5,2,1,70,350,1,1,1,2,2,2,2,3648,2129,4825800.0,1414361.0,112570.0,2197230.0,21168.0,26464.0,97.52
cbecs,building_survey,5635,5635,1,5,5000,2,8,1,50,4,1,1,1,2,2,2,2,4444,1683,33752.0,9892.0,2195.0,55651.0,536.0,610.0,2990.63
cbecs,building_survey,5636,5636,3,5,138000,1,7,7,50,75,1,1,1,2,2,2,2,1470,3453,3203434.0,938873.0,57664.0,19631.0,189.0,491.0,125.04
cbecs,building_survey,5637,5637,2,13,102000,3,7,12,112,40,1,1,1,2,2,2,2,6949,1113,9395425.0,2753642.0,278866.0,12762962.0,122957.0,68826.0,118.55
cbecs,building_survey,5638,5638,2,17,325000,4,8,2,168,75,1,1,1,1,2,2,2,7092,655,8600153.0,2520561.0,263330.0,10804364.0,104088.0,67682.0,52.55
cbecs,building_survey,5639,5639,2,5,3300,1,6,1,40,1,1,1,2,2,2,2,2,9464,577,103118.0,30222.0,3146.0,,,,2990.63
cbecs,building_survey,5640,5640,4,25,1500,1,5,1,40,1,1,1,1,2,2,2,2,3681,1894,21724.0,6367.0,512.0,45793.0,441.0,476.0,2934.43
cbecs,building_survey,5641,5641,3,2,71000,4,8,22,168,200,1,1,1,2,2,2,2,4236,1478,2174341.0,637263.0,84271.0,12104.0,117.0,392.0,224.76
cbecs,building_survey,5642,5642,2,26,1400,1,5,1,40,1,1,1,2,2,2,2,2,4243,1847,25878.0,7584.0,1048.0,,,,2934.43
cbecs,building_survey,5643,5643,1,14,89000,5,8,2,55,60,1,1,1,1,2,2,2,4567,1502,2673783.0,783641.0,70670.0,4071944.0,39229.0,32563.0,97.52
cbecs,building_survey,5644,5644,2,15,7000,1,4,1,135,25,1,1,1,2,2,2,2,5550,1513,1426824.0,418178.0,36562.0,1702623.0,16403.0,11523.0,1265.79
cbecs,building_survey,5645,5645,3,5,25000,2,5,1,40,15,1,1,1,2,2,2,2,2663,1742,271012.0,79429.0,7208.0,1670483.0,16093.0,13207.0,1413.09
cbecs,building_survey,5646,5646,3,13,116000,3,9,1,60,20,1,1,1,2,2,2,2,4756,1547,5702027.0,1671169.0,129592.0,5296034.0,51022.0,37848.0,8.44
cbecs,building_survey,5647,5647,2,26,11500,1,3,1,40,4,1,1,2,2,1,2,2,9541,726,153078.0,44865.0,4496.0,,,,2990.63
cbecs,building_survey,5648,5648,2,12,9000,1,3,1,16,2,1,1,1,2,2,2,2,6218,1119,85786.0,25142.0,2308.0,765972.0,7379.0,4016.0,1531.55
cbecs,building_survey,5649,5649,3,2,900000,9,2,3,65,1532,1,1,1,1,2,2,2,4495,1754,36674581.0,10748705.0,937193.0,14467368.0,139377.0,77747.0,6.52
cbecs,building_survey,5650,5650,3,15,4400,1,9,1,88,10,1,1,1,2,2,2,2,2402,2884,1855610.0,543848.0,40899.0,897719.0,8649.0,6198.0,690.18
cbecs,building_survey,5651,5651,4,5,120000,1,4,1,76,213,1,1,2,2,2,2,2,691,1655,1791430.0,525038.0,73468.0,,,,249.3
cbecs,building_survey,5652,5652,2,26,10500,1,7,1,10,2,1,1,2,2,2,2,2,6563,1221,431554.0,126481.0,11455.0,,,,1906.18
cbecs,building_survey,5653,5653,1,15,4900,3,2,2,72,5,1,1,1,2,2,2,2,7717,519,314093.0,92055.0,14021.0,751798.0,7243.0,8242.0,1195.14
cbecs,building_survey,5654,5654,4,26,1800,2,3,1,0,0,1,1,1,2,2,2,2,7228,255,34761.0,10188.0,1415.0,105672.0,1018.0,1025.0,3825.74
cbecs,building_survey,5655,5655,3,5,28000,1,5,2,45,14,1,1,1,2,2,2,2,1412,2968,606504.0,177756.0,21537.0,173269.0,1669.0,1539.0,623.52
cbecs,building_survey,5656,5656,4,26,35000,1,8,1,150,130,1,1,1,2,2,2,2,1967,301,2041895.0,598445.0,77291.0,1086646.0,10469.0,8874.0,312.77
cbecs,building_survey,5657,5657,1,26,10000,1,8,1,120,35,1,1,1,2,2,2,2,4248,1472,739698.0,216793.0,20243.0,528288.0,5089.0,4361.0,3320.27
cbecs,building_survey,5658,5658,4,15,3000,1,2,1,98,1,1,1,1,2,2,2,2,2047,683,222095.0,65092.0,15798.0,97131.0,936.0,1376.0,1265.79
cbecs,building_survey,5659,5659,4,12,15000,3,2,1,80,20,1,1,1,2,2,2,2,1066,1122,831930.0,243825.0,43557.0,517307.0,4984.0,4133.0,611.8
cbecs,building_survey,5660,5660,2,26,2000,1,6,1,40,5,1,1,2,2,2,2,2,4776,1843,84995.0,24911.0,2612.0,,,,2990.63
cbecs,building_survey,5661,5661,3,16,600000,8,3,1,168,500,1,1,1,1,2,2,2,4410,1822,58331548.0,17095999.0,1044802.0,71106477.0,685033.0,572310.0,10.07
cbecs,building_survey,5662,5662,3,25,188000,1,8,1,168,115,1,1,1,2,2,2,2,3501,2361,17274144.0,5062762.0,296909.0,3164296.0,30485.0,27694.0,125.04
cbecs,building_survey,5663,5663,4,18,26000,2,7,13,168,4,1,1,1,2,2,2,2,2416,241,1166591.0,341908.0,55482.0,1130468.0,10891.0,10780.0,495.15
cbecs,building_survey,5664,5664,2,26,2500,1,5,1,12,2,1,1,2,2,2,2,2,8398,581,3597.0,1054.0,275.0,,,,6921.06
cbecs,building_survey,5665,5665,3,25,215000,1,8,4,168,150,1,1,1,2,2,2,2,4353,1883,19159414.0,5615303.0,337025.0,6015250.0,57950.0,21827.0,54.13
cbecs,building_survey,5666,5666,2,2,1800000,995,7,16,77,3500,1,1,2,2,2,2,2,7264,1213,44725382.0,13108260.0,1283578.0,,,,15.06
cbecs,building_survey,5667,5667,1,18,108000,9,2,10,168,40,1,1,1,2,2,2,2,5406,1124,1980012.0,580308.0,103531.0,3402183.0,32776.0,18663.0,7.62
cbecs,building_survey,5668,5668,3,5,1700000,2,6,3,168,900,1,1,2,1,1,2,2,2931,2409,45836794.0,13433996.0,1171680.0,,,,14.9
cbecs,building_survey,5669,5669,1,2,63000,4,6,4,40,250,1,1,1,2,2,2,2,5861,771,2506800.0,734701.0,111335.0,1440.0,14.0,79.0,240.4
cbecs,building_survey,5670,5670,3,13,19000,1,3,1,88,8,1,1,1,2,2,2,2,3276,1950,971345.0,284685.0,22219.0,1988293.0,19155.0,17353.0,1413.09
cbecs,building_survey,5671,5671,2,2,25000,4,2,5,72,16,1,1,1,2,2,2,2,4624,2042,1976560.0,579297.0,58573.0,1907930.0,18381.0,13454.0,502.9
cbecs,building_survey,5672,5672,2,5,475000,3,5,6,168,15,1,1,1,2,1,2,2,7860,647,3665431.0,1074276.0,111410.0,10112265.0,97421.0,64018.0,78.02
cbecs,building_survey,5673,5673,4,5,1001,1,3,1,2,7,1,1,1,2,2,2,2,6743,195,6330.0,1855.0,226.0,63408.0,611.0,432.0,3075.23
cbecs,building_survey,5674,5674,4,5,110000,1,7,7,168,100,1,1,1,2,2,2,2,1850,268,3311588.0,970571.0,121768.0,1806986.0,17408.0,14421.0,125.92
cbecs,building_survey,5675,5675,1,14,39000,2,5,1,75,25,1,1,1,2,2,2,2,5656,1049,3658132.0,1072137.0,79280.0,899982.0,8670.0,5941.0,502.9
cbecs,building_survey,5676,5676,2,13,4300,3,2,1,6,1,1,1,2,2,2,2,2,7333,914,4820.0,1413.0,203.0,,,,2934.43
cbecs,building_survey,5677,5677,2,14,198000,3,4,2,75,40,1,1,1,1,2,1,2,7683,747,3658506.0,1072247.0,117955.0,11690181.0,112622.0,61955.0,58.46
cbecs,building_survey,5678,5678,1,5,800000,2,5,1,168,499,1,1,1,1,2,2,2,4522,1415,26838867.0,7866022.0,716870.0,12989165.0,125136.0,125632.0,69.6
cbecs,building_survey,5679,5679,3,16,405000,5,7,1,168,500,1,1,1,1,2,2,2,2969,1962,61659243.0,18071290.0,1224361.0,69217298.0,666833.0,249379.0,22.04
cbecs,building_survey,5680,5680,1,1,270000,4,8,1,168,30,1,1,1,2,2,2,2,6291,926,20131541.0,5900217.0,1003749.0,7494325.0,72200.0,40841.0,14.9
cbecs,building_survey,5681,5681,2,23,6700,1,4,4,60,6,1,1,1,2,2,2,2,7648,508,415695.0,121833.0,11145.0,105708.0,1018.0,991.0,1930.83
cbecs,building_survey,5682,5682,3,12,3100,1,7,1,4,1,1,1,2,2,2,2,2,2774,2272,34413.0,10086.0,1723.0,,,,2990.63
cbecs,building_survey,5683,5683,2,14,108000,3,8,1,90,82,1,1,1,2,2,2,2,4868,1647,9366790.0,2745249.0,376685.0,11827857.0,113949.0,63708.0,43.95
cbecs,building_survey,5684,5684,4,7,225000,995,5,1,168,250,1,1,1,1,2,2,2,798,1020,10640891.0,3118667.0,597117.0,9367423.0,90245.0,53584.0,1.73
cbecs,building_survey,5685,5685,3,13,4000,1,4,1,40,1,1,1,2,2,2,2,2,3162,2339,23341.0,6841.0,724.0,,,,2990.63
cbecs,building_survey,5686,5686,3,2,3050,1,6,1,55,4,1,1,1,2,2,2,2,3876,2104,189293.0,55479.0,5333.0,3751.0,36.0,124.0,2990.63
cbecs,building_survey,5687,5687,3,5,240000,1,9,1,50,9,1,1,1,2,2,2,2,3577,2189,1137427.0,333361.0,34303.0,5578722.0,53745.0,30205.0,4.35
cbecs,building_survey,5688,5688,3,25,41000,2,5,1,80,50,1,1,2,2,2,2,2,1372,3093,1149479.0,336893.0,55559.0,,,,244.16
cbecs,building_survey,5689,5689,2,26,52000,1,8,1,48,17,1,1,1,2,2,2,2,5214,1349,1428013.0,418527.0,36875.0,810459.0,7808.0,5635.0,1030.4
cbecs,building_survey,5690,5690,2,18,22000,2,7,1,168,5,1,1,2,2,1,2,2,5387,1245,589936.0,172900.0,15853.0,,,,1421.48
cbecs,building_survey,5691,5691,3,5,3000,1,2,5,40,4,1,1,2,1,2,2,2,2200,2333,52103.0,15271.0,2490.0,,,,2990.63
cbecs,building_survey,5692,5692,3,2,2100,1,7,1,65,5,1,1,2,2,2,2,2,3074,1710,181958.0,53329.0,5099.0,,,,2990.63
cbecs,building_survey,5693,5693,1,2,1500000,5,5,1,50,4500,1,1,1,1,2,2,2,6033,1102,64370455.0,18865901.0,2154277.0,20440870.0,196926.0,188778.0,14.9
cbecs,building_survey,5694,5694,4,14,500000,6,4,1,126,200,1,1,1,2,2,2,1,5286,1369,21659854.0,6348140.0,510208.0,8875532.0,85506.0,35508.0,8.57
cbecs,building_survey,5695,5695,2,2,184000,8,4,27,84,225,1,1,1,2,2,2,2,7458,960,3735249.0,1094739.0,105493.0,7311938.0,70443.0,51070.0,14.9
cbecs,building_survey,5696,5696,4,26,8000,1,7,1,40,10,1,1,1,2,2,2,2,6057,439,255358.0,74841.0,7096.0,448805.0,4324.0,3279.0,2990.63
cbecs,building_survey,5697,5697,4,5,128000,2,8,1,70,50,1,1,1,2,2,2,2,4962,348,1711871.0,501721.0,65239.0,345821.0,3332.0,3097.0,70.08
cbecs,building_survey,5698,5698,3,12,17500,2,2,1,22,8,1,1,2,2,1,2,2,3691,1817,394022.0,115481.0,10325.0,,,,2990.63
cbecs,building_survey,5699,5699,2,8,186000,6,7,2,64,150,1,1,1,2,2,2,2,8182,624,4214982.0,1235341.0,136584.0,4175772.0,40229.0,13936.0,52.84
cbecs,building_survey,5700,5700,4,2,1900,1,2,1,44,2,1,1,1,2,2,2,2,6441,757,26913.0,7888.0,1551.0,58565.0,564.0,603.0,1380.94
cbecs,building_survey,5701,5701,1,2,310000,8,8,1,168,1063,1,1,1,1,2,2,2,5372,959,22392059.0,6562737.0,802024.0,1784704.0,17194.0,14664.0,58.26
cbecs,building_survey,5702,5702,4,2,2000,1,7,2,42,2,1,1,1,2,2,2,2,899,1162,26637.0,7807.0,1428.0,13112.0,126.0,309.0,3075.23
cbecs,building_survey,5703,5703,2,17,65000,3,7,1,168,10,1,1,1,1,2,2,2,7500,615,1850706.0,542411.0,57293.0,794977.0,7659.0,5611.0,22.49
cbecs,building_survey,5704,5704,4,2,172000,3,6,1,60,600,1,1,2,2,2,2,2,1639,4720,4426849.0,1297435.0,160989.0,,,,115.51
cbecs,building_survey,5705,5705,1,12,2100,2,5,1,15,3,1,1,2,2,2,2,2,6980,884,94489.0,27693.0,3120.0,,,,2990.63
cbecs,building_survey,5706,5706,3,18,48000,3,8,1,168,10,1,1,2,2,2,2,2,1285,3761,1474779.0,432233.0,71416.0,,,,502.9
cbecs,building_survey,5707,5707,3,25,200000,1,7,1,168,200,1,1,1,2,2,2,2,2742,2212,16096637.0,4717654.0,353756.0,1225333.0,11805.0,11889.0,52.07
cbecs,building_survey,5708,5708,4,2,116000,8,5,12,15,180,1,1,1,2,2,2,2,5264,719,2043503.0,598916.0,45840.0,919363.0,8857.0,4678.0,8.76
cbecs,building_survey,5709,5709,2,14,220000,2,6,1,40,100,1,1,1,1,2,2,2,5855,1183,4353768.0,1276016.0,163934.0,6928185.0,66746.0,38258.0,12.34
cbecs,building_survey,5710,5710,4,7,4900,1,4,1,168,7,1,1,2,2,1,2,2,550,1353,135007.0,39568.0,15404.0,,,,4384.99
cbecs,building_survey,5711,5711,2,26,7900,1,5,1,40,2,1,1,1,1,2,2,2,6301,912,115254.0,33779.0,3479.0,84280.0,812.0,770.0,8544.65
cbecs,building_survey,5712,5712,2,14,235000,2,8,1,70,100,1,1,1,1,2,2,2,9251,929,6390018.0,1872807.0,183255.0,1133856.0,10923.0,8142.0,22.22
cbecs,building_survey,5713,5713,4,2,168000,5,8,12,60,250,1,1,1,1,2,2,2,836,1359,6548869.0,1919364.0,492646.0,138103.0,1330.0,1187.0,15.06
cbecs,building_survey,5714,5714,3,2,410000,995,4,65,55,800,1,1,1,2,2,2,2,1027,3328,16274745.0,4769855.0,509649.0,658346.0,6342.0,6669.0,14.9
cbecs,building_survey,5715,5715,1,17,188000,6,7,1,168,400,1,1,2,1,2,1,2,4602,1518,23903561.0,7005733.0,644023.0,,,,8.76
cbecs,building_survey,5716,5716,3,25,250000,1,6,1,84,104,1,1,1,2,2,2,2,1356,3296,9895874.0,2900315.0,175859.0,5705037.0,54962.0,31123.0,125.04
cbecs,building_survey,5717,5717,2,2,2000,1,9,1,45,3,1,1,1,2,2,2,2,9858,615,29934.0,8773.0,755.0,65285.0,629.0,659.0,2990.63
cbecs,building_survey,5718,5718,3,2,5600,2,5,1,48,16,1,1,1,2,2,2,2,2422,2824,170152.0,49869.0,8968.0,113889.0,1097.0,1928.0,2990.63
cbecs,building_survey,5719,5719,4,24,1000000,2,7,996,66,400,1,1,1,2,2,2,2,1405,713,14194296.0,4160110.0,539927.0,4086864.0,39372.0,21777.0,9.16
cbecs,building_survey,5720,5720,3,16,425000,7,4,1,168,400,1,1,1,1,2,2,2,4313,1816,43448242.0,12733951.0,1101351.0,42749553.0,411845.0,229783.0,8.92
cbecs,building_survey,5721,5721,1,14,1500000,995,5,1,105,1300,1,1,1,1,2,1,2,4375,1591,57897424.0,16968764.0,1125033.0,32610884.0,314170.0,305669.0,6.63
cbecs,building_survey,5722,5722,1,8,85000,3,8,1,80,370,1,1,1,1,2,2,2,6850,721,6707917.0,1965978.0,162906.0,984699.0,9487.0,7844.0,52.3
cbecs,building_survey,5723,5723,1,2,58000,5,2,6,38,100,1,1,1,2,2,2,2,7755,672,1325624.0,388518.0,36328.0,983778.0,9478.0,6568.0,516.48
cbecs,building_survey,5724,5724,2,5,64000,3,5,5,50,4,1,1,1,2,2,2,2,5694,1242,255856.0,74987.0,12262.0,876426.0,8443.0,7082.0,1011.03
cbecs,building_survey,5725,5725,4,7,270000,8,6,5,50,500,1,1,1,1,2,2,2,2493,240,7259449.0,2127623.0,357833.0,3839883.0,36993.0,38489.0,6.59
cbecs,building_survey,5726,5726,2,5,350000,1,7,1,100,16,1,1,1,2,1,2,2,7208,1042,1772897.0,519606.0,55454.0,9159011.0,88237.0,52019.0,66.72
cbecs,building_survey,5727,5727,3,15,8400,1,8,1,84,2,1,1,2,2,2,2,2,2828,2416,1711830.0,501709.0,30577.0,,,,2990.63
cbecs,building_survey,5728,5728,2,2,80000,2,7,1,25,275,1,1,1,1,2,2,2,7423,1041,5434345.0,1592715.0,169206.0,511297.0,4926.0,4179.0,14.9
cbecs,building_survey,5729,5729,2,25,65000,1,9,1,90,10,1,1,1,2,2,2,2,9731,748,1689203.0,495077.0,39932.0,964378.0,9291.0,7839.0,245.01
cbecs,building_survey,5730,5730,4,2,1200,1,6,1,40,3,1,1,2,2,2,2,2,1765,2066,42005.0,12311.0,2191.0,,,,3075.23
cbecs,building_survey,5731,5731,3,91,7200,1,8,1,0,0,1,1,1,2,2,2,2,3509,2082,119478.0,35017.0,4481.0,191408.0,1844.0,1861.0,690.18
cbecs,building_survey,5732,5732,3,2,2400,1,7,1,45,4,1,1,2,2,2,2,2,1521,2657,40852.0,11973.0,1653.0,,,,2990.63
cbecs,building_survey,5733,5733,3,7,500000,3,8,2,168,200,1,1,1,1,2,2,2,3334,2330,27092997.0,7940503.0,487069.0,26405218.0,254386.0,142791.0,78.99
cbecs,building_survey,5734,5734,3,12,50000,4,3,2,60,4,1,1,1,2,2,2,2,2051,2969,1046037.0,306576.0,26410.0,1362669.0,13128.0,13312.0,589.53
cbecs,building_survey,5735,5735,3,8,4000,2,2,2,40,9,1,1,1,2,2,2,2,1836,3380,102087.0,29920.0,4898.0,94686.0,912.0,867.0,1195.14
cbecs,building_survey,5736,5736,2,5,6500,2,9,1,50,3,1,1,2,1,2,2,2,8156,843,167617.0,49126.0,5123.0,,,,2934.43
cbecs,building_survey,5737,5737,3,5,4000,1,2,2,3,1,1,1,2,2,2,2,2,2307,2931,60504.0,17733.0,1999.0,,,,2800.45
cbecs,building_survey,5738,5738,1,13,106000,1,8,1,107,2,1,1,1,2,2,2,2,6494,673,1571752.0,460654.0,69924.0,9446400.0,91006.0,88045.0,14.73
cbecs,building_survey,5739,5739,3,2,350000,994,8,1,74,975,1,1,1,1,2,2,2,4446,1597,23957598.0,7021570.0,544376.0,453575.0,4370.0,3677.0,15.5
cbecs,building_survey,5740,5740,2,14,90000,2,3,1,50,50,1,1,2,1,2,2,2,9360,565,2961259.0,867895.0,75490.0,,,,170.14
cbecs,building_survey,5741,5741,2,26,10500,3,3,1,40,4,1,1,1,2,2,2,2,6771,996,81999.0,24033.0,3457.0,456126.0,4394.0,4358.0,1461.43
cbecs,building_survey,5742,5742,3,2,12500,2,7,1,50,7,1,1,2,2,2,2,2,1355,2980,238633.0,69939.0,7600.0,,,,31.35
cbecs,building_survey,5743,5743,3,5,250000,2,7,1,45,50,1,1,2,2,1,2,2,1524,3407,1801706.0,528050.0,51157.0,,,,31.35
cbecs,building_survey,5744,5744,3,18,180000,3,6,1,168,30,1,1,1,2,2,2,2,2875,2332,9125022.0,2674391.0,162084.0,2988664.0,28793.0,22455.0,99.04
cbecs,building_survey,5745,5745,4,16,250000,3,7,1,168,1000,1,1,1,1,2,2,2,2150,1049,20196384.0,5919222.0,1045234.0,29858284.0,287652.0,309232.0,11.56
cbecs,building_survey,5746,5746,3,2,24000,2,8,1,45,45,1,1,1,2,2,2,2,2931,1855,888461.0,260393.0,36401.0,664242.0,6399.0,1955.0,1413.09
cbecs,building_survey,5747,5747,3,2,110000,5,8,1,75,85,1,1,1,1,2,1,2,2198,2370,6903464.0,2023290.0,120337.0,5518852.0,53168.0,29700.0,137.69
cbecs,building_survey,5748,5748,2,13,9000,1,2,5,25,2,1,1,2,2,2,2,2,7666,971,496943.0,145646.0,13372.0,,,,1420.0
cbecs,building_survey,5749,5749,4,16,2100000,994,8,1,168,3500,1,1,1,1,2,1,2,3901,1295,127317221.0,37314543.0,2609709.0,23777915.0,229074.0,106061.0,8.78
cbecs,building_survey,5750,5750,1,17,53000,3,2,1,168,45,1,1,2,1,1,2,2,5367,1096,916361.0,268570.0,38695.0,,,,134.42
cbecs,building_survey,5751,5751,2,5,93000,1,7,1,10,6,1,1,1,2,1,2,2,7586,985,396317.0,116154.0,13184.0,2514374.0,24223.0,10282.0,66.72
cbecs,building_survey,5752,5752,3,2,500001,995,4,2,50,900,1,1,1,1,2,2,2,2169,3752,29019711.0,8505191.0,582388.0,8657734.0,83408.0,68015.0,5.52
cbecs,building_survey,5753,5753,3,8,3000,2,4,1,40,7,1,1,2,2,2,2,2,3201,2450,99753.0,29236.0,3412.0,,,,1218.03
cbecs,building_survey,5754,5754,1,2,4500,3,6,3,45,8,1,1,1,2,2,2,2,5769,956,97993.0,28720.0,8074.0,209844.0,2022.0,3622.0,2934.43
cbecs,building_survey,5755,5755,2,2,800000,995,6,75,67,1800,1,1,2,2,2,2,2,7486,1210,41567829.0,12182834.0,1133488.0,,,,15.06
cbecs,building_survey,5756,5756,3,2,15750,2,8,1,40,50,1,1,1,1,2,2,2,1393,2215,1062120.0,311290.0,19109.0,15270.0,147.0,249.0,1421.48
cbecs,building_survey,5757,5757,3,12,16000,1,8,1,16,25,1,1,1,2,2,2,2,1069,3884,206053.0,60391.0,9683.0,2218.0,21.0,573.0,1489.41
cbecs,building_survey,5758,5758,2,2,4000,2,8,1,40,4,1,1,1,2,2,2,2,7279,733,71622.0,20991.0,2059.0,280738.0,2705.0,2392.0,1265.79
cbecs,building_survey,5759,5759,3,7,51000,1,7,1,168,11,1,1,1,1,2,2,2,4575,1868,2291936.0,671728.0,40118.0,2804462.0,27018.0,15331.0,495.15
cbecs,building_survey,5760,5760,4,18,345000,994,4,1,168,250,1,1,1,1,2,2,2,4623,498,14138748.0,4143830.0,317924.0,3743468.0,36064.0,18779.0,15.08
cbecs,building_survey,5761,5761,4,25,126000,1,7,1,126,115,1,1,2,2,2,2,2,827,2251,8945071.0,2621650.0,338161.0,,,,125.92
cbecs,building_survey,5762,5762,3,5,154000,1,7,5,50,100,1,1,1,2,2,2,2,1590,3312,230172.0,67460.0,10716.0,1160.0,11.0,145.0,125.04
cbecs,building_survey,5763,5763,2,15,2950,2,2,1,54,6,1,1,1,2,2,2,2,6687,721,112357.0,32930.0,4741.0,241325.0,2325.0,2116.0,4210.19
cbecs,building_survey,5764,5764,3,5,1700000,1,8,1,168,135,1,1,1,1,2,2,2,3824,1876,30623015.0,8975092.0,773683.0,11013643.0,106104.0,91814.0,32.47
cbecs,building_survey,5765,5765,1,2,800000,3,2,70,40,200,1,1,1,2,2,2,2,6551,837,22689631.0,6649950.0,532532.0,24478013.0,235819.0,104973.0,14.9
cbecs,building_survey,5766,5766,3,2,80000,8,6,2,40,110,1,1,2,1,2,2,2,5054,1477,4849087.0,1421186.0,142185.0,,,,292.55
cbecs,building_survey,5767,5767,3,15,7000,1,8,3,60,20,1,1,2,2,1,2,2,1943,3379,1220800.0,357796.0,30728.0,,,,1118.9
cbecs,building_survey,5768,5768,3,2,1700000,5,3,1,60,2100,1,1,1,1,2,1,2,3776,1662,59647556.0,17481699.0,1318502.0,19520014.0,188054.0,134239.0,11.57
cbecs,building_survey,5769,5769,3,26,1200,1,8,1,45,2,1,1,2,2,1,2,2,3533,1900,7816.0,2291.0,348.0,,,,3320.27
cbecs,building_survey,5770,5770,3,18,146000,994,6,1,168,39,1,1,1,2,2,2,2,2623,2622,12148309.0,3560466.0,289578.0,8819677.0,84968.0,61078.0,9.01
cbecs,building_survey,5771,5771,3,18,1700000,995,7,10,168,500,1,1,1,2,2,2,2,3487,2160,80896450.0,23709393.0,1709425.0,4485056.0,43209.0,23983.0,15.65
cbecs,building_survey,5772,5772,1,91,160000,9,2,9,168,50,1,1,1,2,2,2,2,6996,790,10738203.0,3147187.0,290826.0,10083552.0,97144.0,50234.0,8.76
cbecs,building_survey,5773,5773,3,2,270000,994,8,40,11,900,1,1,1,1,2,2,2,3321,2002,9476568.0,2777423.0,324100.0,1514636.0,14592.0,13129.0,14.9
cbecs,building_survey,5774,5774,4,25,210000,1,7,5,168,150,1,1,1,2,2,2,2,5512,276,11622407.0,3406333.0,429498.0,8922513.0,85959.0,47795.0,14.7
cbecs,building_survey,5775,5775,2,25,205000,1,8,4,168,150,1,1,1,2,2,2,2,6992,886,14948916.0,4381277.0,379510.0,10268704.0,98928.0,55143.0,62.92
cbecs,building_survey,5776,5776,3,6,6200,1,8,1,168,10,1,1,2,2,2,2,2,4435,1632,2083431.0,610619.0,61397.0,,,,1218.03
cbecs,building_survey,5777,5777,1,14,180000,2,7,1,65,250,1,1,1,1,2,2,2,4530,1244,6774461.0,1985481.0,384421.0,2408773.0,23206.0,21743.0,8.84
cbecs,building_survey,5778,5778,3,5,245000,1,6,1,72,550,1,1,2,2,2,2,2,2078,2171,5128791.0,1503163.0,111169.0,,,,27.17
cbecs,building_survey,5779,5779,2,13,265000,3,8,17,168,350,1,1,1,1,2,2,2,7017,763,12572044.0,3684655.0,315429.0,17504589.0,168638.0,92024.0,49.37
cbecs,building_survey,5780,5780,2,5,1200,1,3,1,25,1,1,1,1,2,2,2,2,5146,692,9797.0,2871.0,597.0,62343.0,601.0,501.0,11224.38
cbecs,building_survey,5781,5781,4,2,240000,7,6,40,50,230,1,1,1,1,2,2,2,1837,310,6706081.0,1965440.0,328376.0,2757829.0,26569.0,31438.0,15.06
cbecs,building_survey,5782,5782,2,12,50000,2,8,1,80,10,1,1,1,2,2,2,2,7168,774,595225.0,174450.0,22085.0,1385418.0,13347.0,8865.0,623.52
cbecs,building_survey,5783,5783,1,5,75000,4,9,1,112,2,1,1,1,2,2,2,2,5078,1212,789582.0,231413.0,37102.0,1348865.0,12995.0,10752.0,637.32
cbecs,building_survey,5784,5784,4,14,69000,1,9,1,50,60,1,1,1,2,2,2,2,5212,828,2025034.0,593504.0,65252.0,1440430.0,13877.0,10196.0,383.99
cbecs,building_survey,5785,5785,2,17,40000,1,4,1,168,30,1,1,2,1,1,2,2,4766,1637,1021352.0,299341.0,19597.0,,,,15.52
cbecs,building_survey,5786,5786,4,8,98000,7,6,23,23,90,1,1,1,2,2,2,2,6076,746,3265535.0,957074.0,97232.0,195101.0,1880.0,1032.0,137.69
cbecs,building_survey,5787,5787,4,13,100000,5,5,3,104,15,1,1,1,2,2,2,2,4408,569,3644607.0,1068173.0,103865.0,11343608.0,109283.0,59543.0,286.39
cbecs,building_survey,5788,5788,1,12,20250,1,5,1,9,2,1,1,1,2,2,2,2,6218,808,118727.0,34797.0,3130.0,754158.0,7265.0,6435.0,1489.41
cbecs,building_survey,5789,5789,3,2,40500,3,5,3,40,120,1,1,2,1,2,2,2,2593,2283,4588644.0,1344855.0,152248.0,,,,14.67
cbecs,building_survey,5790,5790,3,18,12000,2,6,1,168,4,1,1,1,2,2,2,2,2009,3138,680359.0,199402.0,28054.0,474282.0,4569.0,3938.0,1214.38
cbecs,building_survey,5791,5791,3,91,1550,1,5,1,168,0,1,1,2,2,1,2,2,3875,2150,132871.0,38942.0,3640.0,,,,2990.63
cbecs,building_survey,5792,5792,3,12,2000,1,3,1,2,5,1,1,2,2,1,2,2,3401,2178,50957.0,14935.0,2248.0,,,,2990.63
cbecs,building_survey,5793,5793,4,5,90000,1,6,1,60,25,1,1,1,1,2,2,2,845,1246,2554076.0,748557.0,133624.0,617583.0,5950.0,4347.0,249.3
cbecs,building_survey,5794,5794,3,5,360000,2,7,5,168,150,1,1,2,2,2,2,2,1500,3756,8377401.0,2455276.0,193516.0,,,,14.9
cbecs,building_survey,5795,5795,3,2,1400,1,7,1,40,2,1,1,2,2,2,2,2,2280,3399,42002.0,12310.0,2251.0,,,,2990.63
cbecs,building_survey,5796,5796,2,25,9600,2,3,1,83,2,1,1,1,2,2,2,2,5580,1103,295628.0,86644.0,11200.0,354671.0,3417.0,3799.0,678.39
cbecs,building_survey,5797,5797,2,13,98000,8,3,1,40,65,1,1,1,1,2,2,2,9146,616,5314964.0,1557727.0,136454.0,7245031.0,69798.0,38571.0,14.9
cbecs,building_survey,5798,5798,1,2,280000,994,4,2,42,615,1,1,1,1,1,2,2,7751,656,11672981.0,3421155.0,312812.0,13541680.0,130459.0,229774.0,137.69
cbecs,building_survey,5799,5799,3,2,2000,1,2,1,40,2,1,1,1,2,2,2,2,2812,2309,86257.0,25280.0,2689.0,35881.0,346.0,621.0,2990.63
cbecs,building_survey,5800,5800,4,5,100000,1,5,1,75,2,1,1,2,2,2,2,2,1743,1526,178839.0,52415.0,12650.0,,,,125.92
cbecs,building_survey,5801,5801,2,6,1400,1,4,1,126,1,1,1,1,2,2,2,2,6738,791,337928.0,99041.0,13715.0,183497.0,1768.0,1241.0,9754.84
cbecs,building_survey,5802,5802,2,2,55000,1,7,1,60,100,1,1,1,2,2,2,2,8014,764,2083792.0,610725.0,77672.0,3351498.0,32288.0,20246.0,118.55
cbecs,building_survey,5803,5803,3,2,5700,1,6,2,40,13,1,1,1,2,2,2,2,3251,2230,311192.0,91205.0,5966.0,100618.0,969.0,1209.0,2990.63
cbecs,building_survey,5804,5804,2,12,34500,2,8,1,80,10,1,1,1,2,2,2,2,6409,1165,974074.0,285485.0,27804.0,896969.0,8641.0,7146.0,338.72
cbecs,building_survey,5805,5805,4,15,3100,1,2,2,105,6,1,1,1,2,2,2,2,2282,152,584363.0,171267.0,22296.0,146501.0,1411.0,1336.0,1265.79
cbecs,building_survey,5806,5806,1,13,82000,4,8,3,102,35,1,1,1,1,2,2,2,4649,1593,5172214.0,1515889.0,115189.0,1150178.0,11081.0,13918.0,345.93
cbecs,building_survey,5807,5807,3,16,35000,1,8,1,168,80,1,1,1,1,2,2,2,3013,1723,3876086.0,1136016.0,99136.0,1052097.0,10136.0,8470.0,460.21
cbecs,building_survey,5808,5808,4,12,22000,1,3,1,14,1,1,1,1,2,2,2,2,956,1019,333382.0,97709.0,13124.0,439500.0,4234.0,3731.0,3075.23
cbecs,building_survey,5809,5809,2,14,700000,4,8,1,112,250,1,1,1,2,2,2,2,5342,1385,32039802.0,9390329.0,866990.0,18255341.0,175870.0,77787.0,51.34
cbecs,building_survey,5810,5810,1,2,500000,995,2,4,168,2500,1,1,1,2,2,1,2,4721,1470,26822504.0,7861226.0,780903.0,1104656.0,10642.0,13947.0,14.9
cbecs,building_survey,5811,5811,3,14,200001,1,5,1,40,246,1,1,2,2,2,2,2,1523,4049,11341663.0,3324051.0,305788.0,,,,8.84
cbecs,building_survey,5812,5812,3,2,33000,3,5,1,40,62,1,1,2,2,2,2,2,1415,3906,3420375.0,1002455.0,91497.0,,,,621.37
cbecs,building_survey,5813,5813,4,15,24250,2,9,1,98,9,1,1,1,2,2,1,2,4651,413,2554790.0,748766.0,63907.0,1683802.0,16222.0,15307.0,451.56
cbecs,building_survey,5814,5814,3,14,79000,1,4,1,72,15,1,1,1,2,2,2,2,5445,1542,5945982.0,1742668.0,98066.0,4618487.0,44494.0,38133.0,288.37
cbecs,building_survey,5815,5815,3,18,600000,995,7,1,168,145,1,1,1,2,2,2,2,1475,3000,15084070.0,4420888.0,623531.0,1505146.0,14500.0,5521.0,11.69
cbecs,building_survey,5816,5816,2,2,41500,2,5,1,40,25,1,1,1,2,2,2,2,6371,1091,482443.0,141396.0,19289.0,1312092.0,12641.0,10317.0,621.37
cbecs,building_survey,5817,5817,2,16,1800000,9,8,1,168,700,1,1,1,2,2,1,2,5631,1468,164993319.0,48356776.0,3845453.0,67386813.0,649199.0,363841.0,9.01
cbecs,building_survey,5818,5818,4,26,2800,1,4,1,45,3,1,1,2,2,2,2,2,1376,4433,411290.0,120542.0,20004.0,,,,2934.43
cbecs,building_survey,5819,5819,4,24,240000,2,5,996,84,101,1,1,1,1,2,2,2,4594,1044,9868877.0,2892402.0,206966.0,3272538.0,31527.0,14705.0,14.9
cbecs,building_survey,5820,5820,4,14,100000,1,7,1,45,50,1,1,1,2,2,2,2,6262,384,1919589.0,562599.0,70103.0,2142361.0,20639.0,11130.0,99.38
cbecs,building_survey,5821,5821,3,6,2000,1,6,1,168,8,1,1,1,2,2,2,2,1049,4268,301095.0,88246.0,5790.0,316838.0,3052.0,2854.0,2990.63
cbecs,building_survey,5822,5822,2,6,24500,1,8,1,48,6,1,1,2,1,1,2,2,10151,752,11546399.0,3384056.0,246492.0,,,,2990.63
cbecs,building_survey,5823,5823,1,5,260000,1,7,2,50,20,1,1,1,2,1,2,2,4979,1290,1270173.0,372266.0,41780.0,1972210.0,19000.0,19472.0,31.35
cbecs,building_survey,5824,5824,2,14,380000,3,8,1,106,230,1,1,1,1,2,2,2,8475,757,10456208.0,3064539.0,343895.0,13855659.0,133484.0,76462.0,51.3
cbecs,building_survey,5825,5825,2,18,4300,3,6,1,168,10,1,1,1,2,2,2,2,5178,1775,163139.0,47813.0,4314.0,321197.0,3094.0,2138.0,2089.92
cbecs,building_survey,5826,5826,3,4,210000,8,7,1,168,80,1,1,1,2,2,1,2,3964,1959,29576445.0,8668360.0,679612.0,2090.0,20.0,538.0,52.53
cbecs,building_survey,5827,5827,1,5,170000,1,8,1,90,40,1,1,1,2,2,2,2,5784,905,1232331.0,361176.0,46968.0,6807201.0,65580.0,36644.0,27.28
cbecs,building_survey,5828,5828,2,13,28500,3,7,1,90,20,1,1,2,2,2,2,2,4928,2032,4397988.0,1288977.0,112373.0,,,,329.67
cbecs,building_survey,5829,5829,4,13,39000,1,5,1,73,2,1,1,1,2,2,2,2,7307,308,535546.0,156960.0,23993.0,1099179.0,10589.0,5926.0,1489.41
cbecs,building_survey,5830,5830,1,2,53000,8,2,1,45,75,1,1,1,2,2,2,2,6012,844,634776.0,186042.0,17386.0,4098368.0,39483.0,21670.0,14.9
cbecs,building_survey,5831,5831,4,2,315000,994,8,21,54,500,1,1,1,1,2,2,2,914,1076,9193810.0,2694552.0,465768.0,1847842.0,17802.0,12700.0,15.06
cbecs,building_survey,5832,5832,1,5,118000,1,8,2,50,85,1,1,1,2,2,2,2,5205,1004,157992.0,46305.0,8445.0,3037413.0,29262.0,16533.0,68.56
cbecs,building_survey,5833,5833,2,1,2350,1,8,0,0,0,2,2,2,2,2,2,2,7939,456,,,,,,,6921.06
cbecs,building_survey,5834,5834,2,16,192000,2,8,1,168,250,1,1,1,1,2,2,2,6658,1077,13032620.0,3819642.0,215774.0,21280284.0,205012.0,113423.0,18.75
cbecs,building_survey,5835,5835,1,18,200000,5,6,1,168,50,1,1,1,1,2,2,2,5801,1010,12177501.0,3569021.0,367518.0,11170063.0,107611.0,58841.0,8.84
cbecs,building_survey,5836,5836,2,26,2400,1,8,1,168,1,1,1,2,2,1,2,2,7463,901,29116.0,8533.0,1558.0,,,,2990.63
cbecs,building_survey,5837,5837,2,17,400000,4,8,1,168,350,1,1,1,1,2,1,2,5164,1840,7982968.0,2339674.0,234766.0,753937.0,7263.0,5774.0,44.64
cbecs,building_survey,5838,5838,3,5,4500,1,3,1,55,32,1,1,1,2,1,2,2,2265,3210,8572.0,2512.0,558.0,9323.0,90.0,365.0,1489.41
cbecs,building_survey,5839,5839,3,26,3500,1,3,1,168,5,1,1,2,1,2,2,2,4753,1408,355528.0,104199.0,9562.0,,,,2990.63
cbecs,building_survey,5840,5840,4,14,77000,2,6,1,45,70,1,1,1,2,2,2,2,1510,4346,1152150.0,337676.0,42210.0,59339.0,572.0,841.0,324.59
cbecs,building_survey,5841,5841,2,1,16000,1,4,1,1,0,1,1,2,2,2,2,2,8749,606,458255.0,134307.0,12158.0,,,,621.37
cbecs,building_survey,5842,5842,2,13,4250,3,2,1,40,5,1,1,1,2,2,2,2,5464,1595,143540.0,42069.0,4314.0,151270.0,1457.0,1248.0,1472.45
cbecs,building_survey,5843,5843,3,2,25001,1,7,8,45,35,1,1,1,2,2,2,2,3754,1946,564013.0,165303.0,24052.0,735066.0,7082.0,10535.0,591.56
cbecs,building_survey,5844,5844,2,2,1600,1,4,1,36,4,1,1,1,2,2,2,2,4375,2084,59542.0,17451.0,2035.0,87303.0,841.0,712.0,2934.43
cbecs,building_survey,5845,5845,1,5,1500000,1,9,1,168,900,1,1,1,2,2,2,2,4826,1547,34229621.0,10032128.0,1905492.0,12619711.0,121577.0,118458.0,69.6
cbecs,building_survey,5846,5846,2,5,1600,1,6,4,50,2,1,1,2,2,2,2,2,7461,1114,10728.0,3144.0,352.0,,,,3780.32
cbecs,building_survey,5847,5847,1,4,186000,4,5,1,168,400,1,1,2,2,1,1,2,7570,383,20084328.0,5886380.0,857616.0,,,,50.29
cbecs,building_survey,5848,5848,2,2,60000,3,8,10,50,90,1,1,2,2,2,2,2,5653,1953,1681741.0,492890.0,47878.0,,,,589.53
cbecs,building_survey,5849,5849,3,5,265000,2,5,2,168,20,1,1,1,2,2,2,2,3207,2471,5777990.0,1693432.0,151162.0,3934124.0,37901.0,32196.0,27.17
cbecs,building_survey,5850,5850,3,2,146000,5,3,50,60,225,1,1,1,2,2,2,2,1199,3000,9078281.0,2660692.0,114555.0,1028004.0,9904.0,8348.0,63.71
cbecs,building_survey,5851,5851,3,5,70000,2,5,2,40,6,1,1,2,2,2,2,2,3128,2726,2105200.0,616999.0,54114.0,,,,32.47
cbecs,building_survey,5852,5852,3,14,66000,1,8,1,65,60,1,1,1,2,2,2,2,4110,1644,1526370.0,447353.0,27607.0,7124733.0,68639.0,37781.0,330.8
cbecs,building_survey,5853,5853,4,5,5000,2,3,1,40,2,1,1,1,2,2,2,2,4071,1536,28922.0,8477.0,670.0,86061.0,829.0,849.0,1779.2
cbecs,building_survey,5854,5854,3,18,36000,2,8,1,168,3,1,1,2,2,2,2,2,3634,2333,2077315.0,608826.0,45335.0,,,,495.15
cbecs,building_survey,5855,5855,4,18,500001,9,7,1,168,80,1,1,1,1,2,2,2,889,1209,18964740.0,5558247.0,901512.0,9112061.0,87785.0,63340.0,9.11
cbecs,building_survey,5856,5856,2,18,73000,4,8,1,168,18,1,1,1,2,2,2,2,7497,610,6566467.0,1924521.0,156317.0,3936305.0,37922.0,20114.0,10.55
cbecs,building_survey,5857,5857,3,26,160000,1,5,1,45,15,1,1,2,2,2,2,2,2131,2977,1124652.0,329617.0,28250.0,,,,247.57
cbecs,building_survey,5858,5858,4,14,8800,1,4,1,40,3,1,1,2,2,1,2,2,4532,528,167063.0,48963.0,5716.0,,,,1399.59
cbecs,building_survey,5859,5859,2,5,350000,2,8,1,12,90,1,1,1,2,2,2,2,5742,1386,6067765.0,1778360.0,161485.0,11649616.0,112231.0,61995.0,43.03
cbecs,building_survey,5860,5860,1,2,10500,3,6,1,60,40,1,1,2,1,2,2,2,4828,1254,521383.0,152809.0,14452.0,,,,14.9
cbecs,building_survey,5861,5861,4,5,40500,1,8,1,60,20,1,1,2,2,2,2,2,1023,1832,311152.0,91193.0,18441.0,,,,227.11
cbecs,building_survey,5862,5862,2,14,485000,4,5,1,107,110,1,1,1,2,2,2,2,6605,924,23098654.0,6769828.0,669047.0,29944876.0,288486.0,161433.0,100.08
cbecs,building_survey,5863,5863,1,2,22000,2,8,8,60,66,1,1,1,2,2,2,2,6137,1062,692611.0,202993.0,30540.0,138181.0,1331.0,1461.0,1421.48
cbecs,building_survey,5864,5864,4,16,800000,7,8,3,168,800,1,1,1,1,2,2,2,3752,1047,76619014.0,22455749.0,1677084.0,98127937.0,945356.0,522610.0,10.92
cbecs,building_survey,5865,5865,3,18,38000,2,4,1,168,12,1,1,1,2,2,2,2,3420,2362,2692606.0,789158.0,63147.0,1572260.0,15147.0,12731.0,1421.48
cbecs,building_survey,5866,5866,1,2,8900,1,8,1,45,15,1,1,2,1,1,2,2,7548,610,179158.0,52508.0,5028.0,,,,9.81
cbecs,building_survey,5867,5867,3,26,20000,2,2,1,45,15,1,1,1,2,2,2,2,2517,2577,618651.0,181316.0,18608.0,289584.0,2790.0,2046.0,1489.41
cbecs,building_survey,5868,5868,4,18,4500,2,9,1,168,1,1,1,1,2,2,2,2,6506,659,389564.0,114175.0,14996.0,60699.0,585.0,636.0,4384.99
cbecs,building_survey,5869,5869,4,25,205000,1,8,5,126,150,1,1,1,2,2,2,2,1432,4566,20195902.0,5919080.0,515538.0,1045728.0,10074.0,7445.0,14.67
cbecs,building_survey,5870,5870,3,25,200000,1,8,1,168,200,1,1,1,2,2,2,2,1645,3847,19804581.0,5804391.0,491820.0,6203861.0,59767.0,33702.0,14.9
cbecs,building_survey,5871,5871,3,2,33500,3,5,1,45,25,1,1,1,2,2,2,2,3232,2443,870723.0,255194.0,19417.0,31275.0,301.0,973.0,589.53
cbecs,building_survey,5872,5872,4,23,34000,1,6,16,55,54,1,1,1,2,2,2,2,834,1651,1989721.0,583154.0,75461.0,1782385.0,17171.0,14336.0,406.08
cbecs,building_survey,5873,5873,4,26,4000,1,3,3,40,3,1,1,2,2,2,2,2,3355,2089,59081.0,17316.0,1461.0,,,,451.66
cbecs,building_survey,5874,5874,4,18,120000,995,5,3,168,75,1,1,1,2,2,2,2,3070,369,9019436.0,2643445.0,268732.0,4800975.0,46252.0,26282.0,9.11
cbecs,building_survey,5875,5875,2,17,12000,1,5,2,168,20,1,1,1,1,2,2,2,5757,1262,1768699.0,518376.0,34619.0,764292.0,7363.0,5326.0,460.21
cbecs,building_survey,5876,5876,2,8,134000,4,9,14,60,325,1,1,1,1,2,2,2,9717,796,13309799.0,3900879.0,410261.0,159600.0,1538.0,1953.0,53.61
cbecs,building_survey,5877,5877,3,13,220000,6,9,3,58,46,1,1,2,2,2,2,2,1690,3292,5442362.0,1595065.0,139710.0,,,,58.26
cbecs,building_survey,5878,5878,3,18,15000,3,2,1,168,2,1,1,1,2,2,2,2,2782,2336,318631.0,93385.0,7974.0,702856.0,6771.0,5715.0,1399.59
cbecs,building_survey,5879,5879,4,15,2800,2,3,1,21,10,1,1,1,2,1,2,2,4649,420,234254.0,68656.0,9296.0,801925.0,7726.0,7402.0,1265.79
cbecs,building_survey,5880,5880,1,5,295000,1,2,23,168,105,2,2,2,2,2,2,2,4603,1488,,,,,,,31.35
cbecs,building_survey,5881,5881,3,2,800000,994,8,15,64,1000,1,1,2,2,2,2,2,4038,2087,26419798.0,7743200.0,1166084.0,,,,58.26
cbecs,building_survey,5882,5882,2,14,410000,2,7,1,85,100,1,1,1,2,2,2,2,7936,995,3798830.0,1113373.0,98354.0,23368710.0,225132.0,125292.0,9.18
cbecs,building_survey,5883,5883,3,5,600000,2,3,20,96,80,1,1,1,2,2,2,2,4454,1820,6435583.0,1886161.0,49682.0,256173.0,2468.0,2220.0,32.47
cbecs,building_survey,5884,5884,2,5,14000,1,8,1,50,15,1,1,2,2,1,2,2,7564,806,211624.0,62023.0,9128.0,,,,1489.41
cbecs,building_survey,5885,5885,2,12,250000,2,2,2,168,57,1,1,1,2,2,2,2,4586,1793,8125671.0,2381498.0,138634.0,875889.0,8438.0,7018.0,19.68
cbecs,building_survey,5886,5886,2,2,6500,2,6,2,50,12,1,1,2,2,1,2,2,9153,762,286590.0,83995.0,12972.0,,,,2990.63
cbecs,building_survey,5887,5887,2,14,150000,3,2,1,60,100,1,1,1,2,2,2,2,7029,778,3149342.0,923019.0,112452.0,5653770.0,54468.0,29587.0,100.08
cbecs,building_survey,5888,5888,3,12,22000,2,6,1,40,2,1,1,2,2,2,2,2,3550,1813,257225.0,75388.0,10718.0,,,,1408.23
cbecs,building_survey,5889,5889,2,25,122000,1,7,2,133,125,1,1,1,2,2,2,2,7906,458,8327227.0,2440571.0,214273.0,7505748.0,72310.0,39892.0,125.92
cbecs,building_survey,5890,5890,3,5,80000,1,5,1,50,20,1,1,2,2,2,2,2,3137,2345,202200.0,59261.0,7627.0,,,,213.58
cbecs,building_survey,5891,5891,3,25,25000,1,8,10,69,10,1,1,2,2,2,2,2,3767,2355,2175366.0,637563.0,64576.0,,,,591.56
cbecs,building_survey,5892,5892,1,18,240000,995,7,1,168,300,1,1,1,1,2,2,2,5776,861,16168568.0,4738736.0,706628.0,10063570.0,96952.0,53089.0,8.91
cbecs,building_survey,5893,5893,4,13,40000,1,9,1,80,12,1,1,1,2,2,2,2,6224,667,4534619.0,1329021.0,95689.0,6012647.0,57925.0,26226.0,605.33
cbecs,building_survey,5894,5894,1,12,7000,4,4,1,16,8,1,1,1,1,2,2,2,4480,1660,112420.0,32948.0,3529.0,121584.0,1171.0,1829.0,2934.43
cbecs,building_survey,5895,5895,3,15,7200,4,2,1,14,15,1,1,1,2,2,2,2,1331,3706,1182280.0,346506.0,21698.0,477568.0,4601.0,3894.0,687.8
cbecs,building_survey,5896,5896,2,5,12000,1,8,1,50,4,1,1,2,2,1,2,2,6482,660,81088.0,23766.0,3492.0,,,,1531.55
cbecs,building_survey,5897,5897,3,5,260000,2,7,1,45,4,1,1,2,1,2,2,2,2812,2594,744018.0,218059.0,28120.0,,,,32.47
cbecs,building_survey,5898,5898,2,16,112000,3,8,1,168,175,1,1,1,1,2,2,2,4820,2182,9416688.0,2759873.0,226288.0,10158156.0,97863.0,70187.0,66.02
cbecs,building_survey,5899,5899,3,5,1600,1,8,1,40,3,1,1,2,2,2,2,2,1415,2938,77588.0,22740.0,2488.0,,,,1218.03
cbecs,building_survey,5900,5900,4,5,8500,1,9,1,168,0,1,2,2,2,2,2,2,6960,228,,,,,,,1900.17
cbecs,building_survey,5901,5901,4,13,73000,4,3,12,106,42,1,1,1,2,2,2,2,772,1229,2106030.0,617242.0,116713.0,3147334.0,30321.0,20947.0,15.06
cbecs,building_survey,5902,5902,1,12,11000,2,3,1,20,0,1,1,1,2,2,2,2,4162,1555,126474.0,37067.0,6019.0,267902.0,2581.0,3320.0,2934.43
cbecs,building_survey,5903,5903,3,23,75000,1,9,4,75,40,1,1,1,2,2,2,2,3398,2000,4651452.0,1363263.0,116183.0,709272.0,6833.0,5795.0,395.28
cbecs,building_survey,5904,5904,2,26,8000,1,9,1,12,10,1,1,2,2,2,2,2,7270,980,51530.0,15103.0,2095.0,,,,1779.2
cbecs,building_survey,5905,5905,3,26,2400,2,5,1,38,1,1,1,2,2,2,2,2,1360,3218,39435.0,11558.0,1354.0,,,,2990.63
cbecs,building_survey,5906,5906,4,25,10000,3,8,1,80,16,1,1,2,1,1,2,2,9479,11,609858.0,178739.0,23316.0,,,,717.24
cbecs,building_survey,5907,5907,1,5,50000,1,6,1,60,40,1,1,1,2,1,2,2,5863,1464,740577.0,217051.0,33921.0,1771209.0,17064.0,18026.0,224.76
cbecs,building_survey,5908,5908,3,2,325000,995,5,5,68,2500,1,1,1,1,2,2,2,4304,1706,16486925.0,4832041.0,416283.0,1617111.0,15579.0,12704.0,14.9
cbecs,building_survey,5909,5909,3,5,65000,1,8,1,50,15,1,1,1,2,2,2,2,2697,2816,1297559.0,380293.0,23511.0,60117.0,579.0,1006.0,245.01
cbecs,building_survey,5910,5910,4,1,220000,2,7,0,0,0,1,1,2,1,2,2,2,1010,1911,1832944.0,537205.0,69095.0,,,,15.06
cbecs,building_survey,5911,5911,4,5,24000,1,8,1,119,0,1,1,2,2,2,2,2,2198,1530,40477.0,11863.0,1914.0,,,,1899.96
cbecs,building_survey,5912,5912,4,14,66000,1,6,1,40,5,1,1,1,2,2,2,1,3506,1916,3831187.0,1122857.0,70560.0,137053.0,1320.0,1141.0,97.52
cbecs,building_survey,5913,5913,3,12,100000,3,7,1,45,17,1,1,1,2,2,2,2,4243,1623,2267531.0,664575.0,51015.0,1755733.0,16915.0,15843.0,591.56
cbecs,building_survey,5914,5914,4,5,700000,1,4,12,60,350,1,1,1,2,2,2,2,5517,773,8762783.0,2568225.0,188815.0,18362646.0,176904.0,80109.0,4.5
cbecs,building_survey,5915,5915,4,14,54000,2,2,1,55,50,1,1,1,2,2,2,2,1645,1787,749802.0,219754.0,54555.0,1105380.0,10649.0,13266.0,386.68
cbecs,building_survey,5916,5916,4,23,3250,1,5,3,31,8,1,1,1,2,2,2,2,1038,1401,177739.0,52092.0,7143.0,23500.0,226.0,325.0,1930.83
cbecs,building_survey,5917,5917,2,2,500000,995,2,150,45,1100,1,1,2,1,1,2,2,7230,1198,19847883.0,5817082.0,500091.0,,,,43.03
cbecs,building_survey,5918,5918,3,18,68000,3,8,1,168,15,1,1,2,2,1,2,2,3920,1710,2581434.0,756575.0,75077.0,,,,303.46
cbecs,building_survey,5919,5919,3,8,24000,3,7,1,63,50,1,1,1,2,2,2,2,3395,2370,463837.0,135943.0,15912.0,162868.0,1569.0,1637.0,451.56
cbecs,building_survey,5920,5920,3,2,54000,2,7,3,168,80,1,1,2,1,2,2,2,1472,3761,5573500.0,1633499.0,140780.0,,,,297.13
cbecs,building_survey,5921,5921,3,8,3500,1,5,1,36,9,1,1,2,2,2,2,2,4678,1850,230576.0,67578.0,8055.0,,,,687.8
cbecs,building_survey,5922,5922,1,5,112000,2,3,1,40,100,1,1,1,2,2,2,2,4062,1701,1328683.0,389415.0,24224.0,2715417.0,26160.0,14721.0,247.57
cbecs,building_survey,5923,5923,1,5,65000,2,6,14,70,150,1,1,1,1,1,2,2,6621,771,1761638.0,516307.0,50069.0,2178894.0,20991.0,29481.0,27.28
cbecs,building_survey,5924,5924,1,5,20000,1,2,1,50,8,1,1,2,2,2,2,2,4715,1482,465885.0,136543.0,13143.0,,,,589.53
cbecs,building_survey,5925,5925,2,17,67000,3,8,1,168,20,1,1,1,2,2,2,2,7232,1065,1691580.0,495774.0,48686.0,8774527.0,84533.0,46428.0,306.64
cbecs,building_survey,5926,5926,1,8,162000,7,7,2,40,200,1,1,1,2,2,2,2,6323,922,2130923.0,624538.0,166110.0,3360892.0,32379.0,17888.0,69.38
cbecs,building_survey,5927,5927,4,2,430000,995,7,46,55,1140,1,1,2,2,2,2,2,699,1350,17715091.0,5191996.0,802210.0,,,,15.06
cbecs,building_survey,5928,5928,1,14,17250,2,6,1,32,2,1,1,1,2,2,2,2,8090,659,146025.0,42797.0,3896.0,447848.0,4315.0,3074.0,1484.29
cbecs,building_survey,5929,5929,3,2,3000,1,8,1,42,5,1,1,2,2,2,2,2,4269,1448,113226.0,33185.0,4563.0,,,,2990.63
cbecs,building_survey,5930,5930,3,7,4800,1,9,1,5,1,1,1,1,2,2,2,2,4648,1712,266204.0,78020.0,6449.0,95153.0,917.0,933.0,2089.32
cbecs,building_survey,5931,5931,2,2,36500,1,7,1,25,50,1,1,1,2,2,2,2,7080,508,789943.0,231519.0,21933.0,1547727.0,14911.0,10323.0,227.11
cbecs,building_survey,5932,5932,1,2,500000,6,7,1,40,1200,1,1,1,1,2,2,2,5796,993,18098658.0,5304413.0,712291.0,863644.0,8320.0,6904.0,58.26
cbecs,building_survey,5933,5933,2,16,122000,2,8,4,168,70,1,1,1,1,2,2,2,5929,1382,14368621.0,4211202.0,598749.0,16403522.0,158030.0,86045.0,77.1
cbecs,building_survey,5934,5934,4,13,2300,1,6,1,7,0,1,1,1,2,2,2,2,4309,1012,25184.0,7381.0,974.0,131907.0,1271.0,933.0,1380.94
cbecs,building_survey,5935,5935,2,2,500001,995,6,26,72,1450,1,1,1,1,2,2,2,6291,1147,27714469.0,8122646.0,718936.0,2742132.0,26417.0,14629.0,43.03
cbecs,building_survey,5936,5936,3,26,3000,1,8,1,40,9,1,1,1,2,2,2,2,3409,2322,109220.0,32011.0,3841.0,111129.0,1071.0,1075.0,2990.63
cbecs,building_survey,5937,5937,2,7,50000,5,2,18,42,220,1,1,1,1,2,2,2,4711,1562,2241709.0,657007.0,90890.0,2268180.0,21851.0,18214.0,332.94
cbecs,building_survey,5938,5938,1,5,325000,2,6,3,48,75,1,1,1,2,2,2,2,6859,744,5202881.0,1524877.0,224328.0,1455336.0,14021.0,13282.0,48.85
cbecs,building_survey,5939,5939,3,5,4800,2,6,1,45,9,1,1,2,2,1,2,2,2561,2707,239765.0,70271.0,9809.0,,,,3320.27
cbecs,building_survey,5940,5940,2,6,1400,1,6,1,100,2,1,1,2,2,2,2,2,7159,619,364502.0,106829.0,13683.0,,,,3075.23
cbecs,building_survey,5941,5941,2,2,5700,3,8,6,50,10,1,1,2,2,2,2,2,4788,1647,214179.0,62772.0,6625.0,,,,2934.43
cbecs,building_survey,5942,5942,3,14,50000,2,8,1,68,20,1,1,1,2,2,2,2,2415,3078,1986153.0,582108.0,35939.0,576576.0,5555.0,4063.0,502.9
cbecs,building_survey,5943,5943,3,6,5500,2,3,1,168,25,1,1,2,1,2,2,2,1663,4319,1491537.0,437144.0,56774.0,,,,1118.9
cbecs,building_survey,5944,5944,4,2,700000,995,6,21,50,2300,1,1,2,1,2,1,2,2341,74,22580386.0,6617933.0,1415039.0,,,,15.06
cbecs,building_survey,5945,5945,1,1,310000,8,8,0,0,0,1,1,2,1,2,2,2,4906,1294,2413663.0,707404.0,63881.0,,,,58.26
cbecs,building_survey,5946,5946,2,13,27000,2,6,1,168,4,1,1,1,2,2,2,2,7243,966,889687.0,260752.0,38460.0,1664596.0,16037.0,9905.0,1489.41
cbecs,building_survey,5947,5947,1,91,5000,1,4,1,168,0,1,1,1,2,2,2,2,5945,1266,586532.0,171903.0,16513.0,117554.0,1133.0,1104.0,1218.03
cbecs,building_survey,5948,5948,3,2,200000,2,3,1,100,100,1,1,1,2,2,2,2,4204,1755,3195052.0,936416.0,97811.0,3339000.0,32168.0,38516.0,99.04
cbecs,building_survey,5949,5949,3,23,122000,1,7,23,71,187,1,1,1,2,2,2,2,1555,2496,10549628.0,3091919.0,262358.0,5842532.0,56286.0,31258.0,175.02
cbecs,building_survey,5950,5950,3,5,61000,1,4,2,45,20,1,1,1,2,1,2,2,3996,1759,849025.0,248835.0,21397.0,963375.0,9281.0,9005.0,552.0
cbecs,building_survey,5951,5951,3,18,73000,4,5,1,168,13,1,1,1,2,2,2,2,1401,3096,2372613.0,695373.0,89597.0,449723.0,4333.0,2459.0,411.48
cbecs,building_survey,5952,5952,2,5,245000,2,9,1,65,77,1,1,1,2,2,2,2,7504,848,4144296.0,1214624.0,104016.0,12031981.0,115915.0,50357.0,190.64
cbecs,building_survey,5953,5953,1,14,330000,3,5,1,40,180,1,1,2,1,1,2,2,6816,714,8405168.0,2463414.0,365577.0,,,,44.12
cbecs,building_survey,5954,5954,1,14,170000,3,8,1,80,200,1,1,1,2,2,2,2,5236,1435,6768441.0,1983717.0,219945.0,4006641.0,38600.0,69298.0,50.03
cbecs,building_survey,5955,5955,2,18,20000,2,5,1,168,13,1,1,1,2,2,2,2,6988,1050,756962.0,221853.0,21210.0,1506805.0,14516.0,11263.0,1421.48
cbecs,building_survey,5956,5956,3,4,210000,6,4,1,168,450,1,1,1,2,2,1,2,2246,3122,25770711.0,7552963.0,573238.0,5955309.0,57373.0,32020.0,71.98
cbecs,building_survey,5957,5957,4,8,15750,2,6,2,55,20,1,1,1,2,2,2,2,3613,944,785905.0,230336.0,23499.0,808054.0,7785.0,5391.0,717.24
cbecs,building_survey,5958,5958,2,26,15000,1,3,1,40,4,1,1,1,1,2,2,2,6423,1022,122933.0,36030.0,5324.0,367766.0,3543.0,3136.0,3554.88
cbecs,building_survey,5959,5959,3,12,7200,2,5,1,6,4,1,1,1,2,2,2,2,3617,1830,134033.0,39283.0,3912.0,106342.0,1024.0,1199.0,2990.63
cbecs,building_survey,5960,5960,1,13,900000,7,7,1,168,600,1,1,1,2,2,2,2,4898,1321,57775275.0,16932965.0,1569766.0,144806735.0,1395055.0,756617.0,14.9
cbecs,building_survey,5961,5961,3,24,375000,1,7,996,50,200,1,1,1,2,2,2,2,2234,2204,3585737.0,1050919.0,99717.0,1445247.0,13923.0,13414.0,52.07
cbecs,building_survey,5962,5962,3,5,5000,1,5,1,30,9,1,1,2,2,2,2,2,2457,2507,48474.0,14207.0,2303.0,,,,690.18
cbecs,building_survey,5963,5963,3,26,2700,1,7,1,40,2,1,1,2,1,2,2,2,3485,1911,17058.0,4999.0,781.0,,,,4501.94
cbecs,building_survey,5964,5964,2,14,600000,8,7,1,80,525,1,1,1,2,2,2,1,8108,689,13800990.0,4044839.0,413269.0,11933993.0,114971.0,64179.0,18.29
cbecs,building_survey,5965,5965,3,25,10000,1,4,1,50,4,1,1,1,2,2,2,2,4118,1973,299829.0,87875.0,6975.0,148291.0,1429.0,2488.0,7753.17
cbecs,building_survey,5966,5966,2,16,1800000,995,2,4,168,7500,1,1,1,1,2,1,2,6557,876,159404524.0,46718794.0,3692461.0,84168093.0,810868.0,455439.0,9.01
cbecs,building_survey,5967,5967,4,25,60000,2,5,2,68,72,1,1,1,1,2,2,2,5178,781,2672260.0,783195.0,66819.0,345154.0,3325.0,1759.0,245.01
cbecs,building_survey,5968,5968,3,5,26000,1,7,1,60,2,1,1,2,2,2,2,2,1048,3553,389838.0,114255.0,8020.0,,,,1030.4
cbecs,building_survey,5969,5969,2,14,176000,2,8,1,60,108,1,1,1,2,2,2,2,7846,578,4177167.0,1224258.0,173436.0,5742964.0,55327.0,28980.0,50.45
cbecs,building_survey,5970,5970,3,17,142000,4,9,1,168,45,1,1,1,2,1,2,2,3142,1821,11238200.0,3293728.0,278694.0,2530494.0,24379.0,19811.0,44.64
cbecs,building_survey,5971,5971,2,14,86000,1,8,1,75,45,1,1,1,2,2,2,2,8928,618,1604488.0,470249.0,60654.0,3682112.0,35473.0,18575.0,100.08
cbecs,building_survey,5972,5972,1,26,7000,1,7,1,50,4,1,1,1,1,1,2,2,7441,720,48160.0,14115.0,1804.0,181807.0,1752.0,1589.0,2990.63
cbecs,building_survey,5973,5973,1,7,265000,994,8,6,50,200,1,1,1,1,2,2,2,6343,955,10293067.0,3016725.0,232768.0,7724021.0,74413.0,47403.0,7.84
cbecs,building_survey,5974,5974,3,2,300000,995,6,40,45,500,1,1,2,1,2,2,2,2273,3550,15736799.0,4612192.0,392685.0,,,,14.9
cbecs,building_survey,5975,5975,3,5,45000,1,3,1,40,2,1,1,1,2,2,2,2,2879,2353,69352.0,20326.0,4601.0,221029.0,2129.0,1640.0,611.8
cbecs,building_survey,5976,5976,4,25,225000,1,8,4,126,150,1,1,1,2,2,2,2,1394,4258,20567896.0,6028106.0,427333.0,2110216.0,20330.0,14688.0,14.67
cbecs,building_survey,5977,5977,1,14,144000,4,2,1,55,22,1,1,2,1,1,2,2,6280,835,1000326.0,293179.0,46358.0,,,,324.59
cbecs,building_survey,5978,5978,2,14,198000,2,8,1,65,125,1,1,1,2,2,2,2,5554,1559,5353324.0,1568970.0,135839.0,11149187.0,107410.0,60011.0,110.84
cbecs,building_survey,5979,5979,3,5,20000,1,7,1,50,8,1,1,2,2,1,2,2,3861,1810,101873.0,29857.0,3096.0,,,,3420.76
cbecs,building_survey,5980,5980,1,13,1000000,3,2,3,80,64,1,1,1,2,1,2,2,5565,1247,28946475.0,8483727.0,654218.0,22457632.0,216355.0,75861.0,67.1
cbecs,building_survey,5981,5981,2,25,8500,1,4,1,46,2,1,1,1,2,2,2,2,6882,1425,11006.0,3226.0,341.0,78740.0,759.0,578.0,9486.49
cbecs,building_survey,5982,5982,4,16,700000,5,5,1,168,900,1,1,1,1,2,1,2,1826,1542,70775913.0,20743234.0,3228782.0,72814872.0,701492.0,457481.0,9.01
cbecs,building_survey,5983,5983,2,5,8000,2,3,1,12,0,1,1,1,2,2,2,2,8014,755,20230.0,5929.0,631.0,205689.0,1982.0,1818.0,1632.49
cbecs,building_survey,5984,5984,2,6,1650,2,2,1,30,3,1,1,1,2,2,2,2,6011,1086,61259.0,17954.0,2267.0,15409.0,148.0,488.0,1420.0
cbecs,building_survey,5985,5985,2,26,30000,2,4,1,60,20,1,1,1,2,2,2,2,5805,1065,1830154.0,536387.0,67249.0,1276100.0,12294.0,10213.0,611.8
cbecs,building_survey,5986,5986,2,14,120000,4,2,1,55,35,1,1,1,2,2,2,2,4876,1138,3061184.0,897182.0,78032.0,1204508.0,11604.0,7176.0,8.93
cbecs,building_survey,5987,5987,3,5,1450,1,5,1,20,1,1,1,2,2,2,2,2,3526,2147,3626.0,1063.0,305.0,,,,1025.09
cbecs,building_survey,5988,5988,3,18,108000,5,9,1,168,30,1,1,1,1,2,2,2,1655,3518,5060527.0,1483156.0,126311.0,4931248.0,47507.0,17199.0,9.01
cbecs,building_survey,5989,5989,1,13,150000,1,8,10,75,20,1,1,1,1,2,2,2,6446,633,3590586.0,1052341.0,153085.0,7177324.0,69146.0,53763.0,115.51
cbecs,building_survey,5990,5990,2,13,450000,6,4,1,90,100,1,1,1,2,2,1,2,7017,911,20465858.0,5998200.0,941867.0,617484.0,5949.0,3829.0,59.79
cbecs,building_survey,5991,5991,3,2,12250,1,4,5,56,12,1,1,1,2,2,2,2,4496,1660,172615.0,50591.0,5038.0,489029.0,4711.0,4546.0,1413.09
cbecs,building_survey,5992,5992,3,5,600000,2,6,1,152,800,1,1,2,2,2,2,2,1457,3053,25281709.0,7409645.0,625528.0,,,,32.47
cbecs,building_survey,5993,5993,4,14,49000,1,7,1,60,45,1,1,2,2,1,2,2,7340,228,793183.0,232469.0,23934.0,,,,386.68
cbecs,building_survey,5994,5994,3,18,142000,7,5,2,168,20,1,1,1,2,2,2,2,5182,1594,3677826.0,1077909.0,92093.0,2918822.0,28120.0,35006.0,10.6
cbecs,building_survey,5995,5995,4,23,96000,2,6,15,117,106,1,1,1,2,1,2,2,4598,1597,7384878.0,2164384.0,152448.0,6859707.0,66086.0,30645.0,175.02
cbecs,building_survey,5996,5996,3,5,1700000,1,6,1,120,220,1,1,1,2,2,2,2,2142,2457,34021525.0,9971139.0,753938.0,9143133.0,88084.0,96903.0,27.17
cbecs,building_survey,5997,5997,4,13,500000,9,8,3,80,50,1,1,2,1,2,1,2,2596,237,16861093.0,4941704.0,846477.0,,,,15.06
cbecs,building_survey,5998,5998,3,14,250000,7,7,1,168,145,1,1,2,1,2,1,2,3538,1931,30110204.0,8824796.0,689107.0,,,,5.89
cbecs,building_survey,5999,5999,3,5,17250,2,8,2,45,45,1,1,1,2,1,2,2,3820,1962,614963.0,180235.0,13886.0,419057.0,4037.0,3443.0,1128.33
cbecs,building_survey,6000,6000,4,14,9900,1,7,1,168,5,1,1,2,2,2,2,2,6265,191,484210.0,141914.0,7474.0,,,,1486.89
cbecs,building_survey,6001,6001,2,17,29500,1,8,1,168,15,1,1,1,2,2,2,2,8049,525,555796.0,162894.0,23289.0,1289389.0,12422.0,7822.0,3998.83
cbecs,building_survey,6002,6002,3,18,600000,7,6,1,168,75,1,1,1,2,2,2,2,5144,1404,19839105.0,5814509.0,500781.0,9780259.0,94222.0,124916.0,8.84
cbecs,building_survey,6003,6003,3,25,205000,1,7,4,168,150,1,1,1,2,2,2,2,2533,2203,16600157.0,4865228.0,363536.0,3688030.0,35530.0,19573.0,18.35
cbecs,building_survey,6004,6004,1,16,330000,5,5,9,168,260,1,1,1,1,2,2,2,6925,721,23600957.0,6917045.0,572679.0,34120565.0,328714.0,182878.0,10.07
cbecs,building_survey,6005,6005,3,14,57000,3,2,1,45,62,1,1,1,2,2,2,2,4092,1873,1807129.0,529639.0,32902.0,1347008.0,12977.0,8843.0,99.04
cbecs,building_survey,6006,6006,1,2,240000,995,6,50,12,850,1,1,2,1,2,1,2,5348,1311,11643357.0,3412473.0,213910.0,,,,9.01
cbecs,building_survey,6007,6007,1,23,116000,1,3,17,75,107,1,1,1,2,2,2,2,7218,802,8460689.0,2479686.0,228930.0,11134317.0,107267.0,59700.0,175.02
cbecs,building_survey,6008,6008,3,14,8800,1,7,1,60,4,1,1,2,2,2,2,2,1103,2603,775697.0,227344.0,14160.0,,,,1426.39
cbecs,building_survey,6009,6009,3,2,61000,1,6,2,168,33,1,1,1,2,2,2,2,1578,3318,4423891.0,1296568.0,77443.0,1966666.0,18947.0,11491.0,330.8
cbecs,building_survey,6010,6010,3,2,60000,4,5,27,65,200,1,1,1,2,2,2,2,1262,3498,2598595.0,761605.0,46154.0,735288.0,7084.0,5380.0,8.76
cbecs,building_survey,6011,6011,1,26,1600,2,3,1,60,2,1,1,2,2,2,2,2,5819,950,80163.0,23494.0,5053.0,,,,2934.43
cbecs,building_survey,6012,6012,3,15,10750,2,4,2,168,16,1,1,2,2,1,2,2,1311,2717,3898848.0,1142687.0,98040.0,,,,429.63
cbecs,building_survey,6013,6013,3,5,60000,1,9,1,60,40,1,1,1,2,2,2,2,4007,1518,910368.0,266814.0,23406.0,914946.0,8815.0,8367.0,552.0
cbecs,building_survey,6014,6014,1,8,31000,2,6,1,61,100,1,1,1,2,2,2,2,5031,1336,2869256.0,840931.0,111793.0,2733129.0,26331.0,22975.0,116.06
cbecs,building_survey,6015,6015,3,14,53000,2,4,1,105,125,1,1,1,2,2,2,2,3040,2561,4408357.0,1292016.0,111106.0,3317813.0,31964.0,17545.0,288.37
cbecs,building_survey,6016,6016,3,14,18000,1,9,1,55,50,1,1,2,2,2,2,2,2985,2520,628519.0,184208.0,17551.0,,,,1218.58
cbecs,building_survey,6017,6017,3,23,76000,1,6,16,75,77,1,1,1,2,2,2,2,4302,1651,5449869.0,1597265.0,134592.0,4169359.0,40167.0,22445.0,395.28
cbecs,building_survey,6018,6018,3,14,160000,1,6,1,55,65,1,1,1,2,2,2,2,1123,2762,9428241.0,2763259.0,166170.0,66105.0,637.0,1138.0,99.38
cbecs,building_survey,6019,6019,3,23,16750,1,8,7,46,27,1,1,1,2,2,2,2,4300,2334,896332.0,262700.0,20016.0,971881.0,9363.0,7858.0,2009.74
cbecs,building_survey,6020,6020,1,13,30500,1,3,1,16,10,1,1,2,1,2,1,2,4599,1491,851022.0,249420.0,23638.0,,,,224.76
cbecs,building_survey,6021,6021,3,14,140000,1,7,1,52,65,1,1,1,2,2,2,2,3106,2041,3142786.0,921098.0,78136.0,2120956.0,20433.0,17727.0,99.04
cbecs,building_survey,6022,6022,1,2,25000,3,5,1,48,14,1,1,1,1,2,2,2,5416,1164,412741.0,120967.0,12931.0,471272.0,4540.0,3856.0,8.76
cbecs,building_survey,6023,6023,3,5,150000,2,5,1,60,15,1,1,2,2,2,2,2,1626,4095,1165902.0,341706.0,36176.0,,,,802.75
cbecs,building_survey,6024,6024,4,23,190000,1,8,4,50,78,1,1,1,2,2,2,2,1447,3954,11395001.0,3339684.0,241998.0,2163797.0,20846.0,15069.0,72.88
cbecs,building_survey,6025,6025,3,8,10000,1,7,1,72,15,1,1,1,1,2,2,2,2027,2478,733633.0,215016.0,23097.0,78676.0,758.0,888.0,690.18
cbecs,building_survey,6026,6026,3,16,800000,994,4,1,168,900,1,1,1,1,2,2,2,4233,1962,51521981.0,15100229.0,1008747.0,63032335.0,607248.0,341996.0,8.92
cbecs,building_survey,6027,6027,3,5,73000,1,4,1,98,2,1,1,2,2,2,2,2,1057,3805,630360.0,184748.0,18416.0,,,,14.9
cbecs,building_survey,6028,6028,4,12,11500,2,8,1,8,5,1,1,1,2,2,2,2,6488,734,109427.0,32071.0,5504.0,294534.0,2838.0,1511.0,1489.41
cbecs,building_survey,6029,6029,3,26,4000,1,6,1,45,4,1,1,1,1,2,2,2,4222,1848,163355.0,47877.0,3456.0,83250.0,802.0,880.0,2990.63
cbecs,building_survey,6030,6030,4,25,41000,1,8,1,66,20,1,1,1,2,2,2,2,5416,689,822322.0,241009.0,10475.0,461065.0,4442.0,3841.0,1011.03
cbecs,building_survey,6031,6031,1,18,5700,1,4,1,49,12,1,1,2,2,2,2,2,7780,624,273872.0,80267.0,15477.0,,,,4384.99
cbecs,building_survey,6032,6032,3,2,240000,994,6,2,60,400,1,1,2,1,2,2,2,4082,1729,5949567.0,1743718.0,168965.0,,,,69.64
cbecs,building_survey,6033,6033,2,14,150000,2,4,1,68,50,1,1,1,2,2,2,2,7596,513,3454145.0,1012352.0,109238.0,11353169.0,109375.0,70916.0,157.78
cbecs,building_survey,6034,6034,3,5,325000,1,7,1,168,240,1,1,1,1,2,2,2,4149,1870,18253695.0,5349852.0,314378.0,3995185.0,38489.0,14415.0,69.6
cbecs,building_survey,6035,6035,2,2,3100,1,4,1,100,12,1,1,1,2,2,2,2,5216,1265,200671.0,58813.0,8834.0,130509.0,1257.0,902.0,3075.23
cbecs,building_survey,6036,6036,2,5,485000,3,2,2,168,35,1,1,1,1,1,2,2,7235,713,8674224.0,2542270.0,243412.0,12374878.0,119218.0,75294.0,15.06
cbecs,building_survey,6037,6037,1,5,210000,4,2,2,80,10,1,1,1,2,2,2,2,7678,700,996759.0,292133.0,27039.0,1644306.0,15841.0,12956.0,246.72
cbecs,building_survey,6038,6038,1,4,315000,2,5,3,102,240,1,1,1,2,2,2,2,4671,1489,32898948.0,9642130.0,1093729.0,2614532.0,25188.0,24159.0,52.3
cbecs,building_survey,6039,6039,2,16,900000,994,5,1,168,3250,1,1,1,1,2,2,2,6844,835,56410632.0,16533011.0,1649939.0,140363358.0,1352248.0,519568.0,8.44
cbecs,building_survey,6040,6040,3,14,40000,2,7,1,100,32,1,1,1,2,2,2,2,2723,1838,1755155.0,514407.0,54826.0,842525.0,8117.0,7185.0,14.9
cbecs,building_survey,6041,6041,4,25,2000,1,3,1,114,2,1,1,2,2,2,2,2,1428,4576,224627.0,65834.0,7347.0,,,,2934.43
cbecs,building_survey,6042,6042,4,2,63000,2,8,1,85,200,1,1,1,2,2,2,2,5779,747,3977186.0,1165647.0,113581.0,150947.0,1454.0,797.0,8.84
cbecs,building_survey,6043,6043,2,2,12250,3,2,1,36,7,1,1,1,2,2,2,2,7710,676,515513.0,151088.0,13846.0,172218.0,1659.0,1046.0,1265.79
cbecs,building_survey,6044,6044,4,4,188000,8,8,1,93,100,1,1,2,2,2,1,2,805,1208,25850680.0,7576401.0,807386.0,,,,100.08
cbecs,building_survey,6045,6045,3,25,3000,1,4,1,55,3,1,1,2,2,2,2,2,1125,4110,84418.0,24742.0,5764.0,,,,2990.63
cbecs,building_survey,6046,6046,4,14,1900,1,8,1,60,6,1,1,2,2,2,2,2,1024,1357,145950.0,42775.0,5892.0,,,,4384.99
cbecs,building_survey,6047,6047,3,25,12000,1,8,1,58,14,1,1,1,2,2,2,2,4405,2012,432352.0,126715.0,21350.0,79962.0,770.0,753.0,1413.09
cbecs,building_survey,6048,6048,3,12,7000,2,5,1,12,10,1,1,2,2,1,2,2,2865,1874,44456.0,13029.0,1638.0,,,,2990.63
cbecs,building_survey,6049,6049,1,2,100000,7,2,13,14,200,1,1,1,2,2,2,2,6495,728,4082947.0,1196643.0,137028.0,1888798.0,18197.0,11896.0,267.28
cbecs,building_survey,6050,6050,1,14,134000,7,3,2,54,142,1,1,1,1,2,2,2,5579,1368,2752222.0,806630.0,74877.0,1308092.0,12602.0,10578.0,8.84
cbecs,building_survey,6051,6051,3,14,65000,1,9,1,56,80,1,1,2,1,2,2,2,1073,3308,2729438.0,799953.0,78740.0,,,,330.8
cbecs,building_survey,6052,6052,3,2,5000,1,8,1,32,7,1,1,1,2,2,2,2,4197,1596,159780.0,46829.0,5348.0,132734.0,1279.0,1328.0,2990.63
cbecs,building_survey,6053,6053,4,18,102000,5,8,1,168,15,1,1,1,2,2,2,2,5534,488,4181149.0,1225425.0,99357.0,3743229.0,36062.0,18003.0,50.03
cbecs,building_survey,6054,6054,2,26,166000,2,8,3,50,143,1,1,1,2,1,2,2,7222,630,3261350.0,955847.0,110300.0,4533136.0,43672.0,27276.0,16.83
cbecs,building_survey,6055,6055,3,5,100000,1,4,1,49,32,1,1,1,2,2,2,2,4685,1707,427862.0,125399.0,15888.0,646073.0,6224.0,5301.0,125.93
cbecs,building_survey,6056,6056,2,2,240000,2,9,1,45,100,1,1,1,2,2,2,2,6859,1014,2862313.0,838896.0,91194.0,3257279.0,31380.0,16076.0,66.72
cbecs,building_survey,6057,6057,3,26,12750,1,5,1,40,74,1,1,2,2,2,2,2,1803,3454,497435.0,145790.0,3478.0,,,,621.37
cbecs,building_survey,6058,6058,4,2,136000,7,6,15,55,500,1,1,1,1,2,2,2,1958,828,4065192.0,1191440.0,175631.0,2193414.0,21131.0,6881.0,15.06
cbecs,building_survey,6059,6059,4,8,43500,3,9,1,47,96,1,1,1,1,2,2,2,5460,917,1847949.0,541603.0,49381.0,882752.0,8504.0,7097.0,458.62
cbecs,building_survey,6060,6060,1,23,67000,1,7,4,76,38,1,1,1,2,2,2,2,4619,1482,5112797.0,1498475.0,134942.0,3460463.0,33338.0,18525.0,395.28
cbecs,building_survey,6061,6061,2,13,30000,1,8,1,168,8,1,1,1,2,2,2,2,4406,1993,2133330.0,625243.0,68638.0,1552618.0,14958.0,10734.0,1658.42
cbecs,building_survey,6062,6062,3,13,32500,1,5,1,40,5,1,1,1,2,2,2,2,1098,3765,1063596.0,311722.0,19466.0,71483.0,689.0,838.0,244.16
cbecs,building_survey,6063,6063,1,14,8000,2,2,1,60,3,1,1,2,2,2,1,2,8450,480,194166.0,56907.0,8121.0,,,,4384.99
cbecs,building_survey,6064,6064,4,2,61000,2,7,5,50,200,1,1,1,2,2,2,2,992,1195,1410390.0,413362.0,110333.0,1745266.0,16814.0,12183.0,1135.57
cbecs,building_survey,6065,6065,1,23,32500,1,7,5,75,16,1,1,1,2,2,2,2,7529,660,2154930.0,631574.0,58697.0,346937.0,3342.0,2923.0,841.34
cbecs,building_survey,6066,6066,1,2,50000,3,6,1,70,125,1,1,1,2,2,2,2,5490,1063,2685064.0,786947.0,117794.0,2153311.0,20745.0,20537.0,240.4
cbecs,building_survey,6067,6067,2,12,25000,1,6,1,11,12,1,1,1,2,2,2,2,8708,388,218830.0,64135.0,9577.0,656573.0,6325.0,4490.0,611.8
cbecs,building_survey,6068,6068,1,18,250000,995,6,1,168,150,1,1,1,1,2,1,2,5507,1188,14138320.0,4143705.0,308837.0,4990163.0,48075.0,16853.0,8.84
cbecs,building_survey,6069,6069,3,5,8100,1,6,1,72,5,1,1,1,2,2,2,2,3644,1975,396514.0,116212.0,7965.0,199041.0,1918.0,1774.0,1413.09
cbecs,building_survey,6070,6070,1,2,800000,994,8,3,60,1532,1,1,2,2,2,1,2,5174,1355,37360582.0,10949760.0,856889.0,,,,14.9
cbecs,building_survey,6071,6071,2,12,5000,3,2,1,1,2,1,1,1,2,2,2,2,6742,1197,8107.0,2376.0,349.0,60958.0,587.0,550.0,1662.63
cbecs,building_survey,6072,6072,2,14,27500,2,5,2,65,12,1,1,1,2,2,2,2,8909,695,943971.0,276662.0,25591.0,696099.0,6706.0,5646.0,1426.39
cbecs,building_survey,6073,6073,3,5,55000,1,4,1,46,12,1,1,1,2,2,2,2,1428,4309,1772026.0,519351.0,52684.0,326812.0,3148.0,1951.0,245.01
cbecs,building_survey,6074,6074,2,13,9000,1,4,1,45,12,1,1,1,2,2,2,2,6026,1340,286685.0,84023.0,12394.0,661880.0,6376.0,3291.0,1290.29
cbecs,building_survey,6075,6075,3,8,4000,1,8,2,40,10,1,1,2,2,2,2,2,1528,3401,84553.0,24781.0,3086.0,,,,1218.03
cbecs,building_survey,6076,6076,1,2,166000,4,7,1,40,200,1,1,1,1,2,2,2,5431,1035,4841182.0,1418869.0,129010.0,3874443.0,37326.0,20455.0,224.76
cbecs,building_survey,6077,6077,3,15,3250,1,8,1,135,5,1,1,2,2,2,2,2,3713,2063,1065766.0,312358.0,31476.0,,,,1218.03
cbecs,building_survey,6078,6078,1,23,118000,1,8,16,71,90,1,1,1,2,2,2,2,5819,956,7342003.0,2151818.0,198390.0,9904373.0,95418.0,52158.0,23.34
cbecs,building_survey,6079,6079,1,5,700000,7,3,101,80,800,1,1,1,2,2,2,2,6640,802,14125186.0,4139855.0,324801.0,26979413.0,259917.0,138579.0,8.84
cbecs,building_survey,6080,6080,2,14,215000,2,7,1,90,80,1,1,1,1,2,2,2,8906,783,3585652.0,1050894.0,92803.0,8271889.0,79691.0,45924.0,8.84
cbecs,building_survey,6081,6081,2,2,275000,5,6,1,50,886,1,1,2,1,2,2,1,4572,1894,10370154.0,3039318.0,392342.0,,,,14.9
cbecs,building_survey,6082,6082,1,8,500001,995,8,1,80,850,1,1,1,1,2,1,2,5236,974,31195626.0,9142915.0,1503524.0,1312568.0,12645.0,15404.0,14.73
cbecs,building_survey,6083,6083,1,5,300000,6,4,6,60,3,1,1,1,2,2,2,2,5014,1365,5027471.0,1473467.0,129829.0,8188944.0,78892.0,48991.0,102.73
cbecs,building_survey,6084,6084,2,14,34000,1,4,1,43,35,1,1,1,2,2,2,2,6288,1007,669553.0,196235.0,20039.0,1144169.0,11023.0,3171.0,456.48
cbecs,building_survey,6085,6085,1,14,21000,2,8,2,64,13,1,1,2,1,1,2,2,6383,832,116348.0,34100.0,4022.0,,,,3320.27
cbecs,building_survey,6086,6086,4,13,10750,1,4,2,126,7,1,1,2,2,2,2,2,4261,321,284461.0,83371.0,8564.0,,,,3075.23
cbecs,building_survey,6087,6087,4,5,80000,1,6,1,45,40,1,1,1,2,2,2,2,614,2163,416776.0,122150.0,25899.0,47528.0,458.0,595.0,215.07
cbecs,building_survey,6088,6088,4,26,5000,1,8,1,84,0,1,1,2,2,2,2,2,6760,217,217627.0,63783.0,8497.0,,,,5963.95
cbecs,building_survey,6089,6089,1,23,56000,1,6,8,98,60,1,1,1,1,2,2,2,5367,1264,5739999.0,1682297.0,156901.0,5012700.0,48292.0,26626.0,395.28
cbecs,building_survey,6090,6090,4,13,55000,1,8,1,100,35,1,1,1,2,1,2,2,404,5302,1910316.0,559882.0,90177.0,1843759.0,17763.0,12859.0,118.55
cbecs,building_survey,6091,6091,3,5,20000,1,7,1,1,1,1,1,2,2,2,2,2,2380,2918,578809.0,169639.0,14941.0,,,,1871.1
cbecs,building_survey,6092,6092,1,25,15000,1,4,2,60,6,1,1,1,2,2,2,2,4596,1607,426783.0,125083.0,11914.0,138223.0,1332.0,1429.0,1489.41
cbecs,building_survey,6093,6093,3,14,94000,1,3,1,40,70,1,1,1,2,2,2,2,4672,1695,1386562.0,406378.0,38371.0,2039160.0,19645.0,9406.0,8.7
cbecs,building_survey,6094,6094,2,91,1500,1,7,1,18,0,1,1,1,2,2,2,2,7409,842,265770.0,77893.0,6884.0,34625.0,334.0,425.0,6659.94
cbecs,building_survey,6095,6095,4,15,6200,1,8,1,126,30,1,1,1,2,2,2,2,3764,967,1213220.0,355574.0,35181.0,1861944.0,17938.0,11691.0,1265.79
cbecs,building_survey,6096,6096,3,7,192000,1,6,1,168,175,1,1,2,1,1,2,2,1638,3726,23260697.0,6817320.0,765746.0,,,,49.93
cbecs,building_survey,6097,6097,4,7,154000,9,8,2,50,300,1,1,1,1,2,2,2,4601,1162,2572591.0,753983.0,79875.0,2872211.0,27671.0,13764.0,97.52
cbecs,building_survey,6098,6098,2,26,2950,1,2,1,60,1,1,1,2,1,2,2,2,5782,1177,36197.0,10609.0,1767.0,,,,15.06
cbecs,building_survey,6099,6099,3,6,1900,1,6,1,112,2,1,1,2,2,2,2,2,2824,3761,712816.0,208914.0,12006.0,,,,2990.63
cbecs,building_survey,6100,6100,4,2,156000,8,2,1,40,400,1,1,1,2,2,2,2,5658,587,7260047.0,2127798.0,208206.0,2185046.0,21051.0,8085.0,126.81
cbecs,building_survey,6101,6101,2,16,152000,4,2,2,168,250,1,1,1,1,1,2,2,6808,674,18034163.0,5285511.0,399146.0,23950887.0,230741.0,146911.0,26.29
cbecs,building_survey,6102,6102,4,2,240000,6,6,22,60,677,1,1,1,1,2,2,2,1051,1501,11324573.0,3319042.0,639794.0,2381173.0,22940.0,15879.0,9.11
cbecs,building_survey,6103,6103,3,14,15500,3,5,1,70,15,1,1,1,2,2,2,2,3953,2144,487735.0,142947.0,9035.0,898287.0,8654.0,7214.0,589.53
cbecs,building_survey,6104,6104,2,16,700000,994,3,4,168,2083,1,1,1,1,2,1,2,6843,755,50255926.0,14729169.0,1305901.0,5474084.0,52737.0,31422.0,4.3
cbecs,building_survey,6105,6105,3,8,118000,4,8,3,12,300,1,1,2,2,2,2,2,2102,3288,14780064.0,4331789.0,363183.0,,,,82.75
cbecs,building_survey,6106,6106,4,5,186000,1,8,1,60,22,1,1,1,2,2,2,2,2019,1464,2321420.0,680369.0,114787.0,501371.0,4830.0,6523.0,249.3
cbecs,building_survey,6107,6107,4,26,2650,1,6,1,168,4,1,1,2,2,1,2,2,5636,337,155972.0,45713.0,6394.0,,,,1420.0
cbecs,building_survey,6108,6108,2,18,300000,995,5,3,168,40,1,1,1,2,2,2,2,5795,1529,15245555.0,4468217.0,391216.0,20965686.0,201982.0,67558.0,10.62
cbecs,building_survey,6109,6109,3,91,205000,4,8,1,116,125,1,1,1,2,2,2,2,2489,2981,14566556.0,4269213.0,249864.0,10322373.0,99445.0,112390.0,61.03
cbecs,building_survey,6110,6110,4,2,1400,1,5,1,40,3,1,1,2,2,2,2,2,3800,958,52816.0,15479.0,2202.0,,,,3075.23
cbecs,building_survey,6111,6111,4,2,158000,4,7,1,45,510,1,1,2,2,2,2,2,1383,3865,4920715.0,1442179.0,174381.0,,,,68.29
cbecs,building_survey,6112,6112,3,2,305000,7,8,1,60,1000,1,1,1,1,2,2,2,3988,1492,31043783.0,9098412.0,770230.0,941567.0,9071.0,8178.0,68.33
cbecs,building_survey,6113,6113,2,2,600000,995,6,22,60,1450,1,1,1,1,2,1,2,8394,937,19450162.0,5700516.0,599299.0,308758.0,2975.0,2578.0,14.9
cbecs,building_survey,6114,6114,4,5,270000,1,5,1,40,35,1,1,2,2,2,2,2,5148,348,4442541.0,1302034.0,167913.0,,,,70.08
cbecs,building_survey,6115,6115,3,13,40500,2,5,1,40,6,1,1,1,2,2,2,2,1678,2691,4433010.0,1299241.0,150409.0,97454.0,939.0,1049.0,431.11
cbecs,building_survey,6116,6116,3,18,385000,3,8,1,168,10,1,1,1,1,2,2,1,1375,2783,24041054.0,7046030.0,610057.0,19067172.0,183691.0,101436.0,5.89
cbecs,building_survey,6117,6117,2,8,365000,6,8,4,68,1100,1,1,1,1,2,2,2,5846,1137,37037409.0,10855044.0,841965.0,8525313.0,82132.0,45562.0,3.95
cbecs,building_survey,6118,6118,2,8,7200,1,8,1,60,22,1,1,2,1,2,2,2,4475,1809,591998.0,173505.0,15818.0,,,,1195.14
cbecs,building_survey,6119,6119,4,15,4250,1,9,1,65,3,1,1,1,2,2,2,2,5554,1314,235678.0,69073.0,6817.0,726667.0,7001.0,5836.0,1417.97
cbecs,building_survey,6120,6120,3,2,82000,6,6,6,50,205,1,1,2,2,2,2,2,4357,2084,3360376.0,984870.0,59114.0,,,,137.69
cbecs,building_survey,6121,6121,3,16,150000,3,3,2,168,50,1,1,1,1,2,2,2,3756,2493,15653130.0,4587670.0,341371.0,14695159.0,141572.0,53228.0,10.07
cbecs,building_survey,6122,6122,3,18,235000,4,9,1,168,20,1,1,2,2,2,2,2,1977,3112,16200820.0,4748189.0,280367.0,,,,7.36
cbecs,building_survey,6123,6123,3,7,1700000,994,3,11,63,300,1,1,1,2,2,1,2,5047,1805,25311865.0,7418483.0,645818.0,11944116.0,115069.0,64141.0,6.52
cbecs,building_survey,6124,6124,2,25,2100,2,2,1,35,1,1,1,1,2,2,2,2,6319,1340,13879.0,4068.0,489.0,63560.0,612.0,986.0,2747.83
cbecs,building_survey,6125,6125,2,5,30000,1,8,1,55,8,1,1,2,2,2,2,2,7852,556,601023.0,176150.0,26654.0,,,,3554.88
cbecs,building_survey,6126,6126,3,12,80000,3,4,1,60,4,1,1,1,2,2,2,2,4185,2043,309264.0,90640.0,9096.0,821475.0,7914.0,7436.0,580.45
cbecs,building_survey,6127,6127,3,5,330000,1,7,1,45,75,1,1,1,1,2,2,2,2881,1846,5436869.0,1593455.0,113200.0,2342737.0,22570.0,20742.0,25.2
cbecs,building_survey,6128,6128,3,2,5600,1,6,1,40,15,1,1,2,2,2,2,2,3510,1818,271729.0,79639.0,8447.0,,,,690.18
cbecs,building_survey,6129,6129,4,5,4650,1,2,5,40,2,2,2,2,2,2,2,2,5685,315,,,,,,,3195.83
cbecs,building_survey,6130,6130,4,26,7500,2,7,1,54,9,1,1,1,2,2,2,2,6025,1043,133969.0,39264.0,3599.0,269334.0,2595.0,2454.0,2800.45
cbecs,building_survey,6131,6131,2,14,23000,2,6,1,40,8,1,1,1,2,2,2,2,4891,2144,962105.0,281977.0,21200.0,799164.0,7699.0,6466.0,1426.39
cbecs,building_survey,6132,6132,3,2,28500,1,8,1,40,173,1,1,1,2,2,2,2,1184,3593,653157.0,191429.0,20051.0,644765.0,6212.0,5199.0,621.37
cbecs,building_survey,6133,6133,4,23,42000,1,9,4,55,18,1,1,1,2,2,2,2,4282,808,2115918.0,620140.0,79344.0,1538208.0,14819.0,12485.0,395.28
cbecs,building_survey,6134,6134,3,2,56000,6,8,3,50,130,1,1,2,2,2,2,2,2105,3562,3838281.0,1124936.0,144725.0,,,,137.69
cbecs,building_survey,6135,6135,3,5,180000,1,6,4,50,22,1,1,1,2,2,2,2,3412,2098,2693600.0,789449.0,67691.0,10255370.0,98799.0,76677.0,66.26
cbecs,building_survey,6136,6136,3,2,28000,2,7,2,40,10,1,1,1,2,2,2,2,2021,3128,889089.0,260577.0,22948.0,606278.0,5841.0,5057.0,589.53
cbecs,building_survey,6137,6137,3,14,58000,2,4,1,55,65,1,1,1,1,2,2,2,4790,1363,2049839.0,600773.0,68751.0,2201558.0,21210.0,19023.0,303.46
cbecs,building_survey,6138,6138,1,26,260000,4,6,1,168,60,1,1,2,1,2,2,2,4421,1503,15034249.0,4406286.0,399003.0,,,,14.9
cbecs,building_survey,6139,6139,2,25,148000,1,8,1,168,200,1,1,1,2,2,2,2,6029,1798,13403103.0,3928225.0,479559.0,3874620.0,37328.0,25414.0,125.04
cbecs,building_survey,6140,6140,2,12,1250,1,2,1,4,1,1,1,2,2,1,2,2,5428,1410,49790.0,14593.0,1017.0,,,,3075.23
cbecs,building_survey,6141,6141,3,2,215000,5,6,32,55,300,1,1,1,2,2,2,2,2423,2503,10740558.0,3147877.0,254956.0,1019090.0,9818.0,8235.0,14.67
cbecs,building_survey,6142,6142,4,26,1800,1,5,1,40,1,1,1,1,2,2,2,2,6745,983,79159.0,23200.0,2186.0,51054.0,492.0,500.0,582.23
cbecs,building_survey,6143,6143,1,14,415000,3,3,1,80,300,1,1,1,2,2,2,2,7811,654,6097726.0,1787141.0,194908.0,24746127.0,238402.0,81197.0,9.96
cbecs,building_survey,6144,6144,3,25,220000,1,8,5,168,150,1,1,1,2,2,2,2,1388,4035,20716277.0,6071593.0,272099.0,1438670.0,13860.0,21584.0,14.9
cbecs,building_survey,6145,6145,3,16,1700000,8,5,1,168,7500,1,1,1,1,2,1,1,3212,1960,131341130.0,38493883.0,3328493.0,24129230.0,232459.0,126129.0,8.78
cbecs,building_survey,6146,6146,1,5,180000,1,7,1,70,275,1,1,1,2,2,2,2,6137,933,4585304.0,1343876.0,161308.0,3166432.0,30505.0,13403.0,14.9
cbecs,building_survey,6147,6147,1,23,74000,1,8,11,75,67,1,1,1,2,2,2,2,5607,1023,4962249.0,1454352.0,131012.0,5340107.0,51446.0,28501.0,395.28
cbecs,building_survey,6148,6148,3,6,3000,1,9,1,168,2,1,1,1,2,2,2,2,1978,3779,1003327.0,294058.0,17663.0,48029.0,463.0,622.0,2990.63
cbecs,building_survey,6149,6149,2,16,700000,5,8,9,168,2083,1,1,1,1,2,2,2,7934,505,55376487.0,16229920.0,1413681.0,139962002.0,1348382.0,508535.0,10.17
cbecs,building_survey,6150,6150,2,25,148000,2,7,1,80,45,1,1,1,1,2,2,2,7666,581,6349931.0,1861058.0,145764.0,689531.0,6643.0,4097.0,125.92
cbecs,building_survey,6151,6151,2,5,22000,1,4,2,48,3,1,1,1,2,2,2,2,6440,698,85403.0,25030.0,3681.0,719893.0,6935.0,4964.0,3554.88
cbecs,building_survey,6152,6152,2,16,250000,7,5,1,168,400,1,1,1,1,2,2,2,6686,895,22933945.0,6721555.0,508797.0,20415045.0,196677.0,108482.0,10.17
cbecs,building_survey,6153,6153,1,2,35000,2,6,7,60,45,1,1,1,2,2,2,2,5170,1043,690480.0,202368.0,38859.0,141511.0,1363.0,1477.0,611.8
cbecs,building_survey,6154,6154,1,12,14500,3,4,1,3,2,1,1,1,2,2,2,2,5660,1059,111109.0,32564.0,4177.0,616607.0,5940.0,5274.0,1484.29
cbecs,building_survey,6155,6155,2,5,600000,2,4,1,168,19,1,1,2,2,2,2,2,5781,1758,12916422.0,3785587.0,323372.0,,,,27.6
cbecs,building_survey,6156,6156,2,2,250000,994,6,8,60,350,1,1,1,2,2,2,2,8311,864,12413891.0,3638303.0,364524.0,2987014.0,28777.0,21634.0,14.9
cbecs,building_survey,6157,6157,2,13,16000,1,2,2,50,3,1,1,1,2,2,2,2,5414,1040,189181.0,55446.0,8259.0,318146.0,3065.0,3078.0,461.19
cbecs,building_survey,6158,6158,3,2,500001,994,4,1,60,800,1,1,2,2,2,2,2,4261,1776,35026643.0,10265722.0,1460853.0,,,,6.52
cbecs,building_survey,6159,6159,4,14,48000,4,4,3,55,95,1,1,2,2,2,2,2,718,1417,1510259.0,442632.0,87921.0,,,,495.15
cbecs,building_survey,6160,6160,3,2,1450,1,8,1,40,4,1,1,1,2,2,2,2,3682,2082,107652.0,31551.0,2407.0,84289.0,812.0,722.0,2990.63
cbecs,building_survey,6161,6161,4,5,600000,1,8,1,90,180,1,1,1,1,1,2,2,4468,1358,19727895.0,5781915.0,500971.0,9694608.0,93397.0,53919.0,14.9
cbecs,building_survey,6162,6162,4,5,270000,1,9,5,12,12,1,1,1,2,2,2,2,4668,1614,683619.0,200357.0,18847.0,1443034.0,13902.0,11644.0,69.36
cbecs,building_survey,6163,6163,3,5,32000,2,6,1,168,3,1,1,2,2,2,2,2,3574,1833,189979.0,55680.0,5820.0,,,,591.56
cbecs,building_survey,6164,6164,3,12,11500,1,7,1,11,8,1,1,1,2,2,2,2,1586,2913,159325.0,46695.0,5684.0,59449.0,573.0,408.0,1484.29
cbecs,building_survey,6165,6165,3,2,2600,2,4,1,168,8,1,1,1,2,2,2,2,2362,2489,366365.0,107375.0,8582.0,11686.0,113.0,808.0,2990.63
cbecs,building_survey,6166,6166,3,2,305000,995,6,14,60,350,1,1,1,1,2,1,2,4294,1718,23633091.0,6926463.0,797845.0,2179497.0,20997.0,17194.0,14.9
cbecs,building_survey,6167,6167,3,2,500001,995,6,30,55,1000,1,1,2,1,2,2,2,1011,3991,17329227.0,5078906.0,433547.0,,,,14.9
cbecs,building_survey,6168,6168,3,2,98000,3,5,1,50,120,1,1,2,2,2,1,2,1646,2919,2587053.0,758222.0,53705.0,,,,303.46
cbecs,building_survey,6169,6169,3,25,205000,1,7,5,168,150,1,1,1,2,2,2,2,2714,2937,19722171.0,5780238.0,264111.0,2555237.0,24617.0,13713.0,14.9
cbecs,building_survey,6170,6170,1,2,100001,995,7,6,70,315,1,1,2,1,2,1,2,4843,1438,6306135.0,1848222.0,169656.0,,,,137.69
cbecs,building_survey,6171,6171,3,18,230000,994,2,1,168,24,1,1,1,2,2,2,2,4328,1792,5954869.0,1745272.0,245133.0,3753353.0,36159.0,37215.0,5.52
cbecs,building_survey,6172,6172,1,25,250000,3,3,1,77,60,1,1,1,1,2,2,2,5320,1344,10097451.0,2959394.0,272949.0,6085490.0,58627.0,32011.0,48.85
cbecs,building_survey,6173,6173,2,14,100000,2,7,1,45,60,1,1,1,2,2,2,2,6280,1035,1117984.0,327662.0,34526.0,2389770.0,23023.0,13193.0,100.08
cbecs,building_survey,6174,6174,3,2,330000,995,8,35,85,325,1,1,2,1,2,2,2,1539,3887,38657645.0,11329908.0,1070498.0,,,,14.9
cbecs,building_survey,6175,6175,3,14,56000,1,5,1,40,45,1,1,1,2,2,2,2,4129,2528,3274955.0,959834.0,72090.0,103598.0,998.0,722.0,330.8
cbecs,building_survey,6176,6176,3,25,12000,1,4,1,45,11,1,1,1,2,2,2,2,4393,1931,121762.0,35686.0,4303.0,371777.0,3582.0,4325.0,1413.09
cbecs,building_survey,6177,6177,2,26,3200,1,5,1,40,7,1,1,1,1,2,2,2,4463,1579,55216.0,16183.0,2238.0,314598.0,3031.0,2109.0,1386.54
cbecs,building_survey,6178,6178,4,2,340000,995,5,14,54,458,1,1,1,1,2,2,2,834,1037,12598807.0,3692499.0,567375.0,1357253.0,13076.0,9825.0,15.06
cbecs,building_survey,6179,6179,1,14,430000,2,8,1,60,195,1,1,1,1,2,2,2,5142,1177,14309856.0,4193979.0,526254.0,4913349.0,47335.0,44212.0,44.64
cbecs,building_survey,6180,6180,3,14,62000,1,3,1,45,50,1,1,1,2,2,2,2,2600,2855,2132984.0,625142.0,65615.0,1021162.0,9838.0,7068.0,330.8
cbecs,building_survey,6181,6181,2,6,2000,1,3,1,133,4,1,1,2,2,2,2,2,4536,1911,822259.0,240990.0,27780.0,,,,2934.43
cbecs,building_survey,6182,6182,1,2,3600,2,2,1,40,4,1,1,2,1,1,2,2,5309,970,82256.0,24108.0,3089.0,,,,1745.76
cbecs,building_survey,6183,6183,3,18,250000,3,6,1,168,40,1,1,1,2,1,2,1,2504,2909,16507175.0,4837976.0,405471.0,16937019.0,163170.0,88750.0,99.04
cbecs,building_survey,6184,6184,3,7,162000,2,7,1,168,175,1,1,1,1,2,2,2,1587,2809,6737496.0,1974647.0,275238.0,6239184.0,60108.0,19899.0,124.34
cbecs,building_survey,6185,6185,3,5,24000,1,8,2,50,18,1,1,1,2,2,2,2,2666,3035,685255.0,200837.0,17777.0,24614.0,237.0,255.0,1413.09
cbecs,building_survey,6186,6186,3,5,36000,1,6,1,20,4,2,2,2,2,2,2,2,2296,3227,,,,,,,623.52
cbecs,building_survey,6187,6187,1,14,30000,1,4,1,50,55,1,1,1,2,2,2,2,4679,1415,1189049.0,348490.0,31896.0,2223438.0,21420.0,20211.0,504.63
cbecs,building_survey,6188,6188,3,5,126000,1,8,1,20,85,1,1,2,2,2,2,2,4092,2174,534667.0,156702.0,20336.0,,,,15.65
cbecs,building_survey,6189,6189,2,13,59000,2,8,1,60,12,1,1,1,2,2,2,2,5820,1559,833359.0,244244.0,34099.0,865586.0,8339.0,4265.0,222.37
cbecs,building_survey,6190,6190,1,14,68000,4,3,1,61,60,1,1,2,1,2,2,2,4555,1496,1171324.0,343295.0,32210.0,,,,99.04
cbecs,building_survey,6191,6191,2,14,240000,995,4,17,168,700,1,1,1,2,2,1,2,6054,1490,14440941.0,4232398.0,358881.0,5498418.0,52971.0,29273.0,16.17
cbecs,building_survey,6192,6192,1,14,1500000,4,8,1,78,1500,1,1,1,1,2,2,2,4775,1455,47099843.0,13804174.0,1256722.0,3841908.0,37013.0,34646.0,13.73
cbecs,building_survey,6193,6193,1,14,69000,1,5,1,55,52,1,1,2,1,2,2,2,6949,502,3191447.0,935360.0,138421.0,,,,97.52
cbecs,building_survey,6194,6194,3,14,62000,2,7,1,60,20,1,1,1,2,2,2,1,2499,2214,3511018.0,1029021.0,78495.0,374796.0,3611.0,2040.0,245.01
cbecs,building_survey,6195,6195,4,2,67000,2,7,4,45,150,1,1,1,2,2,2,2,1227,835,1519547.0,445354.0,46604.0,220060.0,2120.0,3962.0,422.29
cbecs,building_survey,6196,6196,1,5,325000,2,5,3,60,75,1,1,1,1,2,2,2,5253,1374,4034138.0,1182338.0,156472.0,1798818.0,17330.0,15787.0,31.35
cbecs,building_survey,6197,6197,4,18,200000,994,9,2,168,75,1,1,1,2,2,2,2,5474,1010,8136016.0,2384530.0,170944.0,10367759.0,99882.0,46592.0,97.52
cbecs,building_survey,6198,6198,3,14,75000,2,7,1,75,150,1,1,1,2,2,2,2,3731,1907,2938857.0,861330.0,85628.0,270589.0,2607.0,2436.0,97.52
cbecs,building_survey,6199,6199,1,2,4400,1,5,2,45,7,1,1,1,2,2,2,2,5641,946,73047.0,21409.0,2615.0,74685.0,720.0,946.0,1779.2
cbecs,building_survey,6200,6200,2,25,1200,1,6,1,72,2,1,1,1,2,2,2,2,6344,838,30434.0,8920.0,1484.0,4703.0,45.0,135.0,3075.23
cbecs,building_survey,6201,6201,1,2,5800,1,5,3,40,15,1,1,1,2,2,2,2,6561,844,210616.0,61728.0,6264.0,208338.0,2007.0,1809.0,2990.63
cbecs,building_survey,6202,6202,1,2,1500000,995,7,1,168,2500,1,1,1,2,2,1,2,4088,1491,98299587.0,28809961.0,2357023.0,82255079.0,792438.0,870218.0,14.9
cbecs,building_survey,6203,6203,3,2,1600,1,7,1,40,2,1,1,2,2,2,2,2,4293,1890,90961.0,26659.0,3215.0,,,,2990.63
cbecs,building_survey,6204,6204,3,2,11000,1,4,2,40,27,1,1,1,2,2,2,2,3433,2473,538262.0,157756.0,9924.0,437328.0,4213.0,3513.0,17.47
cbecs,building_survey,6205,6205,1,13,44000,2,3,6,105,30,1,1,1,2,2,2,2,6969,511,677086.0,198443.0,30033.0,1986389.0,19137.0,21536.0,240.4
cbecs,building_survey,6206,6206,2,2,70000,2,7,1,50,40,1,1,1,2,2,2,2,7211,620,2030906.0,595225.0,45768.0,2514075.0,24220.0,13237.0,215.07
cbecs,building_survey,6207,6207,1,2,16750,2,5,1,50,20,1,1,2,2,2,2,2,7536,706,293017.0,85878.0,12916.0,,,,1484.29
cbecs,building_survey,6208,6208,3,2,1500,1,8,1,40,2,1,1,2,2,2,2,2,3699,2400,44060.0,12913.0,1397.0,,,,2990.63
cbecs,building_survey,6209,6209,2,15,5700,2,8,1,85,21,1,1,2,2,1,2,2,4999,1649,543079.0,159167.0,18658.0,,,,1195.14
cbecs,building_survey,6210,6210,4,5,440000,1,8,1,11,10,1,1,2,2,2,2,2,988,1028,2521335.0,738961.0,94257.0,,,,49.37
cbecs,building_survey,6211,6211,3,6,6800,1,6,1,168,3,1,1,1,2,2,2,2,3836,1877,1374242.0,402767.0,43189.0,749711.0,7223.0,8208.0,1218.03
cbecs,building_survey,6212,6212,4,8,6000,2,6,1,53,11,1,1,2,2,2,2,2,757,1884,175398.0,51406.0,14100.0,,,,3075.23
cbecs,building_survey,6213,6213,2,25,205000,1,8,8,168,150,1,1,1,2,2,2,2,5573,1886,16153057.0,4734190.0,402698.0,5998061.0,57785.0,32660.0,73.63
cbecs,building_survey,6214,6214,3,26,10000,1,4,1,40,3,1,1,2,2,2,2,2,2643,3528,179889.0,52722.0,4944.0,,,,6659.94
cbecs,building_survey,6215,6215,1,16,445000,995,6,4,168,650,1,1,1,1,2,2,2,5428,1376,37589635.0,11016892.0,1730214.0,40575891.0,390905.0,377225.0,11.7
cbecs,building_survey,6216,6216,3,18,450000,995,6,1,168,200,1,1,1,1,2,2,2,970,4041,64637947.0,18944299.0,693850.0,14585566.0,140516.0,78376.0,8.84
cbecs,building_survey,6217,6217,3,14,146000,1,9,1,40,65,1,1,2,2,1,2,2,2504,2851,2458824.0,720640.0,63851.0,,,,54.9
cbecs,building_survey,6218,6218,1,2,170000,1,3,1,40,350,1,1,1,2,2,2,2,5238,1224,4337540.0,1271260.0,118484.0,5759356.0,55485.0,40208.0,423.26
cbecs,building_survey,6219,6219,4,7,490000,994,8,1,168,250,1,1,1,2,2,2,2,828,1244,23261673.0,6817606.0,1228963.0,14359650.0,138340.0,95507.0,26.02
cbecs,building_survey,6220,6220,2,26,2950,2,2,1,45,9,1,1,1,2,2,2,2,5531,1131,39399.0,11547.0,1087.0,94990.0,915.0,810.0,3075.23
cbecs,building_survey,6221,6221,1,8,3100,2,7,1,50,2,1,1,2,2,2,2,2,4848,1425,120150.0,35214.0,8892.0,,,,1391.33
cbecs,building_survey,6222,6222,4,18,61000,2,4,1,168,10,1,1,1,2,2,2,2,1059,939,1192195.0,349412.0,60265.0,3609622.0,34775.0,23789.0,306.64
cbecs,building_survey,6223,6223,3,23,124000,2,8,13,88,114,1,1,1,1,2,2,2,2324,3033,10983562.0,3219098.0,274001.0,7304904.0,70375.0,39702.0,406.08
cbecs,building_survey,6224,6224,4,2,116000,4,8,8,65,150,1,1,1,2,2,2,2,604,1717,3827159.0,1121676.0,144155.0,631789.0,6087.0,4525.0,9.11
cbecs,building_survey,6225,6225,2,26,12000,1,5,1,55,60,1,1,1,2,2,2,2,6186,1038,573860.0,168189.0,14778.0,821389.0,7913.0,6552.0,611.8
cbecs,building_survey,6226,6226,2,14,140000,4,9,2,60,35,1,1,1,2,2,2,2,4995,2076,1681993.0,492964.0,54841.0,2635451.0,25390.0,16160.0,329.67
cbecs,building_survey,6227,6227,1,5,300000,2,5,2,130,350,1,1,1,1,1,2,2,6536,879,16422863.0,4813266.0,809076.0,7161462.0,68993.0,122381.0,14.9
cbecs,building_survey,6228,6228,4,18,106000,4,9,1,168,0,1,1,1,2,2,2,2,3585,444,2300509.0,674241.0,40670.0,916469.0,8829.0,8665.0,100.08
cbecs,building_survey,6229,6229,4,2,6500,2,7,1,60,16,1,1,2,2,2,2,2,2679,184,257562.0,75487.0,12534.0,,,,3075.23
cbecs,building_survey,6230,6230,4,16,225000,4,2,1,168,400,1,1,1,2,2,1,2,6117,319,25736922.0,7543060.0,970510.0,5170263.0,49810.0,27679.0,10.17
cbecs,building_survey,6231,6231,3,2,1100,1,4,1,24,3,1,1,2,2,2,2,2,2370,3410,43198.0,12661.0,1628.0,,,,1218.03
cbecs,building_survey,6232,6232,3,18,33000,2,4,1,168,0,1,1,1,2,2,2,2,3425,2415,932354.0,273257.0,16948.0,1770468.0,17057.0,14274.0,1421.48
cbecs,building_survey,6233,6233,2,2,245000,4,5,3,16,500,1,1,1,2,2,2,2,6627,1182,17407788.0,5101931.0,421152.0,9386086.0,90425.0,43706.0,146.69
cbecs,building_survey,6234,6234,3,2,245000,994,9,13,55,1350,1,1,1,2,2,2,2,3704,2020,10877190.0,3187922.0,270284.0,1166306.0,11236.0,11122.0,58.26
cbecs,building_survey,6235,6235,3,5,70000,2,6,1,60,36,1,1,2,2,2,2,2,3746,1952,1583013.0,463955.0,44930.0,,,,224.76
cbecs,building_survey,6236,6236,3,2,112000,4,8,1,40,50,1,1,1,1,2,2,2,1239,2828,4953644.0,1451830.0,86931.0,494490.0,4764.0,4147.0,97.52
cbecs,building_survey,6237,6237,3,2,225000,994,5,60,65,1000,1,1,1,2,2,2,2,1151,3917,12724594.0,3729365.0,261012.0,2344674.0,22588.0,17587.0,9.01
cbecs,building_survey,6238,6238,3,5,72000,2,4,1,40,7,1,1,1,2,2,2,2,2813,2217,1058511.0,310232.0,26902.0,895538.0,8628.0,7238.0,14.9
cbecs,building_survey,6239,6239,4,12,8000,3,8,2,20,7,1,1,1,2,2,2,2,830,1698,307894.0,90239.0,11871.0,60392.0,582.0,719.0,1531.55
cbecs,building_survey,6240,6240,2,2,7100,2,7,1,45,8,1,1,1,2,2,2,2,7404,747,71888.0,21069.0,4333.0,155532.0,1498.0,2859.0,2934.43
cbecs,building_survey,6241,6241,4,14,75000,1,7,1,40,50,1,1,1,2,2,2,2,6795,484,1521321.0,445874.0,55357.0,3097432.0,29840.0,22364.0,383.99
cbecs,building_survey,6242,6242,3,2,60000,1,6,28,36,75,1,1,2,2,2,2,2,1449,3799,2076289.0,608525.0,71920.0,,,,310.59
cbecs,building_survey,6243,6243,3,2,320000,5,7,3,168,250,1,1,1,1,2,2,2,3057,2511,28081164.0,8230118.0,581896.0,5701358.0,54926.0,49517.0,17.47
cbecs,building_survey,6244,6244,2,13,1200,1,8,1,14,2,1,1,2,2,2,2,2,5022,1502,14230.0,4171.0,563.0,,,,6534.79
cbecs,building_survey,6245,6245,2,13,485000,5,2,1,78,100,1,1,1,1,2,1,2,6084,1100,12303960.0,3606084.0,497475.0,656531.0,6325.0,13717.0,49.37
cbecs,building_survey,6246,6246,3,5,38000,2,3,1,45,10,1,1,1,2,1,2,2,2657,1886,156008.0,45723.0,8303.0,395704.0,3812.0,3361.0,1026.85
cbecs,building_survey,6247,6247,4,25,200000,1,7,6,168,300,1,1,1,2,2,2,2,5336,729,14224398.0,4168933.0,533851.0,7002985.0,67466.0,37574.0,122.69
cbecs,building_survey,6248,6248,1,14,7300,1,6,1,45,17,1,1,2,1,2,2,2,6344,1053,407173.0,119336.0,11627.0,,,,964.3
cbecs,building_survey,6249,6249,2,14,225000,2,5,1,72,90,1,1,1,1,1,2,2,5511,1383,6135935.0,1798340.0,105904.0,6908314.0,66554.0,53811.0,61.22
cbecs,building_survey,6250,6250,4,25,215000,1,7,5,168,150,1,1,1,2,2,2,2,5998,456,16250743.0,4762820.0,592536.0,9070935.0,87389.0,49270.0,15.06
cbecs,building_survey,6251,6251,4,5,150000,2,8,1,45,35,1,1,2,2,2,2,2,4297,358,768482.0,225229.0,23374.0,,,,249.3
cbecs,building_survey,6252,6252,4,1,8000,1,3,0,0,0,2,2,2,2,2,2,2,5080,744,,,,,,,6659.94
cbecs,building_survey,6253,6253,1,13,1500,3,2,1,49,1,1,1,1,2,2,2,2,4954,1248,112393.0,32941.0,3934.0,171563.0,1653.0,1810.0,3257.88
cbecs,building_survey,6254,6254,3,16,88000,1,6,1,168,125,1,1,1,1,2,2,2,3001,2140,11292379.0,3309607.0,190544.0,11217589.0,108069.0,65990.0,28.53
cbecs,building_survey,6255,6255,3,14,31000,1,5,1,64,5,1,1,1,2,2,2,2,2177,2551,1351536.0,396113.0,30102.0,759657.0,7318.0,6197.0,324.59
cbecs,building_survey,6256,6256,3,26,1600,1,8,1,40,1,1,1,2,2,2,2,2,2898,2363,52151.0,15285.0,1998.0,,,,2990.63
cbecs,building_survey,6257,6257,3,2,102000,4,7,15,62,80,1,1,2,2,2,2,2,1600,3926,7283435.0,2134653.0,204762.0,,,,137.69
cbecs,building_survey,6258,6258,1,91,164000,2,6,1,50,200,1,1,2,2,2,1,2,7679,563,2237746.0,655846.0,98950.0,,,,58.57
cbecs,building_survey,6259,6259,2,8,116000,3,7,3,168,150,1,1,1,1,1,2,2,6043,1004,11936179.0,3498294.0,297807.0,1916192.0,18460.0,27664.0,64.41
cbecs,building_survey,6260,6260,4,15,1750,1,3,1,60,4,1,1,1,2,2,2,2,1512,3445,175636.0,51476.0,9700.0,73660.0,710.0,1249.0,1195.14
cbecs,building_survey,6261,6261,4,2,305000,994,8,16,40,900,1,1,2,1,2,2,2,5190,1055,11522064.0,3376924.0,243610.0,,,,8.76
cbecs,building_survey,6262,6262,1,14,156000,3,5,2,88,120,1,1,1,1,2,2,2,4082,1520,4608883.0,1350786.0,124014.0,3556802.0,34266.0,19535.0,44.64
cbecs,building_survey,6263,6263,1,11,150000,2,5,1,50,50,1,1,2,2,2,2,2,5505,1432,8073283.0,2366144.0,262155.0,,,,14.9
cbecs,building_survey,6264,6264,4,5,162000,1,3,1,40,0,1,1,1,2,2,2,2,2770,232,951910.0,278989.0,21268.0,105836.0,1020.0,1018.0,249.3
cbecs,building_survey,6265,6265,1,24,1500000,1,5,996,73,500,1,1,1,2,2,2,2,6594,951,48502264.0,14215200.0,1296601.0,2845401.0,27412.0,43335.0,11.95
cbecs,building_survey,6266,6266,1,16,260000,8,8,1,168,533,1,1,1,1,2,1,2,5176,1205,33026440.0,9679496.0,899978.0,4690739.0,45190.0,25146.0,8.78
cbecs,building_survey,6267,6267,3,5,30000,1,6,3,45,20,1,1,1,2,2,2,2,3082,2704,263897.0,77344.0,9278.0,438162.0,4221.0,3668.0,633.24
cbecs,building_survey,6268,6268,3,7,270000,2,7,1,168,200,1,1,1,2,2,2,2,1256,2796,10657526.0,3123542.0,194149.0,8957900.0,86300.0,48643.0,44.64
cbecs,building_survey,6269,6269,2,25,12000,3,6,1,50,2,1,1,1,2,2,2,2,5111,1799,392947.0,115166.0,12014.0,657458.0,6334.0,5045.0,1408.23
cbecs,building_survey,6270,6270,1,2,190000,7,3,10,168,244,1,1,2,1,2,1,2,4603,1491,26726936.0,7833217.0,497675.0,,,,14.9
cbecs,building_survey,6271,6271,3,16,800000,7,4,1,168,200,1,1,1,1,2,2,2,4333,1796,39226195.0,11496540.0,628834.0,50760223.0,489019.0,187350.0,14.06
cbecs,building_survey,6272,6272,4,14,102000,2,8,3,72,20,1,1,1,2,2,2,2,3886,393,3071323.0,900153.0,113321.0,764278.0,7363.0,6420.0,118.55
cbecs,building_survey,6273,6273,3,15,2800,1,3,1,60,6,1,1,1,2,2,2,2,2288,3008,549691.0,161105.0,14471.0,188742.0,1818.0,1689.0,1218.03
cbecs,building_survey,6274,6274,4,5,186000,1,8,1,40,50,1,1,1,2,2,2,2,689,1317,2375992.0,696363.0,108037.0,76966.0,741.0,875.0,70.08
cbecs,building_survey,6275,6275,4,5,66000,2,5,4,55,10,1,1,1,2,2,2,2,2191,1471,595271.0,174464.0,22732.0,341342.0,3288.0,2847.0,215.07
cbecs,building_survey,6276,6276,2,1,3000,2,2,0,0,0,1,1,1,2,2,2,2,5100,1836,5857.0,1717.0,525.0,61258.0,590.0,658.0,3616.53
cbecs,building_survey,6277,6277,1,18,1000000,995,4,4,168,800,1,1,1,2,2,1,2,5005,1299,32561034.0,9543093.0,1140149.0,95926610.0,924148.0,266485.0,14.9
cbecs,building_survey,6278,6278,4,16,375000,6,7,2,168,1900,1,1,1,1,2,2,2,8515,14,46600553.0,13657841.0,1624591.0,99115667.0,954872.0,861679.0,3.95
cbecs,building_survey,6279,6279,3,12,1400,1,8,1,11,4,1,1,2,2,2,2,2,1302,4365,65178.0,19103.0,2159.0,,,,1779.2
cbecs,building_survey,6280,6280,2,14,81000,2,6,1,54,49,1,1,1,2,2,2,2,5059,1477,2811080.0,823880.0,70336.0,2302316.0,22180.0,18139.0,282.95
cbecs,building_survey,6281,6281,3,91,11000,2,9,1,0,0,1,1,1,2,2,2,2,4347,1625,77618.0,22749.0,1918.0,226870.0,2186.0,2451.0,1218.03
cbecs,building_survey,6282,6282,3,12,17500,1,6,1,40,6,1,1,2,2,2,2,2,1597,3598,920805.0,269873.0,23204.0,,,,1489.41
cbecs,building_survey,6283,6283,2,18,96000,5,6,1,168,25,1,1,1,2,2,2,2,4596,1558,5409359.0,1585392.0,128310.0,6330174.0,60984.0,33737.0,329.67
cbecs,building_survey,6284,6284,2,17,12500,3,6,1,168,10,1,1,1,2,2,2,2,6911,800,933417.0,273569.0,23800.0,1501943.0,14470.0,11780.0,1399.59
cbecs,building_survey,6285,6285,1,18,460000,995,6,1,168,140,1,1,1,2,2,2,2,4229,1453,20526778.0,6016055.0,463764.0,56422543.0,543570.0,279386.0,50.03
cbecs,building_survey,6286,6286,2,6,9500,1,8,1,168,9,1,1,1,2,2,2,2,4619,2077,1311205.0,384292.0,33203.0,928015.0,8940.0,6367.0,1195.14
cbecs,building_survey,6287,6287,3,16,435000,8,8,2,168,250,1,1,1,1,2,2,2,1016,3509,47457466.0,13908988.0,1105201.0,23356880.0,225018.0,202310.0,8.78
cbecs,building_survey,6288,6288,2,26,2500,1,5,1,168,4,1,1,1,2,2,2,2,4765,1596,35923.0,10528.0,1293.0,40609.0,391.0,889.0,1472.45
cbecs,building_survey,6289,6289,1,17,100000,3,9,2,168,50,1,1,1,1,2,2,2,5096,1075,5713048.0,1674399.0,179118.0,3678193.0,35435.0,20078.0,99.04
cbecs,building_survey,6290,6290,2,5,12000,1,5,1,10,9,1,1,1,2,2,2,2,6375,1133,104579.0,30650.0,4110.0,558331.0,5379.0,2997.0,1531.55
cbecs,building_survey,6291,6291,1,18,295000,994,4,1,168,120,1,1,1,1,2,2,2,4526,1599,9743995.0,2855802.0,327615.0,7526486.0,72509.0,58960.0,8.84
cbecs,building_survey,6292,6292,3,18,210000,8,6,1,168,50,1,1,1,2,2,2,2,1782,3798,14385678.0,4216201.0,347472.0,5939748.0,57223.0,92019.0,8.84
cbecs,building_survey,6293,6293,1,18,400000,4,6,1,168,80,1,1,1,1,2,2,2,4982,1340,13026877.0,3817959.0,343885.0,32848627.0,316461.0,292628.0,8.84
cbecs,building_survey,6294,6294,3,1,310000,994,7,1,168,16,2,2,2,2,2,2,2,3948,2081,,,,,,,6.52
cbecs,building_survey,6295,6295,3,7,51000,1,8,1,168,16,1,1,1,1,2,2,2,4127,1486,2468852.0,723579.0,68620.0,787269.0,7584.0,6686.0,504.63
cbecs,building_survey,6296,6296,3,2,11500,1,6,2,40,40,1,1,1,2,2,2,2,2298,2344,441042.0,129262.0,14274.0,319584.0,3079.0,2770.0,1489.41
cbecs,building_survey,6297,6297,1,2,1500000,995,4,25,168,2400,1,1,2,1,2,1,2,4666,1476,60800340.0,17819560.0,3288776.0,,,,14.9
cbecs,building_survey,6298,6298,2,5,5100,1,8,1,168,0,1,1,2,2,2,2,2,7892,599,10112.0,2964.0,506.0,,,,6921.06
cbecs,building_survey,6299,6299,4,2,1200,1,6,1,45,2,1,1,2,2,2,2,2,3529,2006,119086.0,34902.0,3709.0,,,,736.22
cbecs,building_survey,6300,6300,3,1,1200,1,2,0,0,0,2,2,2,2,2,2,2,4439,2031,,,,,,,1049.59
cbecs,building_survey,6301,6301,1,14,140000,6,2,1,50,120,1,1,1,1,2,2,2,4825,1275,1759068.0,515553.0,50890.0,7763923.0,74797.0,42021.0,332.94
cbecs,building_survey,6302,6302,3,14,116000,2,8,1,50,99,1,1,2,2,1,2,2,1597,3772,4203291.0,1231914.0,125149.0,,,,99.04
cbecs,building_survey,6303,6303,4,16,260000,5,4,1,168,400,1,1,1,1,2,2,2,2080,1381,32560036.0,9542801.0,1397173.0,41756279.0,402276.0,298386.0,55.73
cbecs,building_survey,6304,6304,3,14,41500,1,6,1,40,65,1,1,1,2,2,2,2,3651,1774,1830145.0,536385.0,42438.0,465540.0,4485.0,4360.0,288.37
cbecs,building_survey,6305,6305,1,23,128000,2,2,14,75,96,1,1,1,2,2,2,2,4840,1365,9076839.0,2660269.0,243919.0,8604578.0,82896.0,45798.0,175.02
cbecs,building_survey,6306,6306,3,14,45500,1,6,1,60,43,1,1,2,2,2,2,2,1569,3684,1876027.0,549832.0,38743.0,,,,504.63
cbecs,building_survey,6307,6307,3,13,1700000,4,8,10,16,350,1,1,1,1,2,2,2,1525,3536,108472151.0,31791369.0,2762604.0,43121096.0,415425.0,228738.0,19.43
cbecs,building_survey,6308,6308,1,2,700000,994,6,10,50,400,1,1,1,1,2,2,2,5207,975,22794042.0,6680552.0,500768.0,7630269.0,73509.0,84859.0,7.75
cbecs,building_survey,6309,6309,3,13,4000,1,8,1,10,2,1,1,2,2,1,2,2,4037,1922,66656.0,19536.0,2790.0,,,,4468.96
cbecs,building_survey,6310,6310,4,2,235000,994,6,35,65,660,1,1,2,2,2,2,2,986,1202,12169107.0,3566561.0,554227.0,,,,15.06
cbecs,building_survey,6311,6311,1,2,22500,1,6,7,55,50,1,1,1,2,2,2,2,6646,842,772685.0,226461.0,21228.0,873796.0,8418.0,7664.0,1489.41
cbecs,building_survey,6312,6312,3,2,49500,2,7,10,50,200,1,1,2,2,2,2,2,2270,3292,2983707.0,874475.0,74028.0,,,,224.76
cbecs,building_survey,6313,6313,2,12,30000,2,6,1,8,2,1,1,1,2,2,2,2,6845,835,135228.0,39633.0,7353.0,526938.0,5076.0,4361.0,1531.55
cbecs,building_survey,6314,6314,2,15,2700,1,8,1,112,10,1,1,1,2,2,2,2,4394,1930,734285.0,215207.0,29683.0,1244372.0,11988.0,10431.0,1218.03
cbecs,building_survey,6315,6315,3,5,120000,2,8,1,50,23,1,1,2,2,2,2,2,1413,3975,2894632.0,848368.0,52179.0,,,,115.69
cbecs,building_survey,6316,6316,2,18,500001,995,4,1,168,65,1,1,1,1,2,2,2,5507,1313,22277344.0,6529116.0,636763.0,29597043.0,285135.0,155243.0,8.93
cbecs,building_survey,6317,6317,3,25,2000,1,6,1,10,1,1,1,2,2,2,2,2,3697,1649,76692.0,22477.0,2334.0,,,,2990.63
cbecs,building_survey,6318,6318,1,7,10250,2,8,1,168,15,1,1,1,2,2,2,2,5910,493,547290.0,160402.0,13090.0,484460.0,4667.0,3966.0,4384.99
cbecs,building_survey,6319,6319,3,2,15250,1,7,4,40,15,1,1,1,2,2,2,2,4247,1906,193048.0,56579.0,7889.0,339367.0,3269.0,3295.0,1413.09
cbecs,building_survey,6320,6320,1,2,2400,1,3,1,168,6,1,1,1,2,2,2,2,7241,763,43741.0,12820.0,1657.0,101701.0,980.0,975.0,2990.63
cbecs,building_survey,6321,6321,3,12,20250,1,7,1,40,3,1,1,2,2,2,2,2,4681,1896,111961.0,32814.0,5928.0,,,,1413.09
cbecs,building_survey,6322,6322,1,14,45000,5,2,1,80,10,1,1,1,1,2,2,2,4421,1669,594230.0,174159.0,44038.0,1593125.0,15348.0,19243.0,589.53
cbecs,building_survey,6323,6323,4,26,2500,1,7,1,60,10,1,1,1,2,2,2,2,1552,4328,82816.0,24272.0,4162.0,19359.0,187.0,554.0,2934.43
cbecs,building_survey,6324,6324,3,14,56000,1,2,1,50,28,1,1,1,2,2,2,2,3336,2462,3144247.0,921526.0,69402.0,1535751.0,14795.0,12022.0,330.8
cbecs,building_survey,6325,6325,3,25,6500,1,5,1,45,7,1,1,1,1,2,2,2,2755,2677,269728.0,79053.0,7220.0,30009.0,289.0,383.0,1413.09
cbecs,building_survey,6326,6326,4,25,184000,1,8,1,168,200,1,1,1,2,2,2,2,5193,1260,13973111.0,4095285.0,296285.0,6174865.0,59488.0,52172.0,107.76
cbecs,building_survey,6327,6327,2,16,900000,9,4,1,168,1000,1,1,1,1,1,2,2,7190,654,50231513.0,14722014.0,1237070.0,77461276.0,746255.0,378819.0,16.25
cbecs,building_survey,6328,6328,3,25,8500,1,8,1,60,6,1,1,2,2,2,2,2,4435,2038,597651.0,175161.0,13615.0,,,,2577.06
cbecs,building_survey,6329,6329,1,2,41500,2,2,1,60,60,1,1,1,2,2,2,2,4228,1455,1670856.0,489700.0,66458.0,375355.0,3616.0,2884.0,1684.37
cbecs,building_survey,6330,6330,3,2,1500,1,3,2,40,4,1,1,2,2,2,2,2,1734,2722,76654.0,22466.0,2096.0,,,,2990.63
cbecs,building_survey,6331,6331,3,7,250000,3,3,1,168,250,1,1,1,2,2,1,1,2832,2659,23066666.0,6760453.0,408797.0,11168218.0,107594.0,60556.0,99.04
cbecs,building_survey,6332,6332,1,18,2200,1,7,1,168,3,1,1,2,1,1,2,2,8005,396,77092.0,22594.0,3867.0,,,,4384.99
cbecs,building_survey,6333,6333,2,17,5500,1,7,1,168,7,1,1,1,2,2,2,2,6985,640,565151.0,165636.0,17685.0,457163.0,4404.0,2731.0,1399.59
cbecs,building_survey,6334,6334,3,26,2000,1,6,1,40,1,1,1,2,1,2,2,2,3272,1944,19365.0,5676.0,1177.0,,,,1779.2
cbecs,building_survey,6335,6335,4,12,4500,1,5,1,8,12,1,1,2,2,2,2,2,4192,761,77419.0,22690.0,6414.0,,,,3075.23
cbecs,building_survey,6336,6336,3,25,41000,1,9,1,126,50,1,1,2,2,2,2,2,1734,3557,6772850.0,1985009.0,167686.0,,,,623.52
cbecs,building_survey,6337,6337,3,13,365000,8,4,3,134,136,1,1,2,1,2,1,2,3287,1958,7583950.0,2222729.0,157982.0,,,,8.44
cbecs,building_survey,6338,6338,4,2,160000,4,6,20,60,200,1,1,1,2,2,2,2,2310,693,5900828.0,1729434.0,275304.0,1053151.0,10146.0,12227.0,15.06
cbecs,building_survey,6339,6339,3,26,28000,2,7,1,60,3,1,1,2,2,1,2,2,3250,2048,78581.0,23031.0,2677.0,,,,589.53
cbecs,building_survey,6340,6340,3,2,250000,8,5,12,65,700,1,1,1,1,2,2,2,2665,2467,14148396.0,4146658.0,351249.0,3020896.0,29103.0,35124.0,14.67
cbecs,building_survey,6341,6341,2,12,10000,2,4,1,3,1,1,1,1,2,2,2,2,5663,1159,13416.0,3932.0,694.0,166626.0,1605.0,1504.0,2747.83
cbecs,building_survey,6342,6342,4,16,600000,7,6,1,168,1152,1,1,1,1,2,1,2,1479,3393,50921841.0,14924338.0,1227233.0,22580253.0,217536.0,99343.0,8.78
cbecs,building_survey,6343,6343,4,16,350000,6,6,1,168,720,1,1,1,1,2,2,2,6909,618,20486120.0,6004138.0,575120.0,62786577.0,604880.0,316940.0,16.62
cbecs,building_survey,6344,6344,1,24,370000,5,8,996,86,100,1,1,1,2,2,2,2,4905,1263,1286808.0,377142.0,51045.0,1361149.0,13113.0,11705.0,48.85
cbecs,building_survey,6345,6345,3,13,43000,1,9,1,37,4,1,1,2,1,2,2,2,1585,2634,4203859.0,1232081.0,143705.0,,,,417.91
cbecs,building_survey,6346,6346,1,2,375000,995,2,35,60,850,1,1,1,2,2,1,2,5632,1268,11417471.0,3346269.0,699377.0,1787539.0,17221.0,14320.0,14.9
cbecs,building_survey,6347,6347,2,16,350000,6,3,30,168,400,1,1,1,1,2,2,2,6672,1199,43080788.0,12626257.0,772694.0,57168079.0,550752.0,298787.0,17.04
cbecs,building_survey,6348,6348,3,2,168000,9,4,20,168,300,1,1,1,1,2,2,2,1514,3684,4605475.0,1349788.0,124222.0,793086.0,7641.0,6325.0,14.9
cbecs,building_survey,6349,6349,4,14,130000,1,3,1,45,65,1,1,1,2,2,2,2,2575,231,1119629.0,328144.0,73015.0,294306.0,2835.0,7272.0,100.08
cbecs,building_survey,6350,6350,2,5,325000,1,9,2,80,100,1,1,1,2,1,2,2,6087,1103,1884446.0,552300.0,57645.0,4067666.0,39188.0,19487.0,66.72
cbecs,building_survey,6351,6351,4,2,17250,4,8,1,40,20,1,1,2,2,2,2,2,1548,4182,1841378.0,539677.0,63708.0,,,,14.67
cbecs,building_survey,6352,6352,1,5,265000,1,6,1,50,60,1,1,2,2,1,2,2,8042,457,1256095.0,368140.0,36112.0,,,,27.28
cbecs,building_survey,6353,6353,3,2,18000,1,3,3,40,9,1,1,2,2,2,2,2,2713,2196,860047.0,252065.0,33143.0,,,,431.11
cbecs,building_survey,6354,6354,1,14,80000,3,8,1,72,80,1,1,2,1,1,2,1,6373,454,1978851.0,579968.0,64643.0,,,,97.52
cbecs,building_survey,6355,6355,3,18,160000,994,6,1,168,35,1,1,1,2,2,2,2,3030,2541,10068468.0,2950899.0,277757.0,5033000.0,48487.0,33829.0,8.84
cbecs,building_survey,6356,6356,3,18,375000,5,6,1,168,120,1,1,2,1,1,2,2,1618,4431,8771724.0,2570845.0,316887.0,,,,11.3
cbecs,building_survey,6357,6357,1,25,205000,1,8,4,168,150,1,1,1,2,2,2,2,6920,864,17329499.0,5078986.0,459330.0,8359066.0,80531.0,44548.0,14.9
cbecs,building_survey,6358,6358,2,2,300000,994,2,6,65,1100,1,1,1,1,2,2,2,7540,1181,11741444.0,3441220.0,384450.0,6503916.0,62658.0,14711.0,14.9
cbecs,building_survey,6359,6359,2,14,285000,3,2,1,100,70,1,1,1,2,2,2,2,6386,993,10636063.0,3117252.0,287891.0,15789387.0,152114.0,82756.0,9.11
cbecs,building_survey,6360,6360,2,13,9500,1,3,1,0,2,1,1,1,2,2,2,2,5924,1247,1664.0,488.0,182.0,313061.0,3016.0,2654.0,1260.11
cbecs,building_survey,6361,6361,4,2,156000,9,6,1,65,700,1,1,1,2,2,2,2,799,1426,17332815.0,5079958.0,795467.0,6906034.0,66532.0,42175.0,51.4
cbecs,building_survey,6362,6362,3,91,19000,1,6,1,168,0,1,1,2,2,2,2,2,5067,1279,70571.0,20683.0,2200.0,,,,1971.93
cbecs,building_survey,6363,6363,1,2,395000,995,5,25,168,400,1,1,2,2,2,1,2,4328,1500,16143036.0,4731253.0,459169.0,,,,58.26
cbecs,building_survey,6364,6364,2,23,81000,1,9,5,105,69,1,1,1,2,2,2,2,6764,1060,9466809.0,2774563.0,239893.0,6320211.0,60888.0,33490.0,175.02
cbecs,building_survey,6365,6365,4,2,255000,995,4,15,65,350,1,1,1,2,2,2,2,1349,4695,9595927.0,2812405.0,313292.0,1616286.0,15571.0,11263.0,14.67
cbecs,building_survey,6366,6366,2,13,315000,2,6,12,112,300,1,1,1,2,2,2,1,6142,775,20123575.0,5897882.0,523291.0,2463924.0,23737.0,19338.0,29.27
cbecs,building_survey,6367,6367,1,23,98000,1,6,14,112,104,1,1,1,2,2,2,2,5800,997,6828953.0,2001452.0,301788.0,9335872.0,89941.0,49514.0,395.28
cbecs,building_survey,6368,6368,2,17,12000,1,8,1,168,9,1,1,1,2,1,2,2,7234,616,591911.0,173479.0,22269.0,892228.0,8596.0,5504.0,1399.59
cbecs,building_survey,6369,6369,2,5,2200,1,9,1,50,5,1,1,2,2,2,2,2,7257,948,63255.0,18539.0,3049.0,,,,6659.94
cbecs,building_survey,6370,6370,4,2,63000,2,7,2,55,250,1,1,1,2,2,2,2,680,1434,1530511.0,448567.0,80719.0,842270.0,8114.0,6877.0,15.06
cbecs,building_survey,6371,6371,2,12,85000,3,8,1,84,30,1,1,1,2,2,2,2,5287,1071,3955580.0,1159314.0,113851.0,3563368.0,34329.0,18023.0,614.49
cbecs,building_survey,6372,6372,4,26,8000,1,7,4,50,6,1,1,1,2,2,2,2,5836,1145,30223.0,8858.0,1272.0,30580.0,295.0,358.0,2990.63
cbecs,building_survey,6373,6373,2,13,85000,2,8,2,100,65,1,1,1,2,2,1,2,4902,1574,4214655.0,1235245.0,166829.0,3259219.0,31399.0,17283.0,221.3
cbecs,building_survey,6374,6374,2,26,2500,2,6,1,50,4,1,1,1,2,2,2,2,7550,840,16677.0,4888.0,450.0,147243.0,1419.0,1583.0,6659.94
cbecs,building_survey,6375,6375,2,14,27000,1,3,1,50,28,1,1,1,2,2,2,2,6930,1137,581482.0,170423.0,15200.0,1504821.0,14497.0,10240.0,473.86
cbecs,building_survey,6376,6376,2,5,40500,1,5,1,42,13,1,1,1,2,2,2,2,5133,1413,1348430.0,395202.0,35129.0,2469908.0,23795.0,19696.0,349.71
cbecs,building_survey,6377,6377,4,13,60000,4,2,1,70,7,1,1,1,1,2,2,2,5022,559,1531951.0,448989.0,56887.0,2549645.0,24563.0,7746.0,286.39
cbecs,building_survey,6378,6378,4,2,85000,4,5,1,40,200,1,1,1,2,2,1,2,2261,1656,2401584.0,703864.0,80472.0,2769812.0,26684.0,10109.0,15.06
cbecs,building_survey,6379,6379,4,2,3000,1,5,2,45,6,1,1,1,2,2,2,2,4601,778,51202.0,15006.0,2104.0,10948.0,105.0,182.0,1265.79
cbecs,building_survey,6380,6380,3,12,20250,1,7,1,40,2,1,1,1,2,2,2,2,3874,1961,212292.0,62219.0,7063.0,431377.0,4156.0,2826.0,1413.09
cbecs,building_survey,6381,6381,4,5,7900,1,8,5,40,10,1,1,2,2,2,2,2,2155,1442,64282.0,18840.0,5158.0,,,,1829.53
cbecs,building_survey,6382,6382,2,13,15000,1,2,1,37,1,1,1,2,2,2,2,2,4541,2018,121251.0,35537.0,4213.0,,,,1408.23
cbecs,building_survey,6383,6383,1,2,700000,995,6,9,70,2400,1,1,1,1,2,2,2,4721,1541,78227073.0,22927044.0,2319003.0,690882.0,6656.0,6003.0,14.9
cbecs,building_survey,6384,6384,2,13,6400,1,4,1,14,4,1,1,1,2,2,2,2,6624,794,159050.0,46615.0,8769.0,564892.0,5442.0,4616.0,3075.23
cbecs,building_survey,6385,6385,1,14,142000,2,3,1,45,107,1,1,1,2,2,2,2,5111,1185,2845519.0,833974.0,156398.0,6772683.0,65247.0,35944.0,288.37
cbecs,building_survey,6386,6386,1,25,380000,2,8,1,66,100,1,1,1,2,2,2,2,5207,1267,13004627.0,3811438.0,506691.0,3578565.0,34476.0,30863.0,48.85
cbecs,building_survey,6387,6387,2,2,108000,5,5,41,67,450,1,1,2,1,2,2,2,5554,1210,7465198.0,2187924.0,215303.0,,,,15.06
cbecs,building_survey,6388,6388,1,2,275000,8,2,1,50,300,1,1,1,2,2,2,2,5037,952,10450399.0,3062837.0,244592.0,3034581.0,29235.0,12836.0,63.15
cbecs,building_survey,6389,6389,4,16,55000,2,4,1,168,45,1,1,1,1,2,2,2,5055,527,2012233.0,589752.0,58295.0,4017969.0,38709.0,23405.0,8.93
cbecs,building_survey,6390,6390,1,14,97000,4,4,1,90,87,1,1,1,2,2,2,2,4512,1465,3609369.0,1057846.0,98865.0,5120881.0,49334.0,51439.0,97.52
cbecs,building_survey,6391,6391,2,12,2450,2,2,1,2,0,1,1,2,2,1,2,2,8810,785,55084.0,16144.0,1637.0,,,,2990.63
cbecs,building_survey,6392,6392,3,13,80000,2,9,35,88,50,1,1,1,1,2,2,2,1310,3645,10503652.0,3078444.0,265253.0,1241196.0,11958.0,9787.0,14.9
cbecs,building_survey,6393,6393,3,1,66000,1,3,3,100,20,1,1,1,2,2,2,2,1399,3290,2514587.0,736983.0,62388.0,397112.0,3826.0,2138.0,110.28
cbecs,building_survey,6394,6394,4,16,205000,3,8,1,168,500,1,1,1,1,2,2,2,5087,376,24381553.0,7145824.0,558880.0,26799833.0,258187.0,142951.0,11.65
cbecs,building_survey,6395,6395,1,26,4000,1,4,1,46,2,1,1,2,2,2,2,2,5523,1129,96587.0,28308.0,3335.0,,,,2990.63
cbecs,building_survey,6396,6396,1,8,96000,3,6,1,72,45,1,1,1,1,2,2,2,4710,1191,4082362.0,1196472.0,109541.0,8071152.0,77757.0,73343.0,117.32
cbecs,building_survey,6397,6397,3,15,7200,1,8,1,71,13,1,1,1,2,2,2,2,4421,1943,595056.0,174401.0,20569.0,1275304.0,12286.0,9770.0,1218.03
cbecs,building_survey,6398,6398,3,2,3000,1,9,1,50,4,1,1,1,2,2,2,2,4054,1643,64133.0,18796.0,2480.0,1938.0,19.0,91.0,1500.65
cbecs,building_survey,6399,6399,3,2,500001,995,6,21,60,2500,1,1,2,1,2,2,2,1214,3264,24100776.0,7063533.0,308569.0,,,,14.9
cbecs,building_survey,6400,6400,3,2,600000,9,3,12,70,465,1,1,1,1,2,2,2,3656,2148,8281363.0,2427129.0,300921.0,12184871.0,117388.0,133133.0,6.42
cbecs,building_survey,6401,6401,4,14,275000,2,6,1,60,200,1,1,1,2,2,2,2,5406,694,6159467.0,1805237.0,211433.0,3811525.0,36720.0,25961.0,8.84
cbecs,building_survey,6402,6402,3,5,350000,1,5,5,55,50,1,1,2,2,2,2,2,1616,3917,2516647.0,737587.0,79439.0,,,,14.9
cbecs,building_survey,6403,6403,2,5,16000,1,2,3,45,5,1,1,1,2,2,2,2,8061,582,136277.0,39941.0,6303.0,430040.0,4143.0,3105.0,717.24
cbecs,building_survey,6404,6404,1,2,225000,995,5,8,50,200,1,1,1,2,2,2,2,6598,857,9509587.0,2787101.0,226615.0,4678373.0,45071.0,24539.0,626.52
cbecs,building_survey,6405,6405,3,14,390000,4,4,1,72,172,1,1,1,1,2,2,2,4505,1441,6776549.0,1986093.0,148966.0,86021.0,829.0,959.0,44.64
cbecs,building_survey,6406,6406,4,2,144000,7,5,17,40,300,1,1,1,2,2,2,2,5446,771,1840616.0,539454.0,52402.0,963588.0,9283.0,4876.0,58.26
cbecs,building_survey,6407,6407,4,2,2100,1,8,1,40,3,1,1,2,2,2,2,2,2063,1410,29167.0,8548.0,2250.0,,,,1829.53
cbecs,building_survey,6408,6408,3,13,29500,1,7,2,98,6,1,1,2,2,2,2,2,3222,2095,3039283.0,890763.0,76337.0,,,,591.56
cbecs,building_survey,6409,6409,3,5,13000,1,6,1,50,3,1,1,2,2,2,2,2,1437,2617,51155.0,14993.0,3169.0,,,,1489.41
cbecs,building_survey,6410,6410,2,25,7800,2,2,1,39,3,1,1,1,2,2,2,2,5673,1231,57439.0,16834.0,1803.0,152313.0,1467.0,1224.0,3075.23
cbecs,building_survey,6411,6411,4,2,235000,4,8,9,60,646,1,1,1,2,2,2,2,1314,4194,9062614.0,2656100.0,194071.0,631130.0,6080.0,4544.0,14.67
cbecs,building_survey,6412,6412,2,2,91000,2,6,1,50,100,1,1,1,2,2,2,2,4779,2081,4261307.0,1248918.0,117552.0,88864.0,856.0,886.0,14.9
cbecs,building_survey,6413,6413,3,18,30000,3,4,1,168,4,1,1,2,2,2,2,2,1438,3840,2034690.0,596334.0,51597.0,,,,429.63
cbecs,building_survey,6414,6414,4,13,9000,1,7,1,65,10,1,1,1,2,2,2,2,3450,1950,136037.0,39870.0,3141.0,94113.0,907.0,803.0,1195.14
cbecs,building_survey,6415,6415,4,15,1500,1,6,1,98,3,1,1,1,1,2,2,2,2138,1456,222222.0,65130.0,12296.0,294539.0,2838.0,3169.0,1265.79
cbecs,building_survey,6416,6416,3,17,15500,1,8,2,168,2,1,1,1,2,2,2,2,2281,2355,212488.0,62277.0,8137.0,385220.0,3711.0,3074.0,1426.39
cbecs,building_survey,6417,6417,3,15,1700,1,8,1,168,4,1,1,1,2,2,2,2,2814,2007,541911.0,158825.0,14121.0,264144.0,2545.0,2301.0,1218.03
cbecs,building_survey,6418,6418,4,18,200000,8,5,1,168,40,1,1,1,1,2,2,2,649,1731,7382193.0,2163597.0,325711.0,7960743.0,76693.0,56771.0,51.34
cbecs,building_survey,6419,6419,3,15,3000,1,6,1,70,13,1,1,1,2,2,2,2,1312,2843,477497.0,139946.0,12391.0,885201.0,8528.0,12778.0,1218.03
cbecs,building_survey,6420,6420,1,2,114000,4,6,12,50,180,1,1,1,2,2,2,2,4511,1212,3126576.0,916347.0,84906.0,3148665.0,30334.0,28122.0,14.9
cbecs,building_survey,6421,6421,4,2,430000,995,6,21,64,1200,1,1,2,2,2,2,2,4255,307,16648497.0,4879395.0,517676.0,,,,15.06
cbecs,building_survey,6422,6422,2,2,385000,4,2,1,12,400,1,1,1,1,2,2,2,6665,1008,12668166.0,3712827.0,352176.0,8855366.0,85312.0,64654.0,14.93
cbecs,building_survey,6423,6423,2,14,126000,2,7,1,40,100,1,1,1,2,2,2,2,8084,931,3966187.0,1162423.0,99807.0,5266532.0,50737.0,44679.0,44.64
cbecs,building_survey,6424,6424,3,12,19000,2,8,2,45,3,1,1,1,2,2,2,2,2553,2859,435706.0,127698.0,8385.0,473449.0,4561.0,4224.0,3320.27
cbecs,building_survey,6425,6425,1,5,350000,2,6,1,168,70,1,1,1,1,1,2,2,7077,725,17711565.0,5190963.0,878583.0,3938616.0,37944.0,20794.0,31.35
cbecs,building_survey,6426,6426,3,18,210000,7,9,1,168,4,1,1,1,2,2,2,2,1154,3797,13461708.0,3945401.0,233636.0,10868154.0,104703.0,58760.0,6.63
cbecs,building_survey,6427,6427,3,5,2500,1,2,1,30,1,1,1,2,2,2,2,2,4591,1592,7434.0,2179.0,429.0,,,,2990.63
cbecs,building_survey,6428,6428,1,2,265000,995,5,32,60,549,1,1,1,1,2,2,2,6681,730,9079797.0,2661136.0,196978.0,11672912.0,112456.0,40885.0,14.9
cbecs,building_survey,6429,6429,1,26,10500,1,8,1,96,2,1,1,1,2,2,2,2,5537,1027,241786.0,70863.0,15350.0,310017.0,2987.0,3248.0,4037.4
cbecs,building_survey,6430,6430,3,2,54000,3,2,1,65,275,1,1,2,2,2,1,2,3227,1721,3801553.0,1114171.0,78057.0,,,,429.63
cbecs,building_survey,6431,6431,1,18,132000,5,8,1,168,7,1,1,1,1,2,2,2,6642,623,3766843.0,1103999.0,186909.0,2175180.0,20955.0,16178.0,97.52
cbecs,building_survey,6432,6432,4,14,130000,3,4,1,60,75,1,1,1,2,2,2,2,5645,612,2352837.0,689577.0,72773.0,4160590.0,40083.0,24720.0,330.8
cbecs,building_survey,6433,6433,3,1,1050,1,7,0,0,0,2,2,2,2,2,2,2,3210,2725,,,,,,,6659.94
cbecs,building_survey,6434,6434,3,2,122000,5,6,4,168,300,1,1,2,2,2,2,2,2984,2117,11754478.0,3445040.0,288738.0,,,,14.9
cbecs,building_survey,6435,6435,3,23,15000,1,5,5,60,12,1,1,1,2,2,2,2,2414,4086,960542.0,281519.0,24644.0,235448.0,2268.0,2038.0,2009.74
cbecs,building_survey,6436,6436,1,14,188000,7,5,1,80,200,1,1,2,1,2,2,2,5888,965,12787450.0,3747787.0,208918.0,,,,5.89
