dataset_source,source_grain,source_row_id,customer_id,building_type,customer_type,region,floor_area_sqft,floor_area_m2,occupants,appliance_count,outdoor_temperature,day_type,reported_energy_consumption,energy_cost_brl
test_energy,cross_sectional_observation,1,,Residential,,,24563,,15,4,28.52,weekday,2865.57,
test_energy,cross_sectional_observation,2,,Commercial,,,27583,,56,23,23.07,weekend,4283.8,
test_energy,cross_sectional_observation,3,,Commercial,,,45313,,4,44,33.56,weekday,5067.83,
test_energy,cross_sectional_observation,4,,Residential,,,41625,,84,17,27.39,weekend,4624.3,
test_energy,cross_sectional_observation,5,,Residential,,,36720,,58,47,17.08,weekday,4820.59,
test_energy,cross_sectional_observation,6,,Industrial,,,31207,,47,28,22.82,weekday,5026.23,
test_energy,cross_sectional_observation,7,,Residential,,,39227,,18,44,23.36,weekend,4404.56,
test_energy,cross_sectional_observation,8,,Residential,,,7814,,21,19,27.27,weekday,2394.37,
test_energy,cross_sectional_observation,9,,Industrial,,,20482,,24,16,23.0,weekend,3969.09,
test_energy,cross_sectional_observation,10,,Industrial,,,21030,,90,35,12.96,weekday,5136.69,
test_energy,cross_sectional_observation,11,,Commercial,,,41401,,87,15,15.54,weekend,5162.33,
test_energy,cross_sectional_observation,12,,Industrial,,,6279,,23,41,10.77,weekend,3810.09,
test_energy,cross_sectional_observation,13,,Industrial,,,31963,,2,20,23.53,weekend,4400.48,
test_energy,cross_sectional_observation,14,,Commercial,,,29187,,82,39,23.54,weekday,4991.64,
test_energy,cross_sectional_observation,15,,Industrial,,,13990,,80,27,12.9,weekend,4474.98,
test_energy,cross_sectional_observation,16,,Residential,,,8157,,10,37,25.96,weekday,2668.06,
test_energy,cross_sectional_observation,17,,Industrial,,,27165,,73,25,30.15,weekday,4987.52,
test_energy,cross_sectional_observation,18,,Industrial,,,5819,,56,41,26.19,weekend,4039.98,
test_energy,cross_sectional_observation,19,,Residential,,,6155,,78,43,21.89,weekday,3388.29,
test_energy,cross_sectional_observation,20,,Commercial,,,33233,,48,4,30.54,weekend,4068.94,
test_energy,cross_sectional_observation,21,,Industrial,,,24762,,51,12,21.65,weekend,4379.87,
test_energy,cross_sectional_observation,22,,Commercial,,,25925,,96,40,26.9,weekend,4921.73,
test_energy,cross_sectional_observation,23,,Industrial,,,42729,,20,17,11.91,weekend,5116.9,
test_energy,cross_sectional_observation,24,,Industrial,,,18150,,87,26,28.24,weekend,4656.29,
test_energy,cross_sectional_observation,25,,Industrial,,,42767,,40,28,17.94,weekend,5508.64,
test_energy,cross_sectional_observation,26,,Residential,,,35650,,98,1,25.43,weekday,4205.35,
test_energy,cross_sectional_observation,27,,Residential,,,40486,,27,28,15.73,weekend,4275.65,
test_energy,cross_sectional_observation,28,,Commercial,,,44253,,30,5,24.14,weekend,4491.97,
test_energy,cross_sectional_observation,29,,Commercial,,,27582,,24,24,29.99,weekday,3999.14,
test_energy,cross_sectional_observation,30,,Commercial,,,21162,,10,37,27.83,weekend,3758.95,
test_energy,cross_sectional_observation,31,,Industrial,,,27708,,47,24,11.26,weekend,4779.08,
test_energy,cross_sectional_observation,32,,Residential,,,44539,,8,44,26.62,weekday,4603.83,
test_energy,cross_sectional_observation,33,,Commercial,,,49354,,84,38,15.03,weekday,6042.56,
test_energy,cross_sectional_observation,34,,Commercial,,,19926,,27,17,19.33,weekend,3509.64,
test_energy,cross_sectional_observation,35,,Residential,,,28070,,10,33,12.93,weekend,3598.87,
test_energy,cross_sectional_observation,36,,Commercial,,,22797,,7,45,21.26,weekend,4003.54,
test_energy,cross_sectional_observation,37,,Residential,,,45412,,11,21,31.45,weekday,4193.36,
test_energy,cross_sectional_observation,38,,Industrial,,,29331,,8,1,31.71,weekend,3908.0,
test_energy,cross_sectional_observation,39,,Residential,,,2743,,3,42,20.36,weekend,2405.34,
test_energy,cross_sectional_observation,40,,Commercial,,,45772,,50,45,25.48,weekday,5611.18,
test_energy,cross_sectional_observation,41,,Residential,,,39327,,70,36,19.4,weekend,4789.37,
test_energy,cross_sectional_observation,42,,Residential,,,11546,,91,47,17.42,weekend,3840.2,
test_energy,cross_sectional_observation,43,,Residential,,,39390,,52,48,20.37,weekday,4897.66,
test_energy,cross_sectional_observation,44,,Residential,,,38141,,90,11,19.64,weekend,4428.85,
test_energy,cross_sectional_observation,45,,Residential,,,36642,,36,32,11.17,weekend,4276.25,
test_energy,cross_sectional_observation,46,,Residential,,,5444,,97,42,15.11,weekend,3506.64,
test_energy,cross_sectional_observation,47,,Industrial,,,40885,,6,31,20.3,weekday,5172.77,
test_energy,cross_sectional_observation,48,,Residential,,,11985,,41,17,33.48,weekday,2731.87,
test_energy,cross_sectional_observation,49,,Residential,,,16582,,33,28,11.13,weekend,3163.44,
test_energy,cross_sectional_observation,50,,Residential,,,19422,,70,49,10.4,weekday,4149.12,
test_energy,cross_sectional_observation,51,,Residential,,,24210,,28,14,22.05,weekend,3160.27,
test_energy,cross_sectional_observation,52,,Residential,,,34256,,30,44,29.64,weekday,4294.59,
test_energy,cross_sectional_observation,53,,Commercial,,,29873,,88,48,21.55,weekday,5275.92,
test_energy,cross_sectional_observation,54,,Residential,,,7924,,63,36,34.71,weekend,3072.63,
test_energy,cross_sectional_observation,55,,Industrial,,,7070,,44,18,14.78,weekday,3629.61,
test_energy,cross_sectional_observation,56,,Industrial,,,36496,,5,38,24.0,weekend,5014.79,
test_energy,cross_sectional_observation,57,,Residential,,,9655,,87,13,22.86,weekend,2998.47,
test_energy,cross_sectional_observation,58,,Commercial,,,40452,,52,28,23.83,weekend,4983.43,
test_energy,cross_sectional_observation,59,,Commercial,,,40542,,31,19,12.01,weekday,4707.07,
test_energy,cross_sectional_observation,60,,Residential,,,11498,,70,12,28.57,weekend,2872.05,
test_energy,cross_sectional_observation,61,,Residential,,,1306,,8,43,30.67,weekend,2351.97,
test_energy,cross_sectional_observation,62,,Industrial,,,46494,,42,2,34.55,weekday,5161.94,
test_energy,cross_sectional_observation,63,,Residential,,,21408,,73,20,27.59,weekend,3562.43,
test_energy,cross_sectional_observation,64,,Residential,,,1636,,19,49,15.18,weekday,2725.89,
test_energy,cross_sectional_observation,65,,Commercial,,,48114,,30,36,15.93,weekend,5346.06,
test_energy,cross_sectional_observation,66,,Industrial,,,28465,,71,46,21.45,weekend,5446.0,
test_energy,cross_sectional_observation,67,,Industrial,,,18350,,86,18,12.38,weekend,4575.58,
test_energy,cross_sectional_observation,68,,Industrial,,,13088,,41,30,33.5,weekday,4046.88,
test_energy,cross_sectional_observation,69,,Commercial,,,11553,,13,23,25.63,weekend,3039.52,
test_energy,cross_sectional_observation,70,,Residential,,,38099,,22,16,20.19,weekend,3844.0,
test_energy,cross_sectional_observation,71,,Industrial,,,5908,,49,49,32.4,weekend,4103.39,
test_energy,cross_sectional_observation,72,,Industrial,,,17868,,68,35,10.4,weekend,4721.39,
test_energy,cross_sectional_observation,73,,Commercial,,,38141,,99,23,14.54,weekday,5334.33,
test_energy,cross_sectional_observation,74,,Commercial,,,26715,,27,46,13.11,weekday,4510.2,
test_energy,cross_sectional_observation,75,,Industrial,,,14218,,74,8,30.22,weekday,4009.8,
test_energy,cross_sectional_observation,76,,Commercial,,,9405,,31,30,11.04,weekday,3375.06,
test_energy,cross_sectional_observation,77,,Residential,,,26158,,98,47,31.83,weekday,4618.77,
test_energy,cross_sectional_observation,78,,Industrial,,,38856,,36,8,14.75,weekday,4939.07,
test_energy,cross_sectional_observation,79,,Residential,,,17982,,4,37,13.29,weekend,3112.64,
test_energy,cross_sectional_observation,80,,Commercial,,,40337,,9,27,16.96,weekday,4612.04,
test_energy,cross_sectional_observation,81,,Residential,,,28461,,20,44,14.43,weekday,3980.9,
test_energy,cross_sectional_observation,82,,Industrial,,,36836,,4,2,19.49,weekday,4374.35,
test_energy,cross_sectional_observation,83,,Industrial,,,20517,,20,21,29.01,weekday,4050.8,
test_energy,cross_sectional_observation,84,,Industrial,,,47042,,53,32,34.36,weekday,5900.32,
test_energy,cross_sectional_observation,85,,Residential,,,31487,,60,3,17.97,weekday,3694.52,
test_energy,cross_sectional_observation,86,,Commercial,,,33413,,75,17,21.6,weekend,4652.65,
test_energy,cross_sectional_observation,87,,Industrial,,,19750,,80,39,20.28,weekday,5016.11,
test_energy,cross_sectional_observation,88,,Industrial,,,9684,,13,9,33.28,weekend,3127.82,
test_energy,cross_sectional_observation,89,,Industrial,,,21087,,92,42,26.97,weekend,5179.49,
test_energy,cross_sectional_observation,90,,Commercial,,,19940,,64,22,25.01,weekday,4001.96,
test_energy,cross_sectional_observation,91,,Residential,,,31178,,26,11,27.46,weekday,3451.58,
test_energy,cross_sectional_observation,92,,Residential,,,33642,,66,11,16.89,weekend,3977.63,
test_energy,cross_sectional_observation,93,,Residential,,,34160,,66,2,25.46,weekday,3830.68,
test_energy,cross_sectional_observation,94,,Industrial,,,2091,,99,39,24.85,weekend,4250.29,
test_energy,cross_sectional_observation,95,,Industrial,,,30211,,21,3,28.58,weekend,4137.66,
test_energy,cross_sectional_observation,96,,Commercial,,,1161,,81,11,15.45,weekend,3010.81,
test_energy,cross_sectional_observation,97,,Residential,,,37943,,50,23,21.73,weekend,4248.49,
test_energy,cross_sectional_observation,98,,Commercial,,,1558,,27,29,16.86,weekend,2843.6,
test_energy,cross_sectional_observation,99,,Industrial,,,2145,,56,12,11.77,weekend,3348.39,
test_energy,cross_sectional_observation,100,,Residential,,,42414,,72,24,29.62,weekday,4722.59,
energy_consumption,customer_observation,1,CUSTOMER_0001,,residential,Northeast,,24,2,,,,,64.51
energy_consumption,customer_observation,2,CUSTOMER_0002,,commercial,Midwest,,24,1,,,,,55.26
energy_consumption,customer_observation,3,CUSTOMER_0003,,commercial,Southeast,,24,1,,,,,74.54
energy_consumption,customer_observation,4,CUSTOMER_0004,,residential,Northeast,,45,4,,,,,147.06
energy_consumption,customer_observation,5,CUSTOMER_0005,,residential,Southeast,,45,4,,,,,143.06
energy_consumption,customer_observation,6,CUSTOMER_0006,,residential,North,,52,2,,,,,96.7
energy_consumption,customer_observation,7,CUSTOMER_0007,,residential,Midwest,,17,3,,,,,52.99
energy_consumption,customer_observation,8,CUSTOMER_0008,,commercial,Southeast,,45,3,,,,,102.13
energy_consumption,customer_observation,9,CUSTOMER_0009,,residential,Northeast,,45,2,,,,,70.03
energy_consumption,customer_observation,10,CUSTOMER_0010,,commercial,Midwest,,45,4,,,,,158.14
energy_consumption,customer_observation,11,CUSTOMER_0011,,residential,Northeast,,52,3,,,,,65.47
energy_consumption,customer_observation,12,CUSTOMER_0012,,commercial,Midwest,,45,3,,,,,76.71
energy_consumption,customer_observation,13,CUSTOMER_0013,,commercial,Midwest,,77,3,,,,,70.67
energy_consumption,customer_observation,14,CUSTOMER_0014,,residential,Midwest,,24,2,,,,,70.77
energy_consumption,customer_observation,15,CUSTOMER_0015,,residential,Northeast,,45,1,,,,,95.75
energy_consumption,customer_observation,16,CUSTOMER_0016,,residential,Northeast,,17,1,,,,,90.83
energy_consumption,customer_observation,17,CUSTOMER_0017,,residential,North,,17,1,,,,,103.45
energy_consumption,customer_observation,18,CUSTOMER_0018,,residential,Northeast,,24,1,,,,,84.0
energy_consumption,customer_observation,19,CUSTOMER_0019,,residential,Midwest,,17,1,,,,,76.29
energy_consumption,customer_observation,20,CUSTOMER_0020,,residential,Southeast,,24,3,,,,,57.13
energy_consumption,customer_observation,21,CUSTOMER_0021,,residential,Midwest,,24,3,,,,,103.67
energy_consumption,customer_observation,22,CUSTOMER_0022,,residential,Midwest,,17,3,,,,,80.82
energy_consumption,customer_observation,23,CUSTOMER_0023,,residential,South,,77,2,,,,,88.47
energy_consumption,customer_observation,24,CUSTOMER_0024,,residential,Midwest,,17,3,,,,,73.39
energy_consumption,customer_observation,25,CUSTOMER_0025,,residential,South,,45,4,,,,,133.88
energy_consumption,customer_observation,26,CUSTOMER_0026,,commercial,Midwest,,24,1,,,,,100.9
energy_consumption,customer_observation,27,CUSTOMER_0027,,residential,Northeast,,77,4,,,,,112.98
energy_consumption,customer_observation,28,CUSTOMER_0028,,residential,North,,52,3,,,,,67.51
energy_consumption,customer_observation,29,CUSTOMER_0029,,residential,Midwest,,45,1,,,,,60.31
energy_consumption,customer_observation,30,CUSTOMER_0030,,residential,North,,45,3,,,,,93.18
energy_consumption,customer_observation,31,CUSTOMER_0031,,residential,Northeast,,17,1,,,,,55.69
energy_consumption,customer_observation,32,CUSTOMER_0032,,residential,Midwest,,77,3,,,,,56.69
energy_consumption,customer_observation,33,CUSTOMER_0033,,residential,Midwest,,52,1,,,,,67.83
energy_consumption,customer_observation,34,CUSTOMER_0034,,commercial,Midwest,,52,1,,,,,78.9
energy_consumption,customer_observation,35,CUSTOMER_0035,,commercial,Northeast,,45,2,,,,,73.36
energy_consumption,customer_observation,36,CUSTOMER_0036,,commercial,Northeast,,24,3,,,,,54.8
energy_consumption,customer_observation,37,CUSTOMER_0037,,residential,Midwest,,52,4,,,,,156.34
energy_consumption,customer_observation,38,CUSTOMER_0038,,residential,South,,24,1,,,,,101.43
energy_consumption,customer_observation,39,CUSTOMER_0039,,commercial,Midwest,,45,3,,,,,66.84
energy_consumption,customer_observation,40,CUSTOMER_0040,,residential,South,,17,1,,,,,90.06
energy_consumption,customer_observation,41,CUSTOMER_0041,,residential,Midwest,,77,2,,,,,82.21
energy_consumption,customer_observation,42,CUSTOMER_0042,,residential,Midwest,,17,2,,,,,64.69
energy_consumption,customer_observation,43,CUSTOMER_0043,,residential,Northeast,,24,2,,,,,65.96
energy_consumption,customer_observation,44,CUSTOMER_0044,,commercial,Midwest,,45,2,,,,,77.72
energy_consumption,customer_observation,45,CUSTOMER_0045,,residential,Midwest,,45,4,,,,,126.84
energy_consumption,customer_observation,46,CUSTOMER_0046,,commercial,Midwest,,45,4,,,,,119.82
energy_consumption,customer_observation,47,CUSTOMER_0047,,residential,Midwest,,24,1,,,,,93.97
energy_consumption,customer_observation,48,CUSTOMER_0048,,residential,Midwest,,17,3,,,,,77.22
energy_consumption,customer_observation,49,CUSTOMER_0049,,residential,Northeast,,45,2,,,,,86.13
energy_consumption,customer_observation,50,CUSTOMER_0050,,residential,Midwest,,77,2,,,,,62.22
energy_consumption,customer_observation,51,CUSTOMER_0051,,commercial,Northeast,,52,4,,,,,133.1
energy_consumption,customer_observation,52,CUSTOMER_0052,,commercial,Southeast,,45,4,,,,,121.29
energy_consumption,customer_observation,53,CUSTOMER_0053,,commercial,Northeast,,77,2,,,,,79.53
energy_consumption,customer_observation,54,CUSTOMER_0054,,commercial,North,,45,3,,,,,92.6
energy_consumption,customer_observation,55,CUSTOMER_0055,,residential,Midwest,,45,1,,,,,91.98
energy_consumption,customer_observation,56,CUSTOMER_0056,,commercial,Midwest,,45,1,,,,,70.69
energy_consumption,customer_observation,57,CUSTOMER_0057,,residential,Midwest,,45,1,,,,,88.15
energy_consumption,customer_observation,58,CUSTOMER_0058,,residential,Northeast,,45,1,,,,,100.84
energy_consumption,customer_observation,59,CUSTOMER_0059,,residential,Midwest,,45,3,,,,,84.63
energy_consumption,customer_observation,60,CUSTOMER_0060,,residential,Northeast,,24,3,,,,,60.12
energy_consumption,customer_observation,61,CUSTOMER_0061,,residential,South,,24,3,,,,,87.4
energy_consumption,customer_observation,62,CUSTOMER_0062,,residential,South,,17,2,,,,,57.89
energy_consumption,customer_observation,63,CUSTOMER_0063,,commercial,Midwest,,45,3,,,,,97.28
energy_consumption,customer_observation,64,CUSTOMER_0064,,residential,Northeast,,24,1,,,,,79.03
energy_consumption,customer_observation,65,CUSTOMER_0065,,residential,Midwest,,17,3,,,,,72.28
energy_consumption,customer_observation,66,CUSTOMER_0066,,residential,North,,45,2,,,,,55.43
energy_consumption,customer_observation,67,CUSTOMER_0067,,residential,Midwest,,45,4,,,,,124.73
energy_consumption,customer_observation,68,CUSTOMER_0068,,commercial,Northeast,,45,1,,,,,98.88
energy_consumption,customer_observation,69,CUSTOMER_0069,,residential,South,,45,4,,,,,105.01
energy_consumption,customer_observation,70,CUSTOMER_0070,,commercial,North,,52,3,,,,,76.87
energy_consumption,customer_observation,71,CUSTOMER_0071,,commercial,Midwest,,77,1,,,,,100.31
energy_consumption,customer_observation,72,CUSTOMER_0072,,residential,Midwest,,52,1,,,,,72.78
energy_consumption,customer_observation,73,CUSTOMER_0073,,residential,Midwest,,45,3,,,,,74.49
energy_consumption,customer_observation,74,CUSTOMER_0074,,commercial,North,,24,3,,,,,82.21
energy_consumption,customer_observation,75,CUSTOMER_0075,,commercial,South,,77,2,,,,,76.27
energy_consumption,customer_observation,76,CUSTOMER_0076,,commercial,Midwest,,24,3,,,,,61.16
energy_consumption,customer_observation,77,CUSTOMER_0077,,commercial,Midwest,,24,3,,,,,53.45
energy_consumption,customer_observation,78,CUSTOMER_0078,,residential,Northeast,,45,3,,,,,83.81
energy_consumption,customer_observation,79,CUSTOMER_0079,,residential,Midwest,,17,1,,,,,99.78
energy_consumption,customer_observation,80,CUSTOMER_0080,,residential,Midwest,,77,2,,,,,57.96
energy_consumption,customer_observation,81,CUSTOMER_0081,,commercial,North,,45,1,,,,,63.33
energy_consumption,customer_observation,82,CUSTOMER_0082,,residential,North,,45,3,,,,,71.51
energy_consumption,customer_observation,83,CUSTOMER_0083,,residential,Southeast,,45,2,,,,,94.03
energy_consumption,customer_observation,84,CUSTOMER_0084,,residential,Northeast,,45,3,,,,,66.33
energy_consumption,customer_observation,85,CUSTOMER_0085,,residential,Northeast,,17,1,,,,,97.79
energy_consumption,customer_observation,86,CUSTOMER_0086,,residential,Midwest,,45,1,,,,,55.32
energy_consumption,customer_observation,87,CUSTOMER_0087,,commercial,Midwest,,45,3,,,,,100.82
energy_consumption,customer_observation,88,CUSTOMER_0088,,residential,North,,45,2,,,,,81.29
energy_consumption,customer_observation,89,CUSTOMER_0089,,commercial,Midwest,,45,1,,,,,86.33
energy_consumption,customer_observation,90,CUSTOMER_0090,,residential,North,,24,3,,,,,71.38
energy_consumption,customer_observation,91,CUSTOMER_0091,,residential,North,,24,3,,,,,92.66
energy_consumption,customer_observation,92,CUSTOMER_0092,,commercial,North,,24,3,,,,,61.05
energy_consumption,customer_observation,93,CUSTOMER_0093,,commercial,Southeast,,24,2,,,,,55.01
energy_consumption,customer_observation,94,CUSTOMER_0094,,residential,North,,52,3,,,,,72.81
energy_consumption,customer_observation,95,CUSTOMER_0095,,commercial,North,,52,4,,,,,150.65
energy_consumption,customer_observation,96,CUSTOMER_0096,,residential,Midwest,,24,3,,,,,91.27
energy_consumption,customer_observation,97,CUSTOMER_0097,,residential,Southeast,,45,4,,,,,132.21
energy_consumption,customer_observation,98,CUSTOMER_0098,,residential,Northeast,,45,1,,,,,81.88
energy_consumption,customer_observation,99,CUSTOMER_0099,,residential,Midwest,,24,3,,,,,59.17
energy_consumption,customer_observation,100,CUSTOMER_0100,,residential,North,,24,2,,,,,95.67
energy_consumption,customer_observation,101,CUSTOMER_0101,,residential,Midwest,,77,3,,,,,92.91
energy_consumption,customer_observation,102,CUSTOMER_0102,,residential,Midwest,,45,4,,,,,139.84
energy_consumption,customer_observation,103,CUSTOMER_0103,,residential,Midwest,,77,4,,,,,129.41
energy_consumption,customer_observation,104,CUSTOMER_0104,,residential,Northeast,,24,2,,,,,102.02
energy_consumption,customer_observation,105,CUSTOMER_0105,,commercial,Northeast,,45,4,,,,,152.04
energy_consumption,customer_observation,106,CUSTOMER_0106,,residential,North,,24,3,,,,,85.59
energy_consumption,customer_observation,107,CUSTOMER_0107,,residential,Northeast,,24,3,,,,,71.59
energy_consumption,customer_observation,108,CUSTOMER_0108,,commercial,North,,45,3,,,,,84.24
energy_consumption,customer_observation,109,CUSTOMER_0109,,residential,Midwest,,24,2,,,,,82.05
energy_consumption,customer_observation,110,CUSTOMER_0110,,residential,South,,24,1,,,,,72.74
energy_consumption,customer_observation,111,CUSTOMER_0111,,residential,South,,24,2,,,,,68.25
energy_consumption,customer_observation,112,CUSTOMER_0112,,residential,Southeast,,17,1,,,,,73.4
energy_consumption,customer_observation,113,CUSTOMER_0113,,commercial,Midwest,,45,2,,,,,81.97
energy_consumption,customer_observation,114,CUSTOMER_0114,,commercial,Midwest,,45,3,,,,,74.48
energy_consumption,customer_observation,115,CUSTOMER_0115,,residential,Northeast,,17,3,,,,,66.03
energy_consumption,customer_observation,116,CUSTOMER_0116,,commercial,Midwest,,24,1,,,,,91.58
energy_consumption,customer_observation,117,CUSTOMER_0117,,commercial,Midwest,,17,1,,,,,79.79
energy_consumption,customer_observation,118,CUSTOMER_0118,,residential,Midwest,,45,4,,,,,107.57
energy_consumption,customer_observation,119,CUSTOMER_0119,,commercial,Midwest,,17,2,,,,,71.41
energy_consumption,customer_observation,120,CUSTOMER_0120,,residential,Northeast,,45,4,,,,,152.36
energy_consumption,customer_observation,121,CUSTOMER_0121,,commercial,Northeast,,17,2,,,,,91.28
energy_consumption,customer_observation,122,CUSTOMER_0122,,commercial,South,,24,1,,,,,69.1
energy_consumption,customer_observation,123,CUSTOMER_0123,,residential,North,,52,1,,,,,100.68
energy_consumption,customer_observation,124,CUSTOMER_0124,,residential,Midwest,,45,2,,,,,56.43
energy_consumption,customer_observation,125,CUSTOMER_0125,,residential,South,,17,1,,,,,101.86
energy_consumption,customer_observation,126,CUSTOMER_0126,,residential,Midwest,,52,1,,,,,65.12
energy_consumption,customer_observation,127,CUSTOMER_0127,,commercial,Midwest,,45,1,,,,,52.97
energy_consumption,customer_observation,128,CUSTOMER_0128,,commercial,Northeast,,52,1,,,,,74.78
energy_consumption,customer_observation,129,CUSTOMER_0129,,residential,Northeast,,45,3,,,,,70.93
energy_consumption,customer_observation,130,CUSTOMER_0130,,residential,Southeast,,45,4,,,,,133.41
energy_consumption,customer_observation,131,CUSTOMER_0131,,residential,Midwest,,77,4,,,,,147.53
energy_consumption,customer_observation,132,CUSTOMER_0132,,residential,Midwest,,24,3,,,,,95.76
energy_consumption,customer_observation,133,CUSTOMER_0133,,residential,North,,45,1,,,,,73.1
energy_consumption,customer_observation,134,CUSTOMER_0134,,residential,North,,45,4,,,,,127.42
energy_consumption,customer_observation,135,CUSTOMER_0135,,commercial,South,,17,2,,,,,60.11
energy_consumption,customer_observation,136,CUSTOMER_0136,,residential,Northeast,,17,3,,,,,54.94
energy_consumption,customer_observation,137,CUSTOMER_0137,,residential,Midwest,,17,2,,,,,85.43
energy_consumption,customer_observation,138,CUSTOMER_0138,,commercial,North,,45,2,,,,,55.81
energy_consumption,customer_observation,139,CUSTOMER_0139,,residential,Midwest,,45,3,,,,,90.18
energy_consumption,customer_observation,140,CUSTOMER_0140,,commercial,South,,45,4,,,,,133.41
energy_consumption,customer_observation,141,CUSTOMER_0141,,commercial,Midwest,,17,2,,,,,62.7
energy_consumption,customer_observation,142,CUSTOMER_0142,,residential,North,,45,4,,,,,133.43
energy_consumption,customer_observation,143,CUSTOMER_0143,,residential,Midwest,,77,2,,,,,61.9
energy_consumption,customer_observation,144,CUSTOMER_0144,,residential,Midwest,,24,1,,,,,75.03
energy_consumption,customer_observation,145,CUSTOMER_0145,,residential,Midwest,,45,1,,,,,93.56
energy_consumption,customer_observation,146,CUSTOMER_0146,,residential,Southeast,,45,1,,,,,76.22
energy_consumption,customer_observation,147,CUSTOMER_0147,,residential,Midwest,,45,3,,,,,60.14
energy_consumption,customer_observation,148,CUSTOMER_0148,,residential,Southeast,,45,1,,,,,89.67
energy_consumption,customer_observation,149,CUSTOMER_0149,,residential,Midwest,,52,2,,,,,62.09
energy_consumption,customer_observation,150,CUSTOMER_0150,,residential,North,,24,2,,,,,90.42
energy_consumption,customer_observation,151,CUSTOMER_0151,,commercial,Northeast,,52,4,,,,,130.13
energy_consumption,customer_observation,152,CUSTOMER_0152,,residential,Northeast,,24,2,,,,,75.8
energy_consumption,customer_observation,153,CUSTOMER_0153,,residential,South,,24,2,,,,,96.22
energy_consumption,customer_observation,154,CUSTOMER_0154,,residential,Midwest,,17,2,,,,,88.89
energy_consumption,customer_observation,155,CUSTOMER_0155,,commercial,Midwest,,45,3,,,,,54.19
energy_consumption,customer_observation,156,CUSTOMER_0156,,residential,Northeast,,45,2,,,,,67.71
energy_consumption,customer_observation,157,CUSTOMER_0157,,commercial,Northeast,,24,3,,,,,97.22
energy_consumption,customer_observation,158,CUSTOMER_0158,,commercial,Midwest,,24,2,,,,,53.44
energy_consumption,customer_observation,159,CUSTOMER_0159,,residential,Midwest,,77,4,,,,,133.75
energy_consumption,customer_observation,160,CUSTOMER_0160,,commercial,Northeast,,52,3,,,,,89.87
energy_consumption,customer_observation,161,CUSTOMER_0161,,residential,Midwest,,45,3,,,,,84.43
energy_consumption,customer_observation,162,CUSTOMER_0162,,residential,North,,45,2,,,,,91.55
energy_consumption,customer_observation,163,CUSTOMER_0163,,residential,Northeast,,45,2,,,,,89.76
energy_consumption,customer_observation,164,CUSTOMER_0164,,residential,Midwest,,24,2,,,,,88.04
energy_consumption,customer_observation,165,CUSTOMER_0165,,residential,North,,77,2,,,,,94.69
energy_consumption,customer_observation,166,CUSTOMER_0166,,commercial,South,,17,1,,,,,85.66
energy_consumption,customer_observation,167,CUSTOMER_0167,,residential,Northeast,,45,1,,,,,73.16
energy_consumption,customer_observation,168,CUSTOMER_0168,,residential,North,,24,3,,,,,76.73
energy_consumption,customer_observation,169,CUSTOMER_0169,,residential,Northeast,,45,3,,,,,89.3
energy_consumption,customer_observation,170,CUSTOMER_0170,,residential,Midwest,,45,4,,,,,151.89
energy_consumption,customer_observation,171,CUSTOMER_0171,,commercial,Midwest,,45,4,,,,,118.78
energy_consumption,customer_observation,172,CUSTOMER_0172,,residential,Midwest,,17,1,,,,,70.07
energy_consumption,customer_observation,173,CUSTOMER_0173,,residential,North,,45,4,,,,,154.87
energy_consumption,customer_observation,174,CUSTOMER_0174,,residential,North,,24,3,,,,,82.21
energy_consumption,customer_observation,175,CUSTOMER_0175,,residential,Midwest,,24,2,,,,,61.69
energy_consumption,customer_observation,176,CUSTOMER_0176,,residential,Southeast,,17,3,,,,,86.58
energy_consumption,customer_observation,177,CUSTOMER_0177,,commercial,Southeast,,45,3,,,,,103.38
energy_consumption,customer_observation,178,CUSTOMER_0178,,residential,North,,45,3,,,,,94.78
energy_consumption,customer_observation,179,CUSTOMER_0179,,commercial,Midwest,,45,1,,,,,90.79
energy_consumption,customer_observation,180,CUSTOMER_0180,,residential,South,,45,1,,,,,63.18
energy_consumption,customer_observation,181,CUSTOMER_0181,,residential,Northeast,,45,3,,,,,97.49
energy_consumption,customer_observation,182,CUSTOMER_0182,,residential,Southeast,,45,2,,,,,79.5
energy_consumption,customer_observation,183,CUSTOMER_0183,,commercial,North,,24,3,,,,,98.17
energy_consumption,customer_observation,184,CUSTOMER_0184,,commercial,South,,24,1,,,,,69.44
energy_consumption,customer_observation,185,CUSTOMER_0185,,residential,Midwest,,45,2,,,,,55.69
energy_consumption,customer_observation,186,CUSTOMER_0186,,commercial,South,,45,3,,,,,76.94
energy_consumption,customer_observation,187,CUSTOMER_0187,,commercial,Midwest,,52,1,,,,,66.36
energy_consumption,customer_observation,188,CUSTOMER_0188,,residential,Northeast,,52,2,,,,,89.23
energy_consumption,customer_observation,189,CUSTOMER_0189,,residential,South,,24,3,,,,,101.65
energy_consumption,customer_observation,190,CUSTOMER_0190,,residential,Northeast,,17,1,,,,,87.98
energy_consumption,customer_observation,191,CUSTOMER_0191,,residential,Northeast,,45,2,,,,,98.04
energy_consumption,customer_observation,192,CUSTOMER_0192,,commercial,Midwest,,24,3,,,,,75.76
energy_consumption,customer_observation,193,CUSTOMER_0193,,commercial,Midwest,,17,2,,,,,92.12
energy_consumption,customer_observation,194,CUSTOMER_0194,,residential,South,,52,2,,,,,95.79
energy_consumption,customer_observation,195,CUSTOMER_0195,,residential,Northeast,,24,2,,,,,89.0
energy_consumption,customer_observation,196,CUSTOMER_0196,,residential,Midwest,,77,1,,,,,78.57
energy_consumption,customer_observation,197,CUSTOMER_0197,,commercial,Midwest,,45,3,,,,,84.64
energy_consumption,customer_observation,198,CUSTOMER_0198,,commercial,North,,45,4,,,,,142.25
energy_consumption,customer_observation,199,CUSTOMER_0199,,commercial,Northeast,,24,2,,,,,65.5
energy_consumption,customer_observation,200,CUSTOMER_0200,,commercial,Northeast,,24,2,,,,,94.07
energy_consumption,customer_observation,201,CUSTOMER_0201,,residential,Northeast,,45,2,,,,,101.3
energy_consumption,customer_observation,202,CUSTOMER_0202,,residential,South,,24,1,,,,,76.39
energy_consumption,customer_observation,203,CUSTOMER_0203,,residential,Midwest,,24,2,,,,,88.5
energy_consumption,customer_observation,204,CUSTOMER_0204,,commercial,Midwest,,24,1,,,,,90.35
energy_consumption,customer_observation,205,CUSTOMER_0205,,residential,South,,24,1,,,,,86.51
energy_consumption,customer_observation,206,CUSTOMER_0206,,residential,Northeast,,24,2,,,,,80.59
energy_consumption,customer_observation,207,CUSTOMER_0207,,residential,Southeast,,45,2,,,,,97.77
energy_consumption,customer_observation,208,CUSTOMER_0208,,commercial,Midwest,,24,1,,,,,75.55
energy_consumption,customer_observation,209,CUSTOMER_0209,,residential,Southeast,,17,1,,,,,55.64
energy_consumption,customer_observation,210,CUSTOMER_0210,,residential,Northeast,,45,2,,,,,95.87
energy_consumption,customer_observation,211,CUSTOMER_0211,,residential,South,,77,1,,,,,87.11
energy_consumption,customer_observation,212,CUSTOMER_0212,,commercial,Northeast,,24,1,,,,,96.11
energy_consumption,customer_observation,213,CUSTOMER_0213,,commercial,Northeast,,17,2,,,,,59.61
energy_consumption,customer_observation,214,CUSTOMER_0214,,residential,Midwest,,45,2,,,,,54.08
energy_consumption,customer_observation,215,CUSTOMER_0215,,commercial,Northeast,,77,3,,,,,100.48
energy_consumption,customer_observation,216,CUSTOMER_0216,,residential,Midwest,,45,4,,,,,111.96
energy_consumption,customer_observation,217,CUSTOMER_0217,,residential,Midwest,,45,2,,,,,94.08
energy_consumption,customer_observation,218,CUSTOMER_0218,,commercial,Midwest,,24,2,,,,,94.77
energy_consumption,customer_observation,219,CUSTOMER_0219,,residential,Northeast,,45,2,,,,,88.89
energy_consumption,customer_observation,220,CUSTOMER_0220,,commercial,North,,17,3,,,,,59.24
energy_consumption,customer_observation,221,CUSTOMER_0221,,commercial,Northeast,,45,1,,,,,86.77
energy_consumption,customer_observation,222,CUSTOMER_0222,,residential,Midwest,,45,4,,,,,152.59
energy_consumption,customer_observation,223,CUSTOMER_0223,,residential,Northeast,,77,2,,,,,74.35
energy_consumption,customer_observation,224,CUSTOMER_0224,,residential,Northeast,,24,2,,,,,73.73
energy_consumption,customer_observation,225,CUSTOMER_0225,,residential,Northeast,,17,3,,,,,75.24
energy_consumption,customer_observation,226,CUSTOMER_0226,,residential,North,,45,3,,,,,56.72
energy_consumption,customer_observation,227,CUSTOMER_0227,,commercial,Midwest,,45,3,,,,,98.31
energy_consumption,customer_observation,228,CUSTOMER_0228,,residential,Southeast,,45,1,,,,,97.13
energy_consumption,customer_observation,229,CUSTOMER_0229,,commercial,Northeast,,24,3,,,,,103.74
energy_consumption,customer_observation,230,CUSTOMER_0230,,residential,Midwest,,24,1,,,,,82.55
energy_consumption,customer_observation,231,CUSTOMER_0231,,commercial,Midwest,,45,4,,,,,145.03
energy_consumption,customer_observation,232,CUSTOMER_0232,,residential,Midwest,,24,2,,,,,62.91
energy_consumption,customer_observation,233,CUSTOMER_0233,,residential,Midwest,,52,2,,,,,86.78
energy_consumption,customer_observation,234,CUSTOMER_0234,,residential,Midwest,,45,2,,,,,85.86
energy_consumption,customer_observation,235,CUSTOMER_0235,,residential,Midwest,,45,4,,,,,153.26
energy_consumption,customer_observation,236,CUSTOMER_0236,,commercial,North,,45,3,,,,,95.16
energy_consumption,customer_observation,237,CUSTOMER_0237,,residential,Midwest,,45,2,,,,,100.69
energy_consumption,customer_observation,238,CUSTOMER_0238,,residential,Midwest,,24,3,,,,,97.11
energy_consumption,customer_observation,239,CUSTOMER_0239,,residential,North,,52,1,,,,,97.11
energy_consumption,customer_observation,240,CUSTOMER_0240,,residential,Northeast,,24,2,,,,,55.77
energy_consumption,customer_observation,241,CUSTOMER_0241,,commercial,South,,45,1,,,,,95.94
energy_consumption,customer_observation,242,CUSTOMER_0242,,commercial,Midwest,,24,3,,,,,83.69
energy_consumption,customer_observation,243,CUSTOMER_0243,,commercial,Midwest,,45,4,,,,,124.71
energy_consumption,customer_observation,244,CUSTOMER_0244,,residential,South,,24,3,,,,,55.4
energy_consumption,customer_observation,245,CUSTOMER_0245,,residential,Midwest,,24,2,,,,,87.3
energy_consumption,customer_observation,246,CUSTOMER_0246,,commercial,Midwest,,77,2,,,,,69.35
energy_consumption,customer_observation,247,CUSTOMER_0247,,residential,Midwest,,24,3,,,,,76.52
energy_consumption,customer_observation,248,CUSTOMER_0248,,commercial,Southeast,,45,2,,,,,87.51
energy_consumption,customer_observation,249,CUSTOMER_0249,,commercial,Midwest,,77,2,,,,,99.32
energy_consumption,customer_observation,250,CUSTOMER_0250,,commercial,Midwest,,17,1,,,,,94.89
energy_consumption,customer_observation,251,CUSTOMER_0251,,residential,Northeast,,45,4,,,,,128.56
energy_consumption,customer_observation,252,CUSTOMER_0252,,residential,South,,24,3,,,,,72.41
energy_consumption,customer_observation,253,CUSTOMER_0253,,commercial,Midwest,,17,1,,,,,64.81
energy_consumption,customer_observation,254,CUSTOMER_0254,,residential,North,,45,2,,,,,71.62
energy_consumption,customer_observation,255,CUSTOMER_0255,,residential,Southeast,,77,1,,,,,58.2
energy_consumption,customer_observation,256,CUSTOMER_0256,,residential,Midwest,,17,3,,,,,102.37
energy_consumption,customer_observation,257,CUSTOMER_0257,,commercial,North,,45,4,,,,,135.32
energy_consumption,customer_observation,258,CUSTOMER_0258,,commercial,Midwest,,45,4,,,,,110.87
energy_consumption,customer_observation,259,CUSTOMER_0259,,residential,Midwest,,52,1,,,,,70.62
energy_consumption,customer_observation,260,CUSTOMER_0260,,residential,Southeast,,17,1,,,,,80.59
energy_consumption,customer_observation,261,CUSTOMER_0261,,residential,Northeast,,45,4,,,,,133.07
energy_consumption,customer_observation,262,CUSTOMER_0262,,commercial,Southeast,,45,2,,,,,54.32
energy_consumption,customer_observation,263,CUSTOMER_0263,,residential,Midwest,,45,3,,,,,101.33
energy_consumption,customer_observation,264,CUSTOMER_0264,,residential,North,,77,2,,,,,66.64
energy_consumption,customer_observation,265,CUSTOMER_0265,,commercial,South,,52,2,,,,,53.33
energy_consumption,customer_observation,266,CUSTOMER_0266,,commercial,Midwest,,17,3,,,,,56.43
energy_consumption,customer_observation,267,CUSTOMER_0267,,commercial,Northeast,,45,1,,,,,82.29
energy_consumption,customer_observation,268,CUSTOMER_0268,,commercial,Midwest,,24,2,,,,,59.58
energy_consumption,customer_observation,269,CUSTOMER_0269,,residential,Southeast,,24,1,,,,,54.64
energy_consumption,customer_observation,270,CUSTOMER_0270,,residential,Northeast,,45,3,,,,,71.99
energy_consumption,customer_observation,271,CUSTOMER_0271,,commercial,Northeast,,24,2,,,,,84.48
energy_consumption,customer_observation,272,CUSTOMER_0272,,commercial,North,,45,1,,,,,58.24
energy_consumption,customer_observation,273,CUSTOMER_0273,,commercial,Northeast,,77,1,,,,,68.59
energy_consumption,customer_observation,274,CUSTOMER_0274,,commercial,Midwest,,17,2,,,,,73.95
energy_consumption,customer_observation,275,CUSTOMER_0275,,residential,Midwest,,77,3,,,,,60.69
energy_consumption,customer_observation,276,CUSTOMER_0276,,residential,Northeast,,45,4,,,,,131.6
energy_consumption,customer_observation,277,CUSTOMER_0277,,commercial,Northeast,,45,1,,,,,56.88
energy_consumption,customer_observation,278,CUSTOMER_0278,,residential,Northeast,,52,3,,,,,54.89
energy_consumption,customer_observation,279,CUSTOMER_0279,,commercial,South,,24,2,,,,,79.19
energy_consumption,customer_observation,280,CUSTOMER_0280,,commercial,Northeast,,45,1,,,,,65.23
energy_consumption,customer_observation,281,CUSTOMER_0281,,commercial,South,,45,1,,,,,57.4
energy_consumption,customer_observation,282,CUSTOMER_0282,,residential,Midwest,,24,1,,,,,74.27
energy_consumption,customer_observation,283,CUSTOMER_0283,,residential,Northeast,,77,3,,,,,99.49
energy_consumption,customer_observation,284,CUSTOMER_0284,,residential,Southeast,,52,1,,,,,89.69
energy_consumption,customer_observation,285,CUSTOMER_0285,,residential,Midwest,,17,1,,,,,94.38
energy_consumption,customer_observation,286,CUSTOMER_0286,,residential,Midwest,,17,2,,,,,97.27
energy_consumption,customer_observation,287,CUSTOMER_0287,,residential,South,,45,1,,,,,102.44
energy_consumption,customer_observation,288,CUSTOMER_0288,,residential,North,,17,3,,,,,91.69
energy_consumption,customer_observation,289,CUSTOMER_0289,,residential,North,,45,2,,,,,83.74
energy_consumption,customer_observation,290,CUSTOMER_0290,,residential,Midwest,,17,2,,,,,71.26
energy_consumption,customer_observation,291,CUSTOMER_0291,,residential,Northeast,,45,1,,,,,61.83
energy_consumption,customer_observation,292,CUSTOMER_0292,,residential,Northeast,,17,2,,,,,87.76
energy_consumption,customer_observation,293,CUSTOMER_0293,,commercial,North,,24,1,,,,,103.59
energy_consumption,customer_observation,294,CUSTOMER_0294,,residential,North,,45,2,,,,,76.5
energy_consumption,customer_observation,295,CUSTOMER_0295,,residential,Midwest,,45,3,,,,,89.66
energy_consumption,customer_observation,296,CUSTOMER_0296,,residential,North,,77,1,,,,,77.92
energy_consumption,customer_observation,297,CUSTOMER_0297,,commercial,Midwest,,52,3,,,,,74.68
energy_consumption,customer_observation,298,CUSTOMER_0298,,residential,Midwest,,24,1,,,,,73.57
energy_consumption,customer_observation,299,CUSTOMER_0299,,residential,Midwest,,17,3,,,,,78.41
energy_consumption,customer_observation,300,CUSTOMER_0300,,residential,North,,52,4,,,,,123.97
energy_consumption,customer_observation,301,CUSTOMER_0301,,residential,Midwest,,77,3,,,,,90.95
energy_consumption,customer_observation,302,CUSTOMER_0302,,residential,North,,52,2,,,,,97.39
energy_consumption,customer_observation,303,CUSTOMER_0303,,residential,Midwest,,17,1,,,,,97.84
energy_consumption,customer_observation,304,CUSTOMER_0304,,residential,Southeast,,77,2,,,,,64.19
energy_consumption,customer_observation,305,CUSTOMER_0305,,commercial,Midwest,,24,3,,,,,98.5
energy_consumption,customer_observation,306,CUSTOMER_0306,,commercial,Midwest,,45,1,,,,,70.04
energy_consumption,customer_observation,307,CUSTOMER_0307,,residential,Midwest,,77,3,,,,,68.38
energy_consumption,customer_observation,308,CUSTOMER_0308,,residential,Northeast,,24,3,,,,,89.82
energy_consumption,customer_observation,309,CUSTOMER_0309,,commercial,Southeast,,77,3,,,,,68.15
energy_consumption,customer_observation,310,CUSTOMER_0310,,residential,Southeast,,24,3,,,,,55.22
energy_consumption,customer_observation,311,CUSTOMER_0311,,residential,Northeast,,77,2,,,,,71.69
energy_consumption,customer_observation,312,CUSTOMER_0312,,residential,Midwest,,24,3,,,,,89.55
energy_consumption,customer_observation,313,CUSTOMER_0313,,residential,South,,77,2,,,,,69.29
energy_consumption,customer_observation,314,CUSTOMER_0314,,commercial,South,,17,3,,,,,84.83
energy_consumption,customer_observation,315,CUSTOMER_0315,,commercial,Midwest,,45,4,,,,,140.04
energy_consumption,customer_observation,316,CUSTOMER_0316,,commercial,Midwest,,45,1,,,,,90.18
energy_consumption,customer_observation,317,CUSTOMER_0317,,residential,Northeast,,45,3,,,,,98.57
energy_consumption,customer_observation,318,CUSTOMER_0318,,residential,South,,24,3,,,,,74.71
energy_consumption,customer_observation,319,CUSTOMER_0319,,residential,North,,45,4,,,,,112.98
energy_consumption,customer_observation,320,CUSTOMER_0320,,residential,Midwest,,24,1,,,,,68.88
energy_consumption,customer_observation,321,CUSTOMER_0321,,residential,Northeast,,45,1,,,,,74.69
energy_consumption,customer_observation,322,CUSTOMER_0322,,commercial,Northeast,,24,3,,,,,89.16
energy_consumption,customer_observation,323,CUSTOMER_0323,,commercial,Midwest,,77,3,,,,,53.17
energy_consumption,customer_observation,324,CUSTOMER_0324,,residential,South,,17,2,,,,,68.72
energy_consumption,customer_observation,325,CUSTOMER_0325,,commercial,North,,24,1,,,,,92.54
energy_consumption,customer_observation,326,CUSTOMER_0326,,commercial,Midwest,,24,1,,,,,86.95
energy_consumption,customer_observation,327,CUSTOMER_0327,,residential,North,,45,2,,,,,90.07
energy_consumption,customer_observation,328,CUSTOMER_0328,,residential,Northeast,,24,3,,,,,94.19
energy_consumption,customer_observation,329,CUSTOMER_0329,,residential,Midwest,,45,3,,,,,92.72
energy_consumption,customer_observation,330,CUSTOMER_0330,,residential,Midwest,,52,1,,,,,87.53
energy_consumption,customer_observation,331,CUSTOMER_0331,,residential,Northeast,,45,2,,,,,75.08
energy_consumption,customer_observation,332,CUSTOMER_0332,,commercial,Northeast,,45,3,,,,,103.01
energy_consumption,customer_observation,333,CUSTOMER_0333,,residential,North,,17,1,,,,,81.72
energy_consumption,customer_observation,334,CUSTOMER_0334,,residential,Northeast,,45,3,,,,,62.91
energy_consumption,customer_observation,335,CUSTOMER_0335,,residential,South,,24,3,,,,,67.54
energy_consumption,customer_observation,336,CUSTOMER_0336,,residential,South,,45,3,,,,,88.11
energy_consumption,customer_observation,337,CUSTOMER_0337,,commercial,Northeast,,24,1,,,,,99.99
energy_consumption,customer_observation,338,CUSTOMER_0338,,commercial,Midwest,,45,2,,,,,61.68
energy_consumption,customer_observation,339,CUSTOMER_0339,,residential,South,,24,2,,,,,56.73
energy_consumption,customer_observation,340,CUSTOMER_0340,,residential,North,,52,3,,,,,97.77
energy_consumption,customer_observation,341,CUSTOMER_0341,,residential,Southeast,,17,2,,,,,99.5
energy_consumption,customer_observation,342,CUSTOMER_0342,,residential,South,,45,3,,,,,66.69
energy_consumption,customer_observation,343,CUSTOMER_0343,,residential,North,,17,1,,,,,71.87
energy_consumption,customer_observation,344,CUSTOMER_0344,,residential,Northeast,,45,1,,,,,86.4
energy_consumption,customer_observation,345,CUSTOMER_0345,,residential,South,,77,1,,,,,69.44
energy_consumption,customer_observation,346,CUSTOMER_0346,,residential,Midwest,,45,3,,,,,97.54
energy_consumption,customer_observation,347,CUSTOMER_0347,,residential,North,,45,2,,,,,58.02
energy_consumption,customer_observation,348,CUSTOMER_0348,,residential,Northeast,,77,4,,,,,105.94
energy_consumption,customer_observation,349,CUSTOMER_0349,,residential,Midwest,,45,4,,,,,115.29
energy_consumption,customer_observation,350,CUSTOMER_0350,,residential,Midwest,,45,1,,,,,67.19
energy_consumption,customer_observation,351,CUSTOMER_0351,,residential,Midwest,,45,4,,,,,110.05
energy_consumption,customer_observation,352,CUSTOMER_0352,,commercial,South,,45,3,,,,,55.87
energy_consumption,customer_observation,353,CUSTOMER_0353,,commercial,Northeast,,17,2,,,,,91.3
energy_consumption,customer_observation,354,CUSTOMER_0354,,residential,Midwest,,52,4,,,,,112.86
energy_consumption,customer_observation,355,CUSTOMER_0355,,residential,Midwest,,45,4,,,,,153.95
energy_consumption,customer_observation,356,CUSTOMER_0356,,residential,Midwest,,17,2,,,,,71.4
energy_consumption,customer_observation,357,CUSTOMER_0357,,residential,Northeast,,45,4,,,,,140.62
energy_consumption,customer_observation,358,CUSTOMER_0358,,residential,South,,24,2,,,,,64.07
energy_consumption,customer_observation,359,CUSTOMER_0359,,commercial,Southeast,,17,3,,,,,64.84
energy_consumption,customer_observation,360,CUSTOMER_0360,,residential,Midwest,,45,3,,,,,82.01
energy_consumption,customer_observation,361,CUSTOMER_0361,,residential,Midwest,,52,3,,,,,81.29
energy_consumption,customer_observation,362,CUSTOMER_0362,,residential,Northeast,,52,1,,,,,91.97
energy_consumption,customer_observation,363,CUSTOMER_0363,,residential,Midwest,,77,3,,,,,91.41
energy_consumption,customer_observation,364,CUSTOMER_0364,,residential,Midwest,,52,4,,,,,140.62
energy_consumption,customer_observation,365,CUSTOMER_0365,,commercial,Midwest,,17,1,,,,,75.56
energy_consumption,customer_observation,366,CUSTOMER_0366,,residential,South,,24,1,,,,,98.23
energy_consumption,customer_observation,367,CUSTOMER_0367,,commercial,Midwest,,52,1,,,,,84.47
energy_consumption,customer_observation,368,CUSTOMER_0368,,commercial,Northeast,,24,3,,,,,103.35
energy_consumption,customer_observation,369,CUSTOMER_0369,,residential,Midwest,,45,1,,,,,94.57
energy_consumption,customer_observation,370,CUSTOMER_0370,,residential,Northeast,,45,3,,,,,54.78
energy_consumption,customer_observation,371,CUSTOMER_0371,,residential,Northeast,,24,3,,,,,68.96
energy_consumption,customer_observation,372,CUSTOMER_0372,,residential,Northeast,,77,1,,,,,81.87
energy_consumption,customer_observation,373,CUSTOMER_0373,,residential,Midwest,,45,1,,,,,89.55
energy_consumption,customer_observation,374,CUSTOMER_0374,,commercial,Midwest,,45,4,,,,,134.02
energy_consumption,customer_observation,375,CUSTOMER_0375,,residential,Midwest,,77,1,,,,,92.87
energy_consumption,customer_observation,376,CUSTOMER_0376,,residential,Midwest,,45,3,,,,,67.01
energy_consumption,customer_observation,377,CUSTOMER_0377,,commercial,Midwest,,24,3,,,,,61.94
energy_consumption,customer_observation,378,CUSTOMER_0378,,residential,Northeast,,45,1,,,,,55.27
energy_consumption,customer_observation,379,CUSTOMER_0379,,commercial,Southeast,,52,1,,,,,81.94
energy_consumption,customer_observation,380,CUSTOMER_0380,,residential,Northeast,,45,2,,,,,87.86
energy_consumption,customer_observation,381,CUSTOMER_0381,,residential,Northeast,,45,1,,,,,69.25
energy_consumption,customer_observation,382,CUSTOMER_0382,,commercial,Midwest,,45,2,,,,,84.01
energy_consumption,customer_observation,383,CUSTOMER_0383,,residential,Northeast,,24,2,,,,,55.18
energy_consumption,customer_observation,384,CUSTOMER_0384,,commercial,North,,52,3,,,,,57.6
energy_consumption,customer_observation,385,CUSTOMER_0385,,commercial,Midwest,,52,3,,,,,88.54
energy_consumption,customer_observation,386,CUSTOMER_0386,,commercial,Midwest,,24,2,,,,,71.4
energy_consumption,customer_observation,387,CUSTOMER_0387,,residential,Midwest,,17,2,,,,,86.97
energy_consumption,customer_observation,388,CUSTOMER_0388,,residential,South,,77,4,,,,,149.45
energy_consumption,customer_observation,389,CUSTOMER_0389,,commercial,Midwest,,52,1,,,,,96.28
energy_consumption,customer_observation,390,CUSTOMER_0390,,commercial,Southeast,,52,4,,,,,113.3
energy_consumption,customer_observation,391,CUSTOMER_0391,,commercial,North,,52,2,,,,,77.47
energy_consumption,customer_observation,392,CUSTOMER_0392,,residential,Midwest,,45,1,,,,,90.19
energy_consumption,customer_observation,393,CUSTOMER_0393,,residential,Southeast,,45,3,,,,,92.24
energy_consumption,customer_observation,394,CUSTOMER_0394,,commercial,Midwest,,45,1,,,,,92.79
energy_consumption,customer_observation,395,CUSTOMER_0395,,residential,Midwest,,17,3,,,,,64.22
energy_consumption,customer_observation,396,CUSTOMER_0396,,commercial,Northeast,,45,2,,,,,62.39
energy_consumption,customer_observation,397,CUSTOMER_0397,,commercial,North,,45,4,,,,,136.2
energy_consumption,customer_observation,398,CUSTOMER_0398,,residential,Midwest,,45,4,,,,,144.48
energy_consumption,customer_observation,399,CUSTOMER_0399,,commercial,Northeast,,45,4,,,,,121.35
energy_consumption,customer_observation,400,CUSTOMER_0400,,commercial,Southeast,,45,4,,,,,109.6
energy_consumption,customer_observation,401,CUSTOMER_0401,,residential,Northeast,,24,2,,,,,89.3
energy_consumption,customer_observation,402,CUSTOMER_0402,,commercial,South,,24,2,,,,,67.89
energy_consumption,customer_observation,403,CUSTOMER_0403,,residential,South,,24,1,,,,,61.04
energy_consumption,customer_observation,404,CUSTOMER_0404,,commercial,Northeast,,24,3,,,,,60.09
energy_consumption,customer_observation,405,CUSTOMER_0405,,residential,Northeast,,77,3,,,,,68.67
energy_consumption,customer_observation,406,CUSTOMER_0406,,commercial,Southeast,,24,3,,,,,82.93
energy_consumption,customer_observation,407,CUSTOMER_0407,,residential,South,,24,3,,,,,70.9
energy_consumption,customer_observation,408,CUSTOMER_0408,,residential,Midwest,,45,4,,,,,104.99
energy_consumption,customer_observation,409,CUSTOMER_0409,,commercial,Northeast,,45,3,,,,,57.48
energy_consumption,customer_observation,410,CUSTOMER_0410,,residential,Midwest,,24,1,,,,,67.42
energy_consumption,customer_observation,411,CUSTOMER_0411,,residential,Midwest,,45,4,,,,,140.02
energy_consumption,customer_observation,412,CUSTOMER_0412,,commercial,Northeast,,45,3,,,,,57.56
energy_consumption,customer_observation,413,CUSTOMER_0413,,commercial,Midwest,,24,2,,,,,81.29
energy_consumption,customer_observation,414,CUSTOMER_0414,,residential,North,,24,3,,,,,58.66
energy_consumption,customer_observation,415,CUSTOMER_0415,,residential,North,,77,2,,,,,63.37
energy_consumption,customer_observation,416,CUSTOMER_0416,,residential,Northeast,,52,1,,,,,61.34
energy_consumption,customer_observation,417,CUSTOMER_0417,,residential,Northeast,,45,1,,,,,55.95
energy_consumption,customer_observation,418,CUSTOMER_0418,,residential,Northeast,,17,2,,,,,86.97
energy_consumption,customer_observation,419,CUSTOMER_0419,,commercial,Midwest,,45,3,,,,,76.3
energy_consumption,customer_observation,420,CUSTOMER_0420,,commercial,Northeast,,45,4,,,,,149.41
energy_consumption,customer_observation,421,CUSTOMER_0421,,commercial,Northeast,,24,1,,,,,57.58
energy_consumption,customer_observation,422,CUSTOMER_0422,,commercial,Northeast,,45,1,,,,,59.93
energy_consumption,customer_observation,423,CUSTOMER_0423,,residential,South,,45,1,,,,,68.24
energy_consumption,customer_observation,424,CUSTOMER_0424,,residential,Midwest,,24,3,,,,,91.83
energy_consumption,customer_observation,425,CUSTOMER_0425,,residential,Midwest,,45,2,,,,,68.2
energy_consumption,customer_observation,426,CUSTOMER_0426,,residential,Midwest,,52,2,,,,,73.47
energy_consumption,customer_observation,427,CUSTOMER_0427,,residential,South,,24,3,,,,,67.99
energy_consumption,customer_observation,428,CUSTOMER_0428,,commercial,Northeast,,52,1,,,,,56.62
energy_consumption,customer_observation,429,CUSTOMER_0429,,residential,Midwest,,17,3,,,,,100.74
energy_consumption,customer_observation,430,CUSTOMER_0430,,residential,Midwest,,52,3,,,,,80.67
energy_consumption,customer_observation,431,CUSTOMER_0431,,residential,Midwest,,24,2,,,,,92.96
energy_consumption,customer_observation,432,CUSTOMER_0432,,commercial,North,,17,3,,,,,86.31
energy_consumption,customer_observation,433,CUSTOMER_0433,,residential,Midwest,,45,3,,,,,78.91
energy_consumption,customer_observation,434,CUSTOMER_0434,,residential,North,,45,1,,,,,57.1
energy_consumption,customer_observation,435,CUSTOMER_0435,,residential,Midwest,,77,4,,,,,139.09
energy_consumption,customer_observation,436,CUSTOMER_0436,,commercial,Midwest,,24,1,,,,,60.48
energy_consumption,customer_observation,437,CUSTOMER_0437,,residential,Northeast,,24,2,,,,,73.78
energy_consumption,customer_observation,438,CUSTOMER_0438,,commercial,Southeast,,45,4,,,,,138.34
energy_consumption,customer_observation,439,CUSTOMER_0439,,commercial,North,,45,1,,,,,92.67
energy_consumption,customer_observation,440,CUSTOMER_0440,,residential,Southeast,,24,3,,,,,87.68
energy_consumption,customer_observation,441,CUSTOMER_0441,,residential,Midwest,,45,3,,,,,86.98
energy_consumption,customer_observation,442,CUSTOMER_0442,,commercial,Northeast,,45,4,,,,,112.03
energy_consumption,customer_observation,443,CUSTOMER_0443,,residential,North,,52,4,,,,,122.83
energy_consumption,customer_observation,444,CUSTOMER_0444,,residential,South,,77,3,,,,,54.7
energy_consumption,customer_observation,445,CUSTOMER_0445,,commercial,North,,24,2,,,,,89.45
energy_consumption,customer_observation,446,CUSTOMER_0446,,commercial,Northeast,,45,1,,,,,101.42
energy_consumption,customer_observation,447,CUSTOMER_0447,,commercial,Northeast,,24,3,,,,,66.06
energy_consumption,customer_observation,448,CUSTOMER_0448,,commercial,Midwest,,45,1,,,,,57.0
energy_consumption,customer_observation,449,CUSTOMER_0449,,residential,Midwest,,45,1,,,,,76.92
energy_consumption,customer_observation,450,CUSTOMER_0450,,residential,North,,77,1,,,,,96.49
energy_consumption,customer_observation,451,CUSTOMER_0451,,commercial,Northeast,,45,1,,,,,80.84
energy_consumption,customer_observation,452,CUSTOMER_0452,,residential,Northeast,,77,2,,,,,54.9
energy_consumption,customer_observation,453,CUSTOMER_0453,,residential,Northeast,,52,2,,,,,102.53
energy_consumption,customer_observation,454,CUSTOMER_0454,,commercial,Midwest,,77,2,,,,,95.05
energy_consumption,customer_observation,455,CUSTOMER_0455,,residential,Midwest,,52,3,,,,,59.26
energy_consumption,customer_observation,456,CUSTOMER_0456,,residential,Northeast,,45,3,,,,,99.83
energy_consumption,customer_observation,457,CUSTOMER_0457,,residential,Northeast,,24,3,,,,,75.64
energy_consumption,customer_observation,458,CUSTOMER_0458,,residential,Northeast,,24,2,,,,,71.6
energy_consumption,customer_observation,459,CUSTOMER_0459,,residential,South,,17,1,,,,,76.18
energy_consumption,customer_observation,460,CUSTOMER_0460,,residential,South,,45,2,,,,,95.36
energy_consumption,customer_observation,461,CUSTOMER_0461,,residential,Southeast,,45,3,,,,,86.36
energy_consumption,customer_observation,462,CUSTOMER_0462,,residential,Northeast,,45,4,,,,,107.11
energy_consumption,customer_observation,463,CUSTOMER_0463,,commercial,North,,77,3,,,,,101.67
energy_consumption,customer_observation,464,CUSTOMER_0464,,residential,Northeast,,77,1,,,,,60.09
energy_consumption,customer_observation,465,CUSTOMER_0465,,commercial,Northeast,,24,2,,,,,90.78
energy_consumption,customer_observation,466,CUSTOMER_0466,,residential,Midwest,,24,1,,,,,85.17
energy_consumption,customer_observation,467,CUSTOMER_0467,,residential,Midwest,,45,2,,,,,62.13
energy_consumption,customer_observation,468,CUSTOMER_0468,,commercial,Southeast,,24,3,,,,,61.27
energy_consumption,customer_observation,469,CUSTOMER_0469,,residential,Southeast,,45,1,,,,,97.19
energy_consumption,customer_observation,470,CUSTOMER_0470,,commercial,Northeast,,45,4,,,,,126.86
energy_consumption,customer_observation,471,CUSTOMER_0471,,residential,Midwest,,45,1,,,,,86.11
energy_consumption,customer_observation,472,CUSTOMER_0472,,commercial,Northeast,,52,2,,,,,78.38
energy_consumption,customer_observation,473,CUSTOMER_0473,,residential,North,,52,2,,,,,89.85
energy_consumption,customer_observation,474,CUSTOMER_0474,,commercial,Midwest,,17,2,,,,,77.11
energy_consumption,customer_observation,475,CUSTOMER_0475,,residential,North,,45,3,,,,,67.26
energy_consumption,customer_observation,476,CUSTOMER_0476,,commercial,Midwest,,45,4,,,,,123.78
energy_consumption,customer_observation,477,CUSTOMER_0477,,residential,Northeast,,24,2,,,,,96.61
energy_consumption,customer_observation,478,CUSTOMER_0478,,residential,Midwest,,17,3,,,,,76.53
energy_consumption,customer_observation,479,CUSTOMER_0479,,commercial,Midwest,,45,2,,,,,63.46
energy_consumption,customer_observation,480,CUSTOMER_0480,,residential,Northeast,,24,2,,,,,100.49
energy_consumption,customer_observation,481,CUSTOMER_0481,,residential,Southeast,,24,3,,,,,93.41
energy_consumption,customer_observation,482,CUSTOMER_0482,,commercial,Northeast,,45,2,,,,,55.36
energy_consumption,customer_observation,483,CUSTOMER_0483,,residential,Midwest,,45,3,,,,,103.8
energy_consumption,customer_observation,484,CUSTOMER_0484,,residential,Midwest,,24,3,,,,,88.18
energy_consumption,customer_observation,485,CUSTOMER_0485,,residential,Midwest,,17,2,,,,,60.73
energy_consumption,customer_observation,486,CUSTOMER_0486,,commercial,South,,52,2,,,,,64.68
energy_consumption,customer_observation,487,CUSTOMER_0487,,residential,Northeast,,17,1,,,,,88.06
energy_consumption,customer_observation,488,CUSTOMER_0488,,residential,Midwest,,77,4,,,,,146.6
energy_consumption,customer_observation,489,CUSTOMER_0489,,commercial,Midwest,,45,2,,,,,64.77
energy_consumption,customer_observation,490,CUSTOMER_0490,,commercial,South,,24,1,,,,,65.7
energy_consumption,customer_observation,491,CUSTOMER_0491,,residential,Northeast,,24,2,,,,,68.27
energy_consumption,customer_observation,492,CUSTOMER_0492,,residential,Midwest,,17,3,,,,,83.21
energy_consumption,customer_observation,493,CUSTOMER_0493,,residential,Midwest,,24,3,,,,,61.32
energy_consumption,customer_observation,494,CUSTOMER_0494,,residential,Northeast,,17,1,,,,,57.85
energy_consumption,customer_observation,495,CUSTOMER_0495,,residential,Midwest,,45,2,,,,,87.36
energy_consumption,customer_observation,496,CUSTOMER_0496,,residential,Northeast,,24,1,,,,,92.51
energy_consumption,customer_observation,497,CUSTOMER_0497,,residential,Midwest,,45,2,,,,,78.22
energy_consumption,customer_observation,498,CUSTOMER_0498,,residential,Southeast,,45,2,,,,,71.18
energy_consumption,customer_observation,499,CUSTOMER_0499,,commercial,Midwest,,24,3,,,,,74.69
energy_consumption,customer_observation,500,CUSTOMER_0500,,commercial,Midwest,,17,1,,,,,72.44
energy_consumption,customer_observation,501,CUSTOMER_0501,,commercial,Midwest,,17,3,,,,,101.8
energy_consumption,customer_observation,502,CUSTOMER_0502,,residential,North,,17,3,,,,,91.94
energy_consumption,customer_observation,503,CUSTOMER_0503,,residential,Northeast,,45,3,,,,,63.19
energy_consumption,customer_observation,504,CUSTOMER_0504,,commercial,Midwest,,24,1,,,,,72.23
energy_consumption,customer_observation,505,CUSTOMER_0505,,commercial,Northeast,,45,2,,,,,80.44
energy_consumption,customer_observation,506,CUSTOMER_0506,,residential,Northeast,,45,2,,,,,83.98
energy_consumption,customer_observation,507,CUSTOMER_0507,,commercial,Midwest,,45,1,,,,,76.54
energy_consumption,customer_observation,508,CUSTOMER_0508,,commercial,Northeast,,45,2,,,,,94.1
energy_consumption,customer_observation,509,CUSTOMER_0509,,commercial,Northeast,,45,1,,,,,91.92
energy_consumption,customer_observation,510,CUSTOMER_0510,,commercial,Midwest,,24,1,,,,,78.44
energy_consumption,customer_observation,511,CUSTOMER_0511,,residential,North,,17,2,,,,,96.37
energy_consumption,customer_observation,512,CUSTOMER_0512,,residential,South,,45,4,,,,,145.03
energy_consumption,customer_observation,513,CUSTOMER_0513,,commercial,Southeast,,24,3,,,,,92.48
energy_consumption,customer_observation,514,CUSTOMER_0514,,commercial,Midwest,,45,1,,,,,101.61
energy_consumption,customer_observation,515,CUSTOMER_0515,,residential,North,,45,1,,,,,66.18
energy_consumption,customer_observation,516,CUSTOMER_0516,,residential,Midwest,,45,4,,,,,118.53
energy_consumption,customer_observation,517,CUSTOMER_0517,,residential,Southeast,,45,1,,,,,98.15
energy_consumption,customer_observation,518,CUSTOMER_0518,,commercial,Midwest,,45,1,,,,,92.15
energy_consumption,customer_observation,519,CUSTOMER_0519,,commercial,North,,45,2,,,,,100.08
energy_consumption,customer_observation,520,CUSTOMER_0520,,residential,Midwest,,45,2,,,,,55.74
energy_consumption,customer_observation,521,CUSTOMER_0521,,residential,Southeast,,45,4,,,,,138.27
energy_consumption,customer_observation,522,CUSTOMER_0522,,residential,Midwest,,45,1,,,,,59.93
energy_consumption,customer_observation,523,CUSTOMER_0523,,commercial,Midwest,,52,3,,,,,78.38
energy_consumption,customer_observation,524,CUSTOMER_0524,,commercial,Midwest,,45,2,,,,,60.5
energy_consumption,customer_observation,525,CUSTOMER_0525,,commercial,Midwest,,45,3,,,,,59.08
energy_consumption,customer_observation,526,CUSTOMER_0526,,residential,North,,45,3,,,,,53.12
energy_consumption,customer_observation,527,CUSTOMER_0527,,residential,Midwest,,45,4,,,,,138.4
energy_consumption,customer_observation,528,CUSTOMER_0528,,residential,North,,17,1,,,,,70.94
energy_consumption,customer_observation,529,CUSTOMER_0529,,residential,Midwest,,52,4,,,,,109.63
energy_consumption,customer_observation,530,CUSTOMER_0530,,commercial,Northeast,,17,2,,,,,69.08
energy_consumption,customer_observation,531,CUSTOMER_0531,,commercial,Midwest,,45,1,,,,,61.18
energy_consumption,customer_observation,532,CUSTOMER_0532,,commercial,North,,45,1,,,,,100.86
energy_consumption,customer_observation,533,CUSTOMER_0533,,commercial,Midwest,,77,3,,,,,68.93
energy_consumption,customer_observation,534,CUSTOMER_0534,,residential,Midwest,,17,3,,,,,69.65
energy_consumption,customer_observation,535,CUSTOMER_0535,,commercial,Northeast,,45,3,,,,,95.63
energy_consumption,customer_observation,536,CUSTOMER_0536,,commercial,North,,45,1,,,,,85.76
energy_consumption,customer_observation,537,CUSTOMER_0537,,commercial,North,,24,1,,,,,88.97
energy_consumption,customer_observation,538,CUSTOMER_0538,,residential,Southeast,,17,1,,,,,85.16
energy_consumption,customer_observation,539,CUSTOMER_0539,,residential,Midwest,,45,1,,,,,101.09
energy_consumption,customer_observation,540,CUSTOMER_0540,,residential,Midwest,,45,1,,,,,63.13
energy_consumption,customer_observation,541,CUSTOMER_0541,,commercial,North,,17,1,,,,,103.29
energy_consumption,customer_observation,542,CUSTOMER_0542,,residential,Midwest,,45,4,,,,,149.4
energy_consumption,customer_observation,543,CUSTOMER_0543,,residential,Southeast,,45,1,,,,,82.74
energy_consumption,customer_observation,544,CUSTOMER_0544,,commercial,Southeast,,45,4,,,,,140.16
energy_consumption,customer_observation,545,CUSTOMER_0545,,residential,Midwest,,77,1,,,,,85.82
energy_consumption,customer_observation,546,CUSTOMER_0546,,residential,North,,45,4,,,,,107.06
energy_consumption,customer_observation,547,CUSTOMER_0547,,residential,North,,77,2,,,,,63.7
energy_consumption,customer_observation,548,CUSTOMER_0548,,commercial,North,,52,2,,,,,101.87
energy_consumption,customer_observation,549,CUSTOMER_0549,,residential,Northeast,,24,2,,,,,79.94
energy_consumption,customer_observation,550,CUSTOMER_0550,,commercial,North,,24,2,,,,,71.93
energy_consumption,customer_observation,551,CUSTOMER_0551,,residential,Northeast,,45,4,,,,,145.63
energy_consumption,customer_observation,552,CUSTOMER_0552,,commercial,Northeast,,45,1,,,,,79.43
energy_consumption,customer_observation,553,CUSTOMER_0553,,residential,South,,45,1,,,,,53.18
energy_consumption,customer_observation,554,CUSTOMER_0554,,residential,Midwest,,45,4,,,,,144.21
energy_consumption,customer_observation,555,CUSTOMER_0555,,commercial,Southeast,,45,3,,,,,90.1
energy_consumption,customer_observation,556,CUSTOMER_0556,,residential,Midwest,,45,3,,,,,60.98
energy_consumption,customer_observation,557,CUSTOMER_0557,,residential,North,,17,2,,,,,101.62
energy_consumption,customer_observation,558,CUSTOMER_0558,,residential,Midwest,,52,3,,,,,64.0
energy_consumption,customer_observation,559,CUSTOMER_0559,,commercial,Northeast,,24,2,,,,,76.01
energy_consumption,customer_observation,560,CUSTOMER_0560,,residential,Midwest,,77,1,,,,,58.39
energy_consumption,customer_observation,561,CUSTOMER_0561,,commercial,Northeast,,17,1,,,,,83.48
energy_consumption,customer_observation,562,CUSTOMER_0562,,residential,South,,77,4,,,,,124.44
energy_consumption,customer_observation,563,CUSTOMER_0563,,residential,Northeast,,17,3,,,,,70.64
energy_consumption,customer_observation,564,CUSTOMER_0564,,residential,Northeast,,24,1,,,,,94.97
energy_consumption,customer_observation,565,CUSTOMER_0565,,residential,South,,17,1,,,,,52.99
energy_consumption,customer_observation,566,CUSTOMER_0566,,residential,North,,45,2,,,,,93.47
energy_consumption,customer_observation,567,CUSTOMER_0567,,residential,Midwest,,52,4,,,,,135.18
energy_consumption,customer_observation,568,CUSTOMER_0568,,residential,Midwest,,45,3,,,,,103.14
energy_consumption,customer_observation,569,CUSTOMER_0569,,commercial,Southeast,,77,1,,,,,82.77
energy_consumption,customer_observation,570,CUSTOMER_0570,,residential,South,,45,4,,,,,106.9
energy_consumption,customer_observation,571,CUSTOMER_0571,,residential,South,,45,3,,,,,55.1
energy_consumption,customer_observation,572,CUSTOMER_0572,,commercial,North,,52,1,,,,,97.85
energy_consumption,customer_observation,573,CUSTOMER_0573,,residential,Southeast,,24,2,,,,,95.7
energy_consumption,customer_observation,574,CUSTOMER_0574,,residential,Midwest,,24,1,,,,,70.26
energy_consumption,customer_observation,575,CUSTOMER_0575,,commercial,Midwest,,77,4,,,,,137.73
energy_consumption,customer_observation,576,CUSTOMER_0576,,commercial,North,,77,3,,,,,77.64
energy_consumption,customer_observation,577,CUSTOMER_0577,,residential,Midwest,,77,3,,,,,102.16
energy_consumption,customer_observation,578,CUSTOMER_0578,,commercial,South,,77,2,,,,,101.28
energy_consumption,customer_observation,579,CUSTOMER_0579,,residential,South,,17,1,,,,,103.02
energy_consumption,customer_observation,580,CUSTOMER_0580,,residential,Midwest,,52,2,,,,,96.99
energy_consumption,customer_observation,581,CUSTOMER_0581,,residential,North,,45,4,,,,,153.71
energy_consumption,customer_observation,582,CUSTOMER_0582,,commercial,Northeast,,77,3,,,,,63.66
energy_consumption,customer_observation,583,CUSTOMER_0583,,residential,Southeast,,45,2,,,,,95.17
energy_consumption,customer_observation,584,CUSTOMER_0584,,residential,Midwest,,45,1,,,,,88.9
energy_consumption,customer_observation,585,CUSTOMER_0585,,residential,Midwest,,45,4,,,,,156.63
energy_consumption,customer_observation,586,CUSTOMER_0586,,residential,North,,24,1,,,,,81.83
energy_consumption,customer_observation,587,CUSTOMER_0587,,residential,Midwest,,17,2,,,,,56.87
energy_consumption,customer_observation,588,CUSTOMER_0588,,residential,Midwest,,52,3,,,,,83.18
energy_consumption,customer_observation,589,CUSTOMER_0589,,residential,South,,52,3,,,,,87.76
energy_consumption,customer_observation,590,CUSTOMER_0590,,residential,Midwest,,17,2,,,,,63.81
energy_consumption,customer_observation,591,CUSTOMER_0591,,residential,Northeast,,45,1,,,,,72.74
energy_consumption,customer_observation,592,CUSTOMER_0592,,residential,Midwest,,45,1,,,,,83.23
energy_consumption,customer_observation,593,CUSTOMER_0593,,residential,North,,45,1,,,,,71.71
energy_consumption,customer_observation,594,CUSTOMER_0594,,residential,South,,24,1,,,,,71.75
energy_consumption,customer_observation,595,CUSTOMER_0595,,commercial,Northeast,,52,3,,,,,59.33
energy_consumption,customer_observation,596,CUSTOMER_0596,,residential,Midwest,,45,1,,,,,100.81
energy_consumption,customer_observation,597,CUSTOMER_0597,,commercial,Northeast,,45,2,,,,,91.04
energy_consumption,customer_observation,598,CUSTOMER_0598,,residential,Midwest,,45,2,,,,,52.56
energy_consumption,customer_observation,599,CUSTOMER_0599,,residential,Midwest,,17,2,,,,,91.81
energy_consumption,customer_observation,600,CUSTOMER_0600,,residential,Midwest,,45,2,,,,,90.49
energy_consumption,customer_observation,601,CUSTOMER_0601,,residential,Northeast,,24,1,,,,,53.0
energy_consumption,customer_observation,602,CUSTOMER_0602,,residential,Northeast,,24,3,,,,,71.48
energy_consumption,customer_observation,603,CUSTOMER_0603,,residential,North,,45,4,,,,,137.12
energy_consumption,customer_observation,604,CUSTOMER_0604,,residential,Midwest,,77,1,,,,,75.75
energy_consumption,customer_observation,605,CUSTOMER_0605,,residential,North,,45,4,,,,,146.5
energy_consumption,customer_observation,606,CUSTOMER_0606,,residential,Midwest,,24,3,,,,,74.35
energy_consumption,customer_observation,607,CUSTOMER_0607,,residential,Southeast,,45,1,,,,,60.4
energy_consumption,customer_observation,608,CUSTOMER_0608,,residential,Southeast,,52,4,,,,,157.38
energy_consumption,customer_observation,609,CUSTOMER_0609,,residential,Midwest,,45,3,,,,,64.93
energy_consumption,customer_observation,610,CUSTOMER_0610,,commercial,Midwest,,52,4,,,,,143.2
energy_consumption,customer_observation,611,CUSTOMER_0611,,residential,North,,45,2,,,,,59.85
energy_consumption,customer_observation,612,CUSTOMER_0612,,commercial,Midwest,,45,2,,,,,69.39
energy_consumption,customer_observation,613,CUSTOMER_0613,,residential,Southeast,,17,3,,,,,75.2
energy_consumption,customer_observation,614,CUSTOMER_0614,,residential,Northeast,,24,3,,,,,62.37
energy_consumption,customer_observation,615,CUSTOMER_0615,,commercial,Midwest,,24,3,,,,,75.61
energy_consumption,customer_observation,616,CUSTOMER_0616,,commercial,Southeast,,45,2,,,,,60.57
energy_consumption,customer_observation,617,CUSTOMER_0617,,residential,Southeast,,77,2,,,,,81.2
energy_consumption,customer_observation,618,CUSTOMER_0618,,residential,Northeast,,52,1,,,,,86.58
energy_consumption,customer_observation,619,CUSTOMER_0619,,commercial,Midwest,,17,3,,,,,55.71
energy_consumption,customer_observation,620,CUSTOMER_0620,,commercial,Northeast,,24,3,,,,,97.23
energy_consumption,customer_observation,621,CUSTOMER_0621,,residential,North,,24,3,,,,,62.01
energy_consumption,customer_observation,622,CUSTOMER_0622,,residential,South,,24,2,,,,,64.07
energy_consumption,customer_observation,623,CUSTOMER_0623,,residential,Southeast,,45,3,,,,,86.46
energy_consumption,customer_observation,624,CUSTOMER_0624,,residential,Midwest,,77,3,,,,,76.57
energy_consumption,customer_observation,625,CUSTOMER_0625,,residential,North,,77,2,,,,,78.14
energy_consumption,customer_observation,626,CUSTOMER_0626,,residential,Southeast,,45,3,,,,,59.08
energy_consumption,customer_observation,627,CUSTOMER_0627,,residential,Midwest,,52,1,,,,,93.87
energy_consumption,customer_observation,628,CUSTOMER_0628,,commercial,Northeast,,45,2,,,,,84.19
energy_consumption,customer_observation,629,CUSTOMER_0629,,residential,Midwest,,24,2,,,,,59.45
energy_consumption,customer_observation,630,CUSTOMER_0630,,residential,North,,45,2,,,,,71.7
energy_consumption,customer_observation,631,CUSTOMER_0631,,commercial,Midwest,,45,1,,,,,94.11
energy_consumption,customer_observation,632,CUSTOMER_0632,,commercial,Midwest,,45,2,,,,,81.69
energy_consumption,customer_observation,633,CUSTOMER_0633,,residential,Northeast,,24,2,,,,,58.08
energy_consumption,customer_observation,634,CUSTOMER_0634,,residential,Northeast,,24,2,,,,,71.64
energy_consumption,customer_observation,635,CUSTOMER_0635,,residential,Northeast,,24,2,,,,,64.96
energy_consumption,customer_observation,636,CUSTOMER_0636,,residential,North,,77,1,,,,,79.07
energy_consumption,customer_observation,637,CUSTOMER_0637,,residential,Midwest,,45,4,,,,,150.08
energy_consumption,customer_observation,638,CUSTOMER_0638,,residential,Southeast,,45,3,,,,,74.9
energy_consumption,customer_observation,639,CUSTOMER_0639,,residential,North,,45,3,,,,,74.75
energy_consumption,customer_observation,640,CUSTOMER_0640,,residential,North,,24,2,,,,,98.99
energy_consumption,customer_observation,641,CUSTOMER_0641,,residential,Midwest,,45,1,,,,,82.09
energy_consumption,customer_observation,642,CUSTOMER_0642,,residential,Southeast,,52,2,,,,,81.57
energy_consumption,customer_observation,643,CUSTOMER_0643,,residential,Northeast,,45,3,,,,,65.95
energy_consumption,customer_observation,644,CUSTOMER_0644,,residential,Northeast,,77,4,,,,,137.17
energy_consumption,customer_observation,645,CUSTOMER_0645,,residential,Midwest,,24,3,,,,,82.07
energy_consumption,customer_observation,646,CUSTOMER_0646,,commercial,Northeast,,17,1,,,,,72.88
energy_consumption,customer_observation,647,CUSTOMER_0647,,residential,North,,52,3,,,,,103.37
energy_consumption,customer_observation,648,CUSTOMER_0648,,commercial,Midwest,,52,2,,,,,97.79
energy_consumption,customer_observation,649,CUSTOMER_0649,,commercial,Midwest,,77,1,,,,,90.99
energy_consumption,customer_observation,650,CUSTOMER_0650,,residential,Midwest,,45,4,,,,,133.31
energy_consumption,customer_observation,651,CUSTOMER_0651,,residential,Midwest,,77,3,,,,,76.23
energy_consumption,customer_observation,652,CUSTOMER_0652,,residential,Midwest,,52,2,,,,,61.99
energy_consumption,customer_observation,653,CUSTOMER_0653,,residential,Northeast,,52,1,,,,,68.2
energy_consumption,customer_observation,654,CUSTOMER_0654,,commercial,Northeast,,45,2,,,,,92.24
energy_consumption,customer_observation,655,CUSTOMER_0655,,residential,North,,24,3,,,,,75.8
energy_consumption,customer_observation,656,CUSTOMER_0656,,residential,North,,77,2,,,,,97.8
energy_consumption,customer_observation,657,CUSTOMER_0657,,residential,Midwest,,45,1,,,,,60.1
energy_consumption,customer_observation,658,CUSTOMER_0658,,residential,Southeast,,45,2,,,,,78.6
energy_consumption,customer_observation,659,CUSTOMER_0659,,residential,South,,45,3,,,,,85.72
energy_consumption,customer_observation,660,CUSTOMER_0660,,residential,Midwest,,45,1,,,,,79.04
energy_consumption,customer_observation,661,CUSTOMER_0661,,residential,Northeast,,45,4,,,,,152.6
energy_consumption,customer_observation,662,CUSTOMER_0662,,commercial,North,,17,1,,,,,103.31
energy_consumption,customer_observation,663,CUSTOMER_0663,,residential,Southeast,,52,3,,,,,58.45
energy_consumption,customer_observation,664,CUSTOMER_0664,,residential,Midwest,,45,2,,,,,59.17
energy_consumption,customer_observation,665,CUSTOMER_0665,,residential,Midwest,,45,4,,,,,111.0
energy_consumption,customer_observation,666,CUSTOMER_0666,,residential,Midwest,,17,2,,,,,87.48
energy_consumption,customer_observation,667,CUSTOMER_0667,,residential,Midwest,,17,3,,,,,71.64
energy_consumption,customer_observation,668,CUSTOMER_0668,,residential,Southeast,,24,1,,,,,90.16
energy_consumption,customer_observation,669,CUSTOMER_0669,,residential,North,,45,3,,,,,73.32
energy_consumption,customer_observation,670,CUSTOMER_0670,,residential,Midwest,,17,1,,,,,84.73
energy_consumption,customer_observation,671,CUSTOMER_0671,,residential,Southeast,,77,1,,,,,92.03
energy_consumption,customer_observation,672,CUSTOMER_0672,,commercial,Northeast,,24,2,,,,,80.65
energy_consumption,customer_observation,673,CUSTOMER_0673,,residential,Midwest,,24,3,,,,,80.2
energy_consumption,customer_observation,674,CUSTOMER_0674,,residential,Northeast,,24,1,,,,,57.03
energy_consumption,customer_observation,675,CUSTOMER_0675,,residential,South,,17,2,,,,,73.59
energy_consumption,customer_observation,676,CUSTOMER_0676,,commercial,North,,45,3,,,,,80.53
energy_consumption,customer_observation,677,CUSTOMER_0677,,residential,Midwest,,52,4,,,,,129.18
energy_consumption,customer_observation,678,CUSTOMER_0678,,residential,Northeast,,45,4,,,,,153.23
energy_consumption,customer_observation,679,CUSTOMER_0679,,commercial,Midwest,,24,3,,,,,99.05
energy_consumption,customer_observation,680,CUSTOMER_0680,,commercial,Northeast,,24,1,,,,,94.71
energy_consumption,customer_observation,681,CUSTOMER_0681,,commercial,Northeast,,45,1,,,,,71.77
energy_consumption,customer_observation,682,CUSTOMER_0682,,residential,Midwest,,77,4,,,,,143.18
energy_consumption,customer_observation,683,CUSTOMER_0683,,residential,South,,24,1,,,,,72.8
energy_consumption,customer_observation,684,CUSTOMER_0684,,commercial,Northeast,,45,3,,,,,64.44
energy_consumption,customer_observation,685,CUSTOMER_0685,,commercial,North,,45,4,,,,,122.65
energy_consumption,customer_observation,686,CUSTOMER_0686,,residential,Midwest,,24,1,,,,,56.14
energy_consumption,customer_observation,687,CUSTOMER_0687,,residential,Midwest,,45,3,,,,,69.54
energy_consumption,customer_observation,688,CUSTOMER_0688,,residential,South,,17,2,,,,,76.16
energy_consumption,customer_observation,689,CUSTOMER_0689,,commercial,North,,45,3,,,,,101.56
energy_consumption,customer_observation,690,CUSTOMER_0690,,residential,Midwest,,24,1,,,,,68.59
energy_consumption,customer_observation,691,CUSTOMER_0691,,residential,Northeast,,45,3,,,,,98.84
energy_consumption,customer_observation,692,CUSTOMER_0692,,residential,Northeast,,17,1,,,,,64.25
energy_consumption,customer_observation,693,CUSTOMER_0693,,residential,Midwest,,77,4,,,,,114.33
energy_consumption,customer_observation,694,CUSTOMER_0694,,residential,Midwest,,24,2,,,,,79.15
energy_consumption,customer_observation,695,CUSTOMER_0695,,residential,Midwest,,52,4,,,,,140.72
energy_consumption,customer_observation,696,CUSTOMER_0696,,residential,Northeast,,52,4,,,,,106.29
energy_consumption,customer_observation,697,CUSTOMER_0697,,residential,Midwest,,77,1,,,,,63.85
energy_consumption,customer_observation,698,CUSTOMER_0698,,residential,Midwest,,45,1,,,,,75.9
energy_consumption,customer_observation,699,CUSTOMER_0699,,residential,South,,45,1,,,,,69.5
energy_consumption,customer_observation,700,CUSTOMER_0700,,residential,Northeast,,24,1,,,,,89.09
energy_consumption,customer_observation,701,CUSTOMER_0701,,residential,Northeast,,24,1,,,,,78.75
energy_consumption,customer_observation,702,CUSTOMER_0702,,residential,Northeast,,45,1,,,,,60.73
energy_consumption,customer_observation,703,CUSTOMER_0703,,residential,Midwest,,24,2,,,,,98.43
energy_consumption,customer_observation,704,CUSTOMER_0704,,residential,Northeast,,77,2,,,,,67.54
energy_consumption,customer_observation,705,CUSTOMER_0705,,residential,South,,17,3,,,,,90.04
energy_consumption,customer_observation,706,CUSTOMER_0706,,commercial,Northeast,,45,4,,,,,146.61
energy_consumption,customer_observation,707,CUSTOMER_0707,,residential,Southeast,,45,1,,,,,101.96
energy_consumption,customer_observation,708,CUSTOMER_0708,,commercial,North,,45,3,,,,,78.1
energy_consumption,customer_observation,709,CUSTOMER_0709,,residential,Midwest,,45,2,,,,,84.12
energy_consumption,customer_observation,710,CUSTOMER_0710,,commercial,South,,17,2,,,,,69.7
energy_consumption,customer_observation,711,CUSTOMER_0711,,commercial,Northeast,,45,4,,,,,141.03
energy_consumption,customer_observation,712,CUSTOMER_0712,,residential,South,,24,1,,,,,76.29
energy_consumption,customer_observation,713,CUSTOMER_0713,,residential,Midwest,,77,1,,,,,74.97
energy_consumption,customer_observation,714,CUSTOMER_0714,,residential,South,,45,3,,,,,96.43
energy_consumption,customer_observation,715,CUSTOMER_0715,,residential,Midwest,,77,2,,,,,55.08
energy_consumption,customer_observation,716,CUSTOMER_0716,,commercial,Northeast,,17,3,,,,,97.79
energy_consumption,customer_observation,717,CUSTOMER_0717,,commercial,Northeast,,24,3,,,,,96.25
energy_consumption,customer_observation,718,CUSTOMER_0718,,commercial,Northeast,,24,3,,,,,78.5
energy_consumption,customer_observation,719,CUSTOMER_0719,,residential,North,,17,1,,,,,77.67
energy_consumption,customer_observation,720,CUSTOMER_0720,,commercial,North,,24,2,,,,,71.08
energy_consumption,customer_observation,721,CUSTOMER_0721,,commercial,North,,45,3,,,,,103.55
energy_consumption,customer_observation,722,CUSTOMER_0722,,residential,Midwest,,24,2,,,,,58.21
energy_consumption,customer_observation,723,CUSTOMER_0723,,residential,Midwest,,45,2,,,,,82.81
energy_consumption,customer_observation,724,CUSTOMER_0724,,commercial,North,,52,3,,,,,87.5
energy_consumption,customer_observation,725,CUSTOMER_0725,,residential,North,,45,3,,,,,100.48
energy_consumption,customer_observation,726,CUSTOMER_0726,,commercial,Midwest,,24,1,,,,,92.56
energy_consumption,customer_observation,727,CUSTOMER_0727,,residential,Northeast,,24,2,,,,,85.56
energy_consumption,customer_observation,728,CUSTOMER_0728,,commercial,North,,45,3,,,,,58.5
energy_consumption,customer_observation,729,CUSTOMER_0729,,residential,Northeast,,24,3,,,,,71.69
energy_consumption,customer_observation,730,CUSTOMER_0730,,residential,South,,45,2,,,,,59.63
energy_consumption,customer_observation,731,CUSTOMER_0731,,residential,Southeast,,24,3,,,,,97.75
energy_consumption,customer_observation,732,CUSTOMER_0732,,commercial,Northeast,,52,4,,,,,144.95
energy_consumption,customer_observation,733,CUSTOMER_0733,,commercial,Midwest,,45,2,,,,,91.4
energy_consumption,customer_observation,734,CUSTOMER_0734,,residential,Midwest,,45,3,,,,,85.99
energy_consumption,customer_observation,735,CUSTOMER_0735,,residential,Midwest,,24,2,,,,,78.54
energy_consumption,customer_observation,736,CUSTOMER_0736,,commercial,Midwest,,24,3,,,,,60.2
energy_consumption,customer_observation,737,CUSTOMER_0737,,residential,Midwest,,45,3,,,,,69.43
energy_consumption,customer_observation,738,CUSTOMER_0738,,commercial,Northeast,,45,1,,,,,59.53
energy_consumption,customer_observation,739,CUSTOMER_0739,,residential,North,,24,2,,,,,89.72
energy_consumption,customer_observation,740,CUSTOMER_0740,,residential,Midwest,,24,1,,,,,60.73
energy_consumption,customer_observation,741,CUSTOMER_0741,,residential,Southeast,,24,3,,,,,88.55
energy_consumption,customer_observation,742,CUSTOMER_0742,,residential,Midwest,,45,2,,,,,88.05
energy_consumption,customer_observation,743,CUSTOMER_0743,,commercial,Southeast,,24,2,,,,,76.09
energy_consumption,customer_observation,744,CUSTOMER_0744,,residential,South,,45,4,,,,,111.27
energy_consumption,customer_observation,745,CUSTOMER_0745,,residential,Northeast,,45,4,,,,,121.11
energy_consumption,customer_observation,746,CUSTOMER_0746,,commercial,Midwest,,45,3,,,,,68.94
energy_consumption,customer_observation,747,CUSTOMER_0747,,residential,Midwest,,52,3,,,,,88.46
energy_consumption,customer_observation,748,CUSTOMER_0748,,residential,South,,52,3,,,,,58.34
energy_consumption,customer_observation,749,CUSTOMER_0749,,commercial,South,,45,3,,,,,95.07
energy_consumption,customer_observation,750,CUSTOMER_0750,,residential,Midwest,,17,2,,,,,91.58
energy_consumption,customer_observation,751,CUSTOMER_0751,,residential,Northeast,,45,1,,,,,62.07
energy_consumption,customer_observation,752,CUSTOMER_0752,,commercial,Midwest,,45,2,,,,,89.43
energy_consumption,customer_observation,753,CUSTOMER_0753,,residential,North,,45,2,,,,,86.83
energy_consumption,customer_observation,754,CUSTOMER_0754,,residential,Midwest,,45,4,,,,,144.86
energy_consumption,customer_observation,755,CUSTOMER_0755,,residential,South,,24,2,,,,,62.2
energy_consumption,customer_observation,756,CUSTOMER_0756,,commercial,Northeast,,45,2,,,,,60.59
energy_consumption,customer_observation,757,CUSTOMER_0757,,residential,Midwest,,24,3,,,,,64.64
energy_consumption,customer_observation,758,CUSTOMER_0758,,residential,Midwest,,45,1,,,,,71.29
energy_consumption,customer_observation,759,CUSTOMER_0759,,commercial,Midwest,,24,2,,,,,93.25
energy_consumption,customer_observation,760,CUSTOMER_0760,,commercial,Northeast,,45,2,,,,,90.39
energy_consumption,customer_observation,761,CUSTOMER_0761,,residential,Midwest,,17,1,,,,,100.02
energy_consumption,customer_observation,762,CUSTOMER_0762,,residential,South,,45,3,,,,,55.51
energy_consumption,customer_observation,763,CUSTOMER_0763,,residential,South,,45,4,,,,,104.49
energy_consumption,customer_observation,764,CUSTOMER_0764,,commercial,Northeast,,24,2,,,,,88.4
energy_consumption,customer_observation,765,CUSTOMER_0765,,residential,Southeast,,45,3,,,,,66.84
energy_consumption,customer_observation,766,CUSTOMER_0766,,residential,Midwest,,45,4,,,,,122.17
energy_consumption,customer_observation,767,CUSTOMER_0767,,commercial,Northeast,,45,4,,,,,133.83
energy_consumption,customer_observation,768,CUSTOMER_0768,,commercial,North,,24,2,,,,,57.76
energy_consumption,customer_observation,769,CUSTOMER_0769,,residential,Northeast,,45,4,,,,,139.09
energy_consumption,customer_observation,770,CUSTOMER_0770,,commercial,South,,45,2,,,,,69.2
energy_consumption,customer_observation,771,CUSTOMER_0771,,residential,Midwest,,45,1,,,,,84.99
energy_consumption,customer_observation,772,CUSTOMER_0772,,commercial,Midwest,,45,1,,,,,95.33
energy_consumption,customer_observation,773,CUSTOMER_0773,,residential,Northeast,,45,3,,,,,61.29
energy_consumption,customer_observation,774,CUSTOMER_0774,,residential,Midwest,,24,2,,,,,100.3
energy_consumption,customer_observation,775,CUSTOMER_0775,,commercial,North,,24,3,,,,,79.75
energy_consumption,customer_observation,776,CUSTOMER_0776,,residential,Northeast,,17,1,,,,,99.89
energy_consumption,customer_observation,777,CUSTOMER_0777,,residential,Midwest,,24,1,,,,,63.17
energy_consumption,customer_observation,778,CUSTOMER_0778,,commercial,North,,45,1,,,,,83.54
energy_consumption,customer_observation,779,CUSTOMER_0779,,commercial,Southeast,,45,1,,,,,73.24
energy_consumption,customer_observation,780,CUSTOMER_0780,,residential,Northeast,,24,1,,,,,92.26
energy_consumption,customer_observation,781,CUSTOMER_0781,,commercial,Midwest,,77,4,,,,,137.07
energy_consumption,customer_observation,782,CUSTOMER_0782,,residential,Midwest,,45,4,,,,,130.96
energy_consumption,customer_observation,783,CUSTOMER_0783,,residential,Midwest,,77,3,,,,,99.38
energy_consumption,customer_observation,784,CUSTOMER_0784,,residential,North,,45,4,,,,,124.53
energy_consumption,customer_observation,785,CUSTOMER_0785,,residential,North,,45,3,,,,,63.8
energy_consumption,customer_observation,786,CUSTOMER_0786,,commercial,South,,17,1,,,,,83.73
energy_consumption,customer_observation,787,CUSTOMER_0787,,residential,Northeast,,24,2,,,,,84.54
energy_consumption,customer_observation,788,CUSTOMER_0788,,residential,Southeast,,17,2,,,,,75.05
energy_consumption,customer_observation,789,CUSTOMER_0789,,residential,South,,45,2,,,,,77.49
energy_consumption,customer_observation,790,CUSTOMER_0790,,commercial,Northeast,,24,2,,,,,101.77
energy_consumption,customer_observation,791,CUSTOMER_0791,,residential,Northeast,,45,4,,,,,144.02
energy_consumption,customer_observation,792,CUSTOMER_0792,,residential,Midwest,,24,2,,,,,58.18
energy_consumption,customer_observation,793,CUSTOMER_0793,,residential,South,,52,4,,,,,115.49
energy_consumption,customer_observation,794,CUSTOMER_0794,,residential,South,,17,1,,,,,102.6
energy_consumption,customer_observation,795,CUSTOMER_0795,,residential,Midwest,,24,3,,,,,89.8
energy_consumption,customer_observation,796,CUSTOMER_0796,,commercial,Midwest,,24,1,,,,,99.49
energy_consumption,customer_observation,797,CUSTOMER_0797,,commercial,North,,45,2,,,,,68.1
energy_consumption,customer_observation,798,CUSTOMER_0798,,residential,South,,24,2,,,,,90.59
energy_consumption,customer_observation,799,CUSTOMER_0799,,commercial,South,,45,3,,,,,89.16
energy_consumption,customer_observation,800,CUSTOMER_0800,,commercial,Northeast,,17,1,,,,,67.63
energy_consumption,customer_observation,801,CUSTOMER_0801,,commercial,Northeast,,24,3,,,,,80.78
energy_consumption,customer_observation,802,CUSTOMER_0802,,residential,North,,52,2,,,,,84.72
energy_consumption,customer_observation,803,CUSTOMER_0803,,residential,Northeast,,17,2,,,,,77.21
energy_consumption,customer_observation,804,CUSTOMER_0804,,residential,Southeast,,77,3,,,,,94.98
energy_consumption,customer_observation,805,CUSTOMER_0805,,residential,Northeast,,77,4,,,,,149.51
energy_consumption,customer_observation,806,CUSTOMER_0806,,commercial,North,,17,2,,,,,96.18
energy_consumption,customer_observation,807,CUSTOMER_0807,,commercial,Northeast,,24,1,,,,,93.76
energy_consumption,customer_observation,808,CUSTOMER_0808,,commercial,South,,24,2,,,,,77.56
energy_consumption,customer_observation,809,CUSTOMER_0809,,residential,Midwest,,45,2,,,,,72.09
energy_consumption,customer_observation,810,CUSTOMER_0810,,residential,Midwest,,45,1,,,,,95.19
energy_consumption,customer_observation,811,CUSTOMER_0811,,commercial,Northeast,,45,2,,,,,77.67
energy_consumption,customer_observation,812,CUSTOMER_0812,,commercial,South,,45,3,,,,,65.15
energy_consumption,customer_observation,813,CUSTOMER_0813,,residential,Southeast,,17,3,,,,,78.55
energy_consumption,customer_observation,814,CUSTOMER_0814,,commercial,Northeast,,52,2,,,,,59.78
energy_consumption,customer_observation,815,CUSTOMER_0815,,commercial,North,,45,1,,,,,88.02
energy_consumption,customer_observation,816,CUSTOMER_0816,,residential,North,,45,4,,,,,122.27
energy_consumption,customer_observation,817,CUSTOMER_0817,,residential,North,,52,1,,,,,65.88
energy_consumption,customer_observation,818,CUSTOMER_0818,,residential,Midwest,,45,3,,,,,101.62
energy_consumption,customer_observation,819,CUSTOMER_0819,,residential,South,,24,2,,,,,92.39
energy_consumption,customer_observation,820,CUSTOMER_0820,,residential,Midwest,,45,1,,,,,92.92
energy_consumption,customer_observation,821,CUSTOMER_0821,,commercial,Southeast,,45,4,,,,,138.05
energy_consumption,customer_observation,822,CUSTOMER_0822,,residential,Midwest,,17,1,,,,,95.59
energy_consumption,customer_observation,823,CUSTOMER_0823,,residential,Midwest,,77,4,,,,,145.47
energy_consumption,customer_observation,824,CUSTOMER_0824,,residential,Midwest,,17,3,,,,,83.25
energy_consumption,customer_observation,825,CUSTOMER_0825,,residential,Northeast,,45,4,,,,,156.54
energy_consumption,customer_observation,826,CUSTOMER_0826,,commercial,Northeast,,45,3,,,,,62.34
energy_consumption,customer_observation,827,CUSTOMER_0827,,residential,Midwest,,17,1,,,,,100.94
energy_consumption,customer_observation,828,CUSTOMER_0828,,residential,North,,77,3,,,,,73.11
energy_consumption,customer_observation,829,CUSTOMER_0829,,commercial,Northeast,,52,1,,,,,79.63
energy_consumption,customer_observation,830,CUSTOMER_0830,,residential,Midwest,,45,4,,,,,110.59
energy_consumption,customer_observation,831,CUSTOMER_0831,,residential,South,,24,2,,,,,80.23
energy_consumption,customer_observation,832,CUSTOMER_0832,,residential,Midwest,,17,3,,,,,83.89
energy_consumption,customer_observation,833,CUSTOMER_0833,,residential,Southeast,,24,3,,,,,103.73
energy_consumption,customer_observation,834,CUSTOMER_0834,,residential,Midwest,,24,2,,,,,102.58
energy_consumption,customer_observation,835,CUSTOMER_0835,,residential,Midwest,,45,1,,,,,102.12
energy_consumption,customer_observation,836,CUSTOMER_0836,,residential,Midwest,,77,1,,,,,70.39
energy_consumption,customer_observation,837,CUSTOMER_0837,,commercial,Southeast,,45,4,,,,,158.19
energy_consumption,customer_observation,838,CUSTOMER_0838,,residential,Midwest,,52,3,,,,,75.89
energy_consumption,customer_observation,839,CUSTOMER_0839,,residential,Midwest,,45,1,,,,,96.24
energy_consumption,customer_observation,840,CUSTOMER_0840,,residential,Midwest,,45,4,,,,,115.72
energy_consumption,customer_observation,841,CUSTOMER_0841,,residential,Midwest,,52,1,,,,,78.47
energy_consumption,customer_observation,842,CUSTOMER_0842,,commercial,North,,45,2,,,,,102.1
energy_consumption,customer_observation,843,CUSTOMER_0843,,residential,North,,52,2,,,,,101.13
energy_consumption,customer_observation,844,CUSTOMER_0844,,commercial,North,,24,2,,,,,87.61
energy_consumption,customer_observation,845,CUSTOMER_0845,,residential,Southeast,,17,3,,,,,93.47
energy_consumption,customer_observation,846,CUSTOMER_0846,,residential,Northeast,,52,2,,,,,61.56
energy_consumption,customer_observation,847,CUSTOMER_0847,,residential,Northeast,,45,2,,,,,89.56
energy_consumption,customer_observation,848,CUSTOMER_0848,,commercial,Midwest,,52,1,,,,,84.24
energy_consumption,customer_observation,849,CUSTOMER_0849,,residential,Northeast,,77,2,,,,,57.2
energy_consumption,customer_observation,850,CUSTOMER_0850,,residential,Midwest,,17,3,,,,,58.31
energy_consumption,customer_observation,851,CUSTOMER_0851,,residential,Northeast,,45,4,,,,,109.8
energy_consumption,customer_observation,852,CUSTOMER_0852,,commercial,South,,24,2,,,,,89.7
energy_consumption,customer_observation,853,CUSTOMER_0853,,residential,Southeast,,45,4,,,,,111.63
energy_consumption,customer_observation,854,CUSTOMER_0854,,commercial,Southeast,,45,4,,,,,129.5
energy_consumption,customer_observation,855,CUSTOMER_0855,,residential,Midwest,,24,3,,,,,70.83
energy_consumption,customer_observation,856,CUSTOMER_0856,,residential,Midwest,,45,1,,,,,80.77
energy_consumption,customer_observation,857,CUSTOMER_0857,,residential,North,,45,1,,,,,88.78
energy_consumption,customer_observation,858,CUSTOMER_0858,,residential,North,,17,2,,,,,87.66
energy_consumption,customer_observation,859,CUSTOMER_0859,,residential,North,,52,4,,,,,132.12
energy_consumption,customer_observation,860,CUSTOMER_0860,,residential,Midwest,,45,1,,,,,76.34
energy_consumption,customer_observation,861,CUSTOMER_0861,,commercial,Midwest,,77,2,,,,,72.93
energy_consumption,customer_observation,862,CUSTOMER_0862,,residential,Midwest,,24,1,,,,,96.76
energy_consumption,customer_observation,863,CUSTOMER_0863,,residential,North,,17,3,,,,,69.49
energy_consumption,customer_observation,864,CUSTOMER_0864,,residential,Midwest,,45,1,,,,,65.82
energy_consumption,customer_observation,865,CUSTOMER_0865,,residential,Midwest,,17,2,,,,,90.67
energy_consumption,customer_observation,866,CUSTOMER_0866,,residential,Midwest,,77,2,,,,,70.97
energy_consumption,customer_observation,867,CUSTOMER_0867,,residential,Midwest,,17,2,,,,,95.99
energy_consumption,customer_observation,868,CUSTOMER_0868,,residential,Northeast,,45,3,,,,,69.34
energy_consumption,customer_observation,869,CUSTOMER_0869,,commercial,Southeast,,45,1,,,,,88.54
energy_consumption,customer_observation,870,CUSTOMER_0870,,commercial,Midwest,,24,2,,,,,54.82
energy_consumption,customer_observation,871,CUSTOMER_0871,,residential,Northeast,,17,3,,,,,72.3
energy_consumption,customer_observation,872,CUSTOMER_0872,,residential,Northeast,,45,4,,,,,122.67
energy_consumption,customer_observation,873,CUSTOMER_0873,,residential,Midwest,,45,3,,,,,94.44
energy_consumption,customer_observation,874,CUSTOMER_0874,,residential,Southeast,,24,3,,,,,102.16
energy_consumption,customer_observation,875,CUSTOMER_0875,,residential,Midwest,,77,1,,,,,76.17
energy_consumption,customer_observation,876,CUSTOMER_0876,,residential,Northeast,,24,1,,,,,94.86
energy_consumption,customer_observation,877,CUSTOMER_0877,,commercial,Southeast,,45,1,,,,,88.43
energy_consumption,customer_observation,878,CUSTOMER_0878,,commercial,Midwest,,45,3,,,,,102.18
energy_consumption,customer_observation,879,CUSTOMER_0879,,residential,Midwest,,17,1,,,,,94.15
energy_consumption,customer_observation,880,CUSTOMER_0880,,residential,Midwest,,77,4,,,,,108.11
energy_consumption,customer_observation,881,CUSTOMER_0881,,residential,Northeast,,24,2,,,,,89.13
energy_consumption,customer_observation,882,CUSTOMER_0882,,commercial,Midwest,,17,3,,,,,80.0
energy_consumption,customer_observation,883,CUSTOMER_0883,,residential,Northeast,,24,1,,,,,53.34
energy_consumption,customer_observation,884,CUSTOMER_0884,,residential,South,,45,4,,,,,117.63
energy_consumption,customer_observation,885,CUSTOMER_0885,,commercial,Midwest,,45,3,,,,,99.83
energy_consumption,customer_observation,886,CUSTOMER_0886,,residential,Midwest,,45,3,,,,,100.05
energy_consumption,customer_observation,887,CUSTOMER_0887,,commercial,Midwest,,17,1,,,,,93.52
energy_consumption,customer_observation,888,CUSTOMER_0888,,residential,South,,24,3,,,,,102.91
energy_consumption,customer_observation,889,CUSTOMER_0889,,residential,Southeast,,52,1,,,,,93.92
energy_consumption,customer_observation,890,CUSTOMER_0890,,residential,Midwest,,17,1,,,,,53.02
energy_consumption,customer_observation,891,CUSTOMER_0891,,commercial,Midwest,,52,1,,,,,67.28
energy_consumption,customer_observation,892,CUSTOMER_0892,,commercial,Midwest,,17,3,,,,,54.07
energy_consumption,customer_observation,893,CUSTOMER_0893,,commercial,Midwest,,52,3,,,,,57.33
energy_consumption,customer_observation,894,CUSTOMER_0894,,residential,Northeast,,24,1,,,,,63.74
energy_consumption,customer_observation,895,CUSTOMER_0895,,commercial,Midwest,,45,3,,,,,78.36
energy_consumption,customer_observation,896,CUSTOMER_0896,,residential,Northeast,,24,1,,,,,96.02
energy_consumption,customer_observation,897,CUSTOMER_0897,,residential,South,,17,2,,,,,96.76
energy_consumption,customer_observation,898,CUSTOMER_0898,,commercial,Northeast,,24,3,,,,,84.14
energy_consumption,customer_observation,899,CUSTOMER_0899,,residential,South,,17,3,,,,,100.16
energy_consumption,customer_observation,900,CUSTOMER_0900,,residential,Midwest,,24,2,,,,,78.18
energy_consumption,customer_observation,901,CUSTOMER_0901,,residential,Midwest,,45,2,,,,,98.15
energy_consumption,customer_observation,902,CUSTOMER_0902,,residential,Midwest,,45,2,,,,,75.82
energy_consumption,customer_observation,903,CUSTOMER_0903,,residential,North,,45,1,,,,,66.74
energy_consumption,customer_observation,904,CUSTOMER_0904,,residential,Northeast,,45,1,,,,,99.56
energy_consumption,customer_observation,905,CUSTOMER_0905,,residential,North,,45,4,,,,,125.12
energy_consumption,customer_observation,906,CUSTOMER_0906,,commercial,Midwest,,45,2,,,,,78.35
energy_consumption,customer_observation,907,CUSTOMER_0907,,commercial,Midwest,,45,4,,,,,121.88
energy_consumption,customer_observation,908,CUSTOMER_0908,,residential,Midwest,,45,1,,,,,86.54
energy_consumption,customer_observation,909,CUSTOMER_0909,,residential,Northeast,,52,3,,,,,103.59
energy_consumption,customer_observation,910,CUSTOMER_0910,,residential,Northeast,,24,2,,,,,53.81
energy_consumption,customer_observation,911,CUSTOMER_0911,,residential,Midwest,,17,3,,,,,98.71
energy_consumption,customer_observation,912,CUSTOMER_0912,,residential,South,,45,1,,,,,52.7
energy_consumption,customer_observation,913,CUSTOMER_0913,,residential,Midwest,,24,2,,,,,71.2
energy_consumption,customer_observation,914,CUSTOMER_0914,,residential,Midwest,,52,4,,,,,113.1
energy_consumption,customer_observation,915,CUSTOMER_0915,,residential,Midwest,,52,4,,,,,145.37
energy_consumption,customer_observation,916,CUSTOMER_0916,,residential,North,,17,1,,,,,55.1
energy_consumption,customer_observation,917,CUSTOMER_0917,,residential,South,,17,3,,,,,80.92
energy_consumption,customer_observation,918,CUSTOMER_0918,,commercial,Midwest,,45,1,,,,,67.64
energy_consumption,customer_observation,919,CUSTOMER_0919,,commercial,Northeast,,45,3,,,,,59.36
energy_consumption,customer_observation,920,CUSTOMER_0920,,residential,Midwest,,24,1,,,,,92.13
energy_consumption,customer_observation,921,CUSTOMER_0921,,commercial,North,,45,4,,,,,115.78
energy_consumption,customer_observation,922,CUSTOMER_0922,,residential,South,,45,3,,,,,63.99
energy_consumption,customer_observation,923,CUSTOMER_0923,,commercial,Northeast,,24,1,,,,,66.63
energy_consumption,customer_observation,924,CUSTOMER_0924,,commercial,Midwest,,17,2,,,,,82.63
energy_consumption,customer_observation,925,CUSTOMER_0925,,residential,Northeast,,45,4,,,,,140.02
energy_consumption,customer_observation,926,CUSTOMER_0926,,residential,Midwest,,24,2,,,,,53.4
energy_consumption,customer_observation,927,CUSTOMER_0927,,residential,Midwest,,52,1,,,,,64.92
energy_consumption,customer_observation,928,CUSTOMER_0928,,residential,Midwest,,45,3,,,,,74.63
energy_consumption,customer_observation,929,CUSTOMER_0929,,residential,Midwest,,45,4,,,,,122.06
energy_consumption,customer_observation,930,CUSTOMER_0930,,residential,Southeast,,52,1,,,,,97.9
energy_consumption,customer_observation,931,CUSTOMER_0931,,residential,North,,52,2,,,,,92.95
energy_consumption,customer_observation,932,CUSTOMER_0932,,commercial,Northeast,,24,3,,,,,84.64
energy_consumption,customer_observation,933,CUSTOMER_0933,,commercial,Northeast,,24,1,,,,,69.86
energy_consumption,customer_observation,934,CUSTOMER_0934,,residential,South,,45,1,,,,,88.48
energy_consumption,customer_observation,935,CUSTOMER_0935,,residential,Northeast,,45,4,,,,,150.1
energy_consumption,customer_observation,936,CUSTOMER_0936,,residential,Midwest,,24,3,,,,,83.04
energy_consumption,customer_observation,937,CUSTOMER_0937,,residential,Midwest,,77,1,,,,,92.78
energy_consumption,customer_observation,938,CUSTOMER_0938,,commercial,Northeast,,24,2,,,,,90.97
energy_consumption,customer_observation,939,CUSTOMER_0939,,residential,Northeast,,17,2,,,,,81.86
energy_consumption,customer_observation,940,CUSTOMER_0940,,residential,Northeast,,17,3,,,,,68.53
energy_consumption,customer_observation,941,CUSTOMER_0941,,residential,Midwest,,45,1,,,,,90.8
energy_consumption,customer_observation,942,CUSTOMER_0942,,residential,Northeast,,45,4,,,,,115.19
energy_consumption,customer_observation,943,CUSTOMER_0943,,commercial,North,,24,1,,,,,92.53
energy_consumption,customer_observation,944,CUSTOMER_0944,,commercial,Southeast,,24,2,,,,,93.81
energy_consumption,customer_observation,945,CUSTOMER_0945,,residential,South,,24,3,,,,,94.72
energy_consumption,customer_observation,946,CUSTOMER_0946,,residential,Northeast,,45,3,,,,,76.78
energy_consumption,customer_observation,947,CUSTOMER_0947,,residential,Northeast,,17,3,,,,,62.38
energy_consumption,customer_observation,948,CUSTOMER_0948,,commercial,North,,77,4,,,,,109.33
energy_consumption,customer_observation,949,CUSTOMER_0949,,commercial,Midwest,,24,2,,,,,90.67
energy_consumption,customer_observation,950,CUSTOMER_0950,,residential,Southeast,,77,2,,,,,98.01
energy_consumption,customer_observation,951,CUSTOMER_0951,,residential,North,,24,3,,,,,85.92
energy_consumption,customer_observation,952,CUSTOMER_0952,,commercial,Northeast,,45,3,,,,,59.9
energy_consumption,customer_observation,953,CUSTOMER_0953,,residential,Midwest,,24,1,,,,,100.51
energy_consumption,customer_observation,954,CUSTOMER_0954,,commercial,Midwest,,17,1,,,,,103.29
energy_consumption,customer_observation,955,CUSTOMER_0955,,residential,North,,52,3,,,,,74.75
energy_consumption,customer_observation,956,CUSTOMER_0956,,residential,Midwest,,52,2,,,,,83.04
energy_consumption,customer_observation,957,CUSTOMER_0957,,residential,Northeast,,45,4,,,,,146.46
energy_consumption,customer_observation,958,CUSTOMER_0958,,residential,Northeast,,45,2,,,,,90.31
energy_consumption,customer_observation,959,CUSTOMER_0959,,residential,Midwest,,45,4,,,,,156.9
energy_consumption,customer_observation,960,CUSTOMER_0960,,commercial,Southeast,,52,4,,,,,110.16
energy_consumption,customer_observation,961,CUSTOMER_0961,,residential,Midwest,,24,1,,,,,82.32
energy_consumption,customer_observation,962,CUSTOMER_0962,,residential,South,,45,4,,,,,141.78
energy_consumption,customer_observation,963,CUSTOMER_0963,,residential,Midwest,,45,3,,,,,98.21
energy_consumption,customer_observation,964,CUSTOMER_0964,,residential,Midwest,,24,2,,,,,97.39
energy_consumption,customer_observation,965,CUSTOMER_0965,,residential,Midwest,,52,4,,,,,157.46
energy_consumption,customer_observation,966,CUSTOMER_0966,,residential,Southeast,,24,2,,,,,78.8
energy_consumption,customer_observation,967,CUSTOMER_0967,,commercial,South,,17,2,,,,,95.16
energy_consumption,customer_observation,968,CUSTOMER_0968,,residential,North,,45,2,,,,,74.44
energy_consumption,customer_observation,969,CUSTOMER_0969,,residential,South,,45,4,,,,,127.01
energy_consumption,customer_observation,970,CUSTOMER_0970,,residential,Southeast,,24,1,,,,,65.51
energy_consumption,customer_observation,971,CUSTOMER_0971,,commercial,Midwest,,24,2,,,,,94.52
energy_consumption,customer_observation,972,CUSTOMER_0972,,commercial,Northeast,,77,2,,,,,103.12
energy_consumption,customer_observation,973,CUSTOMER_0973,,commercial,Southeast,,24,3,,,,,65.66
energy_consumption,customer_observation,974,CUSTOMER_0974,,residential,Southeast,,45,3,,,,,55.38
energy_consumption,customer_observation,975,CUSTOMER_0975,,residential,Northeast,,45,1,,,,,94.38
energy_consumption,customer_observation,976,CUSTOMER_0976,,residential,South,,45,1,,,,,84.35
energy_consumption,customer_observation,977,CUSTOMER_0977,,residential,North,,77,1,,,,,101.78
energy_consumption,customer_observation,978,CUSTOMER_0978,,residential,North,,45,1,,,,,65.45
energy_consumption,customer_observation,979,CUSTOMER_0979,,residential,Midwest,,45,2,,,,,56.15
energy_consumption,customer_observation,980,CUSTOMER_0980,,residential,Midwest,,45,4,,,,,130.85
energy_consumption,customer_observation,981,CUSTOMER_0981,,residential,Midwest,,45,3,,,,,56.89
energy_consumption,customer_observation,982,CUSTOMER_0982,,commercial,North,,45,2,,,,,65.94
energy_consumption,customer_observation,983,CUSTOMER_0983,,residential,South,,52,4,,,,,110.76
energy_consumption,customer_observation,984,CUSTOMER_0984,,residential,North,,24,2,,,,,64.01
energy_consumption,customer_observation,985,CUSTOMER_0985,,commercial,North,,24,2,,,,,57.95
energy_consumption,customer_observation,986,CUSTOMER_0986,,residential,North,,24,3,,,,,101.48
energy_consumption,customer_observation,987,CUSTOMER_0987,,commercial,Midwest,,17,1,,,,,66.8
energy_consumption,customer_observation,988,CUSTOMER_0988,,residential,South,,17,1,,,,,75.29
energy_consumption,customer_observation,989,CUSTOMER_0989,,residential,Midwest,,52,3,,,,,98.64
energy_consumption,customer_observation,990,CUSTOMER_0990,,commercial,Southeast,,45,3,,,,,87.28
energy_consumption,customer_observation,991,CUSTOMER_0991,,commercial,North,,45,1,,,,,84.24
energy_consumption,customer_observation,992,CUSTOMER_0992,,commercial,Midwest,,45,2,,,,,88.73
energy_consumption,customer_observation,993,CUSTOMER_0993,,residential,Midwest,,52,1,,,,,95.06
energy_consumption,customer_observation,994,CUSTOMER_0994,,residential,Midwest,,45,4,,,,,151.97
energy_consumption,customer_observation,995,CUSTOMER_0995,,residential,North,,52,4,,,,,139.08
energy_consumption,customer_observation,996,CUSTOMER_0996,,residential,Midwest,,24,3,,,,,98.2
energy_consumption,customer_observation,997,CUSTOMER_0997,,commercial,Midwest,,77,1,,,,,79.99
energy_consumption,customer_observation,998,CUSTOMER_0998,,residential,Midwest,,45,1,,,,,66.74
energy_consumption,customer_observation,999,CUSTOMER_0999,,commercial,Midwest,,24,1,,,,,97.69
energy_consumption,customer_observation,1000,CUSTOMER_1000,,residential,North,,45,3,,,,,80.3
energy_consumption,customer_observation,1001,CUSTOMER_1001,,residential,Midwest,,45,3,,,,,99.03
energy_consumption,customer_observation,1002,CUSTOMER_1002,,residential,Northeast,,17,1,,,,,54.56
energy_consumption,customer_observation,1003,CUSTOMER_1003,,commercial,Southeast,,45,1,,,,,72.91
energy_consumption,customer_observation,1004,CUSTOMER_1004,,commercial,Midwest,,24,2,,,,,101.17
energy_consumption,customer_observation,1005,CUSTOMER_1005,,commercial,Northeast,,17,2,,,,,65.32
energy_consumption,customer_observation,1006,CUSTOMER_1006,,commercial,South,,77,1,,,,,100.85
energy_consumption,customer_observation,1007,CUSTOMER_1007,,commercial,Midwest,,45,3,,,,,101.48
energy_consumption,customer_observation,1008,CUSTOMER_1008,,commercial,North,,52,2,,,,,97.8
energy_consumption,customer_observation,1009,CUSTOMER_1009,,residential,Midwest,,45,1,,,,,81.44
energy_consumption,customer_observation,1010,CUSTOMER_1010,,residential,Northeast,,24,2,,,,,85.72
energy_consumption,customer_observation,1011,CUSTOMER_1011,,residential,Southeast,,45,4,,,,,151.52
energy_consumption,customer_observation,1012,CUSTOMER_1012,,commercial,Southeast,,45,2,,,,,92.34
energy_consumption,customer_observation,1013,CUSTOMER_1013,,commercial,South,,77,2,,,,,84.86
energy_consumption,customer_observation,1014,CUSTOMER_1014,,residential,Midwest,,24,3,,,,,102.94
energy_consumption,customer_observation,1015,CUSTOMER_1015,,commercial,Midwest,,52,1,,,,,87.71
energy_consumption,customer_observation,1016,CUSTOMER_1016,,commercial,Midwest,,77,3,,,,,102.59
energy_consumption,customer_observation,1017,CUSTOMER_1017,,residential,North,,45,3,,,,,55.45
energy_consumption,customer_observation,1018,CUSTOMER_1018,,residential,Midwest,,77,2,,,,,59.64
energy_consumption,customer_observation,1019,CUSTOMER_1019,,commercial,Midwest,,24,1,,,,,75.68
energy_consumption,customer_observation,1020,CUSTOMER_1020,,residential,North,,77,2,,,,,72.26
energy_consumption,customer_observation,1021,CUSTOMER_1021,,commercial,Midwest,,45,4,,,,,146.76
energy_consumption,customer_observation,1022,CUSTOMER_1022,,residential,Southeast,,17,3,,,,,60.75
energy_consumption,customer_observation,1023,CUSTOMER_1023,,commercial,Southeast,,77,3,,,,,102.62
energy_consumption,customer_observation,1024,CUSTOMER_1024,,commercial,North,,45,4,,,,,121.13
energy_consumption,customer_observation,1025,CUSTOMER_1025,,commercial,North,,45,1,,,,,74.53
energy_consumption,customer_observation,1026,CUSTOMER_1026,,residential,Northeast,,45,3,,,,,66.61
energy_consumption,customer_observation,1027,CUSTOMER_1027,,commercial,Southeast,,17,3,,,,,82.25
energy_consumption,customer_observation,1028,CUSTOMER_1028,,commercial,North,,45,1,,,,,55.51
energy_consumption,customer_observation,1029,CUSTOMER_1029,,residential,Midwest,,52,2,,,,,60.19
energy_consumption,customer_observation,1030,CUSTOMER_1030,,commercial,North,,17,1,,,,,90.8
energy_consumption,customer_observation,1031,CUSTOMER_1031,,residential,Midwest,,24,3,,,,,62.08
energy_consumption,customer_observation,1032,CUSTOMER_1032,,residential,Northeast,,17,1,,,,,64.59
energy_consumption,customer_observation,1033,CUSTOMER_1033,,residential,Midwest,,45,4,,,,,147.32
energy_consumption,customer_observation,1034,CUSTOMER_1034,,residential,Northeast,,45,2,,,,,57.29
energy_consumption,customer_observation,1035,CUSTOMER_1035,,residential,Midwest,,45,4,,,,,127.84
energy_consumption,customer_observation,1036,CUSTOMER_1036,,commercial,Northeast,,77,3,,,,,53.68
energy_consumption,customer_observation,1037,CUSTOMER_1037,,residential,Midwest,,45,2,,,,,70.31
energy_consumption,customer_observation,1038,CUSTOMER_1038,,commercial,Southeast,,24,2,,,,,88.39
energy_consumption,customer_observation,1039,CUSTOMER_1039,,residential,North,,77,1,,,,,57.13
energy_consumption,customer_observation,1040,CUSTOMER_1040,,residential,Southeast,,45,2,,,,,98.12
energy_consumption,customer_observation,1041,CUSTOMER_1041,,residential,Midwest,,45,1,,,,,99.2
energy_consumption,customer_observation,1042,CUSTOMER_1042,,commercial,North,,45,1,,,,,57.89
energy_consumption,customer_observation,1043,CUSTOMER_1043,,residential,Midwest,,77,2,,,,,103.37
energy_consumption,customer_observation,1044,CUSTOMER_1044,,residential,Northeast,,45,1,,,,,67.78
energy_consumption,customer_observation,1045,CUSTOMER_1045,,commercial,Midwest,,24,1,,,,,56.82
energy_consumption,customer_observation,1046,CUSTOMER_1046,,residential,Midwest,,45,2,,,,,52.76
energy_consumption,customer_observation,1047,CUSTOMER_1047,,residential,North,,17,3,,,,,73.48
energy_consumption,customer_observation,1048,CUSTOMER_1048,,residential,Midwest,,24,1,,,,,84.84
energy_consumption,customer_observation,1049,CUSTOMER_1049,,commercial,Southeast,,45,1,,,,,69.56
energy_consumption,customer_observation,1050,CUSTOMER_1050,,residential,South,,24,2,,,,,95.47
energy_consumption,customer_observation,1051,CUSTOMER_1051,,commercial,Midwest,,17,1,,,,,89.3
energy_consumption,customer_observation,1052,CUSTOMER_1052,,residential,South,,17,2,,,,,70.48
energy_consumption,customer_observation,1053,CUSTOMER_1053,,commercial,Midwest,,45,3,,,,,90.21
energy_consumption,customer_observation,1054,CUSTOMER_1054,,commercial,Northeast,,52,4,,,,,155.41
energy_consumption,customer_observation,1055,CUSTOMER_1055,,commercial,Southeast,,77,3,,,,,57.28
energy_consumption,customer_observation,1056,CUSTOMER_1056,,residential,Midwest,,24,2,,,,,68.22
energy_consumption,customer_observation,1057,CUSTOMER_1057,,commercial,Midwest,,45,3,,,,,76.29
energy_consumption,customer_observation,1058,CUSTOMER_1058,,residential,Midwest,,77,2,,,,,78.07
energy_consumption,customer_observation,1059,CUSTOMER_1059,,residential,Southeast,,24,1,,,,,80.34
energy_consumption,customer_observation,1060,CUSTOMER_1060,,residential,Southeast,,45,3,,,,,67.94
energy_consumption,customer_observation,1061,CUSTOMER_1061,,commercial,Midwest,,45,1,,,,,86.76
energy_consumption,customer_observation,1062,CUSTOMER_1062,,commercial,Northeast,,17,1,,,,,85.63
energy_consumption,customer_observation,1063,CUSTOMER_1063,,commercial,Midwest,,52,2,,,,,82.17
energy_consumption,customer_observation,1064,CUSTOMER_1064,,residential,Midwest,,52,3,,,,,58.34
energy_consumption,customer_observation,1065,CUSTOMER_1065,,residential,Northeast,,17,3,,,,,76.99
energy_consumption,customer_observation,1066,CUSTOMER_1066,,commercial,Midwest,,17,1,,,,,70.79
energy_consumption,customer_observation,1067,CUSTOMER_1067,,residential,Midwest,,17,1,,,,,77.71
energy_consumption,customer_observation,1068,CUSTOMER_1068,,residential,Northeast,,24,2,,,,,99.84
energy_consumption,customer_observation,1069,CUSTOMER_1069,,residential,North,,45,4,,,,,130.2
energy_consumption,customer_observation,1070,CUSTOMER_1070,,residential,Northeast,,45,3,,,,,53.22
energy_consumption,customer_observation,1071,CUSTOMER_1071,,residential,South,,24,2,,,,,75.03
energy_consumption,customer_observation,1072,CUSTOMER_1072,,residential,Northeast,,77,2,,,,,94.64
energy_consumption,customer_observation,1073,CUSTOMER_1073,,residential,Northeast,,24,2,,,,,92.56
energy_consumption,customer_observation,1074,CUSTOMER_1074,,residential,Midwest,,17,3,,,,,78.86
energy_consumption,customer_observation,1075,CUSTOMER_1075,,commercial,Northeast,,24,2,,,,,65.33
energy_consumption,customer_observation,1076,CUSTOMER_1076,,residential,North,,45,3,,,,,76.38
energy_consumption,customer_observation,1077,CUSTOMER_1077,,residential,Northeast,,45,2,,,,,81.45
energy_consumption,customer_observation,1078,CUSTOMER_1078,,commercial,Midwest,,24,1,,,,,103.84
energy_consumption,customer_observation,1079,CUSTOMER_1079,,residential,Midwest,,17,2,,,,,85.58
energy_consumption,customer_observation,1080,CUSTOMER_1080,,commercial,Northeast,,52,4,,,,,141.91
energy_consumption,customer_observation,1081,CUSTOMER_1081,,commercial,Midwest,,77,4,,,,,130.8
energy_consumption,customer_observation,1082,CUSTOMER_1082,,residential,South,,24,2,,,,,70.7
energy_consumption,customer_observation,1083,CUSTOMER_1083,,residential,Northeast,,24,3,,,,,94.25
energy_consumption,customer_observation,1084,CUSTOMER_1084,,commercial,Northeast,,45,1,,,,,77.91
energy_consumption,customer_observation,1085,CUSTOMER_1085,,commercial,Northeast,,45,1,,,,,103.58
energy_consumption,customer_observation,1086,CUSTOMER_1086,,residential,Midwest,,24,3,,,,,75.97
energy_consumption,customer_observation,1087,CUSTOMER_1087,,residential,Midwest,,77,3,,,,,55.99
energy_consumption,customer_observation,1088,CUSTOMER_1088,,residential,Northeast,,45,4,,,,,141.27
energy_consumption,customer_observation,1089,CUSTOMER_1089,,commercial,Midwest,,45,1,,,,,54.9
energy_consumption,customer_observation,1090,CUSTOMER_1090,,residential,North,,45,3,,,,,65.36
energy_consumption,customer_observation,1091,CUSTOMER_1091,,commercial,Midwest,,77,4,,,,,123.25
energy_consumption,customer_observation,1092,CUSTOMER_1092,,residential,Midwest,,45,1,,,,,90.47
energy_consumption,customer_observation,1093,CUSTOMER_1093,,residential,Northeast,,17,2,,,,,77.88
energy_consumption,customer_observation,1094,CUSTOMER_1094,,residential,Midwest,,24,2,,,,,53.97
energy_consumption,customer_observation,1095,CUSTOMER_1095,,residential,Northeast,,45,1,,,,,84.18
energy_consumption,customer_observation,1096,CUSTOMER_1096,,residential,Midwest,,24,1,,,,,73.63
energy_consumption,customer_observation,1097,CUSTOMER_1097,,residential,North,,45,2,,,,,99.84
energy_consumption,customer_observation,1098,CUSTOMER_1098,,residential,Southeast,,52,2,,,,,78.15
energy_consumption,customer_observation,1099,CUSTOMER_1099,,commercial,Northeast,,45,1,,,,,88.91
energy_consumption,customer_observation,1100,CUSTOMER_1100,,residential,Southeast,,77,4,,,,,115.86
energy_consumption,customer_observation,1101,CUSTOMER_1101,,residential,Northeast,,24,3,,,,,91.58
energy_consumption,customer_observation,1102,CUSTOMER_1102,,commercial,Midwest,,52,3,,,,,89.52
energy_consumption,customer_observation,1103,CUSTOMER_1103,,commercial,Northeast,,45,1,,,,,98.92
energy_consumption,customer_observation,1104,CUSTOMER_1104,,commercial,South,,24,3,,,,,54.24
energy_consumption,customer_observation,1105,CUSTOMER_1105,,commercial,North,,45,2,,,,,75.48
energy_consumption,customer_observation,1106,CUSTOMER_1106,,residential,Northeast,,17,2,,,,,87.37
energy_consumption,customer_observation,1107,CUSTOMER_1107,,residential,Midwest,,45,3,,,,,57.39
energy_consumption,customer_observation,1108,CUSTOMER_1108,,commercial,North,,45,1,,,,,73.58
energy_consumption,customer_observation,1109,CUSTOMER_1109,,commercial,Northeast,,24,2,,,,,100.88
energy_consumption,customer_observation,1110,CUSTOMER_1110,,residential,South,,45,4,,,,,127.75
energy_consumption,customer_observation,1111,CUSTOMER_1111,,commercial,South,,45,4,,,,,157.87
energy_consumption,customer_observation,1112,CUSTOMER_1112,,residential,Northeast,,24,2,,,,,55.42
energy_consumption,customer_observation,1113,CUSTOMER_1113,,residential,South,,17,2,,,,,89.36
energy_consumption,customer_observation,1114,CUSTOMER_1114,,residential,Midwest,,45,3,,,,,82.34
energy_consumption,customer_observation,1115,CUSTOMER_1115,,residential,Northeast,,45,1,,,,,78.2
energy_consumption,customer_observation,1116,CUSTOMER_1116,,residential,Midwest,,52,3,,,,,102.35
energy_consumption,customer_observation,1117,CUSTOMER_1117,,residential,Midwest,,77,1,,,,,59.16
energy_consumption,customer_observation,1118,CUSTOMER_1118,,commercial,South,,45,4,,,,,152.97
energy_consumption,customer_observation,1119,CUSTOMER_1119,,residential,Northeast,,45,4,,,,,141.75
energy_consumption,customer_observation,1120,CUSTOMER_1120,,residential,Midwest,,45,1,,,,,65.8
energy_consumption,customer_observation,1121,CUSTOMER_1121,,commercial,North,,45,3,,,,,98.8
energy_consumption,customer_observation,1122,CUSTOMER_1122,,commercial,North,,24,2,,,,,74.54
energy_consumption,customer_observation,1123,CUSTOMER_1123,,commercial,North,,24,1,,,,,94.31
energy_consumption,customer_observation,1124,CUSTOMER_1124,,commercial,South,,45,3,,,,,72.47
energy_consumption,customer_observation,1125,CUSTOMER_1125,,commercial,Southeast,,17,2,,,,,96.2
energy_consumption,customer_observation,1126,CUSTOMER_1126,,residential,Midwest,,45,4,,,,,138.75
energy_consumption,customer_observation,1127,CUSTOMER_1127,,residential,Midwest,,52,1,,,,,59.74
energy_consumption,customer_observation,1128,CUSTOMER_1128,,residential,Northeast,,24,1,,,,,85.86
energy_consumption,customer_observation,1129,CUSTOMER_1129,,residential,Northeast,,45,2,,,,,62.33
energy_consumption,customer_observation,1130,CUSTOMER_1130,,residential,Northeast,,52,1,,,,,73.65
energy_consumption,customer_observation,1131,CUSTOMER_1131,,commercial,Northeast,,45,3,,,,,61.24
energy_consumption,customer_observation,1132,CUSTOMER_1132,,residential,Midwest,,24,1,,,,,53.63
energy_consumption,customer_observation,1133,CUSTOMER_1133,,residential,Midwest,,24,1,,,,,63.38
energy_consumption,customer_observation,1134,CUSTOMER_1134,,residential,North,,45,2,,,,,80.04
energy_consumption,customer_observation,1135,CUSTOMER_1135,,commercial,North,,45,3,,,,,77.23
energy_consumption,customer_observation,1136,CUSTOMER_1136,,residential,North,,24,2,,,,,78.25
energy_consumption,customer_observation,1137,CUSTOMER_1137,,commercial,Midwest,,24,3,,,,,65.22
energy_consumption,customer_observation,1138,CUSTOMER_1138,,residential,South,,52,2,,,,,87.68
energy_consumption,customer_observation,1139,CUSTOMER_1139,,residential,Midwest,,45,1,,,,,88.66
energy_consumption,customer_observation,1140,CUSTOMER_1140,,residential,Southeast,,77,3,,,,,70.88
energy_consumption,customer_observation,1141,CUSTOMER_1141,,commercial,Midwest,,45,3,,,,,97.75
energy_consumption,customer_observation,1142,CUSTOMER_1142,,residential,Northeast,,77,4,,,,,139.16
energy_consumption,customer_observation,1143,CUSTOMER_1143,,commercial,North,,24,1,,,,,89.11
energy_consumption,customer_observation,1144,CUSTOMER_1144,,residential,Southeast,,45,4,,,,,119.06
energy_consumption,customer_observation,1145,CUSTOMER_1145,,residential,Midwest,,17,2,,,,,52.53
energy_consumption,customer_observation,1146,CUSTOMER_1146,,commercial,Northeast,,45,3,,,,,96.94
energy_consumption,customer_observation,1147,CUSTOMER_1147,,commercial,Midwest,,45,1,,,,,94.73
energy_consumption,customer_observation,1148,CUSTOMER_1148,,commercial,Midwest,,24,1,,,,,58.83
energy_consumption,customer_observation,1149,CUSTOMER_1149,,commercial,Midwest,,52,3,,,,,71.71
energy_consumption,customer_observation,1150,CUSTOMER_1150,,commercial,South,,52,3,,,,,86.46
energy_consumption,customer_observation,1151,CUSTOMER_1151,,commercial,Midwest,,17,3,,,,,85.99
energy_consumption,customer_observation,1152,CUSTOMER_1152,,commercial,Midwest,,45,1,,,,,96.68
energy_consumption,customer_observation,1153,CUSTOMER_1153,,commercial,North,,24,2,,,,,59.7
energy_consumption,customer_observation,1154,CUSTOMER_1154,,commercial,North,,45,2,,,,,74.58
energy_consumption,customer_observation,1155,CUSTOMER_1155,,residential,Northeast,,52,3,,,,,57.49
energy_consumption,customer_observation,1156,CUSTOMER_1156,,commercial,North,,24,1,,,,,72.51
energy_consumption,customer_observation,1157,CUSTOMER_1157,,residential,Midwest,,77,4,,,,,104.69
energy_consumption,customer_observation,1158,CUSTOMER_1158,,commercial,Midwest,,24,1,,,,,98.63
energy_consumption,customer_observation,1159,CUSTOMER_1159,,commercial,North,,45,3,,,,,79.56
energy_consumption,customer_observation,1160,CUSTOMER_1160,,residential,Southeast,,45,1,,,,,96.14
energy_consumption,customer_observation,1161,CUSTOMER_1161,,commercial,Northeast,,24,1,,,,,55.58
energy_consumption,customer_observation,1162,CUSTOMER_1162,,residential,Northeast,,24,1,,,,,64.18
energy_consumption,customer_observation,1163,CUSTOMER_1163,,residential,Northeast,,52,4,,,,,118.08
energy_consumption,customer_observation,1164,CUSTOMER_1164,,commercial,Northeast,,45,3,,,,,72.36
energy_consumption,customer_observation,1165,CUSTOMER_1165,,residential,Northeast,,24,3,,,,,93.73
energy_consumption,customer_observation,1166,CUSTOMER_1166,,commercial,Midwest,,45,3,,,,,72.35
energy_consumption,customer_observation,1167,CUSTOMER_1167,,commercial,Midwest,,17,2,,,,,63.01
energy_consumption,customer_observation,1168,CUSTOMER_1168,,residential,South,,24,2,,,,,55.84
energy_consumption,customer_observation,1169,CUSTOMER_1169,,residential,North,,45,3,,,,,56.58
energy_consumption,customer_observation,1170,CUSTOMER_1170,,residential,North,,17,1,,,,,91.53
energy_consumption,customer_observation,1171,CUSTOMER_1171,,residential,North,,52,1,,,,,75.34
energy_consumption,customer_observation,1172,CUSTOMER_1172,,commercial,Midwest,,45,3,,,,,89.79
energy_consumption,customer_observation,1173,CUSTOMER_1173,,residential,North,,77,4,,,,,141.26
energy_consumption,customer_observation,1174,CUSTOMER_1174,,residential,Southeast,,45,4,,,,,111.28
energy_consumption,customer_observation,1175,CUSTOMER_1175,,residential,Midwest,,77,1,,,,,59.84
energy_consumption,customer_observation,1176,CUSTOMER_1176,,residential,Midwest,,45,1,,,,,91.29
energy_consumption,customer_observation,1177,CUSTOMER_1177,,commercial,Midwest,,45,2,,,,,89.54
energy_consumption,customer_observation,1178,CUSTOMER_1178,,residential,Northeast,,77,4,,,,,124.58
energy_consumption,customer_observation,1179,CUSTOMER_1179,,commercial,Northeast,,45,1,,,,,56.48
energy_consumption,customer_observation,1180,CUSTOMER_1180,,residential,Northeast,,17,1,,,,,53.12
energy_consumption,customer_observation,1181,CUSTOMER_1181,,commercial,Midwest,,45,3,,,,,67.3
energy_consumption,customer_observation,1182,CUSTOMER_1182,,residential,Northeast,,77,2,,,,,52.97
energy_consumption,customer_observation,1183,CUSTOMER_1183,,residential,North,,45,4,,,,,116.47
energy_consumption,customer_observation,1184,CUSTOMER_1184,,commercial,South,,45,4,,,,,126.85
energy_consumption,customer_observation,1185,CUSTOMER_1185,,residential,North,,45,2,,,,,58.73
energy_consumption,customer_observation,1186,CUSTOMER_1186,,commercial,Southeast,,77,1,,,,,57.85
energy_consumption,customer_observation,1187,CUSTOMER_1187,,commercial,Midwest,,17,3,,,,,98.53
energy_consumption,customer_observation,1188,CUSTOMER_1188,,residential,Northeast,,45,2,,,,,82.56
energy_consumption,customer_observation,1189,CUSTOMER_1189,,residential,North,,24,2,,,,,100.48
energy_consumption,customer_observation,1190,CUSTOMER_1190,,commercial,North,,45,1,,,,,70.26
energy_consumption,customer_observation,1191,CUSTOMER_1191,,residential,Midwest,,45,2,,,,,87.27
energy_consumption,customer_observation,1192,CUSTOMER_1192,,residential,Midwest,,24,3,,,,,63.01
energy_consumption,customer_observation,1193,CUSTOMER_1193,,residential,Midwest,,24,3,,,,,84.25
energy_consumption,customer_observation,1194,CUSTOMER_1194,,residential,South,,45,2,,,,,59.15
energy_consumption,customer_observation,1195,CUSTOMER_1195,,residential,Midwest,,17,3,,,,,52.61
energy_consumption,customer_observation,1196,CUSTOMER_1196,,commercial,Northeast,,24,3,,,,,100.33
energy_consumption,customer_observation,1197,CUSTOMER_1197,,commercial,Northeast,,52,1,,,,,80.99
energy_consumption,customer_observation,1198,CUSTOMER_1198,,commercial,Southeast,,24,2,,,,,100.1
energy_consumption,customer_observation,1199,CUSTOMER_1199,,commercial,Northeast,,45,2,,,,,69.64
energy_consumption,customer_observation,1200,CUSTOMER_1200,,residential,North,,77,1,,,,,69.33
energy_consumption,customer_observation,1201,CUSTOMER_1201,,commercial,Midwest,,24,1,,,,,73.07
energy_consumption,customer_observation,1202,CUSTOMER_1202,,residential,Midwest,,24,1,,,,,88.76
energy_consumption,customer_observation,1203,CUSTOMER_1203,,residential,South,,45,1,,,,,81.55
energy_consumption,customer_observation,1204,CUSTOMER_1204,,residential,Midwest,,45,4,,,,,154.58
energy_consumption,customer_observation,1205,CUSTOMER_1205,,residential,North,,77,3,,,,,53.81
energy_consumption,customer_observation,1206,CUSTOMER_1206,,commercial,South,,77,3,,,,,88.87
energy_consumption,customer_observation,1207,CUSTOMER_1207,,commercial,Northeast,,45,4,,,,,121.97
energy_consumption,customer_observation,1208,CUSTOMER_1208,,residential,Northeast,,24,1,,,,,61.75
energy_consumption,customer_observation,1209,CUSTOMER_1209,,residential,Midwest,,17,2,,,,,78.71
energy_consumption,customer_observation,1210,CUSTOMER_1210,,commercial,North,,24,2,,,,,78.44
energy_consumption,customer_observation,1211,CUSTOMER_1211,,residential,Midwest,,17,2,,,,,59.54
energy_consumption,customer_observation,1212,CUSTOMER_1212,,residential,North,,45,1,,,,,62.87
energy_consumption,customer_observation,1213,CUSTOMER_1213,,residential,Midwest,,45,4,,,,,126.23
energy_consumption,customer_observation,1214,CUSTOMER_1214,,commercial,Northeast,,17,3,,,,,73.49
energy_consumption,customer_observation,1215,CUSTOMER_1215,,commercial,Midwest,,52,3,,,,,68.81
energy_consumption,customer_observation,1216,CUSTOMER_1216,,residential,Southeast,,24,3,,,,,60.13
energy_consumption,customer_observation,1217,CUSTOMER_1217,,residential,Northeast,,45,3,,,,,52.72
energy_consumption,customer_observation,1218,CUSTOMER_1218,,commercial,Northeast,,45,2,,,,,102.32
energy_consumption,customer_observation,1219,CUSTOMER_1219,,commercial,Northeast,,45,2,,,,,100.95
energy_consumption,customer_observation,1220,CUSTOMER_1220,,residential,Northeast,,45,4,,,,,130.37
energy_consumption,customer_observation,1221,CUSTOMER_1221,,commercial,Midwest,,17,3,,,,,103.6
energy_consumption,customer_observation,1222,CUSTOMER_1222,,residential,Midwest,,45,4,,,,,140.78
energy_consumption,customer_observation,1223,CUSTOMER_1223,,residential,Northeast,,45,1,,,,,56.04
energy_consumption,customer_observation,1224,CUSTOMER_1224,,commercial,Northeast,,77,3,,,,,58.54
energy_consumption,customer_observation,1225,CUSTOMER_1225,,residential,North,,45,3,,,,,99.54
energy_consumption,customer_observation,1226,CUSTOMER_1226,,residential,Midwest,,45,4,,,,,138.39
energy_consumption,customer_observation,1227,CUSTOMER_1227,,residential,North,,45,4,,,,,150.07
energy_consumption,customer_observation,1228,CUSTOMER_1228,,residential,South,,77,1,,,,,98.63
energy_consumption,customer_observation,1229,CUSTOMER_1229,,commercial,Midwest,,24,3,,,,,75.5
energy_consumption,customer_observation,1230,CUSTOMER_1230,,residential,Northeast,,45,2,,,,,54.99
energy_consumption,customer_observation,1231,CUSTOMER_1231,,commercial,Midwest,,45,1,,,,,62.17
energy_consumption,customer_observation,1232,CUSTOMER_1232,,residential,South,,45,1,,,,,55.92
energy_consumption,customer_observation,1233,CUSTOMER_1233,,residential,Midwest,,17,3,,,,,62.19
energy_consumption,customer_observation,1234,CUSTOMER_1234,,residential,Northeast,,45,2,,,,,73.58
energy_consumption,customer_observation,1235,CUSTOMER_1235,,commercial,Northeast,,24,2,,,,,58.57
energy_consumption,customer_observation,1236,CUSTOMER_1236,,residential,Southeast,,45,2,,,,,61.06
energy_consumption,customer_observation,1237,CUSTOMER_1237,,commercial,Midwest,,45,3,,,,,75.39
energy_consumption,customer_observation,1238,CUSTOMER_1238,,residential,Midwest,,52,4,,,,,122.5
energy_consumption,customer_observation,1239,CUSTOMER_1239,,commercial,Southeast,,45,3,,,,,76.51
energy_consumption,customer_observation,1240,CUSTOMER_1240,,residential,Southeast,,24,2,,,,,74.54
energy_consumption,customer_observation,1241,CUSTOMER_1241,,commercial,South,,24,3,,,,,85.59
energy_consumption,customer_observation,1242,CUSTOMER_1242,,commercial,North,,52,2,,,,,100.62
energy_consumption,customer_observation,1243,CUSTOMER_1243,,commercial,Midwest,,24,3,,,,,58.04
energy_consumption,customer_observation,1244,CUSTOMER_1244,,commercial,Midwest,,45,4,,,,,109.3
energy_consumption,customer_observation,1245,CUSTOMER_1245,,commercial,Midwest,,24,1,,,,,96.29
energy_consumption,customer_observation,1246,CUSTOMER_1246,,residential,Midwest,,45,1,,,,,78.5
energy_consumption,customer_observation,1247,CUSTOMER_1247,,residential,Northeast,,45,3,,,,,91.85
energy_consumption,customer_observation,1248,CUSTOMER_1248,,residential,Midwest,,24,3,,,,,63.56
energy_consumption,customer_observation,1249,CUSTOMER_1249,,commercial,Midwest,,24,2,,,,,95.06
energy_consumption,customer_observation,1250,CUSTOMER_1250,,residential,North,,52,4,,,,,154.5
energy_consumption,customer_observation,1251,CUSTOMER_1251,,commercial,Midwest,,45,1,,,,,85.13
energy_consumption,customer_observation,1252,CUSTOMER_1252,,residential,Northeast,,45,2,,,,,57.94
energy_consumption,customer_observation,1253,CUSTOMER_1253,,residential,Northeast,,52,3,,,,,98.47
energy_consumption,customer_observation,1254,CUSTOMER_1254,,residential,North,,77,4,,,,,147.3
energy_consumption,customer_observation,1255,CUSTOMER_1255,,commercial,Midwest,,24,2,,,,,91.06
energy_consumption,customer_observation,1256,CUSTOMER_1256,,residential,Midwest,,77,2,,,,,54.39
energy_consumption,customer_observation,1257,CUSTOMER_1257,,residential,Midwest,,17,3,,,,,93.53
energy_consumption,customer_observation,1258,CUSTOMER_1258,,residential,Midwest,,24,1,,,,,59.58
energy_consumption,customer_observation,1259,CUSTOMER_1259,,residential,Southeast,,52,2,,,,,63.92
energy_consumption,customer_observation,1260,CUSTOMER_1260,,residential,Northeast,,24,3,,,,,82.14
energy_consumption,customer_observation,1261,CUSTOMER_1261,,residential,North,,24,2,,,,,66.11
energy_consumption,customer_observation,1262,CUSTOMER_1262,,commercial,Southeast,,24,3,,,,,86.46
energy_consumption,customer_observation,1263,CUSTOMER_1263,,residential,Northeast,,45,3,,,,,83.72
energy_consumption,customer_observation,1264,CUSTOMER_1264,,residential,South,,45,3,,,,,58.05
energy_consumption,customer_observation,1265,CUSTOMER_1265,,residential,Southeast,,45,4,,,,,139.82
energy_consumption,customer_observation,1266,CUSTOMER_1266,,residential,Midwest,,52,1,,,,,99.95
energy_consumption,customer_observation,1267,CUSTOMER_1267,,residential,South,,45,4,,,,,112.69
energy_consumption,customer_observation,1268,CUSTOMER_1268,,residential,North,,24,1,,,,,83.16
energy_consumption,customer_observation,1269,CUSTOMER_1269,,residential,Northeast,,77,3,,,,,70.05
energy_consumption,customer_observation,1270,CUSTOMER_1270,,residential,Midwest,,24,1,,,,,76.1
energy_consumption,customer_observation,1271,CUSTOMER_1271,,commercial,Northeast,,17,2,,,,,67.24
energy_consumption,customer_observation,1272,CUSTOMER_1272,,commercial,South,,17,1,,,,,70.68
energy_consumption,customer_observation,1273,CUSTOMER_1273,,commercial,North,,45,1,,,,,53.98
energy_consumption,customer_observation,1274,CUSTOMER_1274,,residential,Midwest,,17,2,,,,,102.9
energy_consumption,customer_observation,1275,CUSTOMER_1275,,residential,Midwest,,17,2,,,,,84.58
energy_consumption,customer_observation,1276,CUSTOMER_1276,,residential,Midwest,,24,2,,,,,78.21
energy_consumption,customer_observation,1277,CUSTOMER_1277,,residential,Northeast,,24,3,,,,,72.2
energy_consumption,customer_observation,1278,CUSTOMER_1278,,commercial,Northeast,,45,2,,,,,80.2
energy_consumption,customer_observation,1279,CUSTOMER_1279,,residential,Southeast,,52,2,,,,,72.02
energy_consumption,customer_observation,1280,CUSTOMER_1280,,residential,Northeast,,45,2,,,,,70.98
energy_consumption,customer_observation,1281,CUSTOMER_1281,,residential,Southeast,,24,3,,,,,76.32
energy_consumption,customer_observation,1282,CUSTOMER_1282,,commercial,Midwest,,24,1,,,,,66.67
energy_consumption,customer_observation,1283,CUSTOMER_1283,,residential,Midwest,,77,3,,,,,61.75
energy_consumption,customer_observation,1284,CUSTOMER_1284,,residential,Midwest,,17,1,,,,,81.08
energy_consumption,customer_observation,1285,CUSTOMER_1285,,residential,Northeast,,52,2,,,,,95.78
energy_consumption,customer_observation,1286,CUSTOMER_1286,,residential,Midwest,,24,3,,,,,60.35
energy_consumption,customer_observation,1287,CUSTOMER_1287,,residential,Southeast,,77,3,,,,,54.18
energy_consumption,customer_observation,1288,CUSTOMER_1288,,residential,Midwest,,24,1,,,,,65.17
energy_consumption,customer_observation,1289,CUSTOMER_1289,,residential,South,,45,3,,,,,102.81
energy_consumption,customer_observation,1290,CUSTOMER_1290,,residential,Midwest,,45,3,,,,,95.06
energy_consumption,customer_observation,1291,CUSTOMER_1291,,residential,North,,45,4,,,,,136.52
energy_consumption,customer_observation,1292,CUSTOMER_1292,,residential,Northeast,,24,1,,,,,100.22
energy_consumption,customer_observation,1293,CUSTOMER_1293,,residential,South,,45,3,,,,,75.37
energy_consumption,customer_observation,1294,CUSTOMER_1294,,commercial,Northeast,,45,3,,,,,102.99
energy_consumption,customer_observation,1295,CUSTOMER_1295,,commercial,Southeast,,17,2,,,,,67.72
energy_consumption,customer_observation,1296,CUSTOMER_1296,,residential,Southeast,,17,2,,,,,64.84
energy_consumption,customer_observation,1297,CUSTOMER_1297,,residential,Northeast,,45,2,,,,,85.26
energy_consumption,customer_observation,1298,CUSTOMER_1298,,residential,North,,17,2,,,,,71.92
energy_consumption,customer_observation,1299,CUSTOMER_1299,,residential,Midwest,,45,2,,,,,84.66
energy_consumption,customer_observation,1300,CUSTOMER_1300,,commercial,Northeast,,24,3,,,,,68.16
energy_consumption,customer_observation,1301,CUSTOMER_1301,,residential,Midwest,,45,3,,,,,84.23
energy_consumption,customer_observation,1302,CUSTOMER_1302,,commercial,Midwest,,24,2,,,,,66.66
energy_consumption,customer_observation,1303,CUSTOMER_1303,,residential,Midwest,,45,1,,,,,55.12
energy_consumption,customer_observation,1304,CUSTOMER_1304,,residential,Midwest,,17,2,,,,,99.34
energy_consumption,customer_observation,1305,CUSTOMER_1305,,commercial,Northeast,,17,3,,,,,97.85
energy_consumption,customer_observation,1306,CUSTOMER_1306,,commercial,Midwest,,17,1,,,,,102.35
energy_consumption,customer_observation,1307,CUSTOMER_1307,,commercial,Northeast,,77,2,,,,,89.29
energy_consumption,customer_observation,1308,CUSTOMER_1308,,commercial,Northeast,,17,1,,,,,87.56
energy_consumption,customer_observation,1309,CUSTOMER_1309,,residential,Midwest,,45,2,,,,,81.2
energy_consumption,customer_observation,1310,CUSTOMER_1310,,commercial,Southeast,,17,3,,,,,58.97
energy_consumption,customer_observation,1311,CUSTOMER_1311,,residential,Northeast,,17,2,,,,,62.22
energy_consumption,customer_observation,1312,CUSTOMER_1312,,commercial,Midwest,,45,1,,,,,67.36
energy_consumption,customer_observation,1313,CUSTOMER_1313,,residential,Midwest,,45,3,,,,,98.21
energy_consumption,customer_observation,1314,CUSTOMER_1314,,commercial,Northeast,,77,2,,,,,61.38
energy_consumption,customer_observation,1315,CUSTOMER_1315,,residential,Northeast,,77,2,,,,,99.89
energy_consumption,customer_observation,1316,CUSTOMER_1316,,residential,South,,45,2,,,,,79.35
energy_consumption,customer_observation,1317,CUSTOMER_1317,,residential,Midwest,,45,2,,,,,89.24
energy_consumption,customer_observation,1318,CUSTOMER_1318,,commercial,Midwest,,45,4,,,,,109.9
energy_consumption,customer_observation,1319,CUSTOMER_1319,,residential,Midwest,,24,3,,,,,66.31
energy_consumption,customer_observation,1320,CUSTOMER_1320,,residential,North,,77,4,,,,,156.4
energy_consumption,customer_observation,1321,CUSTOMER_1321,,residential,Midwest,,45,3,,,,,66.17
energy_consumption,customer_observation,1322,CUSTOMER_1322,,residential,Midwest,,45,2,,,,,67.73
energy_consumption,customer_observation,1323,CUSTOMER_1323,,commercial,Midwest,,24,3,,,,,62.65
energy_consumption,customer_observation,1324,CUSTOMER_1324,,residential,Northeast,,17,1,,,,,59.13
energy_consumption,customer_observation,1325,CUSTOMER_1325,,commercial,North,,77,3,,,,,64.48
energy_consumption,customer_observation,1326,CUSTOMER_1326,,residential,Northeast,,24,1,,,,,85.48
energy_consumption,customer_observation,1327,CUSTOMER_1327,,residential,South,,45,1,,,,,75.88
energy_consumption,customer_observation,1328,CUSTOMER_1328,,commercial,Midwest,,17,3,,,,,80.94
energy_consumption,customer_observation,1329,CUSTOMER_1329,,commercial,Midwest,,52,2,,,,,58.78
energy_consumption,customer_observation,1330,CUSTOMER_1330,,residential,North,,17,3,,,,,93.69
energy_consumption,customer_observation,1331,CUSTOMER_1331,,residential,North,,52,4,,,,,146.84
energy_consumption,customer_observation,1332,CUSTOMER_1332,,commercial,Midwest,,17,1,,,,,53.61
energy_consumption,customer_observation,1333,CUSTOMER_1333,,residential,Midwest,,52,1,,,,,72.19
energy_consumption,customer_observation,1334,CUSTOMER_1334,,commercial,Midwest,,45,4,,,,,107.63
energy_consumption,customer_observation,1335,CUSTOMER_1335,,commercial,Northeast,,24,3,,,,,93.17
energy_consumption,customer_observation,1336,CUSTOMER_1336,,commercial,Midwest,,45,1,,,,,90.36
energy_consumption,customer_observation,1337,CUSTOMER_1337,,residential,Northeast,,24,3,,,,,98.82
energy_consumption,customer_observation,1338,CUSTOMER_1338,,commercial,Northeast,,24,3,,,,,64.64
energy_consumption,customer_observation,1339,CUSTOMER_1339,,residential,Midwest,,52,2,,,,,75.93
energy_consumption,customer_observation,1340,CUSTOMER_1340,,residential,Northeast,,45,1,,,,,61.97
energy_consumption,customer_observation,1341,CUSTOMER_1341,,residential,Northeast,,24,3,,,,,71.56
energy_consumption,customer_observation,1342,CUSTOMER_1342,,residential,Midwest,,24,1,,,,,79.32
energy_consumption,customer_observation,1343,CUSTOMER_1343,,commercial,Midwest,,24,3,,,,,55.24
energy_consumption,customer_observation,1344,CUSTOMER_1344,,commercial,Southeast,,52,3,,,,,89.21
energy_consumption,customer_observation,1345,CUSTOMER_1345,,commercial,Midwest,,24,2,,,,,80.4
energy_consumption,customer_observation,1346,CUSTOMER_1346,,residential,North,,77,4,,,,,149.3
energy_consumption,customer_observation,1347,CUSTOMER_1347,,residential,Northeast,,77,3,,,,,66.46
energy_consumption,customer_observation,1348,CUSTOMER_1348,,residential,South,,17,2,,,,,98.89
energy_consumption,customer_observation,1349,CUSTOMER_1349,,commercial,Midwest,,24,1,,,,,103.78
energy_consumption,customer_observation,1350,CUSTOMER_1350,,residential,Midwest,,52,2,,,,,99.71
energy_consumption,customer_observation,1351,CUSTOMER_1351,,commercial,North,,24,2,,,,,92.44
energy_consumption,customer_observation,1352,CUSTOMER_1352,,residential,Midwest,,17,1,,,,,94.22
energy_consumption,customer_observation,1353,CUSTOMER_1353,,residential,North,,24,2,,,,,81.96
energy_consumption,customer_observation,1354,CUSTOMER_1354,,commercial,Midwest,,45,2,,,,,62.26
energy_consumption,customer_observation,1355,CUSTOMER_1355,,residential,South,,45,3,,,,,87.27
energy_consumption,customer_observation,1356,CUSTOMER_1356,,commercial,South,,17,2,,,,,89.1
energy_consumption,customer_observation,1357,CUSTOMER_1357,,commercial,Midwest,,17,3,,,,,103.1
energy_consumption,customer_observation,1358,CUSTOMER_1358,,residential,Midwest,,77,4,,,,,133.53
energy_consumption,customer_observation,1359,CUSTOMER_1359,,residential,South,,45,2,,,,,66.43
energy_consumption,customer_observation,1360,CUSTOMER_1360,,residential,Midwest,,45,1,,,,,87.61
energy_consumption,customer_observation,1361,CUSTOMER_1361,,commercial,North,,45,1,,,,,102.79
energy_consumption,customer_observation,1362,CUSTOMER_1362,,residential,Midwest,,45,4,,,,,113.57
energy_consumption,customer_observation,1363,CUSTOMER_1363,,residential,Northeast,,45,4,,,,,121.73
energy_consumption,customer_observation,1364,CUSTOMER_1364,,residential,Midwest,,24,2,,,,,80.33
energy_consumption,customer_observation,1365,CUSTOMER_1365,,commercial,Midwest,,24,3,,,,,61.24
energy_consumption,customer_observation,1366,CUSTOMER_1366,,residential,Midwest,,45,2,,,,,53.64
energy_consumption,customer_observation,1367,CUSTOMER_1367,,commercial,Northeast,,45,3,,,,,69.8
energy_consumption,customer_observation,1368,CUSTOMER_1368,,commercial,Northeast,,77,2,,,,,96.94
energy_consumption,customer_observation,1369,CUSTOMER_1369,,residential,Midwest,,24,1,,,,,54.73
energy_consumption,customer_observation,1370,CUSTOMER_1370,,residential,Southeast,,77,1,,,,,74.53
energy_consumption,customer_observation,1371,CUSTOMER_1371,,commercial,Midwest,,77,3,,,,,91.64
energy_consumption,customer_observation,1372,CUSTOMER_1372,,residential,Northeast,,24,2,,,,,101.45
energy_consumption,customer_observation,1373,CUSTOMER_1373,,commercial,South,,45,4,,,,,157.87
energy_consumption,customer_observation,1374,CUSTOMER_1374,,residential,South,,45,3,,,,,74.17
energy_consumption,customer_observation,1375,CUSTOMER_1375,,residential,Northeast,,77,1,,,,,101.3
energy_consumption,customer_observation,1376,CUSTOMER_1376,,commercial,North,,45,3,,,,,54.32
energy_consumption,customer_observation,1377,CUSTOMER_1377,,residential,Midwest,,45,2,,,,,90.8
energy_consumption,customer_observation,1378,CUSTOMER_1378,,residential,Southeast,,45,4,,,,,139.09
energy_consumption,customer_observation,1379,CUSTOMER_1379,,residential,South,,24,3,,,,,65.31
energy_consumption,customer_observation,1380,CUSTOMER_1380,,residential,Southeast,,24,2,,,,,78.55
energy_consumption,customer_observation,1381,CUSTOMER_1381,,residential,Midwest,,45,2,,,,,59.15
energy_consumption,customer_observation,1382,CUSTOMER_1382,,residential,Midwest,,45,4,,,,,151.63
energy_consumption,customer_observation,1383,CUSTOMER_1383,,commercial,North,,45,1,,,,,70.88
energy_consumption,customer_observation,1384,CUSTOMER_1384,,residential,Northeast,,45,2,,,,,84.65
energy_consumption,customer_observation,1385,CUSTOMER_1385,,commercial,Midwest,,24,2,,,,,60.65
energy_consumption,customer_observation,1386,CUSTOMER_1386,,residential,Midwest,,45,2,,,,,63.09
energy_consumption,customer_observation,1387,CUSTOMER_1387,,commercial,Midwest,,17,3,,,,,103.44
energy_consumption,customer_observation,1388,CUSTOMER_1388,,residential,Midwest,,52,1,,,,,91.17
energy_consumption,customer_observation,1389,CUSTOMER_1389,,commercial,Northeast,,77,3,,,,,101.9
energy_consumption,customer_observation,1390,CUSTOMER_1390,,residential,Midwest,,45,3,,,,,67.69
energy_consumption,customer_observation,1391,CUSTOMER_1391,,residential,North,,17,1,,,,,60.95
energy_consumption,customer_observation,1392,CUSTOMER_1392,,residential,Midwest,,24,3,,,,,78.33
energy_consumption,customer_observation,1393,CUSTOMER_1393,,residential,Midwest,,45,3,,,,,77.9
energy_consumption,customer_observation,1394,CUSTOMER_1394,,residential,Midwest,,45,4,,,,,113.45
energy_consumption,customer_observation,1395,CUSTOMER_1395,,residential,South,,45,4,,,,,144.05
energy_consumption,customer_observation,1396,CUSTOMER_1396,,commercial,Northeast,,24,2,,,,,71.08
energy_consumption,customer_observation,1397,CUSTOMER_1397,,residential,Midwest,,45,3,,,,,62.07
energy_consumption,customer_observation,1398,CUSTOMER_1398,,residential,Northeast,,45,1,,,,,69.55
energy_consumption,customer_observation,1399,CUSTOMER_1399,,residential,Midwest,,24,3,,,,,81.44
energy_consumption,customer_observation,1400,CUSTOMER_1400,,commercial,Southeast,,45,4,,,,,143.68
energy_consumption,customer_observation,1401,CUSTOMER_1401,,residential,Midwest,,17,2,,,,,77.25
energy_consumption,customer_observation,1402,CUSTOMER_1402,,residential,Southeast,,45,3,,,,,79.49
energy_consumption,customer_observation,1403,CUSTOMER_1403,,residential,Northeast,,52,1,,,,,59.63
energy_consumption,customer_observation,1404,CUSTOMER_1404,,commercial,Southeast,,45,4,,,,,153.99
energy_consumption,customer_observation,1405,CUSTOMER_1405,,commercial,North,,52,2,,,,,100.19
energy_consumption,customer_observation,1406,CUSTOMER_1406,,residential,Southeast,,45,3,,,,,87.59
energy_consumption,customer_observation,1407,CUSTOMER_1407,,commercial,Northeast,,24,1,,,,,53.41
energy_consumption,customer_observation,1408,CUSTOMER_1408,,commercial,Northeast,,45,4,,,,,133.3
energy_consumption,customer_observation,1409,CUSTOMER_1409,,residential,Midwest,,45,1,,,,,84.81
energy_consumption,customer_observation,1410,CUSTOMER_1410,,commercial,South,,24,3,,,,,103.58
energy_consumption,customer_observation,1411,CUSTOMER_1411,,residential,North,,17,3,,,,,103.65
energy_consumption,customer_observation,1412,CUSTOMER_1412,,residential,Northeast,,45,2,,,,,96.54
energy_consumption,customer_observation,1413,CUSTOMER_1413,,residential,Southeast,,17,3,,,,,55.78
energy_consumption,customer_observation,1414,CUSTOMER_1414,,residential,Northeast,,17,2,,,,,101.45
energy_consumption,customer_observation,1415,CUSTOMER_1415,,residential,Northeast,,45,3,,,,,83.96
energy_consumption,customer_observation,1416,CUSTOMER_1416,,commercial,Midwest,,24,1,,,,,93.63
energy_consumption,customer_observation,1417,CUSTOMER_1417,,residential,Northeast,,77,1,,,,,73.41
energy_consumption,customer_observation,1418,CUSTOMER_1418,,residential,South,,24,1,,,,,68.92
energy_consumption,customer_observation,1419,CUSTOMER_1419,,residential,Midwest,,45,1,,,,,76.29
energy_consumption,customer_observation,1420,CUSTOMER_1420,,commercial,Midwest,,45,2,,,,,60.04
energy_consumption,customer_observation,1421,CUSTOMER_1421,,residential,South,,45,1,,,,,70.84
energy_consumption,customer_observation,1422,CUSTOMER_1422,,residential,Midwest,,24,2,,,,,96.54
energy_consumption,customer_observation,1423,CUSTOMER_1423,,residential,North,,77,2,,,,,54.45
energy_consumption,customer_observation,1424,CUSTOMER_1424,,residential,Northeast,,45,2,,,,,60.25
energy_consumption,customer_observation,1425,CUSTOMER_1425,,commercial,Midwest,,52,3,,,,,58.92
energy_consumption,customer_observation,1426,CUSTOMER_1426,,commercial,Northeast,,24,2,,,,,73.2
energy_consumption,customer_observation,1427,CUSTOMER_1427,,residential,South,,17,3,,,,,103.7
energy_consumption,customer_observation,1428,CUSTOMER_1428,,commercial,Midwest,,45,2,,,,,61.4
energy_consumption,customer_observation,1429,CUSTOMER_1429,,residential,Northeast,,17,3,,,,,59.97
energy_consumption,customer_observation,1430,CUSTOMER_1430,,commercial,Midwest,,45,4,,,,,154.01
energy_consumption,customer_observation,1431,CUSTOMER_1431,,residential,Midwest,,24,3,,,,,97.79
energy_consumption,customer_observation,1432,CUSTOMER_1432,,residential,South,,45,4,,,,,105.63
energy_consumption,customer_observation,1433,CUSTOMER_1433,,residential,Southeast,,77,1,,,,,91.1
energy_consumption,customer_observation,1434,CUSTOMER_1434,,commercial,Midwest,,45,2,,,,,86.16
energy_consumption,customer_observation,1435,CUSTOMER_1435,,residential,Midwest,,52,3,,,,,91.92
energy_consumption,customer_observation,1436,CUSTOMER_1436,,residential,Midwest,,45,4,,,,,130.96
energy_consumption,customer_observation,1437,CUSTOMER_1437,,residential,Midwest,,45,4,,,,,158.2
energy_consumption,customer_observation,1438,CUSTOMER_1438,,commercial,North,,77,1,,,,,54.75
energy_consumption,customer_observation,1439,CUSTOMER_1439,,residential,North,,52,2,,,,,64.53
energy_consumption,customer_observation,1440,CUSTOMER_1440,,commercial,Midwest,,45,1,,,,,72.86
energy_consumption,customer_observation,1441,CUSTOMER_1441,,commercial,Northeast,,24,3,,,,,75.6
energy_consumption,customer_observation,1442,CUSTOMER_1442,,residential,North,,45,4,,,,,154.36
energy_consumption,customer_observation,1443,CUSTOMER_1443,,commercial,Midwest,,24,1,,,,,81.26
energy_consumption,customer_observation,1444,CUSTOMER_1444,,residential,North,,45,1,,,,,54.82
energy_consumption,customer_observation,1445,CUSTOMER_1445,,commercial,Midwest,,45,2,,,,,73.44
energy_consumption,customer_observation,1446,CUSTOMER_1446,,residential,Midwest,,52,3,,,,,73.89
energy_consumption,customer_observation,1447,CUSTOMER_1447,,commercial,South,,52,2,,,,,102.08
energy_consumption,customer_observation,1448,CUSTOMER_1448,,commercial,Midwest,,45,2,,,,,83.27
energy_consumption,customer_observation,1449,CUSTOMER_1449,,commercial,North,,17,1,,,,,85.14
energy_consumption,customer_observation,1450,CUSTOMER_1450,,commercial,Midwest,,52,3,,,,,89.13
energy_consumption,customer_observation,1451,CUSTOMER_1451,,residential,Southeast,,24,2,,,,,92.04
energy_consumption,customer_observation,1452,CUSTOMER_1452,,residential,South,,45,3,,,,,85.11
energy_consumption,customer_observation,1453,CUSTOMER_1453,,commercial,Midwest,,17,2,,,,,64.68
energy_consumption,customer_observation,1454,CUSTOMER_1454,,residential,Northeast,,24,1,,,,,97.38
energy_consumption,customer_observation,1455,CUSTOMER_1455,,residential,South,,77,2,,,,,90.09
energy_consumption,customer_observation,1456,CUSTOMER_1456,,commercial,Northeast,,17,2,,,,,90.6
energy_consumption,customer_observation,1457,CUSTOMER_1457,,commercial,Midwest,,45,4,,,,,158.48
energy_consumption,customer_observation,1458,CUSTOMER_1458,,commercial,Midwest,,24,2,,,,,93.71
energy_consumption,customer_observation,1459,CUSTOMER_1459,,residential,North,,77,3,,,,,95.08
energy_consumption,customer_observation,1460,CUSTOMER_1460,,commercial,Northeast,,52,1,,,,,101.35
energy_consumption,customer_observation,1461,CUSTOMER_1461,,residential,Northeast,,24,3,,,,,60.26
energy_consumption,customer_observation,1462,CUSTOMER_1462,,commercial,Midwest,,17,2,,,,,78.06
energy_consumption,customer_observation,1463,CUSTOMER_1463,,residential,South,,45,4,,,,,135.68
energy_consumption,customer_observation,1464,CUSTOMER_1464,,commercial,Northeast,,24,1,,,,,69.41
energy_consumption,customer_observation,1465,CUSTOMER_1465,,commercial,Southeast,,45,3,,,,,95.6
energy_consumption,customer_observation,1466,CUSTOMER_1466,,residential,North,,17,2,,,,,91.65
energy_consumption,customer_observation,1467,CUSTOMER_1467,,commercial,Midwest,,17,1,,,,,89.52
energy_consumption,customer_observation,1468,CUSTOMER_1468,,residential,North,,45,4,,,,,158.51
energy_consumption,customer_observation,1469,CUSTOMER_1469,,commercial,South,,24,1,,,,,65.82
energy_consumption,customer_observation,1470,CUSTOMER_1470,,commercial,Midwest,,52,4,,,,,144.17
energy_consumption,customer_observation,1471,CUSTOMER_1471,,residential,Midwest,,17,2,,,,,80.81
energy_consumption,customer_observation,1472,CUSTOMER_1472,,commercial,Southeast,,24,1,,,,,68.57
energy_consumption,customer_observation,1473,CUSTOMER_1473,,commercial,Midwest,,77,1,,,,,60.75
energy_consumption,customer_observation,1474,CUSTOMER_1474,,residential,South,,45,4,,,,,152.96
energy_consumption,customer_observation,1475,CUSTOMER_1475,,residential,Midwest,,45,3,,,,,83.08
energy_consumption,customer_observation,1476,CUSTOMER_1476,,commercial,South,,24,1,,,,,94.86
energy_consumption,customer_observation,1477,CUSTOMER_1477,,commercial,Midwest,,45,3,,,,,80.5
energy_consumption,customer_observation,1478,CUSTOMER_1478,,commercial,North,,45,3,,,,,63.8
energy_consumption,customer_observation,1479,CUSTOMER_1479,,commercial,Midwest,,24,3,,,,,69.83
energy_consumption,customer_observation,1480,CUSTOMER_1480,,residential,North,,52,3,,,,,72.09
energy_consumption,customer_observation,1481,CUSTOMER_1481,,commercial,Midwest,,45,1,,,,,102.46
energy_consumption,customer_observation,1482,CUSTOMER_1482,,residential,Midwest,,24,1,,,,,52.79
energy_consumption,customer_observation,1483,CUSTOMER_1483,,residential,Midwest,,45,3,,,,,103.11
energy_consumption,customer_observation,1484,CUSTOMER_1484,,residential,North,,45,1,,,,,102.85
energy_consumption,customer_observation,1485,CUSTOMER_1485,,residential,Northeast,,24,3,,,,,103.65
energy_consumption,customer_observation,1486,CUSTOMER_1486,,residential,Midwest,,45,3,,,,,76.97
energy_consumption,customer_observation,1487,CUSTOMER_1487,,residential,South,,24,3,,,,,101.99
energy_consumption,customer_observation,1488,CUSTOMER_1488,,commercial,Northeast,,45,4,,,,,125.54
energy_consumption,customer_observation,1489,CUSTOMER_1489,,residential,Midwest,,45,2,,,,,53.85
energy_consumption,customer_observation,1490,CUSTOMER_1490,,residential,Midwest,,45,1,,,,,64.02
energy_consumption,customer_observation,1491,CUSTOMER_1491,,residential,Midwest,,77,1,,,,,101.04
energy_consumption,customer_observation,1492,CUSTOMER_1492,,residential,Northeast,,24,3,,,,,53.21
energy_consumption,customer_observation,1493,CUSTOMER_1493,,residential,Midwest,,45,4,,,,,133.79
energy_consumption,customer_observation,1494,CUSTOMER_1494,,residential,Northeast,,45,4,,,,,108.0
energy_consumption,customer_observation,1495,CUSTOMER_1495,,residential,South,,45,1,,,,,67.21
energy_consumption,customer_observation,1496,CUSTOMER_1496,,commercial,North,,45,3,,,,,57.02
energy_consumption,customer_observation,1497,CUSTOMER_1497,,residential,Northeast,,17,1,,,,,96.64
energy_consumption,customer_observation,1498,CUSTOMER_1498,,residential,North,,24,3,,,,,82.85
energy_consumption,customer_observation,1499,CUSTOMER_1499,,residential,Northeast,,24,3,,,,,98.82
energy_consumption,customer_observation,1500,CUSTOMER_1500,,commercial,Midwest,,77,2,,,,,87.85
energy_consumption,customer_observation,1501,CUSTOMER_1501,,residential,Northeast,,24,3,,,,,102.36
energy_consumption,customer_observation,1502,CUSTOMER_1502,,residential,North,,52,2,,,,,78.68
energy_consumption,customer_observation,1503,CUSTOMER_1503,,residential,Midwest,,45,1,,,,,85.3
energy_consumption,customer_observation,1504,CUSTOMER_1504,,residential,North,,24,1,,,,,82.09
energy_consumption,customer_observation,1505,CUSTOMER_1505,,residential,North,,45,4,,,,,130.4
energy_consumption,customer_observation,1506,CUSTOMER_1506,,residential,Southeast,,52,2,,,,,95.94
energy_consumption,customer_observation,1507,CUSTOMER_1507,,residential,Midwest,,52,1,,,,,85.6
energy_consumption,customer_observation,1508,CUSTOMER_1508,,residential,South,,24,2,,,,,93.65
energy_consumption,customer_observation,1509,CUSTOMER_1509,,residential,Southeast,,24,1,,,,,92.88
energy_consumption,customer_observation,1510,CUSTOMER_1510,,commercial,Midwest,,24,2,,,,,62.31
energy_consumption,customer_observation,1511,CUSTOMER_1511,,commercial,North,,17,2,,,,,85.89
energy_consumption,customer_observation,1512,CUSTOMER_1512,,commercial,Midwest,,45,3,,,,,62.75
energy_consumption,customer_observation,1513,CUSTOMER_1513,,commercial,Southeast,,52,1,,,,,82.45
energy_consumption,customer_observation,1514,CUSTOMER_1514,,residential,Midwest,,24,3,,,,,87.29
energy_consumption,customer_observation,1515,CUSTOMER_1515,,residential,Midwest,,45,4,,,,,158.52
energy_consumption,customer_observation,1516,CUSTOMER_1516,,residential,Northeast,,45,2,,,,,54.07
energy_consumption,customer_observation,1517,CUSTOMER_1517,,residential,Southeast,,24,3,,,,,57.19
energy_consumption,customer_observation,1518,CUSTOMER_1518,,commercial,Midwest,,17,2,,,,,56.46
energy_consumption,customer_observation,1519,CUSTOMER_1519,,residential,South,,45,1,,,,,72.96
energy_consumption,customer_observation,1520,CUSTOMER_1520,,commercial,Northeast,,52,1,,,,,94.69
energy_consumption,customer_observation,1521,CUSTOMER_1521,,residential,Northeast,,45,4,,,,,150.12
energy_consumption,customer_observation,1522,CUSTOMER_1522,,commercial,Northeast,,17,1,,,,,90.34
energy_consumption,customer_observation,1523,CUSTOMER_1523,,residential,Midwest,,24,2,,,,,98.55
energy_consumption,customer_observation,1524,CUSTOMER_1524,,residential,Northeast,,17,3,,,,,69.08
energy_consumption,customer_observation,1525,CUSTOMER_1525,,residential,North,,45,1,,,,,57.03
energy_consumption,customer_observation,1526,CUSTOMER_1526,,residential,South,,45,2,,,,,55.49
energy_consumption,customer_observation,1527,CUSTOMER_1527,,residential,North,,17,3,,,,,96.26
energy_consumption,customer_observation,1528,CUSTOMER_1528,,residential,Southeast,,52,2,,,,,90.01
energy_consumption,customer_observation,1529,CUSTOMER_1529,,commercial,Northeast,,45,4,,,,,142.15
energy_consumption,customer_observation,1530,CUSTOMER_1530,,residential,Southeast,,45,2,,,,,69.94
energy_consumption,customer_observation,1531,CUSTOMER_1531,,residential,Midwest,,77,4,,,,,124.68
energy_consumption,customer_observation,1532,CUSTOMER_1532,,residential,South,,17,1,,,,,101.7
energy_consumption,customer_observation,1533,CUSTOMER_1533,,commercial,South,,77,4,,,,,107.36
energy_consumption,customer_observation,1534,CUSTOMER_1534,,residential,North,,17,2,,,,,92.23
energy_consumption,customer_observation,1535,CUSTOMER_1535,,residential,North,,24,2,,,,,68.4
energy_consumption,customer_observation,1536,CUSTOMER_1536,,residential,Northeast,,52,3,,,,,54.51
energy_consumption,customer_observation,1537,CUSTOMER_1537,,residential,Midwest,,77,1,,,,,90.63
energy_consumption,customer_observation,1538,CUSTOMER_1538,,commercial,Southeast,,45,2,,,,,69.49
energy_consumption,customer_observation,1539,CUSTOMER_1539,,residential,Midwest,,45,4,,,,,143.44
energy_consumption,customer_observation,1540,CUSTOMER_1540,,residential,Midwest,,45,2,,,,,88.84
energy_consumption,customer_observation,1541,CUSTOMER_1541,,commercial,Northeast,,52,3,,,,,79.96
energy_consumption,customer_observation,1542,CUSTOMER_1542,,residential,Southeast,,17,2,,,,,92.42
energy_consumption,customer_observation,1543,CUSTOMER_1543,,residential,South,,52,2,,,,,82.34
energy_consumption,customer_observation,1544,CUSTOMER_1544,,residential,Northeast,,45,2,,,,,67.22
energy_consumption,customer_observation,1545,CUSTOMER_1545,,commercial,Midwest,,45,2,,,,,90.2
energy_consumption,customer_observation,1546,CUSTOMER_1546,,residential,North,,45,4,,,,,136.15
energy_consumption,customer_observation,1547,CUSTOMER_1547,,commercial,Midwest,,45,2,,,,,53.15
energy_consumption,customer_observation,1548,CUSTOMER_1548,,residential,Midwest,,77,3,,,,,98.8
energy_consumption,customer_observation,1549,CUSTOMER_1549,,residential,North,,45,2,,,,,80.52
energy_consumption,customer_observation,1550,CUSTOMER_1550,,residential,Midwest,,77,2,,,,,97.1
energy_consumption,customer_observation,1551,CUSTOMER_1551,,commercial,Northeast,,24,2,,,,,97.83
energy_consumption,customer_observation,1552,CUSTOMER_1552,,residential,Midwest,,45,4,,,,,128.25
energy_consumption,customer_observation,1553,CUSTOMER_1553,,commercial,Midwest,,52,4,,,,,131.68
energy_consumption,customer_observation,1554,CUSTOMER_1554,,commercial,North,,45,2,,,,,73.85
energy_consumption,customer_observation,1555,CUSTOMER_1555,,residential,Midwest,,45,4,,,,,128.49
energy_consumption,customer_observation,1556,CUSTOMER_1556,,residential,Midwest,,45,1,,,,,98.47
energy_consumption,customer_observation,1557,CUSTOMER_1557,,residential,Northeast,,52,1,,,,,92.97
energy_consumption,customer_observation,1558,CUSTOMER_1558,,residential,North,,52,1,,,,,59.0
energy_consumption,customer_observation,1559,CUSTOMER_1559,,commercial,Midwest,,17,1,,,,,83.84
energy_consumption,customer_observation,1560,CUSTOMER_1560,,commercial,South,,52,3,,,,,103.64
energy_consumption,customer_observation,1561,CUSTOMER_1561,,residential,Northeast,,45,1,,,,,83.08
energy_consumption,customer_observation,1562,CUSTOMER_1562,,residential,Northeast,,24,3,,,,,92.85
energy_consumption,customer_observation,1563,CUSTOMER_1563,,commercial,Northeast,,52,4,,,,,146.01
energy_consumption,customer_observation,1564,CUSTOMER_1564,,residential,Midwest,,45,1,,,,,70.49
energy_consumption,customer_observation,1565,CUSTOMER_1565,,commercial,Northeast,,52,3,,,,,71.59
energy_consumption,customer_observation,1566,CUSTOMER_1566,,residential,Northeast,,24,1,,,,,89.68
energy_consumption,customer_observation,1567,CUSTOMER_1567,,commercial,Midwest,,17,2,,,,,78.17
energy_consumption,customer_observation,1568,CUSTOMER_1568,,residential,Midwest,,45,1,,,,,81.8
energy_consumption,customer_observation,1569,CUSTOMER_1569,,residential,Northeast,,17,1,,,,,89.11
energy_consumption,customer_observation,1570,CUSTOMER_1570,,residential,Midwest,,45,1,,,,,92.43
energy_consumption,customer_observation,1571,CUSTOMER_1571,,residential,Midwest,,24,2,,,,,66.44
energy_consumption,customer_observation,1572,CUSTOMER_1572,,residential,North,,45,3,,,,,60.04
energy_consumption,customer_observation,1573,CUSTOMER_1573,,commercial,North,,17,3,,,,,67.48
energy_consumption,customer_observation,1574,CUSTOMER_1574,,commercial,Southeast,,24,2,,,,,78.56
energy_consumption,customer_observation,1575,CUSTOMER_1575,,residential,North,,45,1,,,,,70.07
energy_consumption,customer_observation,1576,CUSTOMER_1576,,residential,Midwest,,24,1,,,,,81.69
energy_consumption,customer_observation,1577,CUSTOMER_1577,,residential,South,,45,1,,,,,55.25
energy_consumption,customer_observation,1578,CUSTOMER_1578,,residential,Northeast,,77,3,,,,,78.68
energy_consumption,customer_observation,1579,CUSTOMER_1579,,residential,Northeast,,45,3,,,,,71.4
energy_consumption,customer_observation,1580,CUSTOMER_1580,,residential,Midwest,,52,2,,,,,79.96
energy_consumption,customer_observation,1581,CUSTOMER_1581,,residential,Southeast,,17,2,,,,,74.2
energy_consumption,customer_observation,1582,CUSTOMER_1582,,residential,South,,24,3,,,,,67.09
energy_consumption,customer_observation,1583,CUSTOMER_1583,,residential,Midwest,,52,1,,,,,98.93
energy_consumption,customer_observation,1584,CUSTOMER_1584,,residential,North,,45,1,,,,,61.99
energy_consumption,customer_observation,1585,CUSTOMER_1585,,commercial,Midwest,,45,1,,,,,87.49
energy_consumption,customer_observation,1586,CUSTOMER_1586,,residential,Midwest,,45,1,,,,,99.98
energy_consumption,customer_observation,1587,CUSTOMER_1587,,commercial,Midwest,,45,4,,,,,133.38
energy_consumption,customer_observation,1588,CUSTOMER_1588,,residential,North,,17,2,,,,,97.5
energy_consumption,customer_observation,1589,CUSTOMER_1589,,residential,Northeast,,45,2,,,,,58.91
energy_consumption,customer_observation,1590,CUSTOMER_1590,,commercial,Midwest,,45,3,,,,,77.86
energy_consumption,customer_observation,1591,CUSTOMER_1591,,commercial,Midwest,,45,2,,,,,75.97
energy_consumption,customer_observation,1592,CUSTOMER_1592,,commercial,Northeast,,52,4,,,,,104.3
energy_consumption,customer_observation,1593,CUSTOMER_1593,,residential,Northeast,,24,1,,,,,75.26
energy_consumption,customer_observation,1594,CUSTOMER_1594,,residential,Southeast,,24,3,,,,,71.45
energy_consumption,customer_observation,1595,CUSTOMER_1595,,commercial,Midwest,,52,4,,,,,140.57
energy_consumption,customer_observation,1596,CUSTOMER_1596,,residential,Northeast,,45,2,,,,,100.68
energy_consumption,customer_observation,1597,CUSTOMER_1597,,residential,North,,45,2,,,,,56.91
energy_consumption,customer_observation,1598,CUSTOMER_1598,,residential,Northeast,,17,2,,,,,69.32
energy_consumption,customer_observation,1599,CUSTOMER_1599,,residential,South,,24,2,,,,,75.3
energy_consumption,customer_observation,1600,CUSTOMER_1600,,commercial,Midwest,,45,4,,,,,128.81
energy_consumption,customer_observation,1601,CUSTOMER_1601,,residential,Midwest,,24,2,,,,,92.29
energy_consumption,customer_observation,1602,CUSTOMER_1602,,residential,Midwest,,52,1,,,,,75.27
energy_consumption,customer_observation,1603,CUSTOMER_1603,,residential,Northeast,,77,4,,,,,105.35
energy_consumption,customer_observation,1604,CUSTOMER_1604,,residential,Southeast,,52,1,,,,,88.96
energy_consumption,customer_observation,1605,CUSTOMER_1605,,residential,Midwest,,24,1,,,,,97.94
energy_consumption,customer_observation,1606,CUSTOMER_1606,,residential,North,,45,4,,,,,132.03
energy_consumption,customer_observation,1607,CUSTOMER_1607,,residential,North,,24,2,,,,,82.34
energy_consumption,customer_observation,1608,CUSTOMER_1608,,commercial,Midwest,,24,3,,,,,60.87
energy_consumption,customer_observation,1609,CUSTOMER_1609,,residential,South,,17,1,,,,,63.83
energy_consumption,customer_observation,1610,CUSTOMER_1610,,residential,Northeast,,24,1,,,,,64.58
energy_consumption,customer_observation,1611,CUSTOMER_1611,,commercial,Southeast,,77,2,,,,,74.62
energy_consumption,customer_observation,1612,CUSTOMER_1612,,commercial,Midwest,,24,3,,,,,100.16
energy_consumption,customer_observation,1613,CUSTOMER_1613,,residential,Northeast,,24,1,,,,,79.29
energy_consumption,customer_observation,1614,CUSTOMER_1614,,residential,North,,77,4,,,,,114.39
energy_consumption,customer_observation,1615,CUSTOMER_1615,,residential,North,,17,1,,,,,66.16
energy_consumption,customer_observation,1616,CUSTOMER_1616,,commercial,Midwest,,45,3,,,,,72.22
energy_consumption,customer_observation,1617,CUSTOMER_1617,,commercial,Northeast,,24,2,,,,,84.5
energy_consumption,customer_observation,1618,CUSTOMER_1618,,commercial,Northeast,,17,3,,,,,75.1
energy_consumption,customer_observation,1619,CUSTOMER_1619,,residential,Midwest,,77,2,,,,,72.65
energy_consumption,customer_observation,1620,CUSTOMER_1620,,commercial,Midwest,,17,1,,,,,81.5
energy_consumption,customer_observation,1621,CUSTOMER_1621,,residential,North,,45,3,,,,,64.92
energy_consumption,customer_observation,1622,CUSTOMER_1622,,residential,Midwest,,24,3,,,,,56.55
energy_consumption,customer_observation,1623,CUSTOMER_1623,,residential,Midwest,,17,1,,,,,53.75
energy_consumption,customer_observation,1624,CUSTOMER_1624,,commercial,Midwest,,17,1,,,,,65.4
energy_consumption,customer_observation,1625,CUSTOMER_1625,,residential,Southeast,,17,2,,,,,57.2
energy_consumption,customer_observation,1626,CUSTOMER_1626,,commercial,Northeast,,17,1,,,,,69.77
energy_consumption,customer_observation,1627,CUSTOMER_1627,,residential,Southeast,,45,1,,,,,92.19
energy_consumption,customer_observation,1628,CUSTOMER_1628,,residential,Midwest,,45,3,,,,,89.28
energy_consumption,customer_observation,1629,CUSTOMER_1629,,residential,Midwest,,24,2,,,,,83.87
energy_consumption,customer_observation,1630,CUSTOMER_1630,,residential,Midwest,,45,1,,,,,96.28
energy_consumption,customer_observation,1631,CUSTOMER_1631,,commercial,Midwest,,77,3,,,,,66.98
energy_consumption,customer_observation,1632,CUSTOMER_1632,,residential,North,,77,1,,,,,97.95
energy_consumption,customer_observation,1633,CUSTOMER_1633,,commercial,Midwest,,45,1,,,,,73.0
energy_consumption,customer_observation,1634,CUSTOMER_1634,,commercial,Midwest,,52,1,,,,,73.09
energy_consumption,customer_observation,1635,CUSTOMER_1635,,commercial,Midwest,,24,1,,,,,73.31
energy_consumption,customer_observation,1636,CUSTOMER_1636,,residential,Northeast,,24,2,,,,,57.54
energy_consumption,customer_observation,1637,CUSTOMER_1637,,residential,South,,45,3,,,,,102.59
energy_consumption,customer_observation,1638,CUSTOMER_1638,,residential,Midwest,,45,3,,,,,59.61
energy_consumption,customer_observation,1639,CUSTOMER_1639,,commercial,North,,45,1,,,,,70.0
energy_consumption,customer_observation,1640,CUSTOMER_1640,,commercial,Midwest,,45,3,,,,,68.9
energy_consumption,customer_observation,1641,CUSTOMER_1641,,residential,Midwest,,77,1,,,,,56.33
energy_consumption,customer_observation,1642,CUSTOMER_1642,,commercial,Midwest,,52,4,,,,,112.21
energy_consumption,customer_observation,1643,CUSTOMER_1643,,residential,Midwest,,45,3,,,,,54.8
energy_consumption,customer_observation,1644,CUSTOMER_1644,,residential,Southeast,,45,4,,,,,119.89
energy_consumption,customer_observation,1645,CUSTOMER_1645,,residential,Northeast,,24,2,,,,,97.0
energy_consumption,customer_observation,1646,CUSTOMER_1646,,commercial,Midwest,,17,2,,,,,69.93
energy_consumption,customer_observation,1647,CUSTOMER_1647,,residential,Southeast,,24,3,,,,,58.85
energy_consumption,customer_observation,1648,CUSTOMER_1648,,commercial,Southeast,,45,1,,,,,85.66
energy_consumption,customer_observation,1649,CUSTOMER_1649,,commercial,Midwest,,17,1,,,,,103.68
energy_consumption,customer_observation,1650,CUSTOMER_1650,,commercial,Southeast,,52,1,,,,,64.43
energy_consumption,customer_observation,1651,CUSTOMER_1651,,residential,North,,24,1,,,,,66.86
energy_consumption,customer_observation,1652,CUSTOMER_1652,,residential,Southeast,,45,2,,,,,102.4
energy_consumption,customer_observation,1653,CUSTOMER_1653,,residential,Northeast,,17,1,,,,,61.68
energy_consumption,customer_observation,1654,CUSTOMER_1654,,residential,Northeast,,24,1,,,,,78.75
energy_consumption,customer_observation,1655,CUSTOMER_1655,,residential,Northeast,,52,4,,,,,117.0
energy_consumption,customer_observation,1656,CUSTOMER_1656,,commercial,Midwest,,45,1,,,,,100.38
energy_consumption,customer_observation,1657,CUSTOMER_1657,,residential,Northeast,,77,1,,,,,102.9
energy_consumption,customer_observation,1658,CUSTOMER_1658,,residential,Northeast,,77,2,,,,,94.33
energy_consumption,customer_observation,1659,CUSTOMER_1659,,residential,North,,24,3,,,,,68.66
energy_consumption,customer_observation,1660,CUSTOMER_1660,,residential,Northeast,,24,3,,,,,73.22
energy_consumption,customer_observation,1661,CUSTOMER_1661,,residential,Midwest,,52,4,,,,,117.14
energy_consumption,customer_observation,1662,CUSTOMER_1662,,residential,Midwest,,77,1,,,,,98.24
energy_consumption,customer_observation,1663,CUSTOMER_1663,,commercial,Northeast,,45,1,,,,,99.46
energy_consumption,customer_observation,1664,CUSTOMER_1664,,residential,Midwest,,45,3,,,,,74.01
energy_consumption,customer_observation,1665,CUSTOMER_1665,,commercial,Southeast,,45,2,,,,,86.21
energy_consumption,customer_observation,1666,CUSTOMER_1666,,commercial,Midwest,,24,2,,,,,61.0
energy_consumption,customer_observation,1667,CUSTOMER_1667,,residential,Northeast,,45,4,,,,,127.7
energy_consumption,customer_observation,1668,CUSTOMER_1668,,commercial,Midwest,,52,2,,,,,84.93
energy_consumption,customer_observation,1669,CUSTOMER_1669,,residential,Northeast,,45,2,,,,,72.29
energy_consumption,customer_observation,1670,CUSTOMER_1670,,commercial,North,,17,2,,,,,70.86
energy_consumption,customer_observation,1671,CUSTOMER_1671,,residential,Northeast,,24,2,,,,,52.55
energy_consumption,customer_observation,1672,CUSTOMER_1672,,commercial,Southeast,,17,2,,,,,93.8
energy_consumption,customer_observation,1673,CUSTOMER_1673,,commercial,Northeast,,24,2,,,,,98.17
energy_consumption,customer_observation,1674,CUSTOMER_1674,,commercial,North,,77,2,,,,,102.28
energy_consumption,customer_observation,1675,CUSTOMER_1675,,commercial,North,,17,1,,,,,89.43
energy_consumption,customer_observation,1676,CUSTOMER_1676,,residential,Southeast,,24,2,,,,,80.68
energy_consumption,customer_observation,1677,CUSTOMER_1677,,residential,Midwest,,24,1,,,,,66.33
energy_consumption,customer_observation,1678,CUSTOMER_1678,,residential,Northeast,,45,3,,,,,103.81
energy_consumption,customer_observation,1679,CUSTOMER_1679,,residential,Midwest,,45,1,,,,,82.78
energy_consumption,customer_observation,1680,CUSTOMER_1680,,commercial,Midwest,,24,3,,,,,87.48
energy_consumption,customer_observation,1681,CUSTOMER_1681,,residential,Midwest,,24,1,,,,,87.54
energy_consumption,customer_observation,1682,CUSTOMER_1682,,commercial,Northeast,,24,3,,,,,95.9
energy_consumption,customer_observation,1683,CUSTOMER_1683,,residential,Southeast,,45,1,,,,,53.0
energy_consumption,customer_observation,1684,CUSTOMER_1684,,commercial,Northeast,,24,1,,,,,63.81
energy_consumption,customer_observation,1685,CUSTOMER_1685,,residential,Midwest,,77,3,,,,,86.68
energy_consumption,customer_observation,1686,CUSTOMER_1686,,commercial,North,,45,2,,,,,98.47
energy_consumption,customer_observation,1687,CUSTOMER_1687,,commercial,Northeast,,17,2,,,,,87.69
energy_consumption,customer_observation,1688,CUSTOMER_1688,,residential,Northeast,,45,2,,,,,73.73
energy_consumption,customer_observation,1689,CUSTOMER_1689,,residential,Midwest,,24,2,,,,,71.07
energy_consumption,customer_observation,1690,CUSTOMER_1690,,commercial,North,,45,4,,,,,144.31
energy_consumption,customer_observation,1691,CUSTOMER_1691,,residential,Midwest,,24,2,,,,,90.56
energy_consumption,customer_observation,1692,CUSTOMER_1692,,residential,Northeast,,45,4,,,,,137.13
energy_consumption,customer_observation,1693,CUSTOMER_1693,,residential,Midwest,,45,4,,,,,119.84
energy_consumption,customer_observation,1694,CUSTOMER_1694,,residential,Southeast,,77,1,,,,,100.01
energy_consumption,customer_observation,1695,CUSTOMER_1695,,residential,Midwest,,24,2,,,,,80.84
energy_consumption,customer_observation,1696,CUSTOMER_1696,,residential,Midwest,,24,1,,,,,93.09
energy_consumption,customer_observation,1697,CUSTOMER_1697,,residential,Midwest,,45,3,,,,,63.5
energy_consumption,customer_observation,1698,CUSTOMER_1698,,residential,Northeast,,77,2,,,,,70.17
energy_consumption,customer_observation,1699,CUSTOMER_1699,,commercial,Southeast,,77,2,,,,,97.41
energy_consumption,customer_observation,1700,CUSTOMER_1700,,residential,Northeast,,17,2,,,,,55.07
energy_consumption,customer_observation,1701,CUSTOMER_1701,,commercial,Midwest,,17,2,,,,,78.81
energy_consumption,customer_observation,1702,CUSTOMER_1702,,residential,Midwest,,45,1,,,,,77.24
energy_consumption,customer_observation,1703,CUSTOMER_1703,,residential,Northeast,,17,1,,,,,91.08
energy_consumption,customer_observation,1704,CUSTOMER_1704,,residential,Northeast,,24,1,,,,,66.98
energy_consumption,customer_observation,1705,CUSTOMER_1705,,residential,Midwest,,17,3,,,,,63.75
energy_consumption,customer_observation,1706,CUSTOMER_1706,,residential,Southeast,,45,1,,,,,100.06
energy_consumption,customer_observation,1707,CUSTOMER_1707,,residential,South,,77,4,,,,,135.2
energy_consumption,customer_observation,1708,CUSTOMER_1708,,residential,Midwest,,77,2,,,,,57.88
energy_consumption,customer_observation,1709,CUSTOMER_1709,,residential,Midwest,,24,3,,,,,62.41
energy_consumption,customer_observation,1710,CUSTOMER_1710,,commercial,South,,45,4,,,,,158.61
energy_consumption,customer_observation,1711,CUSTOMER_1711,,residential,North,,52,3,,,,,62.54
energy_consumption,customer_observation,1712,CUSTOMER_1712,,residential,Northeast,,17,2,,,,,83.85
energy_consumption,customer_observation,1713,CUSTOMER_1713,,commercial,Midwest,,45,2,,,,,74.07
energy_consumption,customer_observation,1714,CUSTOMER_1714,,residential,Southeast,,45,4,,,,,152.4
energy_consumption,customer_observation,1715,CUSTOMER_1715,,residential,Southeast,,24,2,,,,,91.28
energy_consumption,customer_observation,1716,CUSTOMER_1716,,commercial,Midwest,,45,4,,,,,136.58
energy_consumption,customer_observation,1717,CUSTOMER_1717,,residential,North,,17,2,,,,,53.05
energy_consumption,customer_observation,1718,CUSTOMER_1718,,commercial,Midwest,,45,1,,,,,97.68
energy_consumption,customer_observation,1719,CUSTOMER_1719,,commercial,Northeast,,24,3,,,,,75.33
energy_consumption,customer_observation,1720,CUSTOMER_1720,,residential,Northeast,,24,2,,,,,100.34
energy_consumption,customer_observation,1721,CUSTOMER_1721,,residential,Midwest,,17,1,,,,,77.95
energy_consumption,customer_observation,1722,CUSTOMER_1722,,residential,North,,52,4,,,,,141.91
energy_consumption,customer_observation,1723,CUSTOMER_1723,,residential,Southeast,,45,2,,,,,56.06
energy_consumption,customer_observation,1724,CUSTOMER_1724,,residential,Midwest,,45,1,,,,,90.76
energy_consumption,customer_observation,1725,CUSTOMER_1725,,commercial,Midwest,,45,4,,,,,122.39
energy_consumption,customer_observation,1726,CUSTOMER_1726,,residential,North,,45,2,,,,,70.54
energy_consumption,customer_observation,1727,CUSTOMER_1727,,residential,Northeast,,24,2,,,,,58.59
energy_consumption,customer_observation,1728,CUSTOMER_1728,,commercial,North,,45,2,,,,,60.04
energy_consumption,customer_observation,1729,CUSTOMER_1729,,commercial,South,,17,1,,,,,62.04
energy_consumption,customer_observation,1730,CUSTOMER_1730,,residential,Southeast,,17,2,,,,,69.35
energy_consumption,customer_observation,1731,CUSTOMER_1731,,residential,Midwest,,45,1,,,,,98.3
energy_consumption,customer_observation,1732,CUSTOMER_1732,,residential,Northeast,,24,1,,,,,71.41
energy_consumption,customer_observation,1733,CUSTOMER_1733,,residential,South,,24,3,,,,,89.7
energy_consumption,customer_observation,1734,CUSTOMER_1734,,residential,Northeast,,45,1,,,,,56.75
energy_consumption,customer_observation,1735,CUSTOMER_1735,,residential,Northeast,,45,1,,,,,82.85
energy_consumption,customer_observation,1736,CUSTOMER_1736,,commercial,Midwest,,45,1,,,,,77.25
energy_consumption,customer_observation,1737,CUSTOMER_1737,,residential,South,,45,1,,,,,102.72
energy_consumption,customer_observation,1738,CUSTOMER_1738,,residential,North,,45,1,,,,,95.95
energy_consumption,customer_observation,1739,CUSTOMER_1739,,residential,Northeast,,45,4,,,,,128.79
energy_consumption,customer_observation,1740,CUSTOMER_1740,,residential,South,,24,3,,,,,92.3
energy_consumption,customer_observation,1741,CUSTOMER_1741,,commercial,Northeast,,24,2,,,,,62.41
energy_consumption,customer_observation,1742,CUSTOMER_1742,,commercial,North,,45,3,,,,,81.38
energy_consumption,customer_observation,1743,CUSTOMER_1743,,commercial,Midwest,,24,3,,,,,56.33
energy_consumption,customer_observation,1744,CUSTOMER_1744,,residential,Southeast,,77,2,,,,,70.37
energy_consumption,customer_observation,1745,CUSTOMER_1745,,residential,Midwest,,52,1,,,,,64.1
energy_consumption,customer_observation,1746,CUSTOMER_1746,,residential,South,,24,2,,,,,89.42
energy_consumption,customer_observation,1747,CUSTOMER_1747,,residential,Midwest,,17,1,,,,,77.67
energy_consumption,customer_observation,1748,CUSTOMER_1748,,residential,North,,17,2,,,,,91.07
energy_consumption,customer_observation,1749,CUSTOMER_1749,,commercial,South,,24,3,,,,,78.96
energy_consumption,customer_observation,1750,CUSTOMER_1750,,residential,Midwest,,17,1,,,,,56.94
energy_consumption,customer_observation,1751,CUSTOMER_1751,,residential,Northeast,,45,3,,,,,90.26
energy_consumption,customer_observation,1752,CUSTOMER_1752,,residential,Midwest,,52,1,,,,,95.29
energy_consumption,customer_observation,1753,CUSTOMER_1753,,residential,Northeast,,45,2,,,,,98.9
energy_consumption,customer_observation,1754,CUSTOMER_1754,,residential,North,,24,2,,,,,81.87
energy_consumption,customer_observation,1755,CUSTOMER_1755,,commercial,North,,24,2,,,,,91.2
energy_consumption,customer_observation,1756,CUSTOMER_1756,,commercial,Midwest,,45,4,,,,,145.08
energy_consumption,customer_observation,1757,CUSTOMER_1757,,commercial,Southeast,,52,2,,,,,60.5
energy_consumption,customer_observation,1758,CUSTOMER_1758,,residential,Midwest,,52,2,,,,,60.93
energy_consumption,customer_observation,1759,CUSTOMER_1759,,residential,South,,77,4,,,,,107.75
energy_consumption,customer_observation,1760,CUSTOMER_1760,,residential,Northeast,,45,3,,,,,68.93
energy_consumption,customer_observation,1761,CUSTOMER_1761,,residential,Northeast,,45,3,,,,,76.81
energy_consumption,customer_observation,1762,CUSTOMER_1762,,commercial,Northeast,,17,1,,,,,103.74
energy_consumption,customer_observation,1763,CUSTOMER_1763,,residential,Northeast,,45,3,,,,,74.63
energy_consumption,customer_observation,1764,CUSTOMER_1764,,residential,Northeast,,24,1,,,,,89.79
energy_consumption,customer_observation,1765,CUSTOMER_1765,,residential,Midwest,,45,1,,,,,88.11
energy_consumption,customer_observation,1766,CUSTOMER_1766,,residential,South,,45,3,,,,,63.0
energy_consumption,customer_observation,1767,CUSTOMER_1767,,commercial,South,,24,3,,,,,55.5
energy_consumption,customer_observation,1768,CUSTOMER_1768,,residential,Northeast,,17,1,,,,,80.54
energy_consumption,customer_observation,1769,CUSTOMER_1769,,residential,Southeast,,17,3,,,,,88.46
energy_consumption,customer_observation,1770,CUSTOMER_1770,,residential,Northeast,,17,3,,,,,103.76
energy_consumption,customer_observation,1771,CUSTOMER_1771,,residential,North,,17,3,,,,,70.91
energy_consumption,customer_observation,1772,CUSTOMER_1772,,commercial,Southeast,,17,2,,,,,98.53
energy_consumption,customer_observation,1773,CUSTOMER_1773,,commercial,Midwest,,24,2,,,,,72.11
energy_consumption,customer_observation,1774,CUSTOMER_1774,,commercial,Northeast,,24,1,,,,,87.9
energy_consumption,customer_observation,1775,CUSTOMER_1775,,commercial,Midwest,,77,4,,,,,136.65
energy_consumption,customer_observation,1776,CUSTOMER_1776,,residential,Northeast,,24,3,,,,,55.22
energy_consumption,customer_observation,1777,CUSTOMER_1777,,commercial,Midwest,,17,1,,,,,56.53
energy_consumption,customer_observation,1778,CUSTOMER_1778,,residential,Midwest,,45,3,,,,,53.57
energy_consumption,customer_observation,1779,CUSTOMER_1779,,residential,South,,52,2,,,,,71.54
energy_consumption,customer_observation,1780,CUSTOMER_1780,,commercial,North,,45,3,,,,,90.8
energy_consumption,customer_observation,1781,CUSTOMER_1781,,residential,Northeast,,24,3,,,,,61.37
energy_consumption,customer_observation,1782,CUSTOMER_1782,,commercial,Midwest,,45,3,,,,,83.61
energy_consumption,customer_observation,1783,CUSTOMER_1783,,residential,Midwest,,45,2,,,,,67.33
energy_consumption,customer_observation,1784,CUSTOMER_1784,,residential,Northeast,,45,2,,,,,93.43
energy_consumption,customer_observation,1785,CUSTOMER_1785,,commercial,Midwest,,45,4,,,,,147.62
energy_consumption,customer_observation,1786,CUSTOMER_1786,,commercial,Southeast,,52,2,,,,,92.32
energy_consumption,customer_observation,1787,CUSTOMER_1787,,residential,South,,52,1,,,,,79.45
energy_consumption,customer_observation,1788,CUSTOMER_1788,,residential,Southeast,,45,3,,,,,67.11
energy_consumption,customer_observation,1789,CUSTOMER_1789,,residential,Southeast,,45,2,,,,,94.06
energy_consumption,customer_observation,1790,CUSTOMER_1790,,residential,Midwest,,45,1,,,,,62.06
energy_consumption,customer_observation,1791,CUSTOMER_1791,,residential,Southeast,,52,2,,,,,67.38
energy_consumption,customer_observation,1792,CUSTOMER_1792,,commercial,Northeast,,17,3,,,,,61.95
energy_consumption,customer_observation,1793,CUSTOMER_1793,,residential,Northeast,,77,1,,,,,87.12
energy_consumption,customer_observation,1794,CUSTOMER_1794,,commercial,Northeast,,24,2,,,,,87.74
energy_consumption,customer_observation,1795,CUSTOMER_1795,,residential,Midwest,,45,2,,,,,86.01
energy_consumption,customer_observation,1796,CUSTOMER_1796,,residential,Northeast,,52,1,,,,,73.84
energy_consumption,customer_observation,1797,CUSTOMER_1797,,commercial,South,,24,1,,,,,57.64
energy_consumption,customer_observation,1798,CUSTOMER_1798,,residential,Northeast,,45,1,,,,,99.29
energy_consumption,customer_observation,1799,CUSTOMER_1799,,residential,North,,17,1,,,,,78.57
energy_consumption,customer_observation,1800,CUSTOMER_1800,,residential,Midwest,,24,1,,,,,73.4
energy_consumption,customer_observation,1801,CUSTOMER_1801,,commercial,North,,24,2,,,,,82.74
energy_consumption,customer_observation,1802,CUSTOMER_1802,,commercial,North,,24,1,,,,,62.4
energy_consumption,customer_observation,1803,CUSTOMER_1803,,residential,Northeast,,24,1,,,,,59.31
energy_consumption,customer_observation,1804,CUSTOMER_1804,,residential,Midwest,,77,3,,,,,73.32
energy_consumption,customer_observation,1805,CUSTOMER_1805,,residential,Midwest,,77,2,,,,,64.17
energy_consumption,customer_observation,1806,CUSTOMER_1806,,commercial,Midwest,,17,3,,,,,65.04
energy_consumption,customer_observation,1807,CUSTOMER_1807,,commercial,Midwest,,45,2,,,,,98.33
energy_consumption,customer_observation,1808,CUSTOMER_1808,,residential,Midwest,,17,2,,,,,79.75
energy_consumption,customer_observation,1809,CUSTOMER_1809,,residential,Northeast,,17,2,,,,,77.33
energy_consumption,customer_observation,1810,CUSTOMER_1810,,residential,Northeast,,17,1,,,,,87.9
energy_consumption,customer_observation,1811,CUSTOMER_1811,,commercial,Midwest,,77,3,,,,,101.36
energy_consumption,customer_observation,1812,CUSTOMER_1812,,commercial,North,,77,2,,,,,58.26
energy_consumption,customer_observation,1813,CUSTOMER_1813,,residential,North,,24,2,,,,,95.3
energy_consumption,customer_observation,1814,CUSTOMER_1814,,residential,Midwest,,24,2,,,,,82.49
energy_consumption,customer_observation,1815,CUSTOMER_1815,,residential,Midwest,,24,3,,,,,60.01
energy_consumption,customer_observation,1816,CUSTOMER_1816,,commercial,North,,45,2,,,,,67.76
energy_consumption,customer_observation,1817,CUSTOMER_1817,,residential,Northeast,,45,3,,,,,77.27
energy_consumption,customer_observation,1818,CUSTOMER_1818,,commercial,South,,24,3,,,,,87.99
energy_consumption,customer_observation,1819,CUSTOMER_1819,,residential,Southeast,,45,4,,,,,117.16
energy_consumption,customer_observation,1820,CUSTOMER_1820,,residential,Midwest,,24,1,,,,,79.97
energy_consumption,customer_observation,1821,CUSTOMER_1821,,residential,Midwest,,77,4,,,,,141.39
energy_consumption,customer_observation,1822,CUSTOMER_1822,,residential,Midwest,,45,2,,,,,75.54
energy_consumption,customer_observation,1823,CUSTOMER_1823,,residential,South,,45,2,,,,,96.82
energy_consumption,customer_observation,1824,CUSTOMER_1824,,commercial,South,,45,3,,,,,97.15
energy_consumption,customer_observation,1825,CUSTOMER_1825,,residential,Northeast,,52,4,,,,,129.66
energy_consumption,customer_observation,1826,CUSTOMER_1826,,residential,Southeast,,24,3,,,,,102.46
energy_consumption,customer_observation,1827,CUSTOMER_1827,,residential,Northeast,,24,1,,,,,56.38
energy_consumption,customer_observation,1828,CUSTOMER_1828,,commercial,Northeast,,77,2,,,,,52.67
energy_consumption,customer_observation,1829,CUSTOMER_1829,,commercial,Midwest,,24,3,,,,,72.05
energy_consumption,customer_observation,1830,CUSTOMER_1830,,residential,Midwest,,17,2,,,,,83.37
energy_consumption,customer_observation,1831,CUSTOMER_1831,,commercial,South,,45,2,,,,,84.81
energy_consumption,customer_observation,1832,CUSTOMER_1832,,residential,North,,52,2,,,,,76.97
energy_consumption,customer_observation,1833,CUSTOMER_1833,,residential,Midwest,,45,4,,,,,110.7
energy_consumption,customer_observation,1834,CUSTOMER_1834,,commercial,South,,77,3,,,,,61.26
energy_consumption,customer_observation,1835,CUSTOMER_1835,,commercial,South,,45,2,,,,,96.26
energy_consumption,customer_observation,1836,CUSTOMER_1836,,commercial,Northeast,,17,3,,,,,97.07
energy_consumption,customer_observation,1837,CUSTOMER_1837,,residential,Northeast,,45,1,,,,,87.1
energy_consumption,customer_observation,1838,CUSTOMER_1838,,residential,Midwest,,45,1,,,,,86.61
energy_consumption,customer_observation,1839,CUSTOMER_1839,,commercial,Northeast,,17,3,,,,,83.19
energy_consumption,customer_observation,1840,CUSTOMER_1840,,residential,South,,24,2,,,,,62.92
energy_consumption,customer_observation,1841,CUSTOMER_1841,,residential,South,,17,1,,,,,74.49
energy_consumption,customer_observation,1842,CUSTOMER_1842,,residential,Northeast,,45,1,,,,,88.23
energy_consumption,customer_observation,1843,CUSTOMER_1843,,residential,North,,52,3,,,,,80.09
energy_consumption,customer_observation,1844,CUSTOMER_1844,,residential,North,,45,4,,,,,104.88
energy_consumption,customer_observation,1845,CUSTOMER_1845,,commercial,South,,77,3,,,,,101.47
energy_consumption,customer_observation,1846,CUSTOMER_1846,,residential,Northeast,,17,3,,,,,95.88
energy_consumption,customer_observation,1847,CUSTOMER_1847,,residential,Midwest,,77,3,,,,,65.88
energy_consumption,customer_observation,1848,CUSTOMER_1848,,residential,Midwest,,52,3,,,,,84.16
energy_consumption,customer_observation,1849,CUSTOMER_1849,,commercial,Midwest,,24,3,,,,,99.91
energy_consumption,customer_observation,1850,CUSTOMER_1850,,residential,North,,77,4,,,,,109.12
energy_consumption,customer_observation,1851,CUSTOMER_1851,,residential,Northeast,,24,3,,,,,78.33
energy_consumption,customer_observation,1852,CUSTOMER_1852,,commercial,South,,52,4,,,,,128.87
energy_consumption,customer_observation,1853,CUSTOMER_1853,,commercial,South,,52,2,,,,,73.56
energy_consumption,customer_observation,1854,CUSTOMER_1854,,commercial,Midwest,,45,2,,,,,95.41
energy_consumption,customer_observation,1855,CUSTOMER_1855,,commercial,North,,45,2,,,,,72.05
energy_consumption,customer_observation,1856,CUSTOMER_1856,,residential,Northeast,,17,2,,,,,55.77
energy_consumption,customer_observation,1857,CUSTOMER_1857,,commercial,Midwest,,45,1,,,,,55.88
energy_consumption,customer_observation,1858,CUSTOMER_1858,,residential,Northeast,,24,2,,,,,54.69
energy_consumption,customer_observation,1859,CUSTOMER_1859,,commercial,South,,45,1,,,,,73.51
energy_consumption,customer_observation,1860,CUSTOMER_1860,,commercial,Midwest,,45,4,,,,,143.24
energy_consumption,customer_observation,1861,CUSTOMER_1861,,commercial,North,,77,1,,,,,62.96
energy_consumption,customer_observation,1862,CUSTOMER_1862,,commercial,South,,17,1,,,,,85.7
energy_consumption,customer_observation,1863,CUSTOMER_1863,,residential,South,,52,3,,,,,87.78
energy_consumption,customer_observation,1864,CUSTOMER_1864,,residential,North,,77,1,,,,,65.6
energy_consumption,customer_observation,1865,CUSTOMER_1865,,commercial,Midwest,,45,1,,,,,83.34
energy_consumption,customer_observation,1866,CUSTOMER_1866,,commercial,Northeast,,17,1,,,,,87.67
energy_consumption,customer_observation,1867,CUSTOMER_1867,,residential,Northeast,,17,3,,,,,76.46
energy_consumption,customer_observation,1868,CUSTOMER_1868,,residential,Northeast,,17,2,,,,,69.79
energy_consumption,customer_observation,1869,CUSTOMER_1869,,residential,Midwest,,45,2,,,,,84.29
energy_consumption,customer_observation,1870,CUSTOMER_1870,,commercial,South,,45,4,,,,,157.46
energy_consumption,customer_observation,1871,CUSTOMER_1871,,commercial,Midwest,,77,4,,,,,127.26
energy_consumption,customer_observation,1872,CUSTOMER_1872,,residential,North,,24,1,,,,,72.62
energy_consumption,customer_observation,1873,CUSTOMER_1873,,residential,Midwest,,24,1,,,,,76.34
energy_consumption,customer_observation,1874,CUSTOMER_1874,,commercial,Northeast,,45,4,,,,,108.04
energy_consumption,customer_observation,1875,CUSTOMER_1875,,commercial,Southeast,,52,2,,,,,80.9
energy_consumption,customer_observation,1876,CUSTOMER_1876,,residential,Midwest,,77,2,,,,,69.38
energy_consumption,customer_observation,1877,CUSTOMER_1877,,residential,Northeast,,52,2,,,,,58.74
energy_consumption,customer_observation,1878,CUSTOMER_1878,,residential,Northeast,,45,2,,,,,76.44
energy_consumption,customer_observation,1879,CUSTOMER_1879,,residential,Midwest,,45,1,,,,,52.67
energy_consumption,customer_observation,1880,CUSTOMER_1880,,residential,Northeast,,52,1,,,,,73.13
energy_consumption,customer_observation,1881,CUSTOMER_1881,,commercial,Midwest,,45,1,,,,,57.93
energy_consumption,customer_observation,1882,CUSTOMER_1882,,commercial,Northeast,,24,2,,,,,53.75
energy_consumption,customer_observation,1883,CUSTOMER_1883,,residential,Northeast,,24,3,,,,,94.84
energy_consumption,customer_observation,1884,CUSTOMER_1884,,commercial,Midwest,,17,2,,,,,99.55
energy_consumption,customer_observation,1885,CUSTOMER_1885,,residential,South,,45,2,,,,,63.16
energy_consumption,customer_observation,1886,CUSTOMER_1886,,residential,South,,17,3,,,,,80.19
energy_consumption,customer_observation,1887,CUSTOMER_1887,,residential,Northeast,,24,3,,,,,66.77
energy_consumption,customer_observation,1888,CUSTOMER_1888,,residential,Northeast,,24,2,,,,,77.85
energy_consumption,customer_observation,1889,CUSTOMER_1889,,commercial,North,,45,3,,,,,74.92
energy_consumption,customer_observation,1890,CUSTOMER_1890,,commercial,Midwest,,24,3,,,,,66.32
energy_consumption,customer_observation,1891,CUSTOMER_1891,,residential,Midwest,,45,3,,,,,88.47
energy_consumption,customer_observation,1892,CUSTOMER_1892,,residential,South,,17,2,,,,,59.0
energy_consumption,customer_observation,1893,CUSTOMER_1893,,commercial,South,,17,2,,,,,55.23
energy_consumption,customer_observation,1894,CUSTOMER_1894,,residential,Northeast,,45,3,,,,,91.92
energy_consumption,customer_observation,1895,CUSTOMER_1895,,residential,Midwest,,24,1,,,,,86.7
energy_consumption,customer_observation,1896,CUSTOMER_1896,,commercial,Southeast,,24,3,,,,,78.1
energy_consumption,customer_observation,1897,CUSTOMER_1897,,residential,Southeast,,17,3,,,,,76.52
energy_consumption,customer_observation,1898,CUSTOMER_1898,,residential,North,,52,4,,,,,131.12
energy_consumption,customer_observation,1899,CUSTOMER_1899,,residential,Northeast,,45,2,,,,,74.94
energy_consumption,customer_observation,1900,CUSTOMER_1900,,commercial,Midwest,,17,1,,,,,72.68
energy_consumption,customer_observation,1901,CUSTOMER_1901,,residential,Northeast,,17,3,,,,,78.16
energy_consumption,customer_observation,1902,CUSTOMER_1902,,residential,Northeast,,77,1,,,,,79.64
energy_consumption,customer_observation,1903,CUSTOMER_1903,,commercial,North,,45,2,,,,,88.03
energy_consumption,customer_observation,1904,CUSTOMER_1904,,residential,Midwest,,45,4,,,,,142.84
energy_consumption,customer_observation,1905,CUSTOMER_1905,,commercial,Northeast,,45,1,,,,,71.89
energy_consumption,customer_observation,1906,CUSTOMER_1906,,residential,North,,45,4,,,,,126.53
energy_consumption,customer_observation,1907,CUSTOMER_1907,,commercial,Northeast,,45,2,,,,,71.69
energy_consumption,customer_observation,1908,CUSTOMER_1908,,residential,Southeast,,45,3,,,,,80.05
energy_consumption,customer_observation,1909,CUSTOMER_1909,,residential,Southeast,,45,2,,,,,75.78
energy_consumption,customer_observation,1910,CUSTOMER_1910,,residential,Midwest,,17,1,,,,,98.18
energy_consumption,customer_observation,1911,CUSTOMER_1911,,residential,Midwest,,77,1,,,,,88.26
energy_consumption,customer_observation,1912,CUSTOMER_1912,,commercial,South,,45,1,,,,,98.65
energy_consumption,customer_observation,1913,CUSTOMER_1913,,commercial,Northeast,,24,3,,,,,88.91
energy_consumption,customer_observation,1914,CUSTOMER_1914,,residential,Northeast,,77,1,,,,,102.36
energy_consumption,customer_observation,1915,CUSTOMER_1915,,residential,Northeast,,77,1,,,,,85.15
energy_consumption,customer_observation,1916,CUSTOMER_1916,,commercial,Northeast,,77,1,,,,,101.98
energy_consumption,customer_observation,1917,CUSTOMER_1917,,commercial,Northeast,,52,2,,,,,60.62
energy_consumption,customer_observation,1918,CUSTOMER_1918,,residential,South,,77,1,,,,,55.19
energy_consumption,customer_observation,1919,CUSTOMER_1919,,residential,Midwest,,24,2,,,,,82.24
energy_consumption,customer_observation,1920,CUSTOMER_1920,,residential,Midwest,,52,1,,,,,103.0
energy_consumption,customer_observation,1921,CUSTOMER_1921,,commercial,South,,52,2,,,,,73.94
energy_consumption,customer_observation,1922,CUSTOMER_1922,,residential,North,,24,2,,,,,63.39
energy_consumption,customer_observation,1923,CUSTOMER_1923,,residential,Northeast,,17,3,,,,,79.28
energy_consumption,customer_observation,1924,CUSTOMER_1924,,residential,Midwest,,77,3,,,,,85.82
energy_consumption,customer_observation,1925,CUSTOMER_1925,,commercial,Midwest,,24,2,,,,,68.68
energy_consumption,customer_observation,1926,CUSTOMER_1926,,residential,North,,52,4,,,,,143.04
energy_consumption,customer_observation,1927,CUSTOMER_1927,,residential,Midwest,,17,2,,,,,102.57
energy_consumption,customer_observation,1928,CUSTOMER_1928,,residential,Midwest,,17,3,,,,,98.56
energy_consumption,customer_observation,1929,CUSTOMER_1929,,residential,Midwest,,45,2,,,,,67.47
energy_consumption,customer_observation,1930,CUSTOMER_1930,,residential,Midwest,,24,3,,,,,69.28
energy_consumption,customer_observation,1931,CUSTOMER_1931,,residential,Northeast,,45,3,,,,,71.58
energy_consumption,customer_observation,1932,CUSTOMER_1932,,residential,North,,45,1,,,,,72.76
energy_consumption,customer_observation,1933,CUSTOMER_1933,,residential,Midwest,,17,1,,,,,57.65
energy_consumption,customer_observation,1934,CUSTOMER_1934,,residential,North,,24,3,,,,,91.63
energy_consumption,customer_observation,1935,CUSTOMER_1935,,commercial,South,,24,3,,,,,71.26
energy_consumption,customer_observation,1936,CUSTOMER_1936,,commercial,Midwest,,24,2,,,,,97.68
energy_consumption,customer_observation,1937,CUSTOMER_1937,,residential,Northeast,,45,4,,,,,154.67
energy_consumption,customer_observation,1938,CUSTOMER_1938,,commercial,Midwest,,45,3,,,,,53.75
energy_consumption,customer_observation,1939,CUSTOMER_1939,,residential,Midwest,,17,3,,,,,103.26
energy_consumption,customer_observation,1940,CUSTOMER_1940,,residential,Northeast,,45,4,,,,,142.78
energy_consumption,customer_observation,1941,CUSTOMER_1941,,residential,Southeast,,17,1,,,,,79.22
energy_consumption,customer_observation,1942,CUSTOMER_1942,,residential,Southeast,,17,3,,,,,72.5
energy_consumption,customer_observation,1943,CUSTOMER_1943,,commercial,Midwest,,24,2,,,,,79.13
energy_consumption,customer_observation,1944,CUSTOMER_1944,,commercial,North,,52,4,,,,,121.65
energy_consumption,customer_observation,1945,CUSTOMER_1945,,commercial,Midwest,,77,3,,,,,84.48
energy_consumption,customer_observation,1946,CUSTOMER_1946,,residential,Midwest,,52,1,,,,,57.27
energy_consumption,customer_observation,1947,CUSTOMER_1947,,residential,North,,24,1,,,,,84.39
energy_consumption,customer_observation,1948,CUSTOMER_1948,,residential,Northeast,,24,1,,,,,66.64
energy_consumption,customer_observation,1949,CUSTOMER_1949,,residential,Southeast,,45,1,,,,,53.41
energy_consumption,customer_observation,1950,CUSTOMER_1950,,residential,North,,45,3,,,,,80.88
energy_consumption,customer_observation,1951,CUSTOMER_1951,,residential,Midwest,,77,2,,,,,82.2
energy_consumption,customer_observation,1952,CUSTOMER_1952,,residential,Midwest,,17,2,,,,,74.4
energy_consumption,customer_observation,1953,CUSTOMER_1953,,residential,Midwest,,17,2,,,,,56.21
energy_consumption,customer_observation,1954,CUSTOMER_1954,,commercial,North,,45,3,,,,,98.37
energy_consumption,customer_observation,1955,CUSTOMER_1955,,commercial,Southeast,,52,3,,,,,83.9
energy_consumption,customer_observation,1956,CUSTOMER_1956,,commercial,Northeast,,52,4,,,,,110.2
energy_consumption,customer_observation,1957,CUSTOMER_1957,,residential,Midwest,,45,3,,,,,78.74
energy_consumption,customer_observation,1958,CUSTOMER_1958,,residential,Midwest,,77,4,,,,,131.11
energy_consumption,customer_observation,1959,CUSTOMER_1959,,residential,Midwest,,45,2,,,,,55.6
energy_consumption,customer_observation,1960,CUSTOMER_1960,,commercial,South,,77,3,,,,,83.66
energy_consumption,customer_observation,1961,CUSTOMER_1961,,residential,Midwest,,77,3,,,,,94.01
energy_consumption,customer_observation,1962,CUSTOMER_1962,,residential,Northeast,,52,4,,,,,144.91
energy_consumption,customer_observation,1963,CUSTOMER_1963,,commercial,South,,24,1,,,,,62.92
energy_consumption,customer_observation,1964,CUSTOMER_1964,,residential,Midwest,,24,1,,,,,96.78
energy_consumption,customer_observation,1965,CUSTOMER_1965,,residential,Northeast,,45,2,,,,,70.09
energy_consumption,customer_observation,1966,CUSTOMER_1966,,residential,North,,45,4,,,,,155.74
energy_consumption,customer_observation,1967,CUSTOMER_1967,,residential,Southeast,,52,1,,,,,56.18
energy_consumption,customer_observation,1968,CUSTOMER_1968,,residential,Northeast,,17,1,,,,,77.47
energy_consumption,customer_observation,1969,CUSTOMER_1969,,residential,Midwest,,24,1,,,,,83.16
energy_consumption,customer_observation,1970,CUSTOMER_1970,,residential,Midwest,,45,3,,,,,65.22
energy_consumption,customer_observation,1971,CUSTOMER_1971,,residential,Northeast,,17,1,,,,,92.11
energy_consumption,customer_observation,1972,CUSTOMER_1972,,commercial,Midwest,,24,1,,,,,84.69
energy_consumption,customer_observation,1973,CUSTOMER_1973,,residential,North,,24,1,,,,,53.43
energy_consumption,customer_observation,1974,CUSTOMER_1974,,residential,Midwest,,45,3,,,,,83.74
energy_consumption,customer_observation,1975,CUSTOMER_1975,,residential,Midwest,,24,2,,,,,77.74
energy_consumption,customer_observation,1976,CUSTOMER_1976,,commercial,Midwest,,52,3,,,,,62.57
energy_consumption,customer_observation,1977,CUSTOMER_1977,,residential,Midwest,,45,4,,,,,158.44
energy_consumption,customer_observation,1978,CUSTOMER_1978,,residential,Southeast,,77,4,,,,,153.03
energy_consumption,customer_observation,1979,CUSTOMER_1979,,commercial,Midwest,,45,4,,,,,119.89
energy_consumption,customer_observation,1980,CUSTOMER_1980,,commercial,North,,24,3,,,,,80.28
energy_consumption,customer_observation,1981,CUSTOMER_1981,,residential,Northeast,,17,1,,,,,68.75
energy_consumption,customer_observation,1982,CUSTOMER_1982,,commercial,Midwest,,17,2,,,,,92.32
energy_consumption,customer_observation,1983,CUSTOMER_1983,,residential,South,,45,1,,,,,100.27
energy_consumption,customer_observation,1984,CUSTOMER_1984,,residential,Southeast,,17,1,,,,,70.93
energy_consumption,customer_observation,1985,CUSTOMER_1985,,residential,Southeast,,24,2,,,,,93.87
energy_consumption,customer_observation,1986,CUSTOMER_1986,,residential,Northeast,,45,2,,,,,78.09
energy_consumption,customer_observation,1987,CUSTOMER_1987,,commercial,Midwest,,24,3,,,,,72.86
energy_consumption,customer_observation,1988,CUSTOMER_1988,,residential,Midwest,,24,2,,,,,100.69
energy_consumption,customer_observation,1989,CUSTOMER_1989,,residential,Northeast,,45,3,,,,,78.71
energy_consumption,customer_observation,1990,CUSTOMER_1990,,commercial,North,,77,3,,,,,76.5
energy_consumption,customer_observation,1991,CUSTOMER_1991,,commercial,South,,17,1,,,,,87.03
energy_consumption,customer_observation,1992,CUSTOMER_1992,,residential,Northeast,,24,1,,,,,65.91
energy_consumption,customer_observation,1993,CUSTOMER_1993,,residential,Northeast,,77,1,,,,,69.18
energy_consumption,customer_observation,1994,CUSTOMER_1994,,residential,North,,17,2,,,,,100.36
energy_consumption,customer_observation,1995,CUSTOMER_1995,,commercial,South,,77,2,,,,,87.34
energy_consumption,customer_observation,1996,CUSTOMER_1996,,commercial,Midwest,,17,3,,,,,94.95
energy_consumption,customer_observation,1997,CUSTOMER_1997,,commercial,Midwest,,52,3,,,,,66.42
energy_consumption,customer_observation,1998,CUSTOMER_1998,,residential,South,,24,3,,,,,80.42
energy_consumption,customer_observation,1999,CUSTOMER_1999,,residential,Northeast,,77,2,,,,,102.38
energy_consumption,customer_observation,2000,CUSTOMER_2000,,residential,Midwest,,24,3,,,,,68.87
energy_consumption,customer_observation,2001,CUSTOMER_2001,,residential,North,,45,3,,,,,60.74
energy_consumption,customer_observation,2002,CUSTOMER_2002,,residential,Northeast,,17,2,,,,,78.73
energy_consumption,customer_observation,2003,CUSTOMER_2003,,commercial,Southeast,,24,1,,,,,72.41
energy_consumption,customer_observation,2004,CUSTOMER_2004,,residential,Midwest,,45,2,,,,,60.69
energy_consumption,customer_observation,2005,CUSTOMER_2005,,residential,Northeast,,45,3,,,,,98.13
energy_consumption,customer_observation,2006,CUSTOMER_2006,,commercial,Northeast,,77,1,,,,,103.37
energy_consumption,customer_observation,2007,CUSTOMER_2007,,residential,Midwest,,45,2,,,,,81.7
energy_consumption,customer_observation,2008,CUSTOMER_2008,,commercial,North,,52,1,,,,,92.28
energy_consumption,customer_observation,2009,CUSTOMER_2009,,residential,Northeast,,45,1,,,,,96.61
energy_consumption,customer_observation,2010,CUSTOMER_2010,,residential,Northeast,,77,4,,,,,142.28
energy_consumption,customer_observation,2011,CUSTOMER_2011,,residential,Northeast,,77,3,,,,,54.77
energy_consumption,customer_observation,2012,CUSTOMER_2012,,residential,Southeast,,24,2,,,,,60.59
energy_consumption,customer_observation,2013,CUSTOMER_2013,,commercial,Northeast,,52,3,,,,,56.15
energy_consumption,customer_observation,2014,CUSTOMER_2014,,residential,Northeast,,52,4,,,,,104.4
energy_consumption,customer_observation,2015,CUSTOMER_2015,,residential,Midwest,,24,2,,,,,68.21
energy_consumption,customer_observation,2016,CUSTOMER_2016,,residential,Southeast,,45,2,,,,,72.65
energy_consumption,customer_observation,2017,CUSTOMER_2017,,residential,Northeast,,17,2,,,,,64.88
energy_consumption,customer_observation,2018,CUSTOMER_2018,,commercial,North,,52,1,,,,,55.82
energy_consumption,customer_observation,2019,CUSTOMER_2019,,residential,Northeast,,24,1,,,,,79.71
energy_consumption,customer_observation,2020,CUSTOMER_2020,,commercial,Midwest,,17,3,,,,,66.53
energy_consumption,customer_observation,2021,CUSTOMER_2021,,commercial,Midwest,,45,2,,,,,93.38
energy_consumption,customer_observation,2022,CUSTOMER_2022,,residential,Southeast,,45,2,,,,,52.91
energy_consumption,customer_observation,2023,CUSTOMER_2023,,commercial,South,,52,1,,,,,95.76
energy_consumption,customer_observation,2024,CUSTOMER_2024,,residential,Midwest,,77,2,,,,,101.53
energy_consumption,customer_observation,2025,CUSTOMER_2025,,residential,Midwest,,45,3,,,,,89.27
energy_consumption,customer_observation,2026,CUSTOMER_2026,,residential,Midwest,,17,2,,,,,90.17
energy_consumption,customer_observation,2027,CUSTOMER_2027,,commercial,North,,45,2,,,,,100.44
energy_consumption,customer_observation,2028,CUSTOMER_2028,,commercial,South,,45,1,,,,,63.24
energy_consumption,customer_observation,2029,CUSTOMER_2029,,residential,Northeast,,45,2,,,,,103.57
energy_consumption,customer_observation,2030,CUSTOMER_2030,,commercial,Northeast,,24,3,,,,,92.22
energy_consumption,customer_observation,2031,CUSTOMER_2031,,residential,Midwest,,45,3,,,,,89.81
energy_consumption,customer_observation,2032,CUSTOMER_2032,,residential,Northeast,,24,3,,,,,71.04
energy_consumption,customer_observation,2033,CUSTOMER_2033,,residential,Midwest,,45,3,,,,,80.53
energy_consumption,customer_observation,2034,CUSTOMER_2034,,commercial,Midwest,,45,1,,,,,86.08
energy_consumption,customer_observation,2035,CUSTOMER_2035,,residential,Midwest,,52,2,,,,,84.35
energy_consumption,customer_observation,2036,CUSTOMER_2036,,residential,Southeast,,45,1,,,,,88.7
energy_consumption,customer_observation,2037,CUSTOMER_2037,,residential,Northeast,,24,3,,,,,56.73
energy_consumption,customer_observation,2038,CUSTOMER_2038,,residential,Midwest,,52,2,,,,,70.76
energy_consumption,customer_observation,2039,CUSTOMER_2039,,residential,Midwest,,45,4,,,,,127.65
energy_consumption,customer_observation,2040,CUSTOMER_2040,,residential,Midwest,,24,1,,,,,65.88
energy_consumption,customer_observation,2041,CUSTOMER_2041,,commercial,Midwest,,45,2,,,,,61.36
energy_consumption,customer_observation,2042,CUSTOMER_2042,,residential,Northeast,,24,3,,,,,59.63
energy_consumption,customer_observation,2043,CUSTOMER_2043,,residential,Midwest,,52,4,,,,,123.94
energy_consumption,customer_observation,2044,CUSTOMER_2044,,residential,Northeast,,45,4,,,,,130.91
energy_consumption,customer_observation,2045,CUSTOMER_2045,,commercial,South,,45,3,,,,,55.73
energy_consumption,customer_observation,2046,CUSTOMER_2046,,commercial,Northeast,,17,2,,,,,101.1
energy_consumption,customer_observation,2047,CUSTOMER_2047,,residential,Midwest,,24,2,,,,,91.8
energy_consumption,customer_observation,2048,CUSTOMER_2048,,commercial,North,,77,3,,,,,90.03
energy_consumption,customer_observation,2049,CUSTOMER_2049,,residential,Northeast,,52,1,,,,,61.38
energy_consumption,customer_observation,2050,CUSTOMER_2050,,residential,Midwest,,24,3,,,,,83.51
energy_consumption,customer_observation,2051,CUSTOMER_2051,,residential,Southeast,,24,2,,,,,79.7
energy_consumption,customer_observation,2052,CUSTOMER_2052,,residential,Midwest,,24,1,,,,,102.95
energy_consumption,customer_observation,2053,CUSTOMER_2053,,residential,South,,45,3,,,,,90.89
energy_consumption,customer_observation,2054,CUSTOMER_2054,,commercial,Midwest,,45,2,,,,,82.07
energy_consumption,customer_observation,2055,CUSTOMER_2055,,commercial,Midwest,,45,2,,,,,96.19
energy_consumption,customer_observation,2056,CUSTOMER_2056,,commercial,North,,45,2,,,,,60.46
energy_consumption,customer_observation,2057,CUSTOMER_2057,,residential,Southeast,,52,4,,,,,104.69
energy_consumption,customer_observation,2058,CUSTOMER_2058,,residential,Northeast,,45,4,,,,,141.69
energy_consumption,customer_observation,2059,CUSTOMER_2059,,commercial,Southeast,,17,1,,,,,57.55
energy_consumption,customer_observation,2060,CUSTOMER_2060,,residential,South,,45,1,,,,,58.43
energy_consumption,customer_observation,2061,CUSTOMER_2061,,residential,South,,77,1,,,,,90.74
energy_consumption,customer_observation,2062,CUSTOMER_2062,,residential,Midwest,,45,4,,,,,118.69
energy_consumption,customer_observation,2063,CUSTOMER_2063,,commercial,Midwest,,45,1,,,,,84.78
energy_consumption,customer_observation,2064,CUSTOMER_2064,,residential,Midwest,,45,2,,,,,99.61
energy_consumption,customer_observation,2065,CUSTOMER_2065,,residential,North,,77,2,,,,,68.75
energy_consumption,customer_observation,2066,CUSTOMER_2066,,commercial,Midwest,,45,1,,,,,63.65
energy_consumption,customer_observation,2067,CUSTOMER_2067,,residential,North,,24,1,,,,,57.97
energy_consumption,customer_observation,2068,CUSTOMER_2068,,residential,Midwest,,77,4,,,,,111.01
energy_consumption,customer_observation,2069,CUSTOMER_2069,,residential,Northeast,,52,2,,,,,55.7
energy_consumption,customer_observation,2070,CUSTOMER_2070,,residential,Northeast,,24,3,,,,,57.0
energy_consumption,customer_observation,2071,CUSTOMER_2071,,commercial,Northeast,,45,3,,,,,74.68
energy_consumption,customer_observation,2072,CUSTOMER_2072,,residential,Midwest,,45,4,,,,,121.45
energy_consumption,customer_observation,2073,CUSTOMER_2073,,residential,Midwest,,17,2,,,,,88.78
energy_consumption,customer_observation,2074,CUSTOMER_2074,,commercial,North,,77,1,,,,,97.19
energy_consumption,customer_observation,2075,CUSTOMER_2075,,commercial,Midwest,,45,1,,,,,92.8
energy_consumption,customer_observation,2076,CUSTOMER_2076,,commercial,Northeast,,52,4,,,,,132.94
energy_consumption,customer_observation,2077,CUSTOMER_2077,,residential,Midwest,,24,2,,,,,57.76
energy_consumption,customer_observation,2078,CUSTOMER_2078,,residential,Midwest,,45,3,,,,,88.95
energy_consumption,customer_observation,2079,CUSTOMER_2079,,commercial,Midwest,,17,2,,,,,71.13
energy_consumption,customer_observation,2080,CUSTOMER_2080,,commercial,Midwest,,45,4,,,,,108.55
energy_consumption,customer_observation,2081,CUSTOMER_2081,,residential,Northeast,,45,2,,,,,95.76
energy_consumption,customer_observation,2082,CUSTOMER_2082,,residential,Midwest,,45,2,,,,,69.87
energy_consumption,customer_observation,2083,CUSTOMER_2083,,residential,Midwest,,17,1,,,,,63.71
energy_consumption,customer_observation,2084,CUSTOMER_2084,,commercial,Midwest,,24,1,,,,,97.25
energy_consumption,customer_observation,2085,CUSTOMER_2085,,residential,Midwest,,17,1,,,,,98.82
energy_consumption,customer_observation,2086,CUSTOMER_2086,,residential,North,,24,3,,,,,69.91
energy_consumption,customer_observation,2087,CUSTOMER_2087,,residential,Midwest,,45,2,,,,,70.72
energy_consumption,customer_observation,2088,CUSTOMER_2088,,commercial,Midwest,,45,4,,,,,135.63
energy_consumption,customer_observation,2089,CUSTOMER_2089,,commercial,Northeast,,45,2,,,,,90.16
energy_consumption,customer_observation,2090,CUSTOMER_2090,,residential,North,,45,3,,,,,55.74
energy_consumption,customer_observation,2091,CUSTOMER_2091,,commercial,North,,24,1,,,,,82.97
energy_consumption,customer_observation,2092,CUSTOMER_2092,,commercial,South,,24,2,,,,,101.43
energy_consumption,customer_observation,2093,CUSTOMER_2093,,residential,Midwest,,17,3,,,,,65.96
energy_consumption,customer_observation,2094,CUSTOMER_2094,,residential,North,,52,1,,,,,99.17
energy_consumption,customer_observation,2095,CUSTOMER_2095,,residential,Northeast,,45,1,,,,,101.29
energy_consumption,customer_observation,2096,CUSTOMER_2096,,commercial,Midwest,,24,2,,,,,66.32
energy_consumption,customer_observation,2097,CUSTOMER_2097,,residential,Southeast,,24,1,,,,,91.23
energy_consumption,customer_observation,2098,CUSTOMER_2098,,residential,North,,52,3,,,,,64.76
energy_consumption,customer_observation,2099,CUSTOMER_2099,,commercial,Northeast,,45,1,,,,,90.38
energy_consumption,customer_observation,2100,CUSTOMER_2100,,residential,Southeast,,45,4,,,,,147.57
energy_consumption,customer_observation,2101,CUSTOMER_2101,,commercial,North,,45,4,,,,,117.41
energy_consumption,customer_observation,2102,CUSTOMER_2102,,residential,Northeast,,24,2,,,,,89.26
energy_consumption,customer_observation,2103,CUSTOMER_2103,,residential,South,,77,3,,,,,94.2
energy_consumption,customer_observation,2104,CUSTOMER_2104,,commercial,Midwest,,45,1,,,,,70.91
energy_consumption,customer_observation,2105,CUSTOMER_2105,,commercial,Northeast,,24,1,,,,,61.11
energy_consumption,customer_observation,2106,CUSTOMER_2106,,residential,North,,52,1,,,,,57.22
energy_consumption,customer_observation,2107,CUSTOMER_2107,,commercial,North,,45,4,,,,,135.4
energy_consumption,customer_observation,2108,CUSTOMER_2108,,commercial,Northeast,,24,3,,,,,102.73
energy_consumption,customer_observation,2109,CUSTOMER_2109,,residential,Southeast,,45,1,,,,,94.76
energy_consumption,customer_observation,2110,CUSTOMER_2110,,commercial,Midwest,,24,2,,,,,74.88
energy_consumption,customer_observation,2111,CUSTOMER_2111,,residential,Midwest,,17,3,,,,,80.06
energy_consumption,customer_observation,2112,CUSTOMER_2112,,residential,South,,45,3,,,,,66.85
energy_consumption,customer_observation,2113,CUSTOMER_2113,,residential,Midwest,,24,1,,,,,60.87
energy_consumption,customer_observation,2114,CUSTOMER_2114,,commercial,Northeast,,52,4,,,,,130.28
energy_consumption,customer_observation,2115,CUSTOMER_2115,,commercial,Midwest,,77,3,,,,,76.3
energy_consumption,customer_observation,2116,CUSTOMER_2116,,residential,South,,17,2,,,,,79.3
energy_consumption,customer_observation,2117,CUSTOMER_2117,,residential,Southeast,,45,3,,,,,101.43
energy_consumption,customer_observation,2118,CUSTOMER_2118,,residential,North,,52,4,,,,,136.96
energy_consumption,customer_observation,2119,CUSTOMER_2119,,residential,Midwest,,45,2,,,,,83.61
energy_consumption,customer_observation,2120,CUSTOMER_2120,,commercial,Midwest,,45,4,,,,,110.88
energy_consumption,customer_observation,2121,CUSTOMER_2121,,commercial,South,,24,1,,,,,103.67
energy_consumption,customer_observation,2122,CUSTOMER_2122,,residential,North,,45,3,,,,,92.19
energy_consumption,customer_observation,2123,CUSTOMER_2123,,commercial,Midwest,,45,2,,,,,97.54
energy_consumption,customer_observation,2124,CUSTOMER_2124,,residential,Southeast,,77,4,,,,,126.57
energy_consumption,customer_observation,2125,CUSTOMER_2125,,commercial,Midwest,,24,1,,,,,78.28
energy_consumption,customer_observation,2126,CUSTOMER_2126,,commercial,Midwest,,77,2,,,,,79.31
energy_consumption,customer_observation,2127,CUSTOMER_2127,,residential,North,,24,3,,,,,62.47
energy_consumption,customer_observation,2128,CUSTOMER_2128,,residential,Northeast,,77,3,,,,,87.91
energy_consumption,customer_observation,2129,CUSTOMER_2129,,commercial,Northeast,,45,4,,,,,153.35
energy_consumption,customer_observation,2130,CUSTOMER_2130,,residential,South,,45,2,,,,,60.91
energy_consumption,customer_observation,2131,CUSTOMER_2131,,residential,Northeast,,45,1,,,,,56.93
energy_consumption,customer_observation,2132,CUSTOMER_2132,,residential,Midwest,,24,1,,,,,90.41
energy_consumption,customer_observation,2133,CUSTOMER_2133,,residential,Midwest,,24,1,,,,,66.53
energy_consumption,customer_observation,2134,CUSTOMER_2134,,residential,Northeast,,17,1,,,,,84.54
energy_consumption,customer_observation,2135,CUSTOMER_2135,,commercial,Midwest,,17,2,,,,,88.23
energy_consumption,customer_observation,2136,CUSTOMER_2136,,commercial,Midwest,,24,3,,,,,69.03
energy_consumption,customer_observation,2137,CUSTOMER_2137,,residential,Southeast,,45,4,,,,,148.54
energy_consumption,customer_observation,2138,CUSTOMER_2138,,commercial,Midwest,,45,4,,,,,134.0
energy_consumption,customer_observation,2139,CUSTOMER_2139,,residential,Midwest,,17,2,,,,,97.12
energy_consumption,customer_observation,2140,CUSTOMER_2140,,commercial,North,,52,3,,,,,91.7
energy_consumption,customer_observation,2141,CUSTOMER_2141,,commercial,South,,45,3,,,,,97.1
energy_consumption,customer_observation,2142,CUSTOMER_2142,,residential,North,,77,4,,,,,104.97
energy_consumption,customer_observation,2143,CUSTOMER_2143,,commercial,Midwest,,45,4,,,,,117.21
energy_consumption,customer_observation,2144,CUSTOMER_2144,,residential,Northeast,,24,2,,,,,57.12
energy_consumption,customer_observation,2145,CUSTOMER_2145,,residential,South,,45,2,,,,,75.2
energy_consumption,customer_observation,2146,CUSTOMER_2146,,commercial,Midwest,,45,1,,,,,98.2
energy_consumption,customer_observation,2147,CUSTOMER_2147,,residential,Midwest,,17,3,,,,,76.51
energy_consumption,customer_observation,2148,CUSTOMER_2148,,residential,Northeast,,17,1,,,,,96.13
energy_consumption,customer_observation,2149,CUSTOMER_2149,,residential,Midwest,,17,1,,,,,69.3
energy_consumption,customer_observation,2150,CUSTOMER_2150,,commercial,Midwest,,24,2,,,,,69.94
energy_consumption,customer_observation,2151,CUSTOMER_2151,,residential,Midwest,,45,1,,,,,98.49
energy_consumption,customer_observation,2152,CUSTOMER_2152,,residential,North,,45,1,,,,,74.37
energy_consumption,customer_observation,2153,CUSTOMER_2153,,commercial,South,,17,1,,,,,93.05
energy_consumption,customer_observation,2154,CUSTOMER_2154,,commercial,Southeast,,45,4,,,,,116.83
energy_consumption,customer_observation,2155,CUSTOMER_2155,,residential,Northeast,,45,4,,,,,155.86
energy_consumption,customer_observation,2156,CUSTOMER_2156,,residential,Southeast,,24,2,,,,,82.0
energy_consumption,customer_observation,2157,CUSTOMER_2157,,residential,Midwest,,17,1,,,,,91.49
energy_consumption,customer_observation,2158,CUSTOMER_2158,,residential,Midwest,,17,1,,,,,57.1
energy_consumption,customer_observation,2159,CUSTOMER_2159,,residential,Northeast,,24,2,,,,,77.8
energy_consumption,customer_observation,2160,CUSTOMER_2160,,commercial,Midwest,,24,2,,,,,98.77
energy_consumption,customer_observation,2161,CUSTOMER_2161,,commercial,Midwest,,24,2,,,,,97.54
energy_consumption,customer_observation,2162,CUSTOMER_2162,,residential,Midwest,,45,3,,,,,54.9
energy_consumption,customer_observation,2163,CUSTOMER_2163,,residential,Midwest,,45,2,,,,,68.09
energy_consumption,customer_observation,2164,CUSTOMER_2164,,commercial,Midwest,,24,3,,,,,75.26
energy_consumption,customer_observation,2165,CUSTOMER_2165,,residential,Midwest,,24,2,,,,,61.35
energy_consumption,customer_observation,2166,CUSTOMER_2166,,commercial,North,,45,4,,,,,143.87
energy_consumption,customer_observation,2167,CUSTOMER_2167,,residential,Southeast,,52,2,,,,,61.97
energy_consumption,customer_observation,2168,CUSTOMER_2168,,residential,Midwest,,45,2,,,,,70.3
energy_consumption,customer_observation,2169,CUSTOMER_2169,,commercial,Northeast,,45,3,,,,,86.56
energy_consumption,customer_observation,2170,CUSTOMER_2170,,residential,Northeast,,24,1,,,,,77.26
energy_consumption,customer_observation,2171,CUSTOMER_2171,,commercial,Midwest,,24,2,,,,,90.43
energy_consumption,customer_observation,2172,CUSTOMER_2172,,residential,Southeast,,52,3,,,,,101.86
energy_consumption,customer_observation,2173,CUSTOMER_2173,,residential,Northeast,,17,2,,,,,58.48
energy_consumption,customer_observation,2174,CUSTOMER_2174,,commercial,Midwest,,77,1,,,,,88.94
energy_consumption,customer_observation,2175,CUSTOMER_2175,,residential,North,,45,4,,,,,116.49
energy_consumption,customer_observation,2176,CUSTOMER_2176,,commercial,Midwest,,45,4,,,,,126.58
energy_consumption,customer_observation,2177,CUSTOMER_2177,,residential,South,,17,3,,,,,54.19
energy_consumption,customer_observation,2178,CUSTOMER_2178,,residential,Midwest,,45,2,,,,,59.48
energy_consumption,customer_observation,2179,CUSTOMER_2179,,commercial,Northeast,,45,2,,,,,68.92
energy_consumption,customer_observation,2180,CUSTOMER_2180,,residential,Midwest,,17,2,,,,,70.06
energy_consumption,customer_observation,2181,CUSTOMER_2181,,residential,Northeast,,24,1,,,,,98.69
energy_consumption,customer_observation,2182,CUSTOMER_2182,,residential,Midwest,,52,3,,,,,90.59
energy_consumption,customer_observation,2183,CUSTOMER_2183,,residential,Midwest,,45,2,,,,,102.42
energy_consumption,customer_observation,2184,CUSTOMER_2184,,residential,Midwest,,45,2,,,,,83.26
energy_consumption,customer_observation,2185,CUSTOMER_2185,,commercial,Northeast,,17,3,,,,,64.91
energy_consumption,customer_observation,2186,CUSTOMER_2186,,commercial,South,,45,1,,,,,69.33
energy_consumption,customer_observation,2187,CUSTOMER_2187,,commercial,Midwest,,45,1,,,,,68.92
energy_consumption,customer_observation,2188,CUSTOMER_2188,,commercial,Northeast,,45,1,,,,,69.27
energy_consumption,customer_observation,2189,CUSTOMER_2189,,commercial,Midwest,,45,1,,,,,87.06
energy_consumption,customer_observation,2190,CUSTOMER_2190,,commercial,Midwest,,45,1,,,,,79.76
energy_consumption,customer_observation,2191,CUSTOMER_2191,,residential,Midwest,,45,4,,,,,124.99
energy_consumption,customer_observation,2192,CUSTOMER_2192,,commercial,Midwest,,24,2,,,,,60.16
energy_consumption,customer_observation,2193,CUSTOMER_2193,,commercial,Midwest,,77,2,,,,,53.64
energy_consumption,customer_observation,2194,CUSTOMER_2194,,residential,Northeast,,45,2,,,,,63.74
energy_consumption,customer_observation,2195,CUSTOMER_2195,,residential,Southeast,,24,3,,,,,58.02
energy_consumption,customer_observation,2196,CUSTOMER_2196,,residential,Midwest,,45,1,,,,,92.83
energy_consumption,customer_observation,2197,CUSTOMER_2197,,residential,North,,52,3,,,,,58.28
energy_consumption,customer_observation,2198,CUSTOMER_2198,,commercial,Midwest,,24,1,,,,,89.69
energy_consumption,customer_observation,2199,CUSTOMER_2199,,residential,South,,24,1,,,,,72.3
energy_consumption,customer_observation,2200,CUSTOMER_2200,,residential,South,,45,3,,,,,56.27
energy_consumption,customer_observation,2201,CUSTOMER_2201,,commercial,Northeast,,24,2,,,,,94.23
energy_consumption,customer_observation,2202,CUSTOMER_2202,,residential,North,,45,4,,,,,135.63
energy_consumption,customer_observation,2203,CUSTOMER_2203,,residential,Midwest,,17,3,,,,,64.61
energy_consumption,customer_observation,2204,CUSTOMER_2204,,residential,North,,45,2,,,,,98.44
energy_consumption,customer_observation,2205,CUSTOMER_2205,,commercial,South,,17,1,,,,,54.82
energy_consumption,customer_observation,2206,CUSTOMER_2206,,commercial,Northeast,,17,2,,,,,62.86
energy_consumption,customer_observation,2207,CUSTOMER_2207,,residential,Northeast,,52,1,,,,,91.12
energy_consumption,customer_observation,2208,CUSTOMER_2208,,commercial,Midwest,,45,1,,,,,88.93
energy_consumption,customer_observation,2209,CUSTOMER_2209,,residential,Northeast,,24,2,,,,,67.35
energy_consumption,customer_observation,2210,CUSTOMER_2210,,commercial,Midwest,,24,1,,,,,55.68
energy_consumption,customer_observation,2211,CUSTOMER_2211,,commercial,Midwest,,45,4,,,,,150.89
energy_consumption,customer_observation,2212,CUSTOMER_2212,,commercial,Northeast,,45,2,,,,,68.61
energy_consumption,customer_observation,2213,CUSTOMER_2213,,residential,Northeast,,77,3,,,,,62.55
energy_consumption,customer_observation,2214,CUSTOMER_2214,,commercial,Midwest,,77,1,,,,,79.0
energy_consumption,customer_observation,2215,CUSTOMER_2215,,commercial,North,,45,1,,,,,99.24
energy_consumption,customer_observation,2216,CUSTOMER_2216,,residential,Midwest,,45,4,,,,,106.25
energy_consumption,customer_observation,2217,CUSTOMER_2217,,commercial,Midwest,,45,4,,,,,145.83
energy_consumption,customer_observation,2218,CUSTOMER_2218,,residential,Midwest,,45,3,,,,,81.9
energy_consumption,customer_observation,2219,CUSTOMER_2219,,commercial,South,,17,1,,,,,74.35
energy_consumption,customer_observation,2220,CUSTOMER_2220,,residential,South,,24,3,,,,,90.71
energy_consumption,customer_observation,2221,CUSTOMER_2221,,commercial,South,,17,3,,,,,102.1
energy_consumption,customer_observation,2222,CUSTOMER_2222,,residential,Northeast,,17,1,,,,,64.27
energy_consumption,customer_observation,2223,CUSTOMER_2223,,residential,North,,24,3,,,,,59.88
energy_consumption,customer_observation,2224,CUSTOMER_2224,,residential,Northeast,,45,3,,,,,99.38
energy_consumption,customer_observation,2225,CUSTOMER_2225,,residential,Southeast,,45,4,,,,,140.53
energy_consumption,customer_observation,2226,CUSTOMER_2226,,residential,South,,45,4,,,,,127.87
energy_consumption,customer_observation,2227,CUSTOMER_2227,,residential,Southeast,,24,3,,,,,81.94
energy_consumption,customer_observation,2228,CUSTOMER_2228,,residential,North,,17,1,,,,,90.79
energy_consumption,customer_observation,2229,CUSTOMER_2229,,residential,South,,45,4,,,,,146.23
energy_consumption,customer_observation,2230,CUSTOMER_2230,,residential,Midwest,,24,3,,,,,99.74
energy_consumption,customer_observation,2231,CUSTOMER_2231,,commercial,North,,45,2,,,,,74.42
energy_consumption,customer_observation,2232,CUSTOMER_2232,,residential,Midwest,,77,2,,,,,67.57
energy_consumption,customer_observation,2233,CUSTOMER_2233,,commercial,North,,17,3,,,,,85.35
energy_consumption,customer_observation,2234,CUSTOMER_2234,,commercial,Midwest,,24,2,,,,,73.85
energy_consumption,customer_observation,2235,CUSTOMER_2235,,commercial,Northeast,,45,4,,,,,136.45
energy_consumption,customer_observation,2236,CUSTOMER_2236,,residential,Midwest,,77,1,,,,,74.07
energy_consumption,customer_observation,2237,CUSTOMER_2237,,commercial,Midwest,,45,3,,,,,60.36
energy_consumption,customer_observation,2238,CUSTOMER_2238,,residential,Southeast,,52,4,,,,,129.59
energy_consumption,customer_observation,2239,CUSTOMER_2239,,residential,Midwest,,24,1,,,,,87.98
energy_consumption,customer_observation,2240,CUSTOMER_2240,,residential,Midwest,,77,2,,,,,93.54
energy_consumption,customer_observation,2241,CUSTOMER_2241,,commercial,Southeast,,17,2,,,,,77.83
energy_consumption,customer_observation,2242,CUSTOMER_2242,,residential,South,,17,2,,,,,60.98
energy_consumption,customer_observation,2243,CUSTOMER_2243,,residential,North,,52,2,,,,,73.79
energy_consumption,customer_observation,2244,CUSTOMER_2244,,commercial,Midwest,,77,4,,,,,146.96
energy_consumption,customer_observation,2245,CUSTOMER_2245,,commercial,Northeast,,17,1,,,,,73.7
energy_consumption,customer_observation,2246,CUSTOMER_2246,,residential,North,,17,3,,,,,88.27
energy_consumption,customer_observation,2247,CUSTOMER_2247,,residential,Midwest,,17,1,,,,,78.55
energy_consumption,customer_observation,2248,CUSTOMER_2248,,commercial,Southeast,,17,3,,,,,64.89
energy_consumption,customer_observation,2249,CUSTOMER_2249,,residential,Northeast,,24,2,,,,,93.38
energy_consumption,customer_observation,2250,CUSTOMER_2250,,residential,Southeast,,77,2,,,,,56.82
energy_consumption,customer_observation,2251,CUSTOMER_2251,,residential,Southeast,,45,2,,,,,79.45
energy_consumption,customer_observation,2252,CUSTOMER_2252,,commercial,South,,45,2,,,,,63.23
energy_consumption,customer_observation,2253,CUSTOMER_2253,,commercial,Northeast,,45,4,,,,,107.54
energy_consumption,customer_observation,2254,CUSTOMER_2254,,commercial,South,,45,1,,,,,78.33
energy_consumption,customer_observation,2255,CUSTOMER_2255,,commercial,Northeast,,45,3,,,,,78.15
energy_consumption,customer_observation,2256,CUSTOMER_2256,,residential,Midwest,,45,3,,,,,88.8
energy_consumption,customer_observation,2257,CUSTOMER_2257,,residential,North,,24,2,,,,,90.74
energy_consumption,customer_observation,2258,CUSTOMER_2258,,residential,North,,45,1,,,,,89.87
energy_consumption,customer_observation,2259,CUSTOMER_2259,,residential,Midwest,,45,2,,,,,73.53
energy_consumption,customer_observation,2260,CUSTOMER_2260,,residential,Midwest,,52,4,,,,,138.48
energy_consumption,customer_observation,2261,CUSTOMER_2261,,commercial,Northeast,,77,3,,,,,82.13
energy_consumption,customer_observation,2262,CUSTOMER_2262,,residential,Northeast,,45,4,,,,,126.97
energy_consumption,customer_observation,2263,CUSTOMER_2263,,commercial,Midwest,,45,3,,,,,83.17
energy_consumption,customer_observation,2264,CUSTOMER_2264,,residential,North,,17,1,,,,,101.14
energy_consumption,customer_observation,2265,CUSTOMER_2265,,residential,Southeast,,45,3,,,,,62.41
energy_consumption,customer_observation,2266,CUSTOMER_2266,,residential,North,,24,1,,,,,99.01
energy_consumption,customer_observation,2267,CUSTOMER_2267,,residential,Northeast,,17,2,,,,,55.24
energy_consumption,customer_observation,2268,CUSTOMER_2268,,commercial,Northeast,,24,2,,,,,68.34
energy_consumption,customer_observation,2269,CUSTOMER_2269,,residential,Midwest,,45,4,,,,,119.65
energy_consumption,customer_observation,2270,CUSTOMER_2270,,residential,Northeast,,17,1,,,,,84.66
energy_consumption,customer_observation,2271,CUSTOMER_2271,,residential,Northeast,,77,2,,,,,59.24
energy_consumption,customer_observation,2272,CUSTOMER_2272,,residential,South,,17,1,,,,,97.81
energy_consumption,customer_observation,2273,CUSTOMER_2273,,residential,Midwest,,77,2,,,,,95.05
energy_consumption,customer_observation,2274,CUSTOMER_2274,,commercial,North,,45,2,,,,,85.98
energy_consumption,customer_observation,2275,CUSTOMER_2275,,commercial,Midwest,,24,3,,,,,76.04
energy_consumption,customer_observation,2276,CUSTOMER_2276,,residential,Southeast,,24,3,,,,,100.41
energy_consumption,customer_observation,2277,CUSTOMER_2277,,commercial,Northeast,,45,1,,,,,95.16
energy_consumption,customer_observation,2278,CUSTOMER_2278,,residential,North,,45,2,,,,,78.14
energy_consumption,customer_observation,2279,CUSTOMER_2279,,residential,Midwest,,45,4,,,,,142.33
energy_consumption,customer_observation,2280,CUSTOMER_2280,,residential,Midwest,,24,2,,,,,81.61
energy_consumption,customer_observation,2281,CUSTOMER_2281,,residential,Midwest,,45,2,,,,,82.69
energy_consumption,customer_observation,2282,CUSTOMER_2282,,residential,North,,77,3,,,,,69.5
energy_consumption,customer_observation,2283,CUSTOMER_2283,,residential,North,,24,1,,,,,76.23
energy_consumption,customer_observation,2284,CUSTOMER_2284,,residential,Midwest,,45,4,,,,,108.14
energy_consumption,customer_observation,2285,CUSTOMER_2285,,residential,Northeast,,24,1,,,,,70.85
energy_consumption,customer_observation,2286,CUSTOMER_2286,,residential,Midwest,,45,4,,,,,142.0
energy_consumption,customer_observation,2287,CUSTOMER_2287,,commercial,Midwest,,45,1,,,,,101.45
energy_consumption,customer_observation,2288,CUSTOMER_2288,,residential,Northeast,,24,2,,,,,101.95
energy_consumption,customer_observation,2289,CUSTOMER_2289,,residential,South,,17,1,,,,,81.04
energy_consumption,customer_observation,2290,CUSTOMER_2290,,residential,Southeast,,17,3,,,,,83.65
energy_consumption,customer_observation,2291,CUSTOMER_2291,,residential,Midwest,,45,4,,,,,114.04
energy_consumption,customer_observation,2292,CUSTOMER_2292,,residential,North,,45,3,,,,,88.2
energy_consumption,customer_observation,2293,CUSTOMER_2293,,residential,North,,77,1,,,,,56.13
energy_consumption,customer_observation,2294,CUSTOMER_2294,,residential,Midwest,,45,2,,,,,67.12
energy_consumption,customer_observation,2295,CUSTOMER_2295,,residential,Northeast,,24,3,,,,,86.82
energy_consumption,customer_observation,2296,CUSTOMER_2296,,residential,South,,52,3,,,,,68.43
energy_consumption,customer_observation,2297,CUSTOMER_2297,,residential,Northeast,,45,2,,,,,55.06
energy_consumption,customer_observation,2298,CUSTOMER_2298,,residential,Midwest,,45,2,,,,,95.22
energy_consumption,customer_observation,2299,CUSTOMER_2299,,residential,Northeast,,17,1,,,,,68.44
energy_consumption,customer_observation,2300,CUSTOMER_2300,,residential,Midwest,,24,3,,,,,55.74
energy_consumption,customer_observation,2301,CUSTOMER_2301,,commercial,North,,77,3,,,,,56.34
energy_consumption,customer_observation,2302,CUSTOMER_2302,,residential,Midwest,,45,1,,,,,65.43
energy_consumption,customer_observation,2303,CUSTOMER_2303,,residential,Northeast,,24,1,,,,,61.64
energy_consumption,customer_observation,2304,CUSTOMER_2304,,residential,Southeast,,45,3,,,,,92.26
energy_consumption,customer_observation,2305,CUSTOMER_2305,,commercial,North,,77,3,,,,,69.02
energy_consumption,customer_observation,2306,CUSTOMER_2306,,residential,South,,24,2,,,,,93.82
energy_consumption,customer_observation,2307,CUSTOMER_2307,,residential,Southeast,,45,2,,,,,61.43
energy_consumption,customer_observation,2308,CUSTOMER_2308,,residential,Northeast,,77,4,,,,,130.87
energy_consumption,customer_observation,2309,CUSTOMER_2309,,residential,Midwest,,24,3,,,,,87.83
energy_consumption,customer_observation,2310,CUSTOMER_2310,,residential,North,,45,3,,,,,85.98
energy_consumption,customer_observation,2311,CUSTOMER_2311,,residential,South,,45,2,,,,,83.37
energy_consumption,customer_observation,2312,CUSTOMER_2312,,commercial,Midwest,,45,1,,,,,99.99
energy_consumption,customer_observation,2313,CUSTOMER_2313,,residential,Northeast,,24,1,,,,,64.23
energy_consumption,customer_observation,2314,CUSTOMER_2314,,commercial,Northeast,,24,3,,,,,77.85
energy_consumption,customer_observation,2315,CUSTOMER_2315,,commercial,North,,45,3,,,,,97.89
energy_consumption,customer_observation,2316,CUSTOMER_2316,,residential,South,,24,2,,,,,56.5
energy_consumption,customer_observation,2317,CUSTOMER_2317,,residential,North,,45,3,,,,,55.37
energy_consumption,customer_observation,2318,CUSTOMER_2318,,residential,Midwest,,24,1,,,,,64.48
energy_consumption,customer_observation,2319,CUSTOMER_2319,,residential,Midwest,,17,2,,,,,85.01
energy_consumption,customer_observation,2320,CUSTOMER_2320,,residential,South,,77,2,,,,,65.84
energy_consumption,customer_observation,2321,CUSTOMER_2321,,commercial,Northeast,,45,1,,,,,62.27
energy_consumption,customer_observation,2322,CUSTOMER_2322,,commercial,Midwest,,77,4,,,,,129.01
energy_consumption,customer_observation,2323,CUSTOMER_2323,,residential,Midwest,,17,1,,,,,84.01
energy_consumption,customer_observation,2324,CUSTOMER_2324,,residential,Midwest,,45,2,,,,,65.26
energy_consumption,customer_observation,2325,CUSTOMER_2325,,commercial,North,,24,3,,,,,67.94
energy_consumption,customer_observation,2326,CUSTOMER_2326,,commercial,Northeast,,45,1,,,,,84.01
energy_consumption,customer_observation,2327,CUSTOMER_2327,,commercial,Northeast,,45,2,,,,,101.06
energy_consumption,customer_observation,2328,CUSTOMER_2328,,residential,Midwest,,17,3,,,,,87.15
energy_consumption,customer_observation,2329,CUSTOMER_2329,,residential,Northeast,,77,3,,,,,92.7
energy_consumption,customer_observation,2330,CUSTOMER_2330,,residential,Midwest,,24,2,,,,,71.34
energy_consumption,customer_observation,2331,CUSTOMER_2331,,residential,Northeast,,45,1,,,,,66.48
energy_consumption,customer_observation,2332,CUSTOMER_2332,,residential,Southeast,,77,3,,,,,75.83
energy_consumption,customer_observation,2333,CUSTOMER_2333,,residential,South,,52,4,,,,,148.1
energy_consumption,customer_observation,2334,CUSTOMER_2334,,commercial,Midwest,,77,4,,,,,128.87
energy_consumption,customer_observation,2335,CUSTOMER_2335,,residential,Northeast,,24,1,,,,,95.98
energy_consumption,customer_observation,2336,CUSTOMER_2336,,residential,Northeast,,17,2,,,,,103.27
energy_consumption,customer_observation,2337,CUSTOMER_2337,,residential,North,,24,1,,,,,56.2
energy_consumption,customer_observation,2338,CUSTOMER_2338,,residential,Northeast,,45,3,,,,,54.83
energy_consumption,customer_observation,2339,CUSTOMER_2339,,residential,Midwest,,45,2,,,,,60.18
energy_consumption,customer_observation,2340,CUSTOMER_2340,,residential,Midwest,,24,3,,,,,72.24
energy_consumption,customer_observation,2341,CUSTOMER_2341,,commercial,South,,45,3,,,,,59.23
energy_consumption,customer_observation,2342,CUSTOMER_2342,,residential,Northeast,,24,2,,,,,97.21
energy_consumption,customer_observation,2343,CUSTOMER_2343,,residential,Midwest,,24,2,,,,,53.69
energy_consumption,customer_observation,2344,CUSTOMER_2344,,residential,Midwest,,45,1,,,,,68.72
energy_consumption,customer_observation,2345,CUSTOMER_2345,,commercial,Midwest,,45,2,,,,,61.98
energy_consumption,customer_observation,2346,CUSTOMER_2346,,commercial,Northeast,,52,1,,,,,100.33
energy_consumption,customer_observation,2347,CUSTOMER_2347,,commercial,Midwest,,24,2,,,,,86.88
energy_consumption,customer_observation,2348,CUSTOMER_2348,,residential,Midwest,,45,3,,,,,99.33
energy_consumption,customer_observation,2349,CUSTOMER_2349,,residential,Midwest,,17,1,,,,,102.43
energy_consumption,customer_observation,2350,CUSTOMER_2350,,residential,South,,24,2,,,,,78.03
energy_consumption,customer_observation,2351,CUSTOMER_2351,,residential,Northeast,,45,1,,,,,64.53
energy_consumption,customer_observation,2352,CUSTOMER_2352,,commercial,North,,52,4,,,,,114.48
energy_consumption,customer_observation,2353,CUSTOMER_2353,,residential,Midwest,,24,1,,,,,63.95
energy_consumption,customer_observation,2354,CUSTOMER_2354,,commercial,Midwest,,24,1,,,,,88.89
energy_consumption,customer_observation,2355,CUSTOMER_2355,,commercial,Northeast,,45,3,,,,,54.58
energy_consumption,customer_observation,2356,CUSTOMER_2356,,residential,Midwest,,24,2,,,,,55.14
energy_consumption,customer_observation,2357,CUSTOMER_2357,,commercial,South,,52,4,,,,,137.19
energy_consumption,customer_observation,2358,CUSTOMER_2358,,residential,South,,45,4,,,,,139.05
energy_consumption,customer_observation,2359,CUSTOMER_2359,,residential,Northeast,,17,2,,,,,86.66
energy_consumption,customer_observation,2360,CUSTOMER_2360,,residential,Southeast,,45,4,,,,,124.24
energy_consumption,customer_observation,2361,CUSTOMER_2361,,residential,Midwest,,45,4,,,,,148.03
energy_consumption,customer_observation,2362,CUSTOMER_2362,,residential,Midwest,,24,1,,,,,79.9
energy_consumption,customer_observation,2363,CUSTOMER_2363,,residential,Midwest,,45,4,,,,,109.64
energy_consumption,customer_observation,2364,CUSTOMER_2364,,residential,Southeast,,17,2,,,,,93.43
energy_consumption,customer_observation,2365,CUSTOMER_2365,,residential,Midwest,,45,3,,,,,101.44
energy_consumption,customer_observation,2366,CUSTOMER_2366,,residential,Northeast,,24,1,,,,,55.58
energy_consumption,customer_observation,2367,CUSTOMER_2367,,residential,Midwest,,52,3,,,,,72.6
energy_consumption,customer_observation,2368,CUSTOMER_2368,,residential,Midwest,,24,3,,,,,77.53
energy_consumption,customer_observation,2369,CUSTOMER_2369,,residential,Northeast,,24,2,,,,,60.02
energy_consumption,customer_observation,2370,CUSTOMER_2370,,commercial,South,,52,2,,,,,97.06
energy_consumption,customer_observation,2371,CUSTOMER_2371,,commercial,Midwest,,17,1,,,,,67.09
energy_consumption,customer_observation,2372,CUSTOMER_2372,,commercial,Midwest,,24,3,,,,,92.71
energy_consumption,customer_observation,2373,CUSTOMER_2373,,commercial,North,,24,2,,,,,86.96
energy_consumption,customer_observation,2374,CUSTOMER_2374,,residential,Midwest,,24,1,,,,,83.21
energy_consumption,customer_observation,2375,CUSTOMER_2375,,commercial,North,,77,4,,,,,114.39
energy_consumption,customer_observation,2376,CUSTOMER_2376,,residential,North,,45,4,,,,,115.96
energy_consumption,customer_observation,2377,CUSTOMER_2377,,residential,Midwest,,17,1,,,,,54.93
energy_consumption,customer_observation,2378,CUSTOMER_2378,,commercial,Midwest,,45,2,,,,,64.86
energy_consumption,customer_observation,2379,CUSTOMER_2379,,residential,Midwest,,45,3,,,,,70.24
energy_consumption,customer_observation,2380,CUSTOMER_2380,,commercial,North,,77,1,,,,,95.28
energy_consumption,customer_observation,2381,CUSTOMER_2381,,commercial,Midwest,,24,2,,,,,71.31
energy_consumption,customer_observation,2382,CUSTOMER_2382,,commercial,Northeast,,45,1,,,,,91.25
energy_consumption,customer_observation,2383,CUSTOMER_2383,,commercial,South,,45,2,,,,,75.07
energy_consumption,customer_observation,2384,CUSTOMER_2384,,residential,Midwest,,45,4,,,,,146.88
energy_consumption,customer_observation,2385,CUSTOMER_2385,,residential,Midwest,,45,1,,,,,102.63
energy_consumption,customer_observation,2386,CUSTOMER_2386,,residential,Northeast,,24,3,,,,,64.82
energy_consumption,customer_observation,2387,CUSTOMER_2387,,residential,North,,45,1,,,,,96.78
energy_consumption,customer_observation,2388,CUSTOMER_2388,,residential,South,,45,4,,,,,137.94
energy_consumption,customer_observation,2389,CUSTOMER_2389,,commercial,Northeast,,77,4,,,,,148.66
energy_consumption,customer_observation,2390,CUSTOMER_2390,,commercial,Midwest,,24,2,,,,,85.96
energy_consumption,customer_observation,2391,CUSTOMER_2391,,residential,Midwest,,45,4,,,,,127.1
energy_consumption,customer_observation,2392,CUSTOMER_2392,,residential,North,,77,2,,,,,64.21
energy_consumption,customer_observation,2393,CUSTOMER_2393,,residential,Southeast,,45,4,,,,,107.7
energy_consumption,customer_observation,2394,CUSTOMER_2394,,residential,Midwest,,52,2,,,,,80.0
energy_consumption,customer_observation,2395,CUSTOMER_2395,,commercial,Northeast,,52,3,,,,,103.35
energy_consumption,customer_observation,2396,CUSTOMER_2396,,residential,North,,24,2,,,,,90.4
energy_consumption,customer_observation,2397,CUSTOMER_2397,,residential,Northeast,,45,2,,,,,69.31
energy_consumption,customer_observation,2398,CUSTOMER_2398,,residential,Southeast,,24,3,,,,,94.98
energy_consumption,customer_observation,2399,CUSTOMER_2399,,residential,Midwest,,45,2,,,,,91.99
energy_consumption,customer_observation,2400,CUSTOMER_2400,,residential,Northeast,,24,2,,,,,66.96
energy_consumption,customer_observation,2401,CUSTOMER_2401,,residential,North,,45,3,,,,,53.23
energy_consumption,customer_observation,2402,CUSTOMER_2402,,residential,Midwest,,45,4,,,,,110.34
energy_consumption,customer_observation,2403,CUSTOMER_2403,,residential,Midwest,,45,1,,,,,97.55
energy_consumption,customer_observation,2404,CUSTOMER_2404,,residential,Midwest,,24,2,,,,,95.46
energy_consumption,customer_observation,2405,CUSTOMER_2405,,commercial,Northeast,,77,4,,,,,120.04
energy_consumption,customer_observation,2406,CUSTOMER_2406,,residential,Northeast,,17,1,,,,,67.14
energy_consumption,customer_observation,2407,CUSTOMER_2407,,residential,Midwest,,17,3,,,,,93.21
energy_consumption,customer_observation,2408,CUSTOMER_2408,,residential,South,,24,2,,,,,100.65
energy_consumption,customer_observation,2409,CUSTOMER_2409,,commercial,Northeast,,77,2,,,,,92.51
energy_consumption,customer_observation,2410,CUSTOMER_2410,,residential,Midwest,,77,3,,,,,83.6
energy_consumption,customer_observation,2411,CUSTOMER_2411,,commercial,Midwest,,45,2,,,,,64.96
energy_consumption,customer_observation,2412,CUSTOMER_2412,,residential,Midwest,,52,1,,,,,79.5
energy_consumption,customer_observation,2413,CUSTOMER_2413,,residential,Northeast,,24,1,,,,,64.49
energy_consumption,customer_observation,2414,CUSTOMER_2414,,residential,Southeast,,77,3,,,,,93.99
energy_consumption,customer_observation,2415,CUSTOMER_2415,,residential,Midwest,,17,2,,,,,72.37
energy_consumption,customer_observation,2416,CUSTOMER_2416,,commercial,Midwest,,17,2,,,,,95.31
energy_consumption,customer_observation,2417,CUSTOMER_2417,,residential,Northeast,,17,3,,,,,72.1
energy_consumption,customer_observation,2418,CUSTOMER_2418,,residential,Northeast,,45,4,,,,,149.03
energy_consumption,customer_observation,2419,CUSTOMER_2419,,residential,North,,45,1,,,,,69.62
energy_consumption,customer_observation,2420,CUSTOMER_2420,,residential,Midwest,,24,1,,,,,75.1
energy_consumption,customer_observation,2421,CUSTOMER_2421,,residential,Northeast,,77,4,,,,,137.59
energy_consumption,customer_observation,2422,CUSTOMER_2422,,residential,Midwest,,45,4,,,,,107.71
energy_consumption,customer_observation,2423,CUSTOMER_2423,,commercial,Northeast,,24,3,,,,,101.19
energy_consumption,customer_observation,2424,CUSTOMER_2424,,residential,Midwest,,45,2,,,,,81.95
energy_consumption,customer_observation,2425,CUSTOMER_2425,,residential,Midwest,,45,1,,,,,78.58
energy_consumption,customer_observation,2426,CUSTOMER_2426,,commercial,Northeast,,52,2,,,,,95.6
energy_consumption,customer_observation,2427,CUSTOMER_2427,,residential,North,,45,1,,,,,96.96
energy_consumption,customer_observation,2428,CUSTOMER_2428,,commercial,Northeast,,45,2,,,,,79.32
energy_consumption,customer_observation,2429,CUSTOMER_2429,,residential,Midwest,,24,1,,,,,100.11
energy_consumption,customer_observation,2430,CUSTOMER_2430,,commercial,Midwest,,45,2,,,,,55.82
energy_consumption,customer_observation,2431,CUSTOMER_2431,,residential,Northeast,,77,3,,,,,58.31
energy_consumption,customer_observation,2432,CUSTOMER_2432,,commercial,Midwest,,17,1,,,,,83.15
energy_consumption,customer_observation,2433,CUSTOMER_2433,,commercial,Northeast,,52,3,,,,,70.68
energy_consumption,customer_observation,2434,CUSTOMER_2434,,residential,Northeast,,45,1,,,,,76.34
energy_consumption,customer_observation,2435,CUSTOMER_2435,,commercial,North,,24,1,,,,,69.35
energy_consumption,customer_observation,2436,CUSTOMER_2436,,residential,Southeast,,77,1,,,,,73.28
energy_consumption,customer_observation,2437,CUSTOMER_2437,,residential,Northeast,,45,2,,,,,94.74
energy_consumption,customer_observation,2438,CUSTOMER_2438,,residential,Northeast,,24,1,,,,,82.98
energy_consumption,customer_observation,2439,CUSTOMER_2439,,residential,Northeast,,24,3,,,,,103.71
energy_consumption,customer_observation,2440,CUSTOMER_2440,,residential,North,,24,2,,,,,92.91
energy_consumption,customer_observation,2441,CUSTOMER_2441,,residential,Midwest,,52,2,,,,,66.55
energy_consumption,customer_observation,2442,CUSTOMER_2442,,residential,North,,45,1,,,,,66.07
energy_consumption,customer_observation,2443,CUSTOMER_2443,,commercial,North,,77,4,,,,,122.27
energy_consumption,customer_observation,2444,CUSTOMER_2444,,commercial,Midwest,,24,2,,,,,95.8
energy_consumption,customer_observation,2445,CUSTOMER_2445,,residential,Northeast,,17,1,,,,,53.9
energy_consumption,customer_observation,2446,CUSTOMER_2446,,residential,Midwest,,17,3,,,,,64.32
energy_consumption,customer_observation,2447,CUSTOMER_2447,,residential,Midwest,,45,4,,,,,153.46
energy_consumption,customer_observation,2448,CUSTOMER_2448,,residential,Northeast,,77,2,,,,,85.36
energy_consumption,customer_observation,2449,CUSTOMER_2449,,residential,Midwest,,45,4,,,,,116.29
energy_consumption,customer_observation,2450,CUSTOMER_2450,,residential,North,,24,2,,,,,63.75
energy_consumption,customer_observation,2451,CUSTOMER_2451,,residential,Midwest,,52,4,,,,,151.14
energy_consumption,customer_observation,2452,CUSTOMER_2452,,commercial,Midwest,,45,4,,,,,152.85
energy_consumption,customer_observation,2453,CUSTOMER_2453,,residential,Northeast,,17,3,,,,,65.65
energy_consumption,customer_observation,2454,CUSTOMER_2454,,residential,Midwest,,52,4,,,,,126.91
energy_consumption,customer_observation,2455,CUSTOMER_2455,,residential,Southeast,,24,3,,,,,95.36
energy_consumption,customer_observation,2456,CUSTOMER_2456,,residential,South,,17,1,,,,,92.09
energy_consumption,customer_observation,2457,CUSTOMER_2457,,residential,Midwest,,24,2,,,,,94.29
energy_consumption,customer_observation,2458,CUSTOMER_2458,,residential,Midwest,,45,3,,,,,79.12
energy_consumption,customer_observation,2459,CUSTOMER_2459,,residential,Northeast,,45,2,,,,,99.31
energy_consumption,customer_observation,2460,CUSTOMER_2460,,residential,Northeast,,24,3,,,,,69.24
energy_consumption,customer_observation,2461,CUSTOMER_2461,,commercial,Midwest,,24,2,,,,,60.55
energy_consumption,customer_observation,2462,CUSTOMER_2462,,commercial,Northeast,,45,3,,,,,88.89
energy_consumption,customer_observation,2463,CUSTOMER_2463,,residential,South,,77,2,,,,,80.2
energy_consumption,customer_observation,2464,CUSTOMER_2464,,residential,Northeast,,45,1,,,,,96.38
energy_consumption,customer_observation,2465,CUSTOMER_2465,,residential,Northeast,,24,2,,,,,56.67
energy_consumption,customer_observation,2466,CUSTOMER_2466,,residential,Northeast,,24,1,,,,,95.82
energy_consumption,customer_observation,2467,CUSTOMER_2467,,residential,Southeast,,24,1,,,,,67.56
energy_consumption,customer_observation,2468,CUSTOMER_2468,,residential,Midwest,,17,1,,,,,86.13
energy_consumption,customer_observation,2469,CUSTOMER_2469,,residential,Midwest,,45,4,,,,,106.06
energy_consumption,customer_observation,2470,CUSTOMER_2470,,residential,Northeast,,45,2,,,,,83.8
energy_consumption,customer_observation,2471,CUSTOMER_2471,,residential,Southeast,,45,4,,,,,143.17
energy_consumption,customer_observation,2472,CUSTOMER_2472,,commercial,North,,45,4,,,,,124.07
energy_consumption,customer_observation,2473,CUSTOMER_2473,,commercial,Southeast,,24,2,,,,,63.56
energy_consumption,customer_observation,2474,CUSTOMER_2474,,commercial,Midwest,,24,1,,,,,80.11
energy_consumption,customer_observation,2475,CUSTOMER_2475,,residential,Northeast,,45,4,,,,,149.53
energy_consumption,customer_observation,2476,CUSTOMER_2476,,commercial,Midwest,,24,3,,,,,69.11
energy_consumption,customer_observation,2477,CUSTOMER_2477,,residential,Midwest,,24,2,,,,,65.46
energy_consumption,customer_observation,2478,CUSTOMER_2478,,commercial,North,,24,2,,,,,66.82
energy_consumption,customer_observation,2479,CUSTOMER_2479,,residential,Southeast,,24,2,,,,,101.24
energy_consumption,customer_observation,2480,CUSTOMER_2480,,commercial,Midwest,,17,2,,,,,70.95
energy_consumption,customer_observation,2481,CUSTOMER_2481,,residential,Northeast,,52,1,,,,,52.69
energy_consumption,customer_observation,2482,CUSTOMER_2482,,commercial,North,,52,4,,,,,146.7
energy_consumption,customer_observation,2483,CUSTOMER_2483,,commercial,Midwest,,24,3,,,,,88.41
energy_consumption,customer_observation,2484,CUSTOMER_2484,,residential,Midwest,,17,3,,,,,59.1
energy_consumption,customer_observation,2485,CUSTOMER_2485,,residential,Midwest,,45,3,,,,,103.07
energy_consumption,customer_observation,2486,CUSTOMER_2486,,commercial,Midwest,,24,3,,,,,83.72
energy_consumption,customer_observation,2487,CUSTOMER_2487,,residential,Midwest,,24,1,,,,,78.22
energy_consumption,customer_observation,2488,CUSTOMER_2488,,commercial,South,,17,2,,,,,72.13
energy_consumption,customer_observation,2489,CUSTOMER_2489,,residential,Midwest,,24,2,,,,,98.65
energy_consumption,customer_observation,2490,CUSTOMER_2490,,residential,Southeast,,45,4,,,,,117.23
energy_consumption,customer_observation,2491,CUSTOMER_2491,,residential,North,,52,1,,,,,67.17
energy_consumption,customer_observation,2492,CUSTOMER_2492,,residential,Northeast,,24,2,,,,,58.79
energy_consumption,customer_observation,2493,CUSTOMER_2493,,commercial,Northeast,,24,1,,,,,91.48
energy_consumption,customer_observation,2494,CUSTOMER_2494,,residential,Midwest,,17,3,,,,,83.08
energy_consumption,customer_observation,2495,CUSTOMER_2495,,residential,Southeast,,17,1,,,,,83.78
energy_consumption,customer_observation,2496,CUSTOMER_2496,,residential,North,,77,2,,,,,63.72
energy_consumption,customer_observation,2497,CUSTOMER_2497,,residential,North,,45,2,,,,,85.94
energy_consumption,customer_observation,2498,CUSTOMER_2498,,commercial,Southeast,,45,2,,,,,91.81
energy_consumption,customer_observation,2499,CUSTOMER_2499,,commercial,Northeast,,45,3,,,,,70.88
energy_consumption,customer_observation,2500,CUSTOMER_2500,,residential,Midwest,,52,1,,,,,93.65
energy_consumption,customer_observation,2501,CUSTOMER_2501,,commercial,Midwest,,52,1,,,,,70.41
energy_consumption,customer_observation,2502,CUSTOMER_2502,,commercial,Southeast,,17,2,,,,,91.43
energy_consumption,customer_observation,2503,CUSTOMER_2503,,residential,North,,24,1,,,,,54.23
energy_consumption,customer_observation,2504,CUSTOMER_2504,,commercial,North,,45,2,,,,,80.8
energy_consumption,customer_observation,2505,CUSTOMER_2505,,residential,Midwest,,24,1,,,,,102.29
energy_consumption,customer_observation,2506,CUSTOMER_2506,,residential,South,,77,3,,,,,102.89
energy_consumption,customer_observation,2507,CUSTOMER_2507,,commercial,Midwest,,45,3,,,,,66.97
energy_consumption,customer_observation,2508,CUSTOMER_2508,,residential,Northeast,,77,4,,,,,128.05
energy_consumption,customer_observation,2509,CUSTOMER_2509,,commercial,Midwest,,24,1,,,,,55.73
energy_consumption,customer_observation,2510,CUSTOMER_2510,,commercial,South,,52,3,,,,,97.35
energy_consumption,customer_observation,2511,CUSTOMER_2511,,residential,Southeast,,24,3,,,,,81.7
energy_consumption,customer_observation,2512,CUSTOMER_2512,,commercial,South,,77,3,,,,,72.27
energy_consumption,customer_observation,2513,CUSTOMER_2513,,residential,North,,24,2,,,,,58.29
energy_consumption,customer_observation,2514,CUSTOMER_2514,,residential,North,,45,1,,,,,101.12
energy_consumption,customer_observation,2515,CUSTOMER_2515,,residential,Midwest,,45,1,,,,,79.73
energy_consumption,customer_observation,2516,CUSTOMER_2516,,commercial,Southeast,,45,4,,,,,119.37
energy_consumption,customer_observation,2517,CUSTOMER_2517,,residential,Northeast,,45,2,,,,,70.48
energy_consumption,customer_observation,2518,CUSTOMER_2518,,residential,Northeast,,77,2,,,,,66.4
energy_consumption,customer_observation,2519,CUSTOMER_2519,,commercial,Midwest,,45,3,,,,,83.4
energy_consumption,customer_observation,2520,CUSTOMER_2520,,commercial,North,,45,4,,,,,154.83
energy_consumption,customer_observation,2521,CUSTOMER_2521,,commercial,Northeast,,17,1,,,,,96.49
energy_consumption,customer_observation,2522,CUSTOMER_2522,,residential,Midwest,,52,2,,,,,76.14
energy_consumption,customer_observation,2523,CUSTOMER_2523,,residential,Midwest,,45,3,,,,,94.94
energy_consumption,customer_observation,2524,CUSTOMER_2524,,residential,Midwest,,45,1,,,,,74.23
energy_consumption,customer_observation,2525,CUSTOMER_2525,,commercial,Northeast,,17,3,,,,,65.46
energy_consumption,customer_observation,2526,CUSTOMER_2526,,residential,Midwest,,45,1,,,,,103.0
energy_consumption,customer_observation,2527,CUSTOMER_2527,,residential,Midwest,,17,3,,,,,68.1
energy_consumption,customer_observation,2528,CUSTOMER_2528,,commercial,Midwest,,17,1,,,,,69.12
energy_consumption,customer_observation,2529,CUSTOMER_2529,,residential,Midwest,,45,4,,,,,158.11
energy_consumption,customer_observation,2530,CUSTOMER_2530,,commercial,Northeast,,24,1,,,,,59.38
energy_consumption,customer_observation,2531,CUSTOMER_2531,,commercial,North,,24,1,,,,,91.55
energy_consumption,customer_observation,2532,CUSTOMER_2532,,commercial,North,,45,1,,,,,100.55
energy_consumption,customer_observation,2533,CUSTOMER_2533,,residential,Northeast,,17,3,,,,,78.78
energy_consumption,customer_observation,2534,CUSTOMER_2534,,residential,Midwest,,24,2,,,,,52.63
energy_consumption,customer_observation,2535,CUSTOMER_2535,,commercial,Southeast,,17,1,,,,,71.76
energy_consumption,customer_observation,2536,CUSTOMER_2536,,commercial,Midwest,,45,1,,,,,58.23
energy_consumption,customer_observation,2537,CUSTOMER_2537,,commercial,Midwest,,45,4,,,,,126.67
energy_consumption,customer_observation,2538,CUSTOMER_2538,,residential,Northeast,,45,1,,,,,93.07
energy_consumption,customer_observation,2539,CUSTOMER_2539,,commercial,Midwest,,24,1,,,,,75.03
energy_consumption,customer_observation,2540,CUSTOMER_2540,,commercial,Northeast,,17,3,,,,,74.68
energy_consumption,customer_observation,2541,CUSTOMER_2541,,commercial,Northeast,,17,2,,,,,81.09
energy_consumption,customer_observation,2542,CUSTOMER_2542,,commercial,North,,45,2,,,,,82.37
energy_consumption,customer_observation,2543,CUSTOMER_2543,,commercial,Midwest,,77,2,,,,,96.47
energy_consumption,customer_observation,2544,CUSTOMER_2544,,residential,South,,24,3,,,,,68.33
energy_consumption,customer_observation,2545,CUSTOMER_2545,,residential,Northeast,,24,2,,,,,94.69
energy_consumption,customer_observation,2546,CUSTOMER_2546,,residential,North,,17,3,,,,,81.56
energy_consumption,customer_observation,2547,CUSTOMER_2547,,residential,Midwest,,45,3,,,,,67.93
energy_consumption,customer_observation,2548,CUSTOMER_2548,,residential,Northeast,,45,1,,,,,67.65
energy_consumption,customer_observation,2549,CUSTOMER_2549,,residential,Southeast,,45,4,,,,,123.65
energy_consumption,customer_observation,2550,CUSTOMER_2550,,residential,Midwest,,52,3,,,,,84.48
energy_consumption,customer_observation,2551,CUSTOMER_2551,,residential,South,,45,4,,,,,116.51
energy_consumption,customer_observation,2552,CUSTOMER_2552,,residential,Midwest,,17,2,,,,,99.76
energy_consumption,customer_observation,2553,CUSTOMER_2553,,commercial,Midwest,,24,2,,,,,82.02
energy_consumption,customer_observation,2554,CUSTOMER_2554,,commercial,Midwest,,45,2,,,,,99.74
energy_consumption,customer_observation,2555,CUSTOMER_2555,,residential,Midwest,,45,1,,,,,54.88
energy_consumption,customer_observation,2556,CUSTOMER_2556,,commercial,Midwest,,45,1,,,,,70.09
energy_consumption,customer_observation,2557,CUSTOMER_2557,,residential,Northeast,,45,4,,,,,105.11
energy_consumption,customer_observation,2558,CUSTOMER_2558,,residential,Midwest,,45,4,,,,,118.78
energy_consumption,customer_observation,2559,CUSTOMER_2559,,residential,Midwest,,52,1,,,,,96.76
energy_consumption,customer_observation,2560,CUSTOMER_2560,,residential,Southeast,,45,3,,,,,54.38
energy_consumption,customer_observation,2561,CUSTOMER_2561,,commercial,Midwest,,45,4,,,,,127.77
energy_consumption,customer_observation,2562,CUSTOMER_2562,,commercial,Midwest,,24,2,,,,,58.54
energy_consumption,customer_observation,2563,CUSTOMER_2563,,residential,North,,45,4,,,,,126.71
energy_consumption,customer_observation,2564,CUSTOMER_2564,,residential,Midwest,,77,4,,,,,149.84
energy_consumption,customer_observation,2565,CUSTOMER_2565,,residential,Midwest,,24,3,,,,,84.49
energy_consumption,customer_observation,2566,CUSTOMER_2566,,residential,Southeast,,45,4,,,,,144.24
energy_consumption,customer_observation,2567,CUSTOMER_2567,,residential,South,,45,3,,,,,70.43
energy_consumption,customer_observation,2568,CUSTOMER_2568,,residential,North,,17,2,,,,,100.99
energy_consumption,customer_observation,2569,CUSTOMER_2569,,commercial,Southeast,,45,1,,,,,88.92
energy_consumption,customer_observation,2570,CUSTOMER_2570,,commercial,North,,17,2,,,,,74.16
energy_consumption,customer_observation,2571,CUSTOMER_2571,,residential,Northeast,,77,3,,,,,74.4
energy_consumption,customer_observation,2572,CUSTOMER_2572,,commercial,Midwest,,52,3,,,,,99.67
energy_consumption,customer_observation,2573,CUSTOMER_2573,,residential,North,,17,1,,,,,82.1
energy_consumption,customer_observation,2574,CUSTOMER_2574,,residential,Midwest,,17,3,,,,,88.77
energy_consumption,customer_observation,2575,CUSTOMER_2575,,residential,North,,45,3,,,,,73.91
energy_consumption,customer_observation,2576,CUSTOMER_2576,,residential,Northeast,,24,2,,,,,63.99
energy_consumption,customer_observation,2577,CUSTOMER_2577,,commercial,Midwest,,17,1,,,,,89.65
energy_consumption,customer_observation,2578,CUSTOMER_2578,,residential,Midwest,,45,2,,,,,83.71
energy_consumption,customer_observation,2579,CUSTOMER_2579,,residential,South,,24,2,,,,,78.24
energy_consumption,customer_observation,2580,CUSTOMER_2580,,residential,Midwest,,17,2,,,,,84.54
energy_consumption,customer_observation,2581,CUSTOMER_2581,,residential,Midwest,,52,3,,,,,63.2
energy_consumption,customer_observation,2582,CUSTOMER_2582,,commercial,Northeast,,77,3,,,,,93.27
energy_consumption,customer_observation,2583,CUSTOMER_2583,,residential,North,,45,4,,,,,155.83
energy_consumption,customer_observation,2584,CUSTOMER_2584,,residential,North,,52,1,,,,,98.26
energy_consumption,customer_observation,2585,CUSTOMER_2585,,residential,Midwest,,24,3,,,,,69.01
energy_consumption,customer_observation,2586,CUSTOMER_2586,,residential,Midwest,,24,1,,,,,73.35
energy_consumption,customer_observation,2587,CUSTOMER_2587,,residential,Midwest,,24,2,,,,,94.01
energy_consumption,customer_observation,2588,CUSTOMER_2588,,commercial,Midwest,,45,4,,,,,136.48
energy_consumption,customer_observation,2589,CUSTOMER_2589,,residential,Midwest,,77,2,,,,,80.64
energy_consumption,customer_observation,2590,CUSTOMER_2590,,commercial,North,,45,3,,,,,100.08
energy_consumption,customer_observation,2591,CUSTOMER_2591,,commercial,Northeast,,52,3,,,,,80.02
energy_consumption,customer_observation,2592,CUSTOMER_2592,,commercial,Southeast,,45,4,,,,,132.08
energy_consumption,customer_observation,2593,CUSTOMER_2593,,residential,Midwest,,24,1,,,,,54.66
energy_consumption,customer_observation,2594,CUSTOMER_2594,,residential,Southeast,,45,4,,,,,107.66
energy_consumption,customer_observation,2595,CUSTOMER_2595,,residential,North,,17,3,,,,,52.88
energy_consumption,customer_observation,2596,CUSTOMER_2596,,commercial,South,,17,3,,,,,99.4
energy_consumption,customer_observation,2597,CUSTOMER_2597,,residential,Northeast,,45,4,,,,,126.24
energy_consumption,customer_observation,2598,CUSTOMER_2598,,residential,North,,45,3,,,,,76.56
energy_consumption,customer_observation,2599,CUSTOMER_2599,,residential,South,,45,2,,,,,95.91
energy_consumption,customer_observation,2600,CUSTOMER_2600,,residential,Northeast,,45,4,,,,,137.25
energy_consumption,customer_observation,2601,CUSTOMER_2601,,residential,Midwest,,24,3,,,,,83.8
energy_consumption,customer_observation,2602,CUSTOMER_2602,,residential,Northeast,,45,4,,,,,120.11
energy_consumption,customer_observation,2603,CUSTOMER_2603,,commercial,Midwest,,45,3,,,,,95.32
energy_consumption,customer_observation,2604,CUSTOMER_2604,,residential,South,,24,2,,,,,61.02
energy_consumption,customer_observation,2605,CUSTOMER_2605,,residential,Northeast,,52,2,,,,,55.23
energy_consumption,customer_observation,2606,CUSTOMER_2606,,residential,Midwest,,45,4,,,,,114.36
energy_consumption,customer_observation,2607,CUSTOMER_2607,,residential,Northeast,,45,2,,,,,66.25
energy_consumption,customer_observation,2608,CUSTOMER_2608,,residential,Midwest,,52,2,,,,,67.0
energy_consumption,customer_observation,2609,CUSTOMER_2609,,commercial,Northeast,,52,3,,,,,86.93
energy_consumption,customer_observation,2610,CUSTOMER_2610,,residential,Northeast,,52,4,,,,,115.8
energy_consumption,customer_observation,2611,CUSTOMER_2611,,commercial,Northeast,,24,3,,,,,87.25
energy_consumption,customer_observation,2612,CUSTOMER_2612,,residential,Northeast,,17,3,,,,,57.18
energy_consumption,customer_observation,2613,CUSTOMER_2613,,residential,South,,24,1,,,,,60.06
energy_consumption,customer_observation,2614,CUSTOMER_2614,,commercial,Northeast,,24,2,,,,,78.63
energy_consumption,customer_observation,2615,CUSTOMER_2615,,residential,Northeast,,77,3,,,,,99.84
energy_consumption,customer_observation,2616,CUSTOMER_2616,,residential,Midwest,,45,3,,,,,96.64
energy_consumption,customer_observation,2617,CUSTOMER_2617,,residential,Northeast,,17,3,,,,,102.25
energy_consumption,customer_observation,2618,CUSTOMER_2618,,residential,Midwest,,17,2,,,,,85.9
energy_consumption,customer_observation,2619,CUSTOMER_2619,,commercial,South,,24,2,,,,,87.2
energy_consumption,customer_observation,2620,CUSTOMER_2620,,residential,Midwest,,45,2,,,,,84.59
energy_consumption,customer_observation,2621,CUSTOMER_2621,,commercial,Southeast,,45,4,,,,,138.0
energy_consumption,customer_observation,2622,CUSTOMER_2622,,commercial,Midwest,,52,3,,,,,60.05
energy_consumption,customer_observation,2623,CUSTOMER_2623,,residential,Northeast,,77,2,,,,,80.42
energy_consumption,customer_observation,2624,CUSTOMER_2624,,commercial,Midwest,,24,3,,,,,72.32
energy_consumption,customer_observation,2625,CUSTOMER_2625,,residential,Midwest,,24,1,,,,,75.22
energy_consumption,customer_observation,2626,CUSTOMER_2626,,commercial,Midwest,,24,2,,,,,79.39
energy_consumption,customer_observation,2627,CUSTOMER_2627,,residential,Southeast,,24,2,,,,,59.09
energy_consumption,customer_observation,2628,CUSTOMER_2628,,commercial,Midwest,,77,4,,,,,123.56
energy_consumption,customer_observation,2629,CUSTOMER_2629,,residential,South,,45,3,,,,,55.76
energy_consumption,customer_observation,2630,CUSTOMER_2630,,residential,Midwest,,45,2,,,,,102.81
energy_consumption,customer_observation,2631,CUSTOMER_2631,,residential,Midwest,,45,2,,,,,58.59
energy_consumption,customer_observation,2632,CUSTOMER_2632,,commercial,Midwest,,17,3,,,,,65.78
energy_consumption,customer_observation,2633,CUSTOMER_2633,,residential,Northeast,,17,3,,,,,98.27
energy_consumption,customer_observation,2634,CUSTOMER_2634,,residential,South,,45,3,,,,,77.29
energy_consumption,customer_observation,2635,CUSTOMER_2635,,commercial,Midwest,,45,1,,,,,59.46
energy_consumption,customer_observation,2636,CUSTOMER_2636,,commercial,North,,24,3,,,,,72.23
energy_consumption,customer_observation,2637,CUSTOMER_2637,,commercial,Northeast,,45,2,,,,,58.45
energy_consumption,customer_observation,2638,CUSTOMER_2638,,commercial,Midwest,,52,1,,,,,62.78
energy_consumption,customer_observation,2639,CUSTOMER_2639,,commercial,North,,45,4,,,,,106.71
energy_consumption,customer_observation,2640,CUSTOMER_2640,,commercial,North,,45,3,,,,,75.0
energy_consumption,customer_observation,2641,CUSTOMER_2641,,residential,Midwest,,45,1,,,,,93.92
energy_consumption,customer_observation,2642,CUSTOMER_2642,,residential,Northeast,,45,1,,,,,82.59
energy_consumption,customer_observation,2643,CUSTOMER_2643,,commercial,Midwest,,45,2,,,,,83.64
energy_consumption,customer_observation,2644,CUSTOMER_2644,,residential,Northeast,,77,1,,,,,62.8
energy_consumption,customer_observation,2645,CUSTOMER_2645,,residential,Northeast,,24,3,,,,,70.16
energy_consumption,customer_observation,2646,CUSTOMER_2646,,residential,Midwest,,45,1,,,,,95.9
energy_consumption,customer_observation,2647,CUSTOMER_2647,,commercial,Midwest,,24,1,,,,,57.01
energy_consumption,customer_observation,2648,CUSTOMER_2648,,residential,Northeast,,24,2,,,,,96.55
energy_consumption,customer_observation,2649,CUSTOMER_2649,,residential,Northeast,,45,2,,,,,77.34
energy_consumption,customer_observation,2650,CUSTOMER_2650,,residential,Midwest,,77,3,,,,,95.49
energy_consumption,customer_observation,2651,CUSTOMER_2651,,residential,North,,24,2,,,,,68.83
energy_consumption,customer_observation,2652,CUSTOMER_2652,,residential,North,,24,3,,,,,69.9
energy_consumption,customer_observation,2653,CUSTOMER_2653,,residential,North,,24,3,,,,,91.09
energy_consumption,customer_observation,2654,CUSTOMER_2654,,residential,Southeast,,45,2,,,,,92.81
energy_consumption,customer_observation,2655,CUSTOMER_2655,,commercial,Midwest,,24,1,,,,,64.29
energy_consumption,customer_observation,2656,CUSTOMER_2656,,residential,Midwest,,24,2,,,,,102.46
energy_consumption,customer_observation,2657,CUSTOMER_2657,,commercial,Midwest,,45,1,,,,,56.84
energy_consumption,customer_observation,2658,CUSTOMER_2658,,commercial,Midwest,,17,1,,,,,56.02
energy_consumption,customer_observation,2659,CUSTOMER_2659,,residential,Midwest,,45,4,,,,,136.5
energy_consumption,customer_observation,2660,CUSTOMER_2660,,commercial,Midwest,,45,4,,,,,143.47
energy_consumption,customer_observation,2661,CUSTOMER_2661,,residential,North,,24,3,,,,,101.84
energy_consumption,customer_observation,2662,CUSTOMER_2662,,commercial,Midwest,,45,4,,,,,126.06
energy_consumption,customer_observation,2663,CUSTOMER_2663,,residential,Midwest,,45,3,,,,,53.8
energy_consumption,customer_observation,2664,CUSTOMER_2664,,commercial,Midwest,,45,2,,,,,83.46
energy_consumption,customer_observation,2665,CUSTOMER_2665,,residential,Northeast,,45,1,,,,,67.38
energy_consumption,customer_observation,2666,CUSTOMER_2666,,residential,Northeast,,24,2,,,,,74.73
energy_consumption,customer_observation,2667,CUSTOMER_2667,,residential,Midwest,,52,3,,,,,77.58
energy_consumption,customer_observation,2668,CUSTOMER_2668,,commercial,Midwest,,45,4,,,,,107.4
energy_consumption,customer_observation,2669,CUSTOMER_2669,,commercial,Southeast,,24,1,,,,,77.46
energy_consumption,customer_observation,2670,CUSTOMER_2670,,residential,Northeast,,17,2,,,,,74.39
energy_consumption,customer_observation,2671,CUSTOMER_2671,,residential,Midwest,,17,2,,,,,89.09
energy_consumption,customer_observation,2672,CUSTOMER_2672,,residential,Midwest,,17,3,,,,,85.65
energy_consumption,customer_observation,2673,CUSTOMER_2673,,commercial,Southeast,,45,3,,,,,62.01
energy_consumption,customer_observation,2674,CUSTOMER_2674,,residential,Midwest,,17,3,,,,,63.09
energy_consumption,customer_observation,2675,CUSTOMER_2675,,commercial,Midwest,,24,3,,,,,65.39
energy_consumption,customer_observation,2676,CUSTOMER_2676,,residential,Midwest,,45,2,,,,,61.69
energy_consumption,customer_observation,2677,CUSTOMER_2677,,residential,Midwest,,24,3,,,,,86.25
energy_consumption,customer_observation,2678,CUSTOMER_2678,,residential,South,,45,3,,,,,103.56
energy_consumption,customer_observation,2679,CUSTOMER_2679,,residential,North,,45,2,,,,,85.99
energy_consumption,customer_observation,2680,CUSTOMER_2680,,residential,North,,24,2,,,,,83.65
energy_consumption,customer_observation,2681,CUSTOMER_2681,,residential,South,,45,1,,,,,73.55
energy_consumption,customer_observation,2682,CUSTOMER_2682,,commercial,Midwest,,45,2,,,,,68.55
energy_consumption,customer_observation,2683,CUSTOMER_2683,,residential,Midwest,,24,1,,,,,99.28
energy_consumption,customer_observation,2684,CUSTOMER_2684,,residential,Midwest,,24,3,,,,,102.26
energy_consumption,customer_observation,2685,CUSTOMER_2685,,residential,North,,45,4,,,,,131.09
energy_consumption,customer_observation,2686,CUSTOMER_2686,,residential,Midwest,,77,1,,,,,67.4
energy_consumption,customer_observation,2687,CUSTOMER_2687,,residential,Midwest,,45,1,,,,,92.05
energy_consumption,customer_observation,2688,CUSTOMER_2688,,residential,Northeast,,24,3,,,,,59.3
energy_consumption,customer_observation,2689,CUSTOMER_2689,,residential,Northeast,,45,4,,,,,145.82
energy_consumption,customer_observation,2690,CUSTOMER_2690,,residential,Southeast,,45,3,,,,,94.55
energy_consumption,customer_observation,2691,CUSTOMER_2691,,residential,North,,45,4,,,,,110.71
energy_consumption,customer_observation,2692,CUSTOMER_2692,,residential,Southeast,,45,4,,,,,157.4
energy_consumption,customer_observation,2693,CUSTOMER_2693,,residential,Northeast,,45,3,,,,,103.11
energy_consumption,customer_observation,2694,CUSTOMER_2694,,residential,Midwest,,52,1,,,,,100.6
energy_consumption,customer_observation,2695,CUSTOMER_2695,,commercial,South,,45,2,,,,,77.97
energy_consumption,customer_observation,2696,CUSTOMER_2696,,residential,Midwest,,45,4,,,,,117.35
energy_consumption,customer_observation,2697,CUSTOMER_2697,,commercial,Midwest,,24,2,,,,,82.39
energy_consumption,customer_observation,2698,CUSTOMER_2698,,residential,Midwest,,52,2,,,,,74.06
energy_consumption,customer_observation,2699,CUSTOMER_2699,,commercial,Northeast,,77,3,,,,,63.08
energy_consumption,customer_observation,2700,CUSTOMER_2700,,commercial,Northeast,,17,3,,,,,74.26
energy_consumption,customer_observation,2701,CUSTOMER_2701,,residential,South,,45,2,,,,,86.59
energy_consumption,customer_observation,2702,CUSTOMER_2702,,commercial,Midwest,,24,3,,,,,56.14
energy_consumption,customer_observation,2703,CUSTOMER_2703,,residential,Midwest,,45,4,,,,,122.13
energy_consumption,customer_observation,2704,CUSTOMER_2704,,residential,Northeast,,45,1,,,,,53.41
energy_consumption,customer_observation,2705,CUSTOMER_2705,,commercial,North,,17,1,,,,,90.99
energy_consumption,customer_observation,2706,CUSTOMER_2706,,commercial,North,,52,4,,,,,138.98
energy_consumption,customer_observation,2707,CUSTOMER_2707,,residential,Midwest,,24,3,,,,,55.72
energy_consumption,customer_observation,2708,CUSTOMER_2708,,residential,Midwest,,45,2,,,,,102.04
energy_consumption,customer_observation,2709,CUSTOMER_2709,,residential,Midwest,,45,2,,,,,53.66
energy_consumption,customer_observation,2710,CUSTOMER_2710,,residential,Southeast,,24,1,,,,,82.79
energy_consumption,customer_observation,2711,CUSTOMER_2711,,commercial,North,,24,3,,,,,92.37
energy_consumption,customer_observation,2712,CUSTOMER_2712,,residential,Northeast,,24,2,,,,,92.96
energy_consumption,customer_observation,2713,CUSTOMER_2713,,residential,Northeast,,45,2,,,,,54.26
energy_consumption,customer_observation,2714,CUSTOMER_2714,,residential,Midwest,,45,4,,,,,153.54
energy_consumption,customer_observation,2715,CUSTOMER_2715,,residential,North,,17,3,,,,,99.66
energy_consumption,customer_observation,2716,CUSTOMER_2716,,residential,South,,17,3,,,,,81.33
energy_consumption,customer_observation,2717,CUSTOMER_2717,,residential,Northeast,,17,2,,,,,77.25
energy_consumption,customer_observation,2718,CUSTOMER_2718,,commercial,South,,45,3,,,,,54.8
energy_consumption,customer_observation,2719,CUSTOMER_2719,,commercial,Midwest,,45,3,,,,,81.36
energy_consumption,customer_observation,2720,CUSTOMER_2720,,residential,South,,17,3,,,,,73.52
energy_consumption,customer_observation,2721,CUSTOMER_2721,,commercial,Midwest,,45,4,,,,,146.22
energy_consumption,customer_observation,2722,CUSTOMER_2722,,commercial,South,,17,2,,,,,73.24
energy_consumption,customer_observation,2723,CUSTOMER_2723,,commercial,North,,77,1,,,,,87.6
energy_consumption,customer_observation,2724,CUSTOMER_2724,,residential,Midwest,,77,3,,,,,57.71
energy_consumption,customer_observation,2725,CUSTOMER_2725,,residential,South,,45,2,,,,,59.33
energy_consumption,customer_observation,2726,CUSTOMER_2726,,residential,North,,77,1,,,,,59.67
energy_consumption,customer_observation,2727,CUSTOMER_2727,,residential,North,,52,4,,,,,106.36
energy_consumption,customer_observation,2728,CUSTOMER_2728,,residential,Midwest,,52,2,,,,,80.3
energy_consumption,customer_observation,2729,CUSTOMER_2729,,residential,South,,45,4,,,,,147.38
energy_consumption,customer_observation,2730,CUSTOMER_2730,,residential,Midwest,,24,2,,,,,83.84
energy_consumption,customer_observation,2731,CUSTOMER_2731,,commercial,Midwest,,24,2,,,,,82.02
energy_consumption,customer_observation,2732,CUSTOMER_2732,,residential,North,,24,1,,,,,87.45
energy_consumption,customer_observation,2733,CUSTOMER_2733,,residential,North,,45,2,,,,,69.94
energy_consumption,customer_observation,2734,CUSTOMER_2734,,commercial,Southeast,,24,1,,,,,71.09
energy_consumption,customer_observation,2735,CUSTOMER_2735,,commercial,North,,24,3,,,,,68.64
energy_consumption,customer_observation,2736,CUSTOMER_2736,,commercial,Midwest,,45,1,,,,,89.07
energy_consumption,customer_observation,2737,CUSTOMER_2737,,commercial,South,,24,2,,,,,60.8
energy_consumption,customer_observation,2738,CUSTOMER_2738,,residential,Northeast,,45,1,,,,,53.17
energy_consumption,customer_observation,2739,CUSTOMER_2739,,commercial,Midwest,,77,2,,,,,83.11
energy_consumption,customer_observation,2740,CUSTOMER_2740,,residential,North,,45,4,,,,,155.51
energy_consumption,customer_observation,2741,CUSTOMER_2741,,residential,Midwest,,45,3,,,,,83.79
energy_consumption,customer_observation,2742,CUSTOMER_2742,,residential,Northeast,,45,1,,,,,92.7
energy_consumption,customer_observation,2743,CUSTOMER_2743,,residential,Midwest,,45,3,,,,,87.05
energy_consumption,customer_observation,2744,CUSTOMER_2744,,residential,Northeast,,24,1,,,,,78.04
energy_consumption,customer_observation,2745,CUSTOMER_2745,,residential,Midwest,,52,2,,,,,89.39
energy_consumption,customer_observation,2746,CUSTOMER_2746,,commercial,Midwest,,24,1,,,,,94.82
energy_consumption,customer_observation,2747,CUSTOMER_2747,,residential,Northeast,,17,3,,,,,64.04
energy_consumption,customer_observation,2748,CUSTOMER_2748,,residential,Midwest,,45,1,,,,,69.76
energy_consumption,customer_observation,2749,CUSTOMER_2749,,commercial,Northeast,,24,3,,,,,63.99
energy_consumption,customer_observation,2750,CUSTOMER_2750,,residential,Midwest,,24,3,,,,,75.72
energy_consumption,customer_observation,2751,CUSTOMER_2751,,residential,Northeast,,17,2,,,,,97.95
energy_consumption,customer_observation,2752,CUSTOMER_2752,,commercial,Midwest,,17,1,,,,,70.23
energy_consumption,customer_observation,2753,CUSTOMER_2753,,residential,North,,24,3,,,,,71.73
energy_consumption,customer_observation,2754,CUSTOMER_2754,,residential,Midwest,,17,2,,,,,96.68
energy_consumption,customer_observation,2755,CUSTOMER_2755,,commercial,Northeast,,45,4,,,,,132.11
energy_consumption,customer_observation,2756,CUSTOMER_2756,,residential,Midwest,,52,2,,,,,80.0
energy_consumption,customer_observation,2757,CUSTOMER_2757,,residential,Northeast,,24,2,,,,,96.7
energy_consumption,customer_observation,2758,CUSTOMER_2758,,commercial,Southeast,,52,3,,,,,77.69
energy_consumption,customer_observation,2759,CUSTOMER_2759,,commercial,Southeast,,24,1,,,,,87.5
energy_consumption,customer_observation,2760,CUSTOMER_2760,,residential,Northeast,,24,3,,,,,56.9
energy_consumption,customer_observation,2761,CUSTOMER_2761,,residential,Midwest,,24,2,,,,,61.67
energy_consumption,customer_observation,2762,CUSTOMER_2762,,residential,North,,45,3,,,,,73.26
energy_consumption,customer_observation,2763,CUSTOMER_2763,,residential,Northeast,,45,3,,,,,77.91
energy_consumption,customer_observation,2764,CUSTOMER_2764,,residential,Midwest,,45,2,,,,,102.09
energy_consumption,customer_observation,2765,CUSTOMER_2765,,residential,Midwest,,45,1,,,,,102.34
energy_consumption,customer_observation,2766,CUSTOMER_2766,,commercial,Midwest,,45,2,,,,,96.21
energy_consumption,customer_observation,2767,CUSTOMER_2767,,residential,Northeast,,45,2,,,,,68.71
energy_consumption,customer_observation,2768,CUSTOMER_2768,,residential,Northeast,,77,4,,,,,156.7
energy_consumption,customer_observation,2769,CUSTOMER_2769,,residential,North,,24,3,,,,,87.9
energy_consumption,customer_observation,2770,CUSTOMER_2770,,commercial,Midwest,,24,2,,,,,72.68
energy_consumption,customer_observation,2771,CUSTOMER_2771,,residential,Midwest,,45,3,,,,,88.53
energy_consumption,customer_observation,2772,CUSTOMER_2772,,residential,Midwest,,45,2,,,,,53.35
energy_consumption,customer_observation,2773,CUSTOMER_2773,,commercial,Northeast,,24,2,,,,,60.01
energy_consumption,customer_observation,2774,CUSTOMER_2774,,residential,Northeast,,24,1,,,,,95.1
energy_consumption,customer_observation,2775,CUSTOMER_2775,,residential,Northeast,,45,4,,,,,139.24
energy_consumption,customer_observation,2776,CUSTOMER_2776,,residential,North,,45,4,,,,,123.82
energy_consumption,customer_observation,2777,CUSTOMER_2777,,residential,Northeast,,24,2,,,,,78.21
energy_consumption,customer_observation,2778,CUSTOMER_2778,,residential,Southeast,,77,1,,,,,98.98
energy_consumption,customer_observation,2779,CUSTOMER_2779,,residential,Southeast,,45,2,,,,,84.93
energy_consumption,customer_observation,2780,CUSTOMER_2780,,residential,Midwest,,45,2,,,,,72.94
energy_consumption,customer_observation,2781,CUSTOMER_2781,,residential,Midwest,,45,2,,,,,58.68
energy_consumption,customer_observation,2782,CUSTOMER_2782,,commercial,North,,52,1,,,,,67.58
energy_consumption,customer_observation,2783,CUSTOMER_2783,,commercial,Southeast,,17,3,,,,,102.74
energy_consumption,customer_observation,2784,CUSTOMER_2784,,commercial,North,,24,1,,,,,74.96
energy_consumption,customer_observation,2785,CUSTOMER_2785,,commercial,South,,45,2,,,,,76.73
energy_consumption,customer_observation,2786,CUSTOMER_2786,,residential,Midwest,,45,3,,,,,78.1
energy_consumption,customer_observation,2787,CUSTOMER_2787,,commercial,Northeast,,17,2,,,,,97.9
energy_consumption,customer_observation,2788,CUSTOMER_2788,,residential,South,,77,1,,,,,83.51
energy_consumption,customer_observation,2789,CUSTOMER_2789,,commercial,North,,45,1,,,,,88.12
energy_consumption,customer_observation,2790,CUSTOMER_2790,,commercial,Midwest,,24,3,,,,,72.5
energy_consumption,customer_observation,2791,CUSTOMER_2791,,commercial,Midwest,,24,1,,,,,53.99
energy_consumption,customer_observation,2792,CUSTOMER_2792,,commercial,Northeast,,24,2,,,,,100.31
energy_consumption,customer_observation,2793,CUSTOMER_2793,,residential,Midwest,,45,3,,,,,101.24
energy_consumption,customer_observation,2794,CUSTOMER_2794,,residential,Midwest,,77,4,,,,,155.88
energy_consumption,customer_observation,2795,CUSTOMER_2795,,residential,Midwest,,45,2,,,,,100.96
energy_consumption,customer_observation,2796,CUSTOMER_2796,,residential,North,,77,4,,,,,148.54
energy_consumption,customer_observation,2797,CUSTOMER_2797,,residential,South,,52,3,,,,,87.65
energy_consumption,customer_observation,2798,CUSTOMER_2798,,residential,Northeast,,45,3,,,,,95.87
energy_consumption,customer_observation,2799,CUSTOMER_2799,,commercial,Northeast,,45,2,,,,,83.34
energy_consumption,customer_observation,2800,CUSTOMER_2800,,residential,Northeast,,45,1,,,,,59.4
energy_consumption,customer_observation,2801,CUSTOMER_2801,,commercial,North,,45,2,,,,,72.59
energy_consumption,customer_observation,2802,CUSTOMER_2802,,commercial,North,,17,1,,,,,102.38
energy_consumption,customer_observation,2803,CUSTOMER_2803,,commercial,South,,45,1,,,,,70.53
energy_consumption,customer_observation,2804,CUSTOMER_2804,,commercial,Northeast,,17,2,,,,,97.06
energy_consumption,customer_observation,2805,CUSTOMER_2805,,residential,North,,52,3,,,,,57.29
energy_consumption,customer_observation,2806,CUSTOMER_2806,,commercial,North,,52,2,,,,,69.66
energy_consumption,customer_observation,2807,CUSTOMER_2807,,commercial,Midwest,,24,3,,,,,70.52
energy_consumption,customer_observation,2808,CUSTOMER_2808,,residential,Southeast,,24,1,,,,,55.15
energy_consumption,customer_observation,2809,CUSTOMER_2809,,residential,Northeast,,45,3,,,,,58.62
energy_consumption,customer_observation,2810,CUSTOMER_2810,,commercial,North,,45,2,,,,,62.42
energy_consumption,customer_observation,2811,CUSTOMER_2811,,residential,Northeast,,24,3,,,,,95.52
energy_consumption,customer_observation,2812,CUSTOMER_2812,,residential,North,,45,1,,,,,55.76
energy_consumption,customer_observation,2813,CUSTOMER_2813,,commercial,North,,24,1,,,,,67.84
energy_consumption,customer_observation,2814,CUSTOMER_2814,,residential,Midwest,,17,3,,,,,53.02
energy_consumption,customer_observation,2815,CUSTOMER_2815,,residential,Northeast,,17,1,,,,,88.22
energy_consumption,customer_observation,2816,CUSTOMER_2816,,commercial,Midwest,,17,1,,,,,84.35
energy_consumption,customer_observation,2817,CUSTOMER_2817,,residential,Northeast,,45,3,,,,,85.62
energy_consumption,customer_observation,2818,CUSTOMER_2818,,residential,South,,77,1,,,,,71.72
energy_consumption,customer_observation,2819,CUSTOMER_2819,,residential,South,,45,4,,,,,115.28
energy_consumption,customer_observation,2820,CUSTOMER_2820,,residential,Midwest,,45,4,,,,,143.34
energy_consumption,customer_observation,2821,CUSTOMER_2821,,commercial,Northeast,,17,3,,,,,94.15
energy_consumption,customer_observation,2822,CUSTOMER_2822,,residential,Northeast,,45,4,,,,,111.46
energy_consumption,customer_observation,2823,CUSTOMER_2823,,residential,Midwest,,17,3,,,,,77.5
energy_consumption,customer_observation,2824,CUSTOMER_2824,,residential,Midwest,,45,1,,,,,65.27
energy_consumption,customer_observation,2825,CUSTOMER_2825,,residential,Midwest,,77,3,,,,,61.13
energy_consumption,customer_observation,2826,CUSTOMER_2826,,commercial,Southeast,,24,1,,,,,90.21
energy_consumption,customer_observation,2827,CUSTOMER_2827,,commercial,South,,45,1,,,,,80.13
energy_consumption,customer_observation,2828,CUSTOMER_2828,,residential,Northeast,,17,1,,,,,63.6
energy_consumption,customer_observation,2829,CUSTOMER_2829,,residential,Midwest,,24,2,,,,,68.42
energy_consumption,customer_observation,2830,CUSTOMER_2830,,residential,North,,17,1,,,,,102.14
energy_consumption,customer_observation,2831,CUSTOMER_2831,,residential,Northeast,,24,3,,,,,96.08
energy_consumption,customer_observation,2832,CUSTOMER_2832,,commercial,Midwest,,24,3,,,,,97.69
energy_consumption,customer_observation,2833,CUSTOMER_2833,,residential,Northeast,,24,3,,,,,76.12
energy_consumption,customer_observation,2834,CUSTOMER_2834,,residential,Southeast,,45,2,,,,,84.53
energy_consumption,customer_observation,2835,CUSTOMER_2835,,residential,Northeast,,24,2,,,,,71.85
energy_consumption,customer_observation,2836,CUSTOMER_2836,,commercial,Midwest,,45,3,,,,,56.49
energy_consumption,customer_observation,2837,CUSTOMER_2837,,commercial,Midwest,,77,3,,,,,73.09
energy_consumption,customer_observation,2838,CUSTOMER_2838,,residential,Midwest,,45,4,,,,,136.42
energy_consumption,customer_observation,2839,CUSTOMER_2839,,commercial,Northeast,,24,2,,,,,67.24
energy_consumption,customer_observation,2840,CUSTOMER_2840,,residential,Southeast,,24,3,,,,,96.04
energy_consumption,customer_observation,2841,CUSTOMER_2841,,residential,Midwest,,52,1,,,,,60.26
energy_consumption,customer_observation,2842,CUSTOMER_2842,,commercial,Midwest,,45,1,,,,,71.35
energy_consumption,customer_observation,2843,CUSTOMER_2843,,commercial,North,,45,3,,,,,58.91
energy_consumption,customer_observation,2844,CUSTOMER_2844,,commercial,Midwest,,17,1,,,,,73.29
energy_consumption,customer_observation,2845,CUSTOMER_2845,,residential,Southeast,,45,4,,,,,106.03
energy_consumption,customer_observation,2846,CUSTOMER_2846,,residential,Midwest,,24,3,,,,,66.5
energy_consumption,customer_observation,2847,CUSTOMER_2847,,commercial,Southeast,,77,2,,,,,73.08
energy_consumption,customer_observation,2848,CUSTOMER_2848,,residential,Midwest,,52,3,,,,,77.05
energy_consumption,customer_observation,2849,CUSTOMER_2849,,residential,North,,17,2,,,,,80.42
energy_consumption,customer_observation,2850,CUSTOMER_2850,,residential,North,,45,4,,,,,118.93
energy_consumption,customer_observation,2851,CUSTOMER_2851,,commercial,Northeast,,24,1,,,,,79.36
energy_consumption,customer_observation,2852,CUSTOMER_2852,,residential,Midwest,,45,1,,,,,78.64
energy_consumption,customer_observation,2853,CUSTOMER_2853,,residential,Midwest,,52,1,,,,,68.74
energy_consumption,customer_observation,2854,CUSTOMER_2854,,commercial,Northeast,,45,4,,,,,149.36
energy_consumption,customer_observation,2855,CUSTOMER_2855,,residential,Midwest,,24,3,,,,,80.52
energy_consumption,customer_observation,2856,CUSTOMER_2856,,residential,Midwest,,24,2,,,,,69.56
energy_consumption,customer_observation,2857,CUSTOMER_2857,,residential,Midwest,,52,2,,,,,101.15
energy_consumption,customer_observation,2858,CUSTOMER_2858,,residential,Northeast,,45,4,,,,,150.18
energy_consumption,customer_observation,2859,CUSTOMER_2859,,residential,North,,45,4,,,,,157.72
energy_consumption,customer_observation,2860,CUSTOMER_2860,,residential,Northeast,,24,1,,,,,88.05
energy_consumption,customer_observation,2861,CUSTOMER_2861,,commercial,North,,24,1,,,,,71.92
energy_consumption,customer_observation,2862,CUSTOMER_2862,,residential,Northeast,,77,4,,,,,119.25
energy_consumption,customer_observation,2863,CUSTOMER_2863,,commercial,North,,45,2,,,,,86.56
energy_consumption,customer_observation,2864,CUSTOMER_2864,,residential,Midwest,,45,3,,,,,102.86
energy_consumption,customer_observation,2865,CUSTOMER_2865,,residential,Northeast,,45,4,,,,,138.21
energy_consumption,customer_observation,2866,CUSTOMER_2866,,residential,South,,45,1,,,,,97.77
energy_consumption,customer_observation,2867,CUSTOMER_2867,,residential,Northeast,,24,3,,,,,69.4
energy_consumption,customer_observation,2868,CUSTOMER_2868,,commercial,Northeast,,24,1,,,,,73.4
energy_consumption,customer_observation,2869,CUSTOMER_2869,,residential,Northeast,,45,1,,,,,99.04
energy_consumption,customer_observation,2870,CUSTOMER_2870,,residential,North,,45,3,,,,,91.37
energy_consumption,customer_observation,2871,CUSTOMER_2871,,commercial,Southeast,,45,3,,,,,102.9
energy_consumption,customer_observation,2872,CUSTOMER_2872,,commercial,North,,52,3,,,,,92.28
energy_consumption,customer_observation,2873,CUSTOMER_2873,,commercial,South,,24,3,,,,,75.53
energy_consumption,customer_observation,2874,CUSTOMER_2874,,residential,Southeast,,17,2,,,,,79.77
energy_consumption,customer_observation,2875,CUSTOMER_2875,,commercial,Midwest,,77,2,,,,,98.74
energy_consumption,customer_observation,2876,CUSTOMER_2876,,residential,Midwest,,45,1,,,,,80.83
energy_consumption,customer_observation,2877,CUSTOMER_2877,,residential,Midwest,,45,1,,,,,65.61
energy_consumption,customer_observation,2878,CUSTOMER_2878,,residential,Northeast,,45,4,,,,,127.74
energy_consumption,customer_observation,2879,CUSTOMER_2879,,residential,Midwest,,45,1,,,,,79.01
energy_consumption,customer_observation,2880,CUSTOMER_2880,,residential,North,,24,2,,,,,57.47
energy_consumption,customer_observation,2881,CUSTOMER_2881,,residential,North,,45,4,,,,,144.63
energy_consumption,customer_observation,2882,CUSTOMER_2882,,commercial,Midwest,,52,4,,,,,109.85
energy_consumption,customer_observation,2883,CUSTOMER_2883,,residential,Midwest,,45,3,,,,,73.29
energy_consumption,customer_observation,2884,CUSTOMER_2884,,residential,Southeast,,45,4,,,,,147.96
energy_consumption,customer_observation,2885,CUSTOMER_2885,,residential,North,,17,1,,,,,76.51
energy_consumption,customer_observation,2886,CUSTOMER_2886,,commercial,Southeast,,17,2,,,,,95.74
energy_consumption,customer_observation,2887,CUSTOMER_2887,,residential,Northeast,,24,1,,,,,70.06
energy_consumption,customer_observation,2888,CUSTOMER_2888,,residential,Northeast,,24,2,,,,,101.67
energy_consumption,customer_observation,2889,CUSTOMER_2889,,commercial,Northeast,,77,3,,,,,63.26
energy_consumption,customer_observation,2890,CUSTOMER_2890,,commercial,Midwest,,45,2,,,,,54.46
energy_consumption,customer_observation,2891,CUSTOMER_2891,,residential,Northeast,,45,3,,,,,97.3
energy_consumption,customer_observation,2892,CUSTOMER_2892,,commercial,Midwest,,45,1,,,,,91.13
energy_consumption,customer_observation,2893,CUSTOMER_2893,,commercial,Southeast,,24,3,,,,,64.41
energy_consumption,customer_observation,2894,CUSTOMER_2894,,commercial,Midwest,,77,4,,,,,157.83
energy_consumption,customer_observation,2895,CUSTOMER_2895,,residential,Midwest,,24,2,,,,,78.29
energy_consumption,customer_observation,2896,CUSTOMER_2896,,commercial,Southeast,,17,1,,,,,101.34
energy_consumption,customer_observation,2897,CUSTOMER_2897,,residential,Midwest,,45,1,,,,,78.43
energy_consumption,customer_observation,2898,CUSTOMER_2898,,residential,Midwest,,52,2,,,,,76.73
energy_consumption,customer_observation,2899,CUSTOMER_2899,,residential,Northeast,,52,4,,,,,128.48
energy_consumption,customer_observation,2900,CUSTOMER_2900,,residential,Southeast,,17,3,,,,,69.7
energy_consumption,customer_observation,2901,CUSTOMER_2901,,residential,Midwest,,52,2,,,,,79.91
energy_consumption,customer_observation,2902,CUSTOMER_2902,,commercial,Northeast,,24,3,,,,,75.74
energy_consumption,customer_observation,2903,CUSTOMER_2903,,residential,Northeast,,17,3,,,,,54.39
energy_consumption,customer_observation,2904,CUSTOMER_2904,,residential,Southeast,,52,1,,,,,65.87
energy_consumption,customer_observation,2905,CUSTOMER_2905,,residential,North,,52,4,,,,,115.54
energy_consumption,customer_observation,2906,CUSTOMER_2906,,residential,South,,45,3,,,,,97.04
energy_consumption,customer_observation,2907,CUSTOMER_2907,,commercial,North,,45,4,,,,,136.68
energy_consumption,customer_observation,2908,CUSTOMER_2908,,residential,Midwest,,52,1,,,,,91.72
energy_consumption,customer_observation,2909,CUSTOMER_2909,,residential,Northeast,,45,2,,,,,101.63
energy_consumption,customer_observation,2910,CUSTOMER_2910,,residential,Midwest,,52,2,,,,,85.57
energy_consumption,customer_observation,2911,CUSTOMER_2911,,residential,Southeast,,45,1,,,,,102.96
energy_consumption,customer_observation,2912,CUSTOMER_2912,,residential,Midwest,,77,1,,,,,68.51
energy_consumption,customer_observation,2913,CUSTOMER_2913,,commercial,Midwest,,77,3,,,,,62.06
energy_consumption,customer_observation,2914,CUSTOMER_2914,,commercial,North,,17,1,,,,,73.21
energy_consumption,customer_observation,2915,CUSTOMER_2915,,residential,North,,52,2,,,,,76.68
energy_consumption,customer_observation,2916,CUSTOMER_2916,,commercial,Northeast,,45,4,,,,,152.93
energy_consumption,customer_observation,2917,CUSTOMER_2917,,commercial,Midwest,,24,1,,,,,81.25
energy_consumption,customer_observation,2918,CUSTOMER_2918,,commercial,North,,45,1,,,,,67.5
energy_consumption,customer_observation,2919,CUSTOMER_2919,,residential,North,,17,1,,,,,90.63
energy_consumption,customer_observation,2920,CUSTOMER_2920,,residential,Midwest,,45,3,,,,,78.47
energy_consumption,customer_observation,2921,CUSTOMER_2921,,residential,Midwest,,52,1,,,,,60.83
energy_consumption,customer_observation,2922,CUSTOMER_2922,,commercial,Midwest,,24,3,,,,,82.12
energy_consumption,customer_observation,2923,CUSTOMER_2923,,commercial,Northeast,,45,3,,,,,99.3
energy_consumption,customer_observation,2924,CUSTOMER_2924,,residential,North,,77,1,,,,,95.77
energy_consumption,customer_observation,2925,CUSTOMER_2925,,residential,South,,45,4,,,,,136.02
energy_consumption,customer_observation,2926,CUSTOMER_2926,,commercial,Northeast,,24,3,,,,,71.86
energy_consumption,customer_observation,2927,CUSTOMER_2927,,commercial,Southeast,,45,1,,,,,56.97
energy_consumption,customer_observation,2928,CUSTOMER_2928,,commercial,Southeast,,45,2,,,,,76.62
energy_consumption,customer_observation,2929,CUSTOMER_2929,,commercial,Midwest,,45,4,,,,,145.08
energy_consumption,customer_observation,2930,CUSTOMER_2930,,residential,Northeast,,52,2,,,,,71.0
energy_consumption,customer_observation,2931,CUSTOMER_2931,,residential,Southeast,,45,3,,,,,64.59
energy_consumption,customer_observation,2932,CUSTOMER_2932,,commercial,Midwest,,52,2,,,,,100.33
energy_consumption,customer_observation,2933,CUSTOMER_2933,,residential,Midwest,,45,1,,,,,94.69
energy_consumption,customer_observation,2934,CUSTOMER_2934,,residential,Northeast,,24,3,,,,,85.28
energy_consumption,customer_observation,2935,CUSTOMER_2935,,commercial,Northeast,,45,1,,,,,59.52
energy_consumption,customer_observation,2936,CUSTOMER_2936,,residential,North,,45,4,,,,,111.8
energy_consumption,customer_observation,2937,CUSTOMER_2937,,commercial,Midwest,,45,3,,,,,57.8
energy_consumption,customer_observation,2938,CUSTOMER_2938,,residential,Midwest,,17,3,,,,,84.15
energy_consumption,customer_observation,2939,CUSTOMER_2939,,commercial,Northeast,,24,3,,,,,58.43
energy_consumption,customer_observation,2940,CUSTOMER_2940,,residential,Midwest,,24,3,,,,,95.77
energy_consumption,customer_observation,2941,CUSTOMER_2941,,residential,Northeast,,24,2,,,,,103.49
energy_consumption,customer_observation,2942,CUSTOMER_2942,,residential,Midwest,,45,2,,,,,71.31
energy_consumption,customer_observation,2943,CUSTOMER_2943,,residential,South,,17,2,,,,,75.8
energy_consumption,customer_observation,2944,CUSTOMER_2944,,commercial,Northeast,,45,3,,,,,89.04
energy_consumption,customer_observation,2945,CUSTOMER_2945,,commercial,Northeast,,24,2,,,,,100.62
energy_consumption,customer_observation,2946,CUSTOMER_2946,,residential,North,,24,3,,,,,98.41
energy_consumption,customer_observation,2947,CUSTOMER_2947,,residential,Midwest,,45,4,,,,,107.02
energy_consumption,customer_observation,2948,CUSTOMER_2948,,residential,Midwest,,24,2,,,,,61.18
energy_consumption,customer_observation,2949,CUSTOMER_2949,,residential,South,,52,3,,,,,91.25
energy_consumption,customer_observation,2950,CUSTOMER_2950,,commercial,Northeast,,17,2,,,,,87.87
energy_consumption,customer_observation,2951,CUSTOMER_2951,,commercial,South,,45,2,,,,,59.34
energy_consumption,customer_observation,2952,CUSTOMER_2952,,commercial,North,,52,2,,,,,78.28
energy_consumption,customer_observation,2953,CUSTOMER_2953,,commercial,Midwest,,45,3,,,,,92.59
energy_consumption,customer_observation,2954,CUSTOMER_2954,,residential,North,,24,3,,,,,63.73
energy_consumption,customer_observation,2955,CUSTOMER_2955,,commercial,Southeast,,45,2,,,,,97.24
energy_consumption,customer_observation,2956,CUSTOMER_2956,,commercial,Midwest,,45,4,,,,,106.76
energy_consumption,customer_observation,2957,CUSTOMER_2957,,commercial,Midwest,,77,4,,,,,146.73
energy_consumption,customer_observation,2958,CUSTOMER_2958,,commercial,Southeast,,52,3,,,,,84.12
energy_consumption,customer_observation,2959,CUSTOMER_2959,,residential,Northeast,,24,1,,,,,68.69
energy_consumption,customer_observation,2960,CUSTOMER_2960,,commercial,North,,77,2,,,,,89.52
energy_consumption,customer_observation,2961,CUSTOMER_2961,,residential,Southeast,,17,2,,,,,92.67
energy_consumption,customer_observation,2962,CUSTOMER_2962,,residential,Northeast,,17,1,,,,,100.46
energy_consumption,customer_observation,2963,CUSTOMER_2963,,residential,North,,52,3,,,,,71.39
energy_consumption,customer_observation,2964,CUSTOMER_2964,,commercial,Midwest,,24,3,,,,,87.73
energy_consumption,customer_observation,2965,CUSTOMER_2965,,commercial,Midwest,,17,3,,,,,83.44
energy_consumption,customer_observation,2966,CUSTOMER_2966,,commercial,North,,24,2,,,,,79.47
energy_consumption,customer_observation,2967,CUSTOMER_2967,,commercial,Northeast,,45,2,,,,,98.22
energy_consumption,customer_observation,2968,CUSTOMER_2968,,residential,North,,45,2,,,,,52.66
energy_consumption,customer_observation,2969,CUSTOMER_2969,,commercial,Midwest,,45,4,,,,,119.32
energy_consumption,customer_observation,2970,CUSTOMER_2970,,residential,Southeast,,24,2,,,,,80.14
energy_consumption,customer_observation,2971,CUSTOMER_2971,,residential,South,,45,4,,,,,113.63
energy_consumption,customer_observation,2972,CUSTOMER_2972,,residential,Midwest,,77,2,,,,,99.12
energy_consumption,customer_observation,2973,CUSTOMER_2973,,commercial,Northeast,,52,3,,,,,85.75
energy_consumption,customer_observation,2974,CUSTOMER_2974,,commercial,South,,24,1,,,,,77.04
energy_consumption,customer_observation,2975,CUSTOMER_2975,,residential,Midwest,,77,4,,,,,148.51
energy_consumption,customer_observation,2976,CUSTOMER_2976,,residential,Northeast,,45,3,,,,,75.65
energy_consumption,customer_observation,2977,CUSTOMER_2977,,commercial,South,,17,3,,,,,81.19
energy_consumption,customer_observation,2978,CUSTOMER_2978,,residential,Midwest,,17,2,,,,,52.64
energy_consumption,customer_observation,2979,CUSTOMER_2979,,commercial,Midwest,,24,1,,,,,71.28
energy_consumption,customer_observation,2980,CUSTOMER_2980,,commercial,Midwest,,45,1,,,,,59.63
energy_consumption,customer_observation,2981,CUSTOMER_2981,,residential,Northeast,,24,3,,,,,87.92
energy_consumption,customer_observation,2982,CUSTOMER_2982,,residential,Northeast,,45,1,,,,,77.1
energy_consumption,customer_observation,2983,CUSTOMER_2983,,commercial,Midwest,,17,3,,,,,68.0
energy_consumption,customer_observation,2984,CUSTOMER_2984,,commercial,Northeast,,77,3,,,,,76.52
energy_consumption,customer_observation,2985,CUSTOMER_2985,,residential,Midwest,,24,3,,,,,63.26
energy_consumption,customer_observation,2986,CUSTOMER_2986,,commercial,Midwest,,77,3,,,,,100.0
energy_consumption,customer_observation,2987,CUSTOMER_2987,,residential,Midwest,,77,2,,,,,55.27
energy_consumption,customer_observation,2988,CUSTOMER_2988,,residential,Midwest,,17,1,,,,,96.94
energy_consumption,customer_observation,2989,CUSTOMER_2989,,commercial,Midwest,,45,2,,,,,78.76
energy_consumption,customer_observation,2990,CUSTOMER_2990,,commercial,Southeast,,17,2,,,,,84.28
energy_consumption,customer_observation,2991,CUSTOMER_2991,,residential,Midwest,,77,4,,,,,120.45
energy_consumption,customer_observation,2992,CUSTOMER_2992,,commercial,Northeast,,45,4,,,,,156.84
energy_consumption,customer_observation,2993,CUSTOMER_2993,,residential,Northeast,,17,2,,,,,66.97
energy_consumption,customer_observation,2994,CUSTOMER_2994,,residential,Northeast,,17,3,,,,,82.74
energy_consumption,customer_observation,2995,CUSTOMER_2995,,residential,North,,24,3,,,,,103.51
energy_consumption,customer_observation,2996,CUSTOMER_2996,,commercial,Northeast,,77,2,,,,,97.74
energy_consumption,customer_observation,2997,CUSTOMER_2997,,residential,Northeast,,45,2,,,,,80.04
energy_consumption,customer_observation,2998,CUSTOMER_2998,,residential,Midwest,,52,1,,,,,103.36
energy_consumption,customer_observation,2999,CUSTOMER_2999,,residential,South,,24,2,,,,,88.52
energy_consumption,customer_observation,3000,CUSTOMER_3000,,commercial,North,,17,3,,,,,63.22
energy_consumption,customer_observation,3001,CUSTOMER_3001,,commercial,Midwest,,77,2,,,,,73.33
energy_consumption,customer_observation,3002,CUSTOMER_3002,,commercial,Midwest,,17,1,,,,,69.68
energy_consumption,customer_observation,3003,CUSTOMER_3003,,residential,North,,77,1,,,,,70.17
energy_consumption,customer_observation,3004,CUSTOMER_3004,,residential,South,,24,2,,,,,91.55
energy_consumption,customer_observation,3005,CUSTOMER_3005,,residential,Midwest,,17,1,,,,,82.5
energy_consumption,customer_observation,3006,CUSTOMER_3006,,commercial,Northeast,,45,4,,,,,105.95
energy_consumption,customer_observation,3007,CUSTOMER_3007,,commercial,Midwest,,77,4,,,,,151.95
energy_consumption,customer_observation,3008,CUSTOMER_3008,,residential,Northeast,,77,1,,,,,67.74
energy_consumption,customer_observation,3009,CUSTOMER_3009,,commercial,Midwest,,24,3,,,,,103.7
energy_consumption,customer_observation,3010,CUSTOMER_3010,,residential,North,,24,1,,,,,101.5
energy_consumption,customer_observation,3011,CUSTOMER_3011,,residential,Southeast,,45,1,,,,,100.8
energy_consumption,customer_observation,3012,CUSTOMER_3012,,residential,Midwest,,45,2,,,,,94.15
energy_consumption,customer_observation,3013,CUSTOMER_3013,,residential,Midwest,,45,3,,,,,63.83
energy_consumption,customer_observation,3014,CUSTOMER_3014,,residential,Northeast,,24,1,,,,,79.85
energy_consumption,customer_observation,3015,CUSTOMER_3015,,residential,Midwest,,77,2,,,,,64.02
energy_consumption,customer_observation,3016,CUSTOMER_3016,,residential,Midwest,,45,2,,,,,65.83
energy_consumption,customer_observation,3017,CUSTOMER_3017,,commercial,Midwest,,52,2,,,,,83.87
energy_consumption,customer_observation,3018,CUSTOMER_3018,,residential,Midwest,,45,4,,,,,106.1
energy_consumption,customer_observation,3019,CUSTOMER_3019,,residential,Midwest,,45,2,,,,,102.28
energy_consumption,customer_observation,3020,CUSTOMER_3020,,commercial,Southeast,,77,2,,,,,99.67
energy_consumption,customer_observation,3021,CUSTOMER_3021,,residential,Midwest,,45,4,,,,,124.73
energy_consumption,customer_observation,3022,CUSTOMER_3022,,residential,Southeast,,52,4,,,,,132.11
energy_consumption,customer_observation,3023,CUSTOMER_3023,,commercial,Southeast,,77,2,,,,,76.44
energy_consumption,customer_observation,3024,CUSTOMER_3024,,residential,Midwest,,45,1,,,,,97.8
energy_consumption,customer_observation,3025,CUSTOMER_3025,,residential,Northeast,,45,3,,,,,87.86
energy_consumption,customer_observation,3026,CUSTOMER_3026,,residential,Midwest,,17,3,,,,,66.78
energy_consumption,customer_observation,3027,CUSTOMER_3027,,commercial,Southeast,,17,2,,,,,75.45
energy_consumption,customer_observation,3028,CUSTOMER_3028,,residential,Northeast,,24,2,,,,,74.53
energy_consumption,customer_observation,3029,CUSTOMER_3029,,commercial,Midwest,,24,3,,,,,101.76
energy_consumption,customer_observation,3030,CUSTOMER_3030,,residential,Southeast,,24,1,,,,,61.5
energy_consumption,customer_observation,3031,CUSTOMER_3031,,residential,Northeast,,24,2,,,,,57.1
energy_consumption,customer_observation,3032,CUSTOMER_3032,,residential,Midwest,,24,3,,,,,97.72
energy_consumption,customer_observation,3033,CUSTOMER_3033,,commercial,Northeast,,45,3,,,,,98.54
energy_consumption,customer_observation,3034,CUSTOMER_3034,,residential,North,,17,2,,,,,97.26
energy_consumption,customer_observation,3035,CUSTOMER_3035,,residential,Midwest,,17,3,,,,,78.74
energy_consumption,customer_observation,3036,CUSTOMER_3036,,residential,North,,45,1,,,,,86.38
energy_consumption,customer_observation,3037,CUSTOMER_3037,,residential,Northeast,,45,4,,,,,134.74
energy_consumption,customer_observation,3038,CUSTOMER_3038,,commercial,Southeast,,45,4,,,,,107.67
energy_consumption,customer_observation,3039,CUSTOMER_3039,,residential,Northeast,,45,3,,,,,83.1
energy_consumption,customer_observation,3040,CUSTOMER_3040,,residential,South,,52,2,,,,,53.2
energy_consumption,customer_observation,3041,CUSTOMER_3041,,residential,South,,45,4,,,,,121.67
energy_consumption,customer_observation,3042,CUSTOMER_3042,,commercial,Northeast,,45,2,,,,,100.37
energy_consumption,customer_observation,3043,CUSTOMER_3043,,residential,North,,77,3,,,,,68.11
energy_consumption,customer_observation,3044,CUSTOMER_3044,,residential,Midwest,,52,3,,,,,100.76
energy_consumption,customer_observation,3045,CUSTOMER_3045,,commercial,Midwest,,45,2,,,,,65.34
energy_consumption,customer_observation,3046,CUSTOMER_3046,,commercial,North,,45,1,,,,,68.65
energy_consumption,customer_observation,3047,CUSTOMER_3047,,residential,Midwest,,24,3,,,,,84.77
energy_consumption,customer_observation,3048,CUSTOMER_3048,,residential,North,,45,1,,,,,91.61
energy_consumption,customer_observation,3049,CUSTOMER_3049,,residential,Southeast,,77,1,,,,,78.25
energy_consumption,customer_observation,3050,CUSTOMER_3050,,residential,North,,45,2,,,,,97.8
energy_consumption,customer_observation,3051,CUSTOMER_3051,,residential,North,,77,2,,,,,54.57
energy_consumption,customer_observation,3052,CUSTOMER_3052,,residential,Northeast,,45,2,,,,,99.85
energy_consumption,customer_observation,3053,CUSTOMER_3053,,residential,South,,77,1,,,,,62.58
energy_consumption,customer_observation,3054,CUSTOMER_3054,,residential,Midwest,,45,4,,,,,152.33
energy_consumption,customer_observation,3055,CUSTOMER_3055,,commercial,Southeast,,17,2,,,,,73.08
energy_consumption,customer_observation,3056,CUSTOMER_3056,,commercial,Northeast,,45,4,,,,,149.5
energy_consumption,customer_observation,3057,CUSTOMER_3057,,residential,Northeast,,24,2,,,,,86.99
energy_consumption,customer_observation,3058,CUSTOMER_3058,,residential,Northeast,,17,1,,,,,61.53
energy_consumption,customer_observation,3059,CUSTOMER_3059,,residential,Midwest,,52,4,,,,,154.18
energy_consumption,customer_observation,3060,CUSTOMER_3060,,commercial,Midwest,,24,1,,,,,65.11
energy_consumption,customer_observation,3061,CUSTOMER_3061,,residential,Midwest,,45,4,,,,,117.24
energy_consumption,customer_observation,3062,CUSTOMER_3062,,residential,Northeast,,24,1,,,,,94.31
energy_consumption,customer_observation,3063,CUSTOMER_3063,,residential,South,,24,1,,,,,57.94
energy_consumption,customer_observation,3064,CUSTOMER_3064,,residential,Northeast,,77,3,,,,,63.9
energy_consumption,customer_observation,3065,CUSTOMER_3065,,residential,South,,24,2,,,,,78.36
energy_consumption,customer_observation,3066,CUSTOMER_3066,,residential,North,,45,3,,,,,95.14
energy_consumption,customer_observation,3067,CUSTOMER_3067,,residential,Midwest,,45,1,,,,,60.07
energy_consumption,customer_observation,3068,CUSTOMER_3068,,commercial,Northeast,,45,1,,,,,80.62
energy_consumption,customer_observation,3069,CUSTOMER_3069,,residential,Midwest,,77,4,,,,,142.84
energy_consumption,customer_observation,3070,CUSTOMER_3070,,commercial,Midwest,,45,1,,,,,96.69
energy_consumption,customer_observation,3071,CUSTOMER_3071,,commercial,Midwest,,45,1,,,,,100.54
energy_consumption,customer_observation,3072,CUSTOMER_3072,,residential,Midwest,,52,1,,,,,92.79
energy_consumption,customer_observation,3073,CUSTOMER_3073,,residential,Midwest,,24,2,,,,,86.02
energy_consumption,customer_observation,3074,CUSTOMER_3074,,residential,Midwest,,45,3,,,,,74.77
energy_consumption,customer_observation,3075,CUSTOMER_3075,,residential,Southeast,,77,3,,,,,58.26
energy_consumption,customer_observation,3076,CUSTOMER_3076,,commercial,Northeast,,45,2,,,,,88.95
energy_consumption,customer_observation,3077,CUSTOMER_3077,,commercial,Midwest,,52,2,,,,,103.48
energy_consumption,customer_observation,3078,CUSTOMER_3078,,residential,Midwest,,45,2,,,,,90.33
energy_consumption,customer_observation,3079,CUSTOMER_3079,,residential,Northeast,,52,3,,,,,53.36
energy_consumption,customer_observation,3080,CUSTOMER_3080,,commercial,Midwest,,77,3,,,,,77.98
energy_consumption,customer_observation,3081,CUSTOMER_3081,,commercial,Northeast,,24,1,,,,,84.06
energy_consumption,customer_observation,3082,CUSTOMER_3082,,commercial,North,,24,3,,,,,87.91
energy_consumption,customer_observation,3083,CUSTOMER_3083,,residential,Northeast,,45,4,,,,,143.31
energy_consumption,customer_observation,3084,CUSTOMER_3084,,residential,North,,45,3,,,,,81.16
energy_consumption,customer_observation,3085,CUSTOMER_3085,,commercial,Midwest,,24,2,,,,,63.97
energy_consumption,customer_observation,3086,CUSTOMER_3086,,commercial,Midwest,,17,3,,,,,100.88
energy_consumption,customer_observation,3087,CUSTOMER_3087,,residential,South,,24,1,,,,,88.27
energy_consumption,customer_observation,3088,CUSTOMER_3088,,residential,Midwest,,77,3,,,,,64.66
energy_consumption,customer_observation,3089,CUSTOMER_3089,,residential,North,,45,2,,,,,69.05
energy_consumption,customer_observation,3090,CUSTOMER_3090,,residential,Southeast,,45,4,,,,,154.39
energy_consumption,customer_observation,3091,CUSTOMER_3091,,residential,Southeast,,24,2,,,,,98.07
energy_consumption,customer_observation,3092,CUSTOMER_3092,,commercial,Midwest,,24,1,,,,,73.3
energy_consumption,customer_observation,3093,CUSTOMER_3093,,residential,Midwest,,24,1,,,,,54.47
energy_consumption,customer_observation,3094,CUSTOMER_3094,,commercial,South,,17,3,,,,,54.99
energy_consumption,customer_observation,3095,CUSTOMER_3095,,residential,Midwest,,77,1,,,,,67.08
energy_consumption,customer_observation,3096,CUSTOMER_3096,,commercial,South,,77,1,,,,,84.81
energy_consumption,customer_observation,3097,CUSTOMER_3097,,commercial,North,,24,2,,,,,82.5
energy_consumption,customer_observation,3098,CUSTOMER_3098,,residential,Northeast,,17,2,,,,,85.05
energy_consumption,customer_observation,3099,CUSTOMER_3099,,residential,Midwest,,24,3,,,,,89.33
energy_consumption,customer_observation,3100,CUSTOMER_3100,,residential,Midwest,,45,3,,,,,53.48
energy_consumption,customer_observation,3101,CUSTOMER_3101,,residential,Southeast,,24,3,,,,,57.9
energy_consumption,customer_observation,3102,CUSTOMER_3102,,commercial,South,,24,3,,,,,70.96
energy_consumption,customer_observation,3103,CUSTOMER_3103,,commercial,Northeast,,24,2,,,,,60.45
energy_consumption,customer_observation,3104,CUSTOMER_3104,,residential,North,,45,3,,,,,56.37
energy_consumption,customer_observation,3105,CUSTOMER_3105,,residential,Southeast,,45,3,,,,,85.41
energy_consumption,customer_observation,3106,CUSTOMER_3106,,residential,Midwest,,45,1,,,,,94.37
energy_consumption,customer_observation,3107,CUSTOMER_3107,,commercial,Northeast,,24,3,,,,,91.15
energy_consumption,customer_observation,3108,CUSTOMER_3108,,residential,Midwest,,77,4,,,,,148.64
energy_consumption,customer_observation,3109,CUSTOMER_3109,,residential,Midwest,,77,1,,,,,86.69
energy_consumption,customer_observation,3110,CUSTOMER_3110,,residential,Midwest,,24,2,,,,,90.26
energy_consumption,customer_observation,3111,CUSTOMER_3111,,residential,Midwest,,24,3,,,,,66.46
energy_consumption,customer_observation,3112,CUSTOMER_3112,,residential,Northeast,,45,1,,,,,103.49
energy_consumption,customer_observation,3113,CUSTOMER_3113,,commercial,South,,17,3,,,,,61.91
energy_consumption,customer_observation,3114,CUSTOMER_3114,,residential,Midwest,,45,1,,,,,63.51
energy_consumption,customer_observation,3115,CUSTOMER_3115,,residential,Midwest,,45,3,,,,,67.34
energy_consumption,customer_observation,3116,CUSTOMER_3116,,commercial,Northeast,,45,4,,,,,157.32
energy_consumption,customer_observation,3117,CUSTOMER_3117,,commercial,Midwest,,24,2,,,,,103.25
energy_consumption,customer_observation,3118,CUSTOMER_3118,,residential,Northeast,,45,4,,,,,147.43
energy_consumption,customer_observation,3119,CUSTOMER_3119,,residential,Northeast,,77,4,,,,,138.34
energy_consumption,customer_observation,3120,CUSTOMER_3120,,residential,Midwest,,24,2,,,,,79.21
energy_consumption,customer_observation,3121,CUSTOMER_3121,,residential,Northeast,,45,1,,,,,102.34
energy_consumption,customer_observation,3122,CUSTOMER_3122,,residential,Midwest,,17,1,,,,,88.22
energy_consumption,customer_observation,3123,CUSTOMER_3123,,residential,North,,17,2,,,,,101.01
energy_consumption,customer_observation,3124,CUSTOMER_3124,,residential,Midwest,,45,3,,,,,68.75
energy_consumption,customer_observation,3125,CUSTOMER_3125,,commercial,Northeast,,17,1,,,,,69.64
energy_consumption,customer_observation,3126,CUSTOMER_3126,,residential,North,,17,2,,,,,96.39
energy_consumption,customer_observation,3127,CUSTOMER_3127,,commercial,North,,24,1,,,,,60.2
energy_consumption,customer_observation,3128,CUSTOMER_3128,,residential,South,,45,2,,,,,101.07
energy_consumption,customer_observation,3129,CUSTOMER_3129,,commercial,Southeast,,45,2,,,,,78.56
energy_consumption,customer_observation,3130,CUSTOMER_3130,,commercial,Northeast,,24,1,,,,,100.07
energy_consumption,customer_observation,3131,CUSTOMER_3131,,commercial,Midwest,,45,1,,,,,69.79
energy_consumption,customer_observation,3132,CUSTOMER_3132,,commercial,Midwest,,24,2,,,,,89.26
energy_consumption,customer_observation,3133,CUSTOMER_3133,,commercial,South,,45,3,,,,,77.3
energy_consumption,customer_observation,3134,CUSTOMER_3134,,residential,Northeast,,45,2,,,,,84.69
energy_consumption,customer_observation,3135,CUSTOMER_3135,,residential,Midwest,,45,3,,,,,78.4
energy_consumption,customer_observation,3136,CUSTOMER_3136,,residential,North,,77,4,,,,,156.87
energy_consumption,customer_observation,3137,CUSTOMER_3137,,commercial,Northeast,,77,3,,,,,88.04
energy_consumption,customer_observation,3138,CUSTOMER_3138,,commercial,South,,17,3,,,,,65.41
energy_consumption,customer_observation,3139,CUSTOMER_3139,,residential,Midwest,,52,1,,,,,99.21
energy_consumption,customer_observation,3140,CUSTOMER_3140,,residential,Northeast,,17,2,,,,,67.6
energy_consumption,customer_observation,3141,CUSTOMER_3141,,residential,North,,77,4,,,,,124.23
energy_consumption,customer_observation,3142,CUSTOMER_3142,,commercial,Midwest,,24,2,,,,,57.74
energy_consumption,customer_observation,3143,CUSTOMER_3143,,residential,Midwest,,24,3,,,,,98.71
energy_consumption,customer_observation,3144,CUSTOMER_3144,,residential,Northeast,,17,3,,,,,67.19
energy_consumption,customer_observation,3145,CUSTOMER_3145,,residential,South,,17,3,,,,,65.8
energy_consumption,customer_observation,3146,CUSTOMER_3146,,residential,North,,45,2,,,,,99.76
energy_consumption,customer_observation,3147,CUSTOMER_3147,,commercial,Northeast,,77,3,,,,,93.86
energy_consumption,customer_observation,3148,CUSTOMER_3148,,commercial,South,,45,2,,,,,59.74
energy_consumption,customer_observation,3149,CUSTOMER_3149,,commercial,Northeast,,45,4,,,,,146.03
energy_consumption,customer_observation,3150,CUSTOMER_3150,,residential,Northeast,,45,4,,,,,153.9
energy_consumption,customer_observation,3151,CUSTOMER_3151,,residential,Midwest,,24,2,,,,,56.53
energy_consumption,customer_observation,3152,CUSTOMER_3152,,residential,Southeast,,17,1,,,,,94.87
energy_consumption,customer_observation,3153,CUSTOMER_3153,,commercial,North,,17,3,,,,,80.61
energy_consumption,customer_observation,3154,CUSTOMER_3154,,residential,South,,24,3,,,,,86.86
energy_consumption,customer_observation,3155,CUSTOMER_3155,,residential,Midwest,,24,3,,,,,77.81
energy_consumption,customer_observation,3156,CUSTOMER_3156,,residential,Northeast,,17,1,,,,,88.33
energy_consumption,customer_observation,3157,CUSTOMER_3157,,commercial,Midwest,,24,3,,,,,54.25
energy_consumption,customer_observation,3158,CUSTOMER_3158,,residential,Northeast,,17,2,,,,,91.66
energy_consumption,customer_observation,3159,CUSTOMER_3159,,commercial,Midwest,,77,3,,,,,54.21
energy_consumption,customer_observation,3160,CUSTOMER_3160,,residential,Midwest,,17,2,,,,,75.88
energy_consumption,customer_observation,3161,CUSTOMER_3161,,residential,South,,45,4,,,,,112.13
energy_consumption,customer_observation,3162,CUSTOMER_3162,,residential,North,,45,2,,,,,94.79
energy_consumption,customer_observation,3163,CUSTOMER_3163,,residential,Midwest,,45,2,,,,,68.61
energy_consumption,customer_observation,3164,CUSTOMER_3164,,residential,Midwest,,17,2,,,,,75.82
energy_consumption,customer_observation,3165,CUSTOMER_3165,,residential,Northeast,,24,3,,,,,74.52
energy_consumption,customer_observation,3166,CUSTOMER_3166,,residential,Northeast,,17,1,,,,,92.17
energy_consumption,customer_observation,3167,CUSTOMER_3167,,commercial,North,,24,1,,,,,77.21
energy_consumption,customer_observation,3168,CUSTOMER_3168,,residential,Midwest,,24,2,,,,,93.01
energy_consumption,customer_observation,3169,CUSTOMER_3169,,commercial,Midwest,,45,3,,,,,56.27
energy_consumption,customer_observation,3170,CUSTOMER_3170,,residential,Northeast,,45,1,,,,,62.34
energy_consumption,customer_observation,3171,CUSTOMER_3171,,commercial,Southeast,,45,4,,,,,134.09
energy_consumption,customer_observation,3172,CUSTOMER_3172,,residential,Southeast,,45,4,,,,,155.77
energy_consumption,customer_observation,3173,CUSTOMER_3173,,residential,Midwest,,24,3,,,,,56.34
energy_consumption,customer_observation,3174,CUSTOMER_3174,,residential,Northeast,,52,4,,,,,106.22
energy_consumption,customer_observation,3175,CUSTOMER_3175,,residential,Midwest,,24,1,,,,,60.54
energy_consumption,customer_observation,3176,CUSTOMER_3176,,residential,Northeast,,45,4,,,,,139.0
energy_consumption,customer_observation,3177,CUSTOMER_3177,,commercial,Northeast,,45,2,,,,,72.99
energy_consumption,customer_observation,3178,CUSTOMER_3178,,commercial,Midwest,,45,2,,,,,94.89
energy_consumption,customer_observation,3179,CUSTOMER_3179,,commercial,North,,24,2,,,,,56.19
energy_consumption,customer_observation,3180,CUSTOMER_3180,,commercial,North,,45,1,,,,,62.59
energy_consumption,customer_observation,3181,CUSTOMER_3181,,residential,North,,17,3,,,,,67.91
energy_consumption,customer_observation,3182,CUSTOMER_3182,,residential,Northeast,,17,2,,,,,84.68
energy_consumption,customer_observation,3183,CUSTOMER_3183,,residential,North,,17,3,,,,,87.68
energy_consumption,customer_observation,3184,CUSTOMER_3184,,residential,South,,24,3,,,,,58.88
energy_consumption,customer_observation,3185,CUSTOMER_3185,,residential,Northeast,,45,4,,,,,155.59
energy_consumption,customer_observation,3186,CUSTOMER_3186,,residential,North,,52,2,,,,,70.01
energy_consumption,customer_observation,3187,CUSTOMER_3187,,residential,Northeast,,24,1,,,,,89.12
energy_consumption,customer_observation,3188,CUSTOMER_3188,,residential,South,,77,2,,,,,79.42
energy_consumption,customer_observation,3189,CUSTOMER_3189,,commercial,Midwest,,77,2,,,,,63.94
energy_consumption,customer_observation,3190,CUSTOMER_3190,,commercial,Northeast,,77,1,,,,,95.95
energy_consumption,customer_observation,3191,CUSTOMER_3191,,residential,Southeast,,52,3,,,,,94.52
energy_consumption,customer_observation,3192,CUSTOMER_3192,,commercial,Northeast,,24,1,,,,,72.84
energy_consumption,customer_observation,3193,CUSTOMER_3193,,commercial,Northeast,,17,1,,,,,82.72
energy_consumption,customer_observation,3194,CUSTOMER_3194,,residential,Northeast,,45,4,,,,,117.99
energy_consumption,customer_observation,3195,CUSTOMER_3195,,residential,Northeast,,45,4,,,,,141.67
energy_consumption,customer_observation,3196,CUSTOMER_3196,,residential,Northeast,,52,2,,,,,68.37
energy_consumption,customer_observation,3197,CUSTOMER_3197,,commercial,Midwest,,77,4,,,,,150.12
energy_consumption,customer_observation,3198,CUSTOMER_3198,,commercial,Northeast,,45,1,,,,,63.66
energy_consumption,customer_observation,3199,CUSTOMER_3199,,residential,Midwest,,24,1,,,,,53.26
energy_consumption,customer_observation,3200,CUSTOMER_3200,,residential,North,,24,1,,,,,66.29
energy_consumption,customer_observation,3201,CUSTOMER_3201,,residential,Northeast,,17,3,,,,,62.31
energy_consumption,customer_observation,3202,CUSTOMER_3202,,residential,Midwest,,45,3,,,,,78.6
energy_consumption,customer_observation,3203,CUSTOMER_3203,,residential,South,,45,4,,,,,115.02
energy_consumption,customer_observation,3204,CUSTOMER_3204,,commercial,Northeast,,52,2,,,,,91.69
energy_consumption,customer_observation,3205,CUSTOMER_3205,,commercial,Midwest,,45,2,,,,,64.89
energy_consumption,customer_observation,3206,CUSTOMER_3206,,commercial,Northeast,,77,3,,,,,88.8
energy_consumption,customer_observation,3207,CUSTOMER_3207,,commercial,North,,45,4,,,,,135.57
energy_consumption,customer_observation,3208,CUSTOMER_3208,,commercial,North,,52,1,,,,,103.14
energy_consumption,customer_observation,3209,CUSTOMER_3209,,residential,Northeast,,17,2,,,,,103.84
energy_consumption,customer_observation,3210,CUSTOMER_3210,,residential,Northeast,,52,2,,,,,97.15
energy_consumption,customer_observation,3211,CUSTOMER_3211,,residential,Northeast,,45,1,,,,,91.53
energy_consumption,customer_observation,3212,CUSTOMER_3212,,commercial,Midwest,,24,1,,,,,72.34
energy_consumption,customer_observation,3213,CUSTOMER_3213,,residential,North,,24,1,,,,,91.18
energy_consumption,customer_observation,3214,CUSTOMER_3214,,commercial,Midwest,,77,1,,,,,101.63
energy_consumption,customer_observation,3215,CUSTOMER_3215,,residential,Northeast,,17,1,,,,,53.7
energy_consumption,customer_observation,3216,CUSTOMER_3216,,residential,Midwest,,45,3,,,,,80.12
energy_consumption,customer_observation,3217,CUSTOMER_3217,,residential,Midwest,,24,1,,,,,63.69
energy_consumption,customer_observation,3218,CUSTOMER_3218,,residential,Northeast,,45,2,,,,,81.15
energy_consumption,customer_observation,3219,CUSTOMER_3219,,commercial,Northeast,,52,4,,,,,129.43
energy_consumption,customer_observation,3220,CUSTOMER_3220,,commercial,Midwest,,24,3,,,,,82.07
energy_consumption,customer_observation,3221,CUSTOMER_3221,,residential,Southeast,,45,2,,,,,80.79
energy_consumption,customer_observation,3222,CUSTOMER_3222,,residential,Northeast,,77,1,,,,,101.8
energy_consumption,customer_observation,3223,CUSTOMER_3223,,residential,North,,45,2,,,,,80.85
energy_consumption,customer_observation,3224,CUSTOMER_3224,,residential,Southeast,,52,4,,,,,150.24
energy_consumption,customer_observation,3225,CUSTOMER_3225,,residential,Northeast,,45,1,,,,,68.92
energy_consumption,customer_observation,3226,CUSTOMER_3226,,commercial,Midwest,,24,2,,,,,75.0
energy_consumption,customer_observation,3227,CUSTOMER_3227,,residential,Northeast,,45,2,,,,,76.66
energy_consumption,customer_observation,3228,CUSTOMER_3228,,residential,North,,45,4,,,,,119.14
energy_consumption,customer_observation,3229,CUSTOMER_3229,,residential,Midwest,,17,1,,,,,72.0
energy_consumption,customer_observation,3230,CUSTOMER_3230,,residential,Midwest,,24,2,,,,,83.23
energy_consumption,customer_observation,3231,CUSTOMER_3231,,residential,Northeast,,17,3,,,,,82.29
energy_consumption,customer_observation,3232,CUSTOMER_3232,,residential,Midwest,,45,4,,,,,138.74
energy_consumption,customer_observation,3233,CUSTOMER_3233,,residential,Midwest,,52,2,,,,,70.57
energy_consumption,customer_observation,3234,CUSTOMER_3234,,residential,Midwest,,17,3,,,,,68.72
energy_consumption,customer_observation,3235,CUSTOMER_3235,,residential,North,,45,3,,,,,83.91
energy_consumption,customer_observation,3236,CUSTOMER_3236,,residential,Midwest,,77,4,,,,,111.14
energy_consumption,customer_observation,3237,CUSTOMER_3237,,residential,Midwest,,24,2,,,,,65.49
energy_consumption,customer_observation,3238,CUSTOMER_3238,,commercial,Midwest,,45,3,,,,,54.66
energy_consumption,customer_observation,3239,CUSTOMER_3239,,residential,Midwest,,77,3,,,,,56.23
energy_consumption,customer_observation,3240,CUSTOMER_3240,,residential,Northeast,,77,2,,,,,65.0
energy_consumption,customer_observation,3241,CUSTOMER_3241,,residential,Midwest,,24,1,,,,,53.5
energy_consumption,customer_observation,3242,CUSTOMER_3242,,residential,Midwest,,17,1,,,,,65.1
energy_consumption,customer_observation,3243,CUSTOMER_3243,,residential,North,,17,3,,,,,86.13
energy_consumption,customer_observation,3244,CUSTOMER_3244,,commercial,Midwest,,45,3,,,,,55.64
energy_consumption,customer_observation,3245,CUSTOMER_3245,,commercial,Northeast,,45,4,,,,,127.8
energy_consumption,customer_observation,3246,CUSTOMER_3246,,residential,Midwest,,45,1,,,,,99.39
energy_consumption,customer_observation,3247,CUSTOMER_3247,,residential,Northeast,,24,3,,,,,93.13
energy_consumption,customer_observation,3248,CUSTOMER_3248,,residential,Midwest,,24,1,,,,,68.18
energy_consumption,customer_observation,3249,CUSTOMER_3249,,commercial,South,,45,2,,,,,99.99
energy_consumption,customer_observation,3250,CUSTOMER_3250,,residential,Midwest,,45,3,,,,,69.43
energy_consumption,customer_observation,3251,CUSTOMER_3251,,residential,South,,45,2,,,,,56.22
energy_consumption,customer_observation,3252,CUSTOMER_3252,,residential,South,,45,1,,,,,103.54
energy_consumption,customer_observation,3253,CUSTOMER_3253,,residential,North,,24,1,,,,,97.18
energy_consumption,customer_observation,3254,CUSTOMER_3254,,residential,Midwest,,24,2,,,,,76.43
energy_consumption,customer_observation,3255,CUSTOMER_3255,,residential,Midwest,,24,3,,,,,86.72
energy_consumption,customer_observation,3256,CUSTOMER_3256,,residential,Southeast,,24,2,,,,,86.97
energy_consumption,customer_observation,3257,CUSTOMER_3257,,commercial,Northeast,,17,2,,,,,62.49
energy_consumption,customer_observation,3258,CUSTOMER_3258,,residential,South,,24,3,,,,,62.77
energy_consumption,customer_observation,3259,CUSTOMER_3259,,residential,Midwest,,17,1,,,,,76.61
energy_consumption,customer_observation,3260,CUSTOMER_3260,,commercial,Midwest,,24,2,,,,,99.31
energy_consumption,customer_observation,3261,CUSTOMER_3261,,residential,North,,45,4,,,,,104.41
energy_consumption,customer_observation,3262,CUSTOMER_3262,,residential,Northeast,,24,2,,,,,92.68
energy_consumption,customer_observation,3263,CUSTOMER_3263,,residential,Midwest,,45,1,,,,,55.45
energy_consumption,customer_observation,3264,CUSTOMER_3264,,residential,North,,45,2,,,,,77.06
energy_consumption,customer_observation,3265,CUSTOMER_3265,,commercial,Southeast,,45,1,,,,,85.25
energy_consumption,customer_observation,3266,CUSTOMER_3266,,residential,North,,77,3,,,,,87.77
energy_consumption,customer_observation,3267,CUSTOMER_3267,,residential,Midwest,,17,1,,,,,55.5
energy_consumption,customer_observation,3268,CUSTOMER_3268,,residential,Northeast,,45,1,,,,,74.0
energy_consumption,customer_observation,3269,CUSTOMER_3269,,residential,Midwest,,77,2,,,,,82.48
energy_consumption,customer_observation,3270,CUSTOMER_3270,,commercial,Midwest,,52,4,,,,,107.48
energy_consumption,customer_observation,3271,CUSTOMER_3271,,residential,Northeast,,24,1,,,,,59.44
energy_consumption,customer_observation,3272,CUSTOMER_3272,,residential,North,,24,1,,,,,86.58
energy_consumption,customer_observation,3273,CUSTOMER_3273,,commercial,North,,24,2,,,,,79.29
energy_consumption,customer_observation,3274,CUSTOMER_3274,,residential,Midwest,,45,1,,,,,60.81
energy_consumption,customer_observation,3275,CUSTOMER_3275,,commercial,Midwest,,45,2,,,,,79.98
energy_consumption,customer_observation,3276,CUSTOMER_3276,,commercial,Midwest,,24,3,,,,,99.37
energy_consumption,customer_observation,3277,CUSTOMER_3277,,commercial,Midwest,,45,1,,,,,53.3
energy_consumption,customer_observation,3278,CUSTOMER_3278,,residential,Midwest,,45,3,,,,,85.5
energy_consumption,customer_observation,3279,CUSTOMER_3279,,residential,Northeast,,45,1,,,,,56.28
energy_consumption,customer_observation,3280,CUSTOMER_3280,,commercial,North,,52,1,,,,,52.83
energy_consumption,customer_observation,3281,CUSTOMER_3281,,residential,Northeast,,45,3,,,,,60.24
energy_consumption,customer_observation,3282,CUSTOMER_3282,,residential,South,,17,3,,,,,74.22
energy_consumption,customer_observation,3283,CUSTOMER_3283,,commercial,Southeast,,45,2,,,,,93.7
energy_consumption,customer_observation,3284,CUSTOMER_3284,,commercial,Northeast,,24,2,,,,,66.97
energy_consumption,customer_observation,3285,CUSTOMER_3285,,residential,Midwest,,45,3,,,,,84.63
energy_consumption,customer_observation,3286,CUSTOMER_3286,,residential,Southeast,,77,1,,,,,73.61
energy_consumption,customer_observation,3287,CUSTOMER_3287,,residential,Midwest,,52,2,,,,,64.53
energy_consumption,customer_observation,3288,CUSTOMER_3288,,commercial,North,,45,1,,,,,78.91
energy_consumption,customer_observation,3289,CUSTOMER_3289,,commercial,North,,24,2,,,,,93.45
energy_consumption,customer_observation,3290,CUSTOMER_3290,,residential,Midwest,,24,2,,,,,95.25
energy_consumption,customer_observation,3291,CUSTOMER_3291,,residential,South,,45,2,,,,,95.97
energy_consumption,customer_observation,3292,CUSTOMER_3292,,commercial,Midwest,,17,3,,,,,69.88
energy_consumption,customer_observation,3293,CUSTOMER_3293,,residential,North,,45,1,,,,,93.24
energy_consumption,customer_observation,3294,CUSTOMER_3294,,residential,Northeast,,17,3,,,,,63.4
energy_consumption,customer_observation,3295,CUSTOMER_3295,,commercial,Midwest,,24,2,,,,,90.42
energy_consumption,customer_observation,3296,CUSTOMER_3296,,residential,Southeast,,24,3,,,,,101.2
energy_consumption,customer_observation,3297,CUSTOMER_3297,,residential,Midwest,,77,3,,,,,53.21
energy_consumption,customer_observation,3298,CUSTOMER_3298,,residential,Midwest,,45,3,,,,,75.11
energy_consumption,customer_observation,3299,CUSTOMER_3299,,residential,North,,24,1,,,,,85.76
energy_consumption,customer_observation,3300,CUSTOMER_3300,,commercial,Southeast,,17,3,,,,,88.54
energy_consumption,customer_observation,3301,CUSTOMER_3301,,residential,Midwest,,45,3,,,,,61.54
energy_consumption,customer_observation,3302,CUSTOMER_3302,,commercial,Northeast,,24,3,,,,,102.42
energy_consumption,customer_observation,3303,CUSTOMER_3303,,residential,Midwest,,45,3,,,,,84.09
energy_consumption,customer_observation,3304,CUSTOMER_3304,,residential,Northeast,,52,4,,,,,112.87
energy_consumption,customer_observation,3305,CUSTOMER_3305,,residential,North,,45,4,,,,,104.98
energy_consumption,customer_observation,3306,CUSTOMER_3306,,residential,Northeast,,45,3,,,,,92.72
energy_consumption,customer_observation,3307,CUSTOMER_3307,,residential,Northeast,,45,3,,,,,56.59
energy_consumption,customer_observation,3308,CUSTOMER_3308,,residential,Northeast,,77,3,,,,,59.74
energy_consumption,customer_observation,3309,CUSTOMER_3309,,residential,Midwest,,77,2,,,,,82.02
energy_consumption,customer_observation,3310,CUSTOMER_3310,,residential,Midwest,,45,3,,,,,83.49
energy_consumption,customer_observation,3311,CUSTOMER_3311,,commercial,Midwest,,24,3,,,,,87.77
energy_consumption,customer_observation,3312,CUSTOMER_3312,,commercial,Northeast,,45,4,,,,,125.43
energy_consumption,customer_observation,3313,CUSTOMER_3313,,commercial,North,,24,1,,,,,92.24
energy_consumption,customer_observation,3314,CUSTOMER_3314,,residential,Midwest,,45,2,,,,,102.53
energy_consumption,customer_observation,3315,CUSTOMER_3315,,residential,Northeast,,45,3,,,,,66.42
energy_consumption,customer_observation,3316,CUSTOMER_3316,,commercial,Northeast,,17,1,,,,,88.6
energy_consumption,customer_observation,3317,CUSTOMER_3317,,residential,Southeast,,24,3,,,,,100.18
energy_consumption,customer_observation,3318,CUSTOMER_3318,,residential,Midwest,,45,3,,,,,87.74
energy_consumption,customer_observation,3319,CUSTOMER_3319,,commercial,Southeast,,52,4,,,,,141.19
energy_consumption,customer_observation,3320,CUSTOMER_3320,,commercial,Midwest,,45,3,,,,,63.99
energy_consumption,customer_observation,3321,CUSTOMER_3321,,residential,North,,45,3,,,,,79.98
energy_consumption,customer_observation,3322,CUSTOMER_3322,,residential,Midwest,,24,3,,,,,81.39
energy_consumption,customer_observation,3323,CUSTOMER_3323,,commercial,Northeast,,45,4,,,,,142.23
energy_consumption,customer_observation,3324,CUSTOMER_3324,,residential,Midwest,,45,1,,,,,103.69
energy_consumption,customer_observation,3325,CUSTOMER_3325,,commercial,North,,45,3,,,,,54.23
energy_consumption,customer_observation,3326,CUSTOMER_3326,,commercial,Southeast,,17,1,,,,,55.85
energy_consumption,customer_observation,3327,CUSTOMER_3327,,commercial,North,,45,3,,,,,56.5
energy_consumption,customer_observation,3328,CUSTOMER_3328,,residential,South,,24,1,,,,,90.65
energy_consumption,customer_observation,3329,CUSTOMER_3329,,residential,Southeast,,24,2,,,,,59.5
energy_consumption,customer_observation,3330,CUSTOMER_3330,,commercial,Midwest,,77,3,,,,,84.46
energy_consumption,customer_observation,3331,CUSTOMER_3331,,residential,Midwest,,24,2,,,,,69.17
energy_consumption,customer_observation,3332,CUSTOMER_3332,,commercial,Midwest,,24,2,,,,,75.98
energy_consumption,customer_observation,3333,CUSTOMER_3333,,residential,Southeast,,45,2,,,,,63.57
energy_consumption,customer_observation,3334,CUSTOMER_3334,,residential,Midwest,,52,3,,,,,96.97
energy_consumption,customer_observation,3335,CUSTOMER_3335,,commercial,Midwest,,45,4,,,,,135.99
energy_consumption,customer_observation,3336,CUSTOMER_3336,,commercial,Midwest,,45,2,,,,,101.0
energy_consumption,customer_observation,3337,CUSTOMER_3337,,commercial,South,,52,1,,,,,82.01
energy_consumption,customer_observation,3338,CUSTOMER_3338,,commercial,Midwest,,24,3,,,,,58.86
energy_consumption,customer_observation,3339,CUSTOMER_3339,,residential,Midwest,,24,2,,,,,61.27
energy_consumption,customer_observation,3340,CUSTOMER_3340,,commercial,Midwest,,24,3,,,,,103.29
energy_consumption,customer_observation,3341,CUSTOMER_3341,,commercial,Southeast,,52,2,,,,,89.76
energy_consumption,customer_observation,3342,CUSTOMER_3342,,residential,Midwest,,17,1,,,,,55.03
energy_consumption,customer_observation,3343,CUSTOMER_3343,,residential,Northeast,,24,3,,,,,88.64
energy_consumption,customer_observation,3344,CUSTOMER_3344,,residential,Midwest,,45,4,,,,,126.45
energy_consumption,customer_observation,3345,CUSTOMER_3345,,residential,South,,45,3,,,,,68.28
energy_consumption,customer_observation,3346,CUSTOMER_3346,,commercial,Midwest,,45,2,,,,,60.41
energy_consumption,customer_observation,3347,CUSTOMER_3347,,residential,Southeast,,45,1,,,,,95.63
energy_consumption,customer_observation,3348,CUSTOMER_3348,,residential,North,,24,3,,,,,55.78
energy_consumption,customer_observation,3349,CUSTOMER_3349,,residential,Midwest,,45,2,,,,,67.38
energy_consumption,customer_observation,3350,CUSTOMER_3350,,residential,Midwest,,45,1,,,,,68.23
energy_consumption,customer_observation,3351,CUSTOMER_3351,,residential,Southeast,,77,4,,,,,112.68
energy_consumption,customer_observation,3352,CUSTOMER_3352,,residential,North,,24,1,,,,,78.6
energy_consumption,customer_observation,3353,CUSTOMER_3353,,commercial,Southeast,,52,1,,,,,53.1
energy_consumption,customer_observation,3354,CUSTOMER_3354,,residential,Midwest,,45,1,,,,,67.96
energy_consumption,customer_observation,3355,CUSTOMER_3355,,residential,Northeast,,17,3,,,,,100.44
energy_consumption,customer_observation,3356,CUSTOMER_3356,,residential,Northeast,,45,3,,,,,68.45
energy_consumption,customer_observation,3357,CUSTOMER_3357,,commercial,Northeast,,17,1,,,,,71.01
energy_consumption,customer_observation,3358,CUSTOMER_3358,,residential,Midwest,,77,2,,,,,76.8
energy_consumption,customer_observation,3359,CUSTOMER_3359,,commercial,North,,52,2,,,,,81.34
energy_consumption,customer_observation,3360,CUSTOMER_3360,,commercial,Northeast,,24,1,,,,,94.03
energy_consumption,customer_observation,3361,CUSTOMER_3361,,commercial,Southeast,,24,1,,,,,62.27
energy_consumption,customer_observation,3362,CUSTOMER_3362,,residential,North,,24,2,,,,,97.26
energy_consumption,customer_observation,3363,CUSTOMER_3363,,commercial,Northeast,,24,1,,,,,91.4
energy_consumption,customer_observation,3364,CUSTOMER_3364,,residential,Midwest,,24,1,,,,,89.61
energy_consumption,customer_observation,3365,CUSTOMER_3365,,commercial,Midwest,,24,3,,,,,56.96
energy_consumption,customer_observation,3366,CUSTOMER_3366,,residential,Midwest,,45,3,,,,,53.61
energy_consumption,customer_observation,3367,CUSTOMER_3367,,residential,Midwest,,24,1,,,,,83.0
energy_consumption,customer_observation,3368,CUSTOMER_3368,,residential,Midwest,,52,1,,,,,96.82
energy_consumption,customer_observation,3369,CUSTOMER_3369,,residential,Midwest,,52,4,,,,,135.89
energy_consumption,customer_observation,3370,CUSTOMER_3370,,commercial,North,,45,3,,,,,63.45
energy_consumption,customer_observation,3371,CUSTOMER_3371,,residential,Northeast,,52,1,,,,,57.15
energy_consumption,customer_observation,3372,CUSTOMER_3372,,residential,Midwest,,24,3,,,,,88.42
energy_consumption,customer_observation,3373,CUSTOMER_3373,,residential,Northeast,,17,3,,,,,89.56
energy_consumption,customer_observation,3374,CUSTOMER_3374,,commercial,Midwest,,45,4,,,,,113.32
energy_consumption,customer_observation,3375,CUSTOMER_3375,,commercial,Midwest,,45,4,,,,,105.41
energy_consumption,customer_observation,3376,CUSTOMER_3376,,commercial,Northeast,,45,2,,,,,73.47
energy_consumption,customer_observation,3377,CUSTOMER_3377,,commercial,Northeast,,52,3,,,,,82.42
energy_consumption,customer_observation,3378,CUSTOMER_3378,,residential,Northeast,,77,2,,,,,88.75
energy_consumption,customer_observation,3379,CUSTOMER_3379,,residential,Midwest,,45,2,,,,,94.09
energy_consumption,customer_observation,3380,CUSTOMER_3380,,commercial,Midwest,,45,4,,,,,137.32
energy_consumption,customer_observation,3381,CUSTOMER_3381,,residential,Midwest,,17,3,,,,,58.19
energy_consumption,customer_observation,3382,CUSTOMER_3382,,residential,Northeast,,24,1,,,,,87.55
energy_consumption,customer_observation,3383,CUSTOMER_3383,,residential,Midwest,,45,4,,,,,157.8
energy_consumption,customer_observation,3384,CUSTOMER_3384,,residential,Southeast,,45,3,,,,,99.0
energy_consumption,customer_observation,3385,CUSTOMER_3385,,residential,Northeast,,45,2,,,,,97.26
energy_consumption,customer_observation,3386,CUSTOMER_3386,,commercial,Midwest,,24,3,,,,,68.02
energy_consumption,customer_observation,3387,CUSTOMER_3387,,residential,South,,45,4,,,,,145.01
energy_consumption,customer_observation,3388,CUSTOMER_3388,,residential,Northeast,,24,3,,,,,96.2
energy_consumption,customer_observation,3389,CUSTOMER_3389,,residential,Midwest,,45,2,,,,,87.33
energy_consumption,customer_observation,3390,CUSTOMER_3390,,commercial,North,,24,3,,,,,65.37
energy_consumption,customer_observation,3391,CUSTOMER_3391,,residential,Midwest,,17,3,,,,,101.48
energy_consumption,customer_observation,3392,CUSTOMER_3392,,commercial,North,,24,2,,,,,75.65
energy_consumption,customer_observation,3393,CUSTOMER_3393,,commercial,South,,24,1,,,,,59.17
energy_consumption,customer_observation,3394,CUSTOMER_3394,,residential,Midwest,,52,2,,,,,58.14
energy_consumption,customer_observation,3395,CUSTOMER_3395,,commercial,Midwest,,17,2,,,,,85.75
energy_consumption,customer_observation,3396,CUSTOMER_3396,,commercial,Midwest,,24,3,,,,,74.98
energy_consumption,customer_observation,3397,CUSTOMER_3397,,commercial,Midwest,,45,2,,,,,57.35
energy_consumption,customer_observation,3398,CUSTOMER_3398,,commercial,Midwest,,45,3,,,,,90.52
energy_consumption,customer_observation,3399,CUSTOMER_3399,,residential,Southeast,,17,3,,,,,93.55
energy_consumption,customer_observation,3400,CUSTOMER_3400,,residential,South,,17,3,,,,,89.75
energy_consumption,customer_observation,3401,CUSTOMER_3401,,residential,Midwest,,77,2,,,,,62.89
energy_consumption,customer_observation,3402,CUSTOMER_3402,,residential,South,,45,2,,,,,87.92
energy_consumption,customer_observation,3403,CUSTOMER_3403,,commercial,Midwest,,24,3,,,,,53.05
energy_consumption,customer_observation,3404,CUSTOMER_3404,,residential,Midwest,,45,1,,,,,68.17
energy_consumption,customer_observation,3405,CUSTOMER_3405,,commercial,Midwest,,24,1,,,,,72.98
energy_consumption,customer_observation,3406,CUSTOMER_3406,,commercial,Northeast,,24,2,,,,,95.39
energy_consumption,customer_observation,3407,CUSTOMER_3407,,commercial,North,,45,3,,,,,72.55
energy_consumption,customer_observation,3408,CUSTOMER_3408,,commercial,Northeast,,52,3,,,,,53.08
energy_consumption,customer_observation,3409,CUSTOMER_3409,,residential,Midwest,,24,2,,,,,70.59
energy_consumption,customer_observation,3410,CUSTOMER_3410,,residential,Northeast,,52,4,,,,,131.21
energy_consumption,customer_observation,3411,CUSTOMER_3411,,residential,Midwest,,17,1,,,,,101.23
energy_consumption,customer_observation,3412,CUSTOMER_3412,,residential,South,,24,2,,,,,100.82
energy_consumption,customer_observation,3413,CUSTOMER_3413,,residential,Northeast,,17,2,,,,,61.79
energy_consumption,customer_observation,3414,CUSTOMER_3414,,residential,Midwest,,17,3,,,,,62.01
energy_consumption,customer_observation,3415,CUSTOMER_3415,,commercial,North,,77,2,,,,,60.89
energy_consumption,customer_observation,3416,CUSTOMER_3416,,residential,North,,45,1,,,,,93.01
energy_consumption,customer_observation,3417,CUSTOMER_3417,,residential,Midwest,,17,2,,,,,52.81
energy_consumption,customer_observation,3418,CUSTOMER_3418,,commercial,Midwest,,77,3,,,,,59.03
energy_consumption,customer_observation,3419,CUSTOMER_3419,,residential,Midwest,,52,1,,,,,80.12
energy_consumption,customer_observation,3420,CUSTOMER_3420,,residential,North,,45,3,,,,,65.21
energy_consumption,customer_observation,3421,CUSTOMER_3421,,commercial,Midwest,,77,2,,,,,57.24
energy_consumption,customer_observation,3422,CUSTOMER_3422,,residential,Northeast,,24,2,,,,,70.98
energy_consumption,customer_observation,3423,CUSTOMER_3423,,commercial,Northeast,,52,2,,,,,66.58
energy_consumption,customer_observation,3424,CUSTOMER_3424,,residential,North,,45,3,,,,,78.75
energy_consumption,customer_observation,3425,CUSTOMER_3425,,commercial,North,,52,4,,,,,157.53
energy_consumption,customer_observation,3426,CUSTOMER_3426,,residential,Northeast,,45,2,,,,,58.88
energy_consumption,customer_observation,3427,CUSTOMER_3427,,residential,North,,24,1,,,,,71.64
energy_consumption,customer_observation,3428,CUSTOMER_3428,,residential,South,,45,1,,,,,100.36
energy_consumption,customer_observation,3429,CUSTOMER_3429,,commercial,Northeast,,24,3,,,,,97.53
energy_consumption,customer_observation,3430,CUSTOMER_3430,,residential,North,,24,3,,,,,72.75
energy_consumption,customer_observation,3431,CUSTOMER_3431,,residential,Northeast,,17,3,,,,,88.39
energy_consumption,customer_observation,3432,CUSTOMER_3432,,commercial,Midwest,,77,4,,,,,108.68
energy_consumption,customer_observation,3433,CUSTOMER_3433,,commercial,North,,24,2,,,,,89.09
energy_consumption,customer_observation,3434,CUSTOMER_3434,,residential,Southeast,,45,1,,,,,102.46
energy_consumption,customer_observation,3435,CUSTOMER_3435,,commercial,South,,24,1,,,,,80.1
energy_consumption,customer_observation,3436,CUSTOMER_3436,,residential,Northeast,,77,1,,,,,78.1
energy_consumption,customer_observation,3437,CUSTOMER_3437,,residential,Midwest,,24,3,,,,,62.12
energy_consumption,customer_observation,3438,CUSTOMER_3438,,residential,North,,45,3,,,,,85.05
energy_consumption,customer_observation,3439,CUSTOMER_3439,,commercial,Midwest,,52,2,,,,,82.82
energy_consumption,customer_observation,3440,CUSTOMER_3440,,commercial,Midwest,,45,3,,,,,85.98
energy_consumption,customer_observation,3441,CUSTOMER_3441,,residential,Northeast,,24,1,,,,,53.84
energy_consumption,customer_observation,3442,CUSTOMER_3442,,residential,Northeast,,45,2,,,,,80.68
energy_consumption,customer_observation,3443,CUSTOMER_3443,,residential,Midwest,,77,4,,,,,136.47
energy_consumption,customer_observation,3444,CUSTOMER_3444,,commercial,Midwest,,45,4,,,,,115.23
energy_consumption,customer_observation,3445,CUSTOMER_3445,,commercial,Northeast,,24,3,,,,,63.2
energy_consumption,customer_observation,3446,CUSTOMER_3446,,residential,Midwest,,52,3,,,,,66.68
energy_consumption,customer_observation,3447,CUSTOMER_3447,,commercial,Midwest,,24,1,,,,,89.05
energy_consumption,customer_observation,3448,CUSTOMER_3448,,commercial,Southeast,,45,2,,,,,83.63
energy_consumption,customer_observation,3449,CUSTOMER_3449,,residential,North,,52,4,,,,,150.22
energy_consumption,customer_observation,3450,CUSTOMER_3450,,residential,Midwest,,24,3,,,,,67.68
energy_consumption,customer_observation,3451,CUSTOMER_3451,,residential,Midwest,,45,3,,,,,99.33
energy_consumption,customer_observation,3452,CUSTOMER_3452,,commercial,North,,45,2,,,,,90.69
energy_consumption,customer_observation,3453,CUSTOMER_3453,,commercial,Midwest,,52,2,,,,,72.78
energy_consumption,customer_observation,3454,CUSTOMER_3454,,residential,Midwest,,24,3,,,,,57.39
energy_consumption,customer_observation,3455,CUSTOMER_3455,,commercial,South,,45,3,,,,,65.7
energy_consumption,customer_observation,3456,CUSTOMER_3456,,residential,North,,52,1,,,,,101.63
energy_consumption,customer_observation,3457,CUSTOMER_3457,,residential,Midwest,,17,2,,,,,68.44
energy_consumption,customer_observation,3458,CUSTOMER_3458,,commercial,Northeast,,17,3,,,,,69.44
energy_consumption,customer_observation,3459,CUSTOMER_3459,,commercial,South,,77,3,,,,,62.24
energy_consumption,customer_observation,3460,CUSTOMER_3460,,residential,Northeast,,24,3,,,,,93.93
energy_consumption,customer_observation,3461,CUSTOMER_3461,,residential,South,,77,3,,,,,66.65
energy_consumption,customer_observation,3462,CUSTOMER_3462,,residential,South,,24,1,,,,,69.46
energy_consumption,customer_observation,3463,CUSTOMER_3463,,residential,Northeast,,24,2,,,,,73.78
energy_consumption,customer_observation,3464,CUSTOMER_3464,,residential,Southeast,,45,3,,,,,74.77
energy_consumption,customer_observation,3465,CUSTOMER_3465,,residential,South,,45,2,,,,,73.62
energy_consumption,customer_observation,3466,CUSTOMER_3466,,commercial,Northeast,,45,4,,,,,131.47
energy_consumption,customer_observation,3467,CUSTOMER_3467,,residential,Midwest,,45,4,,,,,148.5
energy_consumption,customer_observation,3468,CUSTOMER_3468,,commercial,Midwest,,52,4,,,,,148.77
energy_consumption,customer_observation,3469,CUSTOMER_3469,,commercial,Northeast,,24,2,,,,,93.49
energy_consumption,customer_observation,3470,CUSTOMER_3470,,residential,North,,45,4,,,,,109.4
energy_consumption,customer_observation,3471,CUSTOMER_3471,,residential,Northeast,,24,3,,,,,93.56
energy_consumption,customer_observation,3472,CUSTOMER_3472,,commercial,Northeast,,45,3,,,,,58.67
energy_consumption,customer_observation,3473,CUSTOMER_3473,,residential,Midwest,,24,3,,,,,58.9
energy_consumption,customer_observation,3474,CUSTOMER_3474,,commercial,Northeast,,24,1,,,,,101.17
energy_consumption,customer_observation,3475,CUSTOMER_3475,,commercial,Southeast,,45,3,,,,,94.58
energy_consumption,customer_observation,3476,CUSTOMER_3476,,commercial,Midwest,,17,2,,,,,80.87
energy_consumption,customer_observation,3477,CUSTOMER_3477,,commercial,North,,17,2,,,,,97.43
energy_consumption,customer_observation,3478,CUSTOMER_3478,,residential,Midwest,,45,4,,,,,158.09
energy_consumption,customer_observation,3479,CUSTOMER_3479,,residential,Midwest,,45,1,,,,,83.86
energy_consumption,customer_observation,3480,CUSTOMER_3480,,residential,South,,52,3,,,,,83.97
energy_consumption,customer_observation,3481,CUSTOMER_3481,,residential,North,,45,4,,,,,145.21
energy_consumption,customer_observation,3482,CUSTOMER_3482,,residential,Northeast,,17,3,,,,,64.42
energy_consumption,customer_observation,3483,CUSTOMER_3483,,residential,South,,45,1,,,,,61.08
energy_consumption,customer_observation,3484,CUSTOMER_3484,,commercial,South,,17,1,,,,,91.5
energy_consumption,customer_observation,3485,CUSTOMER_3485,,residential,Midwest,,45,3,,,,,70.21
energy_consumption,customer_observation,3486,CUSTOMER_3486,,residential,Midwest,,77,3,,,,,59.44
energy_consumption,customer_observation,3487,CUSTOMER_3487,,residential,North,,45,2,,,,,68.67
energy_consumption,customer_observation,3488,CUSTOMER_3488,,residential,Midwest,,45,3,,,,,70.92
energy_consumption,customer_observation,3489,CUSTOMER_3489,,residential,Northeast,,24,3,,,,,102.06
energy_consumption,customer_observation,3490,CUSTOMER_3490,,residential,Northeast,,45,2,,,,,88.34
energy_consumption,customer_observation,3491,CUSTOMER_3491,,residential,Southeast,,52,4,,,,,132.96
energy_consumption,customer_observation,3492,CUSTOMER_3492,,residential,North,,24,2,,,,,102.25
energy_consumption,customer_observation,3493,CUSTOMER_3493,,commercial,Midwest,,24,2,,,,,98.88
energy_consumption,customer_observation,3494,CUSTOMER_3494,,commercial,South,,45,2,,,,,78.79
energy_consumption,customer_observation,3495,CUSTOMER_3495,,commercial,Northeast,,45,1,,,,,99.01
energy_consumption,customer_observation,3496,CUSTOMER_3496,,residential,South,,24,2,,,,,73.26
energy_consumption,customer_observation,3497,CUSTOMER_3497,,commercial,South,,77,1,,,,,64.33
energy_consumption,customer_observation,3498,CUSTOMER_3498,,commercial,Midwest,,17,2,,,,,64.45
energy_consumption,customer_observation,3499,CUSTOMER_3499,,residential,Northeast,,24,2,,,,,86.51
energy_consumption,customer_observation,3500,CUSTOMER_3500,,commercial,Northeast,,45,2,,,,,78.23
energy_consumption,customer_observation,3501,CUSTOMER_3501,,residential,Midwest,,24,3,,,,,86.34
energy_consumption,customer_observation,3502,CUSTOMER_3502,,commercial,Northeast,,45,1,,,,,87.73
energy_consumption,customer_observation,3503,CUSTOMER_3503,,commercial,Northeast,,24,2,,,,,53.65
energy_consumption,customer_observation,3504,CUSTOMER_3504,,residential,South,,17,3,,,,,55.27
energy_consumption,customer_observation,3505,CUSTOMER_3505,,commercial,Northeast,,17,1,,,,,79.85
energy_consumption,customer_observation,3506,CUSTOMER_3506,,residential,Midwest,,77,1,,,,,62.31
energy_consumption,customer_observation,3507,CUSTOMER_3507,,commercial,North,,45,3,,,,,84.98
energy_consumption,customer_observation,3508,CUSTOMER_3508,,residential,Midwest,,45,1,,,,,80.85
energy_consumption,customer_observation,3509,CUSTOMER_3509,,commercial,South,,24,3,,,,,82.58
energy_consumption,customer_observation,3510,CUSTOMER_3510,,residential,Northeast,,45,4,,,,,120.44
energy_consumption,customer_observation,3511,CUSTOMER_3511,,residential,Northeast,,45,2,,,,,85.36
energy_consumption,customer_observation,3512,CUSTOMER_3512,,residential,Midwest,,77,3,,,,,95.09
energy_consumption,customer_observation,3513,CUSTOMER_3513,,commercial,Midwest,,45,1,,,,,103.75
energy_consumption,customer_observation,3514,CUSTOMER_3514,,commercial,Midwest,,45,1,,,,,95.55
energy_consumption,customer_observation,3515,CUSTOMER_3515,,commercial,Northeast,,17,2,,,,,81.13
energy_consumption,customer_observation,3516,CUSTOMER_3516,,commercial,Northeast,,45,3,,,,,62.43
energy_consumption,customer_observation,3517,CUSTOMER_3517,,residential,South,,45,4,,,,,141.21
energy_consumption,customer_observation,3518,CUSTOMER_3518,,residential,South,,77,4,,,,,155.25
energy_consumption,customer_observation,3519,CUSTOMER_3519,,residential,Midwest,,24,2,,,,,63.38
energy_consumption,customer_observation,3520,CUSTOMER_3520,,residential,Southeast,,24,3,,,,,65.65
energy_consumption,customer_observation,3521,CUSTOMER_3521,,residential,Midwest,,45,4,,,,,112.03
energy_consumption,customer_observation,3522,CUSTOMER_3522,,residential,Midwest,,24,3,,,,,90.33
energy_consumption,customer_observation,3523,CUSTOMER_3523,,residential,Northeast,,17,3,,,,,73.38
energy_consumption,customer_observation,3524,CUSTOMER_3524,,residential,Midwest,,52,2,,,,,55.72
energy_consumption,customer_observation,3525,CUSTOMER_3525,,residential,Midwest,,45,2,,,,,97.43
energy_consumption,customer_observation,3526,CUSTOMER_3526,,residential,North,,52,4,,,,,134.43
energy_consumption,customer_observation,3527,CUSTOMER_3527,,commercial,Midwest,,52,1,,,,,69.5
energy_consumption,customer_observation,3528,CUSTOMER_3528,,commercial,Midwest,,24,2,,,,,70.16
energy_consumption,customer_observation,3529,CUSTOMER_3529,,commercial,Midwest,,45,3,,,,,67.4
energy_consumption,customer_observation,3530,CUSTOMER_3530,,residential,Midwest,,17,3,,,,,75.89
energy_consumption,customer_observation,3531,CUSTOMER_3531,,residential,South,,77,4,,,,,122.33
energy_consumption,customer_observation,3532,CUSTOMER_3532,,commercial,North,,45,4,,,,,133.89
energy_consumption,customer_observation,3533,CUSTOMER_3533,,residential,Midwest,,24,3,,,,,92.22
energy_consumption,customer_observation,3534,CUSTOMER_3534,,residential,Midwest,,24,2,,,,,87.13
energy_consumption,customer_observation,3535,CUSTOMER_3535,,residential,Midwest,,45,1,,,,,67.62
energy_consumption,customer_observation,3536,CUSTOMER_3536,,residential,Northeast,,24,2,,,,,79.65
energy_consumption,customer_observation,3537,CUSTOMER_3537,,residential,North,,24,1,,,,,95.64
energy_consumption,customer_observation,3538,CUSTOMER_3538,,residential,Southeast,,45,2,,,,,56.0
energy_consumption,customer_observation,3539,CUSTOMER_3539,,commercial,Midwest,,52,4,,,,,108.15
energy_consumption,customer_observation,3540,CUSTOMER_3540,,residential,Southeast,,24,3,,,,,81.06
energy_consumption,customer_observation,3541,CUSTOMER_3541,,residential,Midwest,,45,1,,,,,85.32
energy_consumption,customer_observation,3542,CUSTOMER_3542,,commercial,Midwest,,52,2,,,,,63.36
energy_consumption,customer_observation,3543,CUSTOMER_3543,,residential,Southeast,,17,3,,,,,90.77
energy_consumption,customer_observation,3544,CUSTOMER_3544,,residential,Midwest,,52,1,,,,,85.69
energy_consumption,customer_observation,3545,CUSTOMER_3545,,commercial,Northeast,,24,1,,,,,99.91
energy_consumption,customer_observation,3546,CUSTOMER_3546,,residential,Midwest,,45,3,,,,,61.18
energy_consumption,customer_observation,3547,CUSTOMER_3547,,residential,Southeast,,45,4,,,,,145.04
energy_consumption,customer_observation,3548,CUSTOMER_3548,,residential,Northeast,,45,3,,,,,56.8
energy_consumption,customer_observation,3549,CUSTOMER_3549,,residential,Northeast,,52,4,,,,,134.84
energy_consumption,customer_observation,3550,CUSTOMER_3550,,residential,North,,17,2,,,,,80.84
energy_consumption,customer_observation,3551,CUSTOMER_3551,,commercial,South,,24,2,,,,,72.44
energy_consumption,customer_observation,3552,CUSTOMER_3552,,residential,North,,45,3,,,,,95.87
energy_consumption,customer_observation,3553,CUSTOMER_3553,,residential,Midwest,,52,4,,,,,104.1
energy_consumption,customer_observation,3554,CUSTOMER_3554,,residential,Midwest,,24,2,,,,,79.21
energy_consumption,customer_observation,3555,CUSTOMER_3555,,residential,Midwest,,52,4,,,,,115.76
energy_consumption,customer_observation,3556,CUSTOMER_3556,,residential,Midwest,,24,3,,,,,90.68
energy_consumption,customer_observation,3557,CUSTOMER_3557,,residential,North,,24,3,,,,,54.71
energy_consumption,customer_observation,3558,CUSTOMER_3558,,residential,Midwest,,45,2,,,,,95.2
energy_consumption,customer_observation,3559,CUSTOMER_3559,,residential,Midwest,,17,2,,,,,95.54
energy_consumption,customer_observation,3560,CUSTOMER_3560,,residential,Southeast,,45,1,,,,,95.27
energy_consumption,customer_observation,3561,CUSTOMER_3561,,residential,Northeast,,17,1,,,,,60.33
energy_consumption,customer_observation,3562,CUSTOMER_3562,,commercial,Southeast,,24,2,,,,,84.87
energy_consumption,customer_observation,3563,CUSTOMER_3563,,residential,Midwest,,45,4,,,,,104.65
energy_consumption,customer_observation,3564,CUSTOMER_3564,,residential,Southeast,,45,4,,,,,150.34
energy_consumption,customer_observation,3565,CUSTOMER_3565,,residential,Midwest,,45,2,,,,,89.62
energy_consumption,customer_observation,3566,CUSTOMER_3566,,commercial,Midwest,,45,2,,,,,79.77
energy_consumption,customer_observation,3567,CUSTOMER_3567,,residential,South,,24,1,,,,,90.02
energy_consumption,customer_observation,3568,CUSTOMER_3568,,commercial,Southeast,,45,4,,,,,109.03
energy_consumption,customer_observation,3569,CUSTOMER_3569,,commercial,Midwest,,77,2,,,,,79.65
energy_consumption,customer_observation,3570,CUSTOMER_3570,,commercial,Northeast,,52,1,,,,,67.46
energy_consumption,customer_observation,3571,CUSTOMER_3571,,residential,Northeast,,17,1,,,,,102.44
energy_consumption,customer_observation,3572,CUSTOMER_3572,,residential,Northeast,,17,1,,,,,96.51
energy_consumption,customer_observation,3573,CUSTOMER_3573,,commercial,Northeast,,77,1,,,,,90.15
energy_consumption,customer_observation,3574,CUSTOMER_3574,,commercial,Northeast,,45,3,,,,,100.45
energy_consumption,customer_observation,3575,CUSTOMER_3575,,commercial,Southeast,,45,2,,,,,70.31
energy_consumption,customer_observation,3576,CUSTOMER_3576,,residential,North,,45,4,,,,,153.24
energy_consumption,customer_observation,3577,CUSTOMER_3577,,residential,Midwest,,24,2,,,,,69.2
energy_consumption,customer_observation,3578,CUSTOMER_3578,,residential,Northeast,,45,3,,,,,90.13
energy_consumption,customer_observation,3579,CUSTOMER_3579,,commercial,Northeast,,77,4,,,,,144.22
energy_consumption,customer_observation,3580,CUSTOMER_3580,,residential,North,,45,2,,,,,53.44
energy_consumption,customer_observation,3581,CUSTOMER_3581,,residential,Northeast,,24,1,,,,,71.04
energy_consumption,customer_observation,3582,CUSTOMER_3582,,commercial,Midwest,,17,3,,,,,53.5
energy_consumption,customer_observation,3583,CUSTOMER_3583,,residential,Southeast,,24,1,,,,,103.7
energy_consumption,customer_observation,3584,CUSTOMER_3584,,commercial,Northeast,,45,3,,,,,58.77
energy_consumption,customer_observation,3585,CUSTOMER_3585,,residential,Midwest,,24,1,,,,,80.37
energy_consumption,customer_observation,3586,CUSTOMER_3586,,residential,Midwest,,17,2,,,,,93.1
energy_consumption,customer_observation,3587,CUSTOMER_3587,,residential,Southeast,,77,2,,,,,62.83
energy_consumption,customer_observation,3588,CUSTOMER_3588,,commercial,Midwest,,24,2,,,,,77.41
energy_consumption,customer_observation,3589,CUSTOMER_3589,,residential,Midwest,,17,3,,,,,83.69
energy_consumption,customer_observation,3590,CUSTOMER_3590,,residential,Midwest,,24,2,,,,,60.73
energy_consumption,customer_observation,3591,CUSTOMER_3591,,commercial,Southeast,,24,3,,,,,92.48
energy_consumption,customer_observation,3592,CUSTOMER_3592,,residential,North,,45,1,,,,,67.87
energy_consumption,customer_observation,3593,CUSTOMER_3593,,residential,Midwest,,77,2,,,,,63.34
energy_consumption,customer_observation,3594,CUSTOMER_3594,,residential,South,,52,1,,,,,81.17
energy_consumption,customer_observation,3595,CUSTOMER_3595,,residential,Midwest,,45,2,,,,,73.57
energy_consumption,customer_observation,3596,CUSTOMER_3596,,residential,Midwest,,45,1,,,,,99.76
energy_consumption,customer_observation,3597,CUSTOMER_3597,,residential,Midwest,,45,3,,,,,97.69
energy_consumption,customer_observation,3598,CUSTOMER_3598,,residential,Northeast,,24,2,,,,,77.32
energy_consumption,customer_observation,3599,CUSTOMER_3599,,residential,Midwest,,17,3,,,,,70.95
energy_consumption,customer_observation,3600,CUSTOMER_3600,,commercial,Midwest,,77,3,,,,,69.22
energy_consumption,customer_observation,3601,CUSTOMER_3601,,residential,Midwest,,24,1,,,,,66.24
energy_consumption,customer_observation,3602,CUSTOMER_3602,,residential,Midwest,,24,2,,,,,80.46
energy_consumption,customer_observation,3603,CUSTOMER_3603,,residential,Southeast,,45,4,,,,,147.98
energy_consumption,customer_observation,3604,CUSTOMER_3604,,residential,Northeast,,45,4,,,,,120.89
energy_consumption,customer_observation,3605,CUSTOMER_3605,,residential,Midwest,,17,3,,,,,62.26
energy_consumption,customer_observation,3606,CUSTOMER_3606,,residential,Midwest,,17,1,,,,,76.92
energy_consumption,customer_observation,3607,CUSTOMER_3607,,commercial,Midwest,,24,1,,,,,56.04
energy_consumption,customer_observation,3608,CUSTOMER_3608,,residential,Northeast,,45,1,,,,,88.51
energy_consumption,customer_observation,3609,CUSTOMER_3609,,commercial,Midwest,,24,2,,,,,79.12
energy_consumption,customer_observation,3610,CUSTOMER_3610,,commercial,Southeast,,45,2,,,,,77.99
energy_consumption,customer_observation,3611,CUSTOMER_3611,,residential,Midwest,,45,1,,,,,67.93
energy_consumption,customer_observation,3612,CUSTOMER_3612,,residential,South,,52,4,,,,,153.45
energy_consumption,customer_observation,3613,CUSTOMER_3613,,residential,South,,24,2,,,,,57.15
energy_consumption,customer_observation,3614,CUSTOMER_3614,,commercial,North,,17,1,,,,,97.17
energy_consumption,customer_observation,3615,CUSTOMER_3615,,residential,Northeast,,45,4,,,,,124.51
energy_consumption,customer_observation,3616,CUSTOMER_3616,,residential,South,,45,4,,,,,152.13
energy_consumption,customer_observation,3617,CUSTOMER_3617,,residential,South,,17,2,,,,,89.92
energy_consumption,customer_observation,3618,CUSTOMER_3618,,commercial,North,,45,2,,,,,57.85
energy_consumption,customer_observation,3619,CUSTOMER_3619,,commercial,North,,17,1,,,,,95.2
energy_consumption,customer_observation,3620,CUSTOMER_3620,,residential,Northeast,,17,1,,,,,87.53
energy_consumption,customer_observation,3621,CUSTOMER_3621,,commercial,South,,45,2,,,,,54.16
energy_consumption,customer_observation,3622,CUSTOMER_3622,,residential,Northeast,,24,1,,,,,59.37
energy_consumption,customer_observation,3623,CUSTOMER_3623,,residential,Midwest,,52,1,,,,,85.14
energy_consumption,customer_observation,3624,CUSTOMER_3624,,commercial,Southeast,,45,1,,,,,86.52
energy_consumption,customer_observation,3625,CUSTOMER_3625,,residential,North,,45,1,,,,,90.84
energy_consumption,customer_observation,3626,CUSTOMER_3626,,residential,Midwest,,45,2,,,,,89.48
energy_consumption,customer_observation,3627,CUSTOMER_3627,,residential,Northeast,,45,4,,,,,140.01
energy_consumption,customer_observation,3628,CUSTOMER_3628,,commercial,Southeast,,17,3,,,,,91.85
energy_consumption,customer_observation,3629,CUSTOMER_3629,,commercial,Northeast,,52,2,,,,,82.03
energy_consumption,customer_observation,3630,CUSTOMER_3630,,residential,Midwest,,77,1,,,,,65.89
energy_consumption,customer_observation,3631,CUSTOMER_3631,,commercial,Midwest,,24,1,,,,,99.35
energy_consumption,customer_observation,3632,CUSTOMER_3632,,residential,Northeast,,17,2,,,,,53.44
energy_consumption,customer_observation,3633,CUSTOMER_3633,,residential,North,,17,1,,,,,71.32
energy_consumption,customer_observation,3634,CUSTOMER_3634,,residential,Midwest,,45,4,,,,,143.81
energy_consumption,customer_observation,3635,CUSTOMER_3635,,residential,Northeast,,45,4,,,,,127.27
energy_consumption,customer_observation,3636,CUSTOMER_3636,,residential,Southeast,,52,2,,,,,53.78
energy_consumption,customer_observation,3637,CUSTOMER_3637,,commercial,Southeast,,45,3,,,,,55.89
energy_consumption,customer_observation,3638,CUSTOMER_3638,,residential,Midwest,,45,1,,,,,85.81
energy_consumption,customer_observation,3639,CUSTOMER_3639,,residential,Midwest,,45,3,,,,,102.05
energy_consumption,customer_observation,3640,CUSTOMER_3640,,residential,Midwest,,45,4,,,,,134.11
energy_consumption,customer_observation,3641,CUSTOMER_3641,,residential,Southeast,,45,3,,,,,78.52
energy_consumption,customer_observation,3642,CUSTOMER_3642,,commercial,Midwest,,45,1,,,,,68.85
energy_consumption,customer_observation,3643,CUSTOMER_3643,,residential,Northeast,,45,1,,,,,65.68
energy_consumption,customer_observation,3644,CUSTOMER_3644,,residential,Northeast,,45,4,,,,,105.01
energy_consumption,customer_observation,3645,CUSTOMER_3645,,commercial,Midwest,,45,2,,,,,66.52
energy_consumption,customer_observation,3646,CUSTOMER_3646,,residential,Midwest,,45,2,,,,,75.56
energy_consumption,customer_observation,3647,CUSTOMER_3647,,residential,Midwest,,45,4,,,,,114.71
energy_consumption,customer_observation,3648,CUSTOMER_3648,,residential,North,,45,1,,,,,56.99
energy_consumption,customer_observation,3649,CUSTOMER_3649,,residential,Midwest,,45,2,,,,,89.36
energy_consumption,customer_observation,3650,CUSTOMER_3650,,commercial,Northeast,,45,3,,,,,98.44
energy_consumption,customer_observation,3651,CUSTOMER_3651,,commercial,Northeast,,45,4,,,,,155.2
energy_consumption,customer_observation,3652,CUSTOMER_3652,,residential,Midwest,,24,3,,,,,84.23
energy_consumption,customer_observation,3653,CUSTOMER_3653,,commercial,Northeast,,17,1,,,,,55.21
energy_consumption,customer_observation,3654,CUSTOMER_3654,,residential,Midwest,,45,2,,,,,90.54
energy_consumption,customer_observation,3655,CUSTOMER_3655,,residential,Northeast,,45,1,,,,,58.15
energy_consumption,customer_observation,3656,CUSTOMER_3656,,residential,Midwest,,77,3,,,,,86.89
energy_consumption,customer_observation,3657,CUSTOMER_3657,,residential,Midwest,,24,1,,,,,92.52
energy_consumption,customer_observation,3658,CUSTOMER_3658,,residential,Northeast,,24,1,,,,,89.77
energy_consumption,customer_observation,3659,CUSTOMER_3659,,residential,Northeast,,24,1,,,,,101.38
energy_consumption,customer_observation,3660,CUSTOMER_3660,,commercial,Southeast,,17,1,,,,,90.4
energy_consumption,customer_observation,3661,CUSTOMER_3661,,residential,Midwest,,45,3,,,,,88.1
energy_consumption,customer_observation,3662,CUSTOMER_3662,,residential,Midwest,,24,1,,,,,65.94
energy_consumption,customer_observation,3663,CUSTOMER_3663,,residential,North,,45,4,,,,,154.55
energy_consumption,customer_observation,3664,CUSTOMER_3664,,residential,Midwest,,45,1,,,,,61.72
energy_consumption,customer_observation,3665,CUSTOMER_3665,,residential,Midwest,,45,4,,,,,153.46
energy_consumption,customer_observation,3666,CUSTOMER_3666,,residential,Midwest,,52,2,,,,,68.56
energy_consumption,customer_observation,3667,CUSTOMER_3667,,commercial,Midwest,,45,1,,,,,59.18
energy_consumption,customer_observation,3668,CUSTOMER_3668,,residential,Northeast,,24,2,,,,,94.95
energy_consumption,customer_observation,3669,CUSTOMER_3669,,residential,Northeast,,52,1,,,,,52.63
energy_consumption,customer_observation,3670,CUSTOMER_3670,,residential,Southeast,,52,2,,,,,95.23
energy_consumption,customer_observation,3671,CUSTOMER_3671,,residential,South,,24,1,,,,,65.97
energy_consumption,customer_observation,3672,CUSTOMER_3672,,residential,North,,17,2,,,,,97.93
energy_consumption,customer_observation,3673,CUSTOMER_3673,,commercial,Midwest,,17,1,,,,,88.01
energy_consumption,customer_observation,3674,CUSTOMER_3674,,residential,Northeast,,24,1,,,,,86.71
energy_consumption,customer_observation,3675,CUSTOMER_3675,,residential,North,,77,4,,,,,123.88
energy_consumption,customer_observation,3676,CUSTOMER_3676,,residential,Northeast,,45,2,,,,,55.55
energy_consumption,customer_observation,3677,CUSTOMER_3677,,residential,North,,24,1,,,,,95.12
energy_consumption,customer_observation,3678,CUSTOMER_3678,,residential,Midwest,,52,4,,,,,113.23
energy_consumption,customer_observation,3679,CUSTOMER_3679,,commercial,Midwest,,45,1,,,,,71.62
energy_consumption,customer_observation,3680,CUSTOMER_3680,,residential,North,,24,1,,,,,83.33
energy_consumption,customer_observation,3681,CUSTOMER_3681,,commercial,North,,77,1,,,,,77.26
energy_consumption,customer_observation,3682,CUSTOMER_3682,,residential,Southeast,,52,3,,,,,62.7
energy_consumption,customer_observation,3683,CUSTOMER_3683,,commercial,Northeast,,52,1,,,,,59.72
energy_consumption,customer_observation,3684,CUSTOMER_3684,,residential,Midwest,,45,4,,,,,110.62
energy_consumption,customer_observation,3685,CUSTOMER_3685,,commercial,Northeast,,45,3,,,,,96.82
energy_consumption,customer_observation,3686,CUSTOMER_3686,,residential,Midwest,,24,3,,,,,54.12
energy_consumption,customer_observation,3687,CUSTOMER_3687,,commercial,Northeast,,45,1,,,,,102.67
energy_consumption,customer_observation,3688,CUSTOMER_3688,,residential,North,,77,2,,,,,62.69
energy_consumption,customer_observation,3689,CUSTOMER_3689,,residential,Northeast,,24,2,,,,,58.17
energy_consumption,customer_observation,3690,CUSTOMER_3690,,residential,Northeast,,45,1,,,,,82.13
energy_consumption,customer_observation,3691,CUSTOMER_3691,,commercial,Midwest,,45,3,,,,,56.61
energy_consumption,customer_observation,3692,CUSTOMER_3692,,residential,Midwest,,17,2,,,,,83.44
energy_consumption,customer_observation,3693,CUSTOMER_3693,,commercial,Northeast,,45,1,,,,,96.18
energy_consumption,customer_observation,3694,CUSTOMER_3694,,residential,North,,24,1,,,,,54.96
energy_consumption,customer_observation,3695,CUSTOMER_3695,,residential,Midwest,,45,3,,,,,93.57
energy_consumption,customer_observation,3696,CUSTOMER_3696,,residential,Midwest,,17,2,,,,,72.76
energy_consumption,customer_observation,3697,CUSTOMER_3697,,commercial,South,,77,1,,,,,60.69
energy_consumption,customer_observation,3698,CUSTOMER_3698,,commercial,Midwest,,24,2,,,,,61.54
energy_consumption,customer_observation,3699,CUSTOMER_3699,,commercial,Midwest,,24,1,,,,,99.68
energy_consumption,customer_observation,3700,CUSTOMER_3700,,residential,Midwest,,17,1,,,,,58.18
energy_consumption,customer_observation,3701,CUSTOMER_3701,,residential,South,,77,4,,,,,151.37
energy_consumption,customer_observation,3702,CUSTOMER_3702,,commercial,Southeast,,45,1,,,,,80.45
energy_consumption,customer_observation,3703,CUSTOMER_3703,,residential,Northeast,,45,3,,,,,54.51
energy_consumption,customer_observation,3704,CUSTOMER_3704,,commercial,Northeast,,45,4,,,,,129.32
energy_consumption,customer_observation,3705,CUSTOMER_3705,,commercial,Northeast,,45,3,,,,,94.48
energy_consumption,customer_observation,3706,CUSTOMER_3706,,commercial,Midwest,,17,3,,,,,89.79
energy_consumption,customer_observation,3707,CUSTOMER_3707,,commercial,Midwest,,45,4,,,,,130.65
energy_consumption,customer_observation,3708,CUSTOMER_3708,,residential,Midwest,,24,2,,,,,96.66
energy_consumption,customer_observation,3709,CUSTOMER_3709,,residential,North,,77,3,,,,,58.68
energy_consumption,customer_observation,3710,CUSTOMER_3710,,commercial,Midwest,,45,4,,,,,153.73
energy_consumption,customer_observation,3711,CUSTOMER_3711,,residential,Southeast,,45,3,,,,,95.96
energy_consumption,customer_observation,3712,CUSTOMER_3712,,commercial,Northeast,,24,2,,,,,88.87
energy_consumption,customer_observation,3713,CUSTOMER_3713,,commercial,Midwest,,45,2,,,,,94.5
energy_consumption,customer_observation,3714,CUSTOMER_3714,,residential,Midwest,,17,2,,,,,80.42
energy_consumption,customer_observation,3715,CUSTOMER_3715,,commercial,Southeast,,24,2,,,,,87.17
energy_consumption,customer_observation,3716,CUSTOMER_3716,,residential,Southeast,,24,3,,,,,81.29
energy_consumption,customer_observation,3717,CUSTOMER_3717,,residential,Midwest,,45,4,,,,,123.34
energy_consumption,customer_observation,3718,CUSTOMER_3718,,residential,Midwest,,45,3,,,,,81.71
energy_consumption,customer_observation,3719,CUSTOMER_3719,,residential,Southeast,,24,2,,,,,65.72
energy_consumption,customer_observation,3720,CUSTOMER_3720,,residential,Midwest,,17,3,,,,,75.11
energy_consumption,customer_observation,3721,CUSTOMER_3721,,residential,Northeast,,45,1,,,,,66.92
energy_consumption,customer_observation,3722,CUSTOMER_3722,,commercial,Midwest,,45,3,,,,,58.81
energy_consumption,customer_observation,3723,CUSTOMER_3723,,commercial,Northeast,,24,1,,,,,69.03
energy_consumption,customer_observation,3724,CUSTOMER_3724,,residential,Northeast,,24,2,,,,,96.25
energy_consumption,customer_observation,3725,CUSTOMER_3725,,residential,Southeast,,77,2,,,,,72.07
energy_consumption,customer_observation,3726,CUSTOMER_3726,,commercial,Midwest,,77,3,,,,,90.91
energy_consumption,customer_observation,3727,CUSTOMER_3727,,residential,Midwest,,77,2,,,,,61.5
energy_consumption,customer_observation,3728,CUSTOMER_3728,,residential,Northeast,,52,3,,,,,74.29
energy_consumption,customer_observation,3729,CUSTOMER_3729,,residential,Northeast,,24,3,,,,,58.4
energy_consumption,customer_observation,3730,CUSTOMER_3730,,residential,Northeast,,24,3,,,,,59.62
energy_consumption,customer_observation,3731,CUSTOMER_3731,,residential,Northeast,,24,3,,,,,84.21
energy_consumption,customer_observation,3732,CUSTOMER_3732,,commercial,Midwest,,24,1,,,,,83.69
energy_consumption,customer_observation,3733,CUSTOMER_3733,,residential,Northeast,,77,1,,,,,63.46
energy_consumption,customer_observation,3734,CUSTOMER_3734,,residential,Midwest,,45,2,,,,,76.86
energy_consumption,customer_observation,3735,CUSTOMER_3735,,residential,Northeast,,45,4,,,,,151.18
energy_consumption,customer_observation,3736,CUSTOMER_3736,,residential,South,,24,1,,,,,61.45
energy_consumption,customer_observation,3737,CUSTOMER_3737,,commercial,Northeast,,77,4,,,,,104.91
energy_consumption,customer_observation,3738,CUSTOMER_3738,,commercial,North,,52,4,,,,,139.6
energy_consumption,customer_observation,3739,CUSTOMER_3739,,commercial,North,,24,2,,,,,55.25
energy_consumption,customer_observation,3740,CUSTOMER_3740,,residential,Midwest,,52,2,,,,,102.82
energy_consumption,customer_observation,3741,CUSTOMER_3741,,commercial,Midwest,,24,3,,,,,83.8
energy_consumption,customer_observation,3742,CUSTOMER_3742,,commercial,Midwest,,17,3,,,,,76.65
energy_consumption,customer_observation,3743,CUSTOMER_3743,,commercial,Midwest,,45,3,,,,,74.58
energy_consumption,customer_observation,3744,CUSTOMER_3744,,residential,North,,45,3,,,,,81.93
energy_consumption,customer_observation,3745,CUSTOMER_3745,,residential,Midwest,,17,3,,,,,57.15
energy_consumption,customer_observation,3746,CUSTOMER_3746,,residential,Midwest,,24,3,,,,,100.26
energy_consumption,customer_observation,3747,CUSTOMER_3747,,commercial,North,,77,1,,,,,84.63
energy_consumption,customer_observation,3748,CUSTOMER_3748,,residential,North,,45,4,,,,,113.94
energy_consumption,customer_observation,3749,CUSTOMER_3749,,residential,North,,45,2,,,,,81.39
energy_consumption,customer_observation,3750,CUSTOMER_3750,,commercial,North,,24,2,,,,,59.34
energy_consumption,customer_observation,3751,CUSTOMER_3751,,commercial,Midwest,,17,3,,,,,53.4
energy_consumption,customer_observation,3752,CUSTOMER_3752,,commercial,Northeast,,24,1,,,,,84.88
energy_consumption,customer_observation,3753,CUSTOMER_3753,,residential,Northeast,,24,3,,,,,85.8
energy_consumption,customer_observation,3754,CUSTOMER_3754,,commercial,Northeast,,24,1,,,,,82.47
energy_consumption,customer_observation,3755,CUSTOMER_3755,,residential,South,,24,1,,,,,61.92
energy_consumption,customer_observation,3756,CUSTOMER_3756,,residential,Southeast,,45,4,,,,,136.93
energy_consumption,customer_observation,3757,CUSTOMER_3757,,residential,Northeast,,24,2,,,,,55.4
energy_consumption,customer_observation,3758,CUSTOMER_3758,,residential,Northeast,,52,2,,,,,83.78
energy_consumption,customer_observation,3759,CUSTOMER_3759,,residential,Northeast,,24,1,,,,,80.95
energy_consumption,customer_observation,3760,CUSTOMER_3760,,commercial,Midwest,,45,2,,,,,86.15
energy_consumption,customer_observation,3761,CUSTOMER_3761,,residential,North,,17,1,,,,,98.48
energy_consumption,customer_observation,3762,CUSTOMER_3762,,commercial,Midwest,,45,1,,,,,96.17
energy_consumption,customer_observation,3763,CUSTOMER_3763,,residential,Midwest,,17,1,,,,,102.86
energy_consumption,customer_observation,3764,CUSTOMER_3764,,residential,Southeast,,77,2,,,,,102.63
energy_consumption,customer_observation,3765,CUSTOMER_3765,,residential,Northeast,,45,3,,,,,92.16
energy_consumption,customer_observation,3766,CUSTOMER_3766,,residential,Southeast,,45,2,,,,,101.61
energy_consumption,customer_observation,3767,CUSTOMER_3767,,residential,Midwest,,17,3,,,,,97.04
energy_consumption,customer_observation,3768,CUSTOMER_3768,,residential,North,,45,2,,,,,89.86
energy_consumption,customer_observation,3769,CUSTOMER_3769,,residential,Northeast,,45,4,,,,,107.99
energy_consumption,customer_observation,3770,CUSTOMER_3770,,residential,Northeast,,24,2,,,,,55.02
energy_consumption,customer_observation,3771,CUSTOMER_3771,,residential,Northeast,,45,4,,,,,149.77
energy_consumption,customer_observation,3772,CUSTOMER_3772,,commercial,Northeast,,52,4,,,,,130.7
energy_consumption,customer_observation,3773,CUSTOMER_3773,,residential,Midwest,,45,4,,,,,148.51
energy_consumption,customer_observation,3774,CUSTOMER_3774,,commercial,Midwest,,52,4,,,,,121.01
energy_consumption,customer_observation,3775,CUSTOMER_3775,,commercial,South,,52,3,,,,,72.92
energy_consumption,customer_observation,3776,CUSTOMER_3776,,commercial,North,,77,1,,,,,88.45
energy_consumption,customer_observation,3777,CUSTOMER_3777,,commercial,South,,45,3,,,,,99.5
energy_consumption,customer_observation,3778,CUSTOMER_3778,,residential,Northeast,,45,1,,,,,57.01
energy_consumption,customer_observation,3779,CUSTOMER_3779,,commercial,Midwest,,45,1,,,,,96.74
energy_consumption,customer_observation,3780,CUSTOMER_3780,,commercial,Northeast,,45,2,,,,,93.22
energy_consumption,customer_observation,3781,CUSTOMER_3781,,residential,North,,77,2,,,,,68.7
energy_consumption,customer_observation,3782,CUSTOMER_3782,,residential,Southeast,,17,2,,,,,70.74
energy_consumption,customer_observation,3783,CUSTOMER_3783,,residential,Northeast,,24,2,,,,,54.89
energy_consumption,customer_observation,3784,CUSTOMER_3784,,commercial,Midwest,,24,2,,,,,53.31
energy_consumption,customer_observation,3785,CUSTOMER_3785,,commercial,Midwest,,24,3,,,,,76.99
energy_consumption,customer_observation,3786,CUSTOMER_3786,,residential,Midwest,,24,3,,,,,57.41
energy_consumption,customer_observation,3787,CUSTOMER_3787,,residential,Midwest,,45,4,,,,,114.49
energy_consumption,customer_observation,3788,CUSTOMER_3788,,residential,Midwest,,17,3,,,,,95.98
energy_consumption,customer_observation,3789,CUSTOMER_3789,,residential,North,,45,3,,,,,81.82
energy_consumption,customer_observation,3790,CUSTOMER_3790,,commercial,Midwest,,45,2,,,,,85.04
energy_consumption,customer_observation,3791,CUSTOMER_3791,,residential,Southeast,,24,3,,,,,62.13
energy_consumption,customer_observation,3792,CUSTOMER_3792,,residential,North,,24,3,,,,,95.05
energy_consumption,customer_observation,3793,CUSTOMER_3793,,residential,North,,45,4,,,,,151.43
energy_consumption,customer_observation,3794,CUSTOMER_3794,,commercial,Midwest,,45,1,,,,,79.37
energy_consumption,customer_observation,3795,CUSTOMER_3795,,residential,Midwest,,52,2,,,,,99.36
energy_consumption,customer_observation,3796,CUSTOMER_3796,,commercial,Midwest,,52,3,,,,,95.88
energy_consumption,customer_observation,3797,CUSTOMER_3797,,residential,North,,77,3,,,,,90.05
energy_consumption,customer_observation,3798,CUSTOMER_3798,,residential,Midwest,,45,4,,,,,144.09
energy_consumption,customer_observation,3799,CUSTOMER_3799,,residential,North,,77,3,,,,,57.91
energy_consumption,customer_observation,3800,CUSTOMER_3800,,residential,Midwest,,52,2,,,,,66.41
energy_consumption,customer_observation,3801,CUSTOMER_3801,,residential,Midwest,,52,3,,,,,55.93
energy_consumption,customer_observation,3802,CUSTOMER_3802,,commercial,Northeast,,17,1,,,,,52.95
energy_consumption,customer_observation,3803,CUSTOMER_3803,,commercial,Midwest,,77,2,,,,,60.63
energy_consumption,customer_observation,3804,CUSTOMER_3804,,commercial,South,,45,1,,,,,97.71
energy_consumption,customer_observation,3805,CUSTOMER_3805,,residential,Midwest,,45,4,,,,,117.01
energy_consumption,customer_observation,3806,CUSTOMER_3806,,commercial,Southeast,,17,2,,,,,102.32
energy_consumption,customer_observation,3807,CUSTOMER_3807,,residential,Midwest,,24,3,,,,,83.17
energy_consumption,customer_observation,3808,CUSTOMER_3808,,residential,Midwest,,24,2,,,,,64.68
energy_consumption,customer_observation,3809,CUSTOMER_3809,,residential,North,,24,2,,,,,78.03
energy_consumption,customer_observation,3810,CUSTOMER_3810,,residential,North,,17,2,,,,,63.75
energy_consumption,customer_observation,3811,CUSTOMER_3811,,commercial,Northeast,,52,1,,,,,103.03
energy_consumption,customer_observation,3812,CUSTOMER_3812,,residential,Midwest,,17,2,,,,,96.01
energy_consumption,customer_observation,3813,CUSTOMER_3813,,residential,Southeast,,24,3,,,,,53.85
energy_consumption,customer_observation,3814,CUSTOMER_3814,,residential,Northeast,,24,2,,,,,101.17
energy_consumption,customer_observation,3815,CUSTOMER_3815,,residential,Midwest,,45,2,,,,,89.53
energy_consumption,customer_observation,3816,CUSTOMER_3816,,residential,Midwest,,24,3,,,,,56.73
energy_consumption,customer_observation,3817,CUSTOMER_3817,,residential,Midwest,,24,3,,,,,86.94
energy_consumption,customer_observation,3818,CUSTOMER_3818,,commercial,Northeast,,45,1,,,,,85.72
energy_consumption,customer_observation,3819,CUSTOMER_3819,,commercial,Midwest,,45,3,,,,,63.73
energy_consumption,customer_observation,3820,CUSTOMER_3820,,residential,Northeast,,17,3,,,,,91.45
energy_consumption,customer_observation,3821,CUSTOMER_3821,,residential,North,,24,3,,,,,56.97
energy_consumption,customer_observation,3822,CUSTOMER_3822,,residential,South,,24,2,,,,,77.63
energy_consumption,customer_observation,3823,CUSTOMER_3823,,commercial,North,,77,1,,,,,53.01
energy_consumption,customer_observation,3824,CUSTOMER_3824,,residential,North,,24,3,,,,,102.24
energy_consumption,customer_observation,3825,CUSTOMER_3825,,residential,Southeast,,45,3,,,,,91.09
energy_consumption,customer_observation,3826,CUSTOMER_3826,,residential,Northeast,,24,3,,,,,60.66
energy_consumption,customer_observation,3827,CUSTOMER_3827,,residential,Midwest,,45,2,,,,,70.04
energy_consumption,customer_observation,3828,CUSTOMER_3828,,residential,Northeast,,17,2,,,,,60.74
energy_consumption,customer_observation,3829,CUSTOMER_3829,,commercial,Northeast,,17,1,,,,,91.87
energy_consumption,customer_observation,3830,CUSTOMER_3830,,residential,Northeast,,45,4,,,,,107.09
energy_consumption,customer_observation,3831,CUSTOMER_3831,,residential,Northeast,,24,1,,,,,95.65
energy_consumption,customer_observation,3832,CUSTOMER_3832,,commercial,Midwest,,17,2,,,,,100.88
energy_consumption,customer_observation,3833,CUSTOMER_3833,,commercial,Midwest,,45,3,,,,,87.24
energy_consumption,customer_observation,3834,CUSTOMER_3834,,residential,Midwest,,77,3,,,,,63.44
energy_consumption,customer_observation,3835,CUSTOMER_3835,,residential,South,,24,1,,,,,70.99
energy_consumption,customer_observation,3836,CUSTOMER_3836,,residential,North,,45,3,,,,,77.01
energy_consumption,customer_observation,3837,CUSTOMER_3837,,commercial,Midwest,,77,2,,,,,83.55
energy_consumption,customer_observation,3838,CUSTOMER_3838,,residential,Midwest,,52,1,,,,,86.84
energy_consumption,customer_observation,3839,CUSTOMER_3839,,commercial,South,,45,4,,,,,134.24
energy_consumption,customer_observation,3840,CUSTOMER_3840,,commercial,North,,45,2,,,,,70.54
energy_consumption,customer_observation,3841,CUSTOMER_3841,,residential,Midwest,,17,2,,,,,98.25
energy_consumption,customer_observation,3842,CUSTOMER_3842,,residential,Southeast,,45,3,,,,,56.68
energy_consumption,customer_observation,3843,CUSTOMER_3843,,residential,Northeast,,24,2,,,,,76.44
energy_consumption,customer_observation,3844,CUSTOMER_3844,,residential,Southeast,,24,2,,,,,92.33
energy_consumption,customer_observation,3845,CUSTOMER_3845,,residential,North,,45,4,,,,,107.2
energy_consumption,customer_observation,3846,CUSTOMER_3846,,commercial,Midwest,,17,3,,,,,88.72
energy_consumption,customer_observation,3847,CUSTOMER_3847,,commercial,South,,45,2,,,,,94.59
energy_consumption,customer_observation,3848,CUSTOMER_3848,,residential,Midwest,,45,3,,,,,86.43
energy_consumption,customer_observation,3849,CUSTOMER_3849,,commercial,Midwest,,45,2,,,,,53.16
energy_consumption,customer_observation,3850,CUSTOMER_3850,,residential,North,,17,3,,,,,61.75
energy_consumption,customer_observation,3851,CUSTOMER_3851,,residential,South,,17,3,,,,,70.07
energy_consumption,customer_observation,3852,CUSTOMER_3852,,residential,Midwest,,45,4,,,,,116.67
energy_consumption,customer_observation,3853,CUSTOMER_3853,,residential,North,,77,1,,,,,101.93
energy_consumption,customer_observation,3854,CUSTOMER_3854,,commercial,Midwest,,17,2,,,,,85.96
energy_consumption,customer_observation,3855,CUSTOMER_3855,,commercial,Midwest,,24,2,,,,,67.75
energy_consumption,customer_observation,3856,CUSTOMER_3856,,residential,North,,52,1,,,,,100.24
energy_consumption,customer_observation,3857,CUSTOMER_3857,,residential,Northeast,,17,3,,,,,90.53
energy_consumption,customer_observation,3858,CUSTOMER_3858,,residential,North,,52,3,,,,,67.11
energy_consumption,customer_observation,3859,CUSTOMER_3859,,residential,Midwest,,45,4,,,,,124.63
energy_consumption,customer_observation,3860,CUSTOMER_3860,,commercial,Midwest,,45,4,,,,,114.79
energy_consumption,customer_observation,3861,CUSTOMER_3861,,commercial,Midwest,,24,1,,,,,102.36
energy_consumption,customer_observation,3862,CUSTOMER_3862,,residential,Southeast,,24,1,,,,,79.06
energy_consumption,customer_observation,3863,CUSTOMER_3863,,residential,Southeast,,24,3,,,,,98.51
energy_consumption,customer_observation,3864,CUSTOMER_3864,,residential,Midwest,,52,4,,,,,122.85
energy_consumption,customer_observation,3865,CUSTOMER_3865,,residential,North,,45,3,,,,,96.7
energy_consumption,customer_observation,3866,CUSTOMER_3866,,residential,Midwest,,45,1,,,,,55.27
energy_consumption,customer_observation,3867,CUSTOMER_3867,,residential,Midwest,,45,2,,,,,102.93
energy_consumption,customer_observation,3868,CUSTOMER_3868,,commercial,Midwest,,24,3,,,,,99.33
energy_consumption,customer_observation,3869,CUSTOMER_3869,,commercial,Midwest,,45,1,,,,,71.15
energy_consumption,customer_observation,3870,CUSTOMER_3870,,residential,Northeast,,45,4,,,,,146.32
energy_consumption,customer_observation,3871,CUSTOMER_3871,,residential,South,,45,2,,,,,91.13
energy_consumption,customer_observation,3872,CUSTOMER_3872,,residential,North,,24,2,,,,,98.78
energy_consumption,customer_observation,3873,CUSTOMER_3873,,residential,Midwest,,45,2,,,,,68.28
energy_consumption,customer_observation,3874,CUSTOMER_3874,,commercial,North,,52,4,,,,,129.38
energy_consumption,customer_observation,3875,CUSTOMER_3875,,residential,South,,45,2,,,,,96.92
energy_consumption,customer_observation,3876,CUSTOMER_3876,,residential,North,,17,1,,,,,92.48
energy_consumption,customer_observation,3877,CUSTOMER_3877,,residential,North,,45,3,,,,,72.7
energy_consumption,customer_observation,3878,CUSTOMER_3878,,commercial,Northeast,,24,2,,,,,95.93
energy_consumption,customer_observation,3879,CUSTOMER_3879,,residential,Northeast,,45,2,,,,,54.91
energy_consumption,customer_observation,3880,CUSTOMER_3880,,residential,Northeast,,77,1,,,,,92.66
energy_consumption,customer_observation,3881,CUSTOMER_3881,,residential,Midwest,,45,4,,,,,115.19
energy_consumption,customer_observation,3882,CUSTOMER_3882,,commercial,Midwest,,45,2,,,,,67.19
energy_consumption,customer_observation,3883,CUSTOMER_3883,,commercial,North,,45,1,,,,,77.83
energy_consumption,customer_observation,3884,CUSTOMER_3884,,residential,Northeast,,17,1,,,,,75.59
energy_consumption,customer_observation,3885,CUSTOMER_3885,,commercial,Southeast,,24,3,,,,,79.23
energy_consumption,customer_observation,3886,CUSTOMER_3886,,commercial,Midwest,,77,2,,,,,80.47
energy_consumption,customer_observation,3887,CUSTOMER_3887,,commercial,Midwest,,45,3,,,,,69.52
energy_consumption,customer_observation,3888,CUSTOMER_3888,,residential,Midwest,,17,1,,,,,61.5
energy_consumption,customer_observation,3889,CUSTOMER_3889,,residential,Northeast,,24,2,,,,,91.96
energy_consumption,customer_observation,3890,CUSTOMER_3890,,residential,North,,45,1,,,,,73.04
energy_consumption,customer_observation,3891,CUSTOMER_3891,,commercial,Northeast,,45,1,,,,,78.47
energy_consumption,customer_observation,3892,CUSTOMER_3892,,residential,Southeast,,52,1,,,,,85.61
energy_consumption,customer_observation,3893,CUSTOMER_3893,,commercial,South,,24,2,,,,,99.21
energy_consumption,customer_observation,3894,CUSTOMER_3894,,residential,Midwest,,77,1,,,,,88.83
energy_consumption,customer_observation,3895,CUSTOMER_3895,,commercial,North,,45,1,,,,,54.83
energy_consumption,customer_observation,3896,CUSTOMER_3896,,commercial,North,,45,2,,,,,95.56
energy_consumption,customer_observation,3897,CUSTOMER_3897,,residential,Northeast,,45,3,,,,,103.3
energy_consumption,customer_observation,3898,CUSTOMER_3898,,commercial,Midwest,,17,1,,,,,76.76
energy_consumption,customer_observation,3899,CUSTOMER_3899,,residential,North,,77,4,,,,,157.0
energy_consumption,customer_observation,3900,CUSTOMER_3900,,commercial,South,,17,3,,,,,80.61
energy_consumption,customer_observation,3901,CUSTOMER_3901,,residential,Northeast,,24,3,,,,,76.1
energy_consumption,customer_observation,3902,CUSTOMER_3902,,residential,South,,52,3,,,,,69.52
energy_consumption,customer_observation,3903,CUSTOMER_3903,,commercial,Midwest,,45,3,,,,,86.27
energy_consumption,customer_observation,3904,CUSTOMER_3904,,residential,Midwest,,52,3,,,,,64.3
energy_consumption,customer_observation,3905,CUSTOMER_3905,,commercial,Midwest,,45,3,,,,,57.89
energy_consumption,customer_observation,3906,CUSTOMER_3906,,residential,Midwest,,24,2,,,,,53.9
energy_consumption,customer_observation,3907,CUSTOMER_3907,,residential,Midwest,,77,2,,,,,67.51
energy_consumption,customer_observation,3908,CUSTOMER_3908,,residential,Midwest,,17,3,,,,,72.82
energy_consumption,customer_observation,3909,CUSTOMER_3909,,residential,Midwest,,52,4,,,,,134.12
energy_consumption,customer_observation,3910,CUSTOMER_3910,,residential,South,,24,2,,,,,67.53
energy_consumption,customer_observation,3911,CUSTOMER_3911,,residential,Midwest,,52,2,,,,,103.03
energy_consumption,customer_observation,3912,CUSTOMER_3912,,residential,Midwest,,17,3,,,,,67.48
energy_consumption,customer_observation,3913,CUSTOMER_3913,,residential,Southeast,,45,4,,,,,128.03
energy_consumption,customer_observation,3914,CUSTOMER_3914,,commercial,Northeast,,52,3,,,,,57.8
energy_consumption,customer_observation,3915,CUSTOMER_3915,,commercial,North,,45,4,,,,,118.14
energy_consumption,customer_observation,3916,CUSTOMER_3916,,residential,Midwest,,45,4,,,,,106.51
energy_consumption,customer_observation,3917,CUSTOMER_3917,,commercial,Midwest,,52,1,,,,,81.23
energy_consumption,customer_observation,3918,CUSTOMER_3918,,residential,Southeast,,45,2,,,,,91.07
energy_consumption,customer_observation,3919,CUSTOMER_3919,,commercial,Midwest,,77,3,,,,,62.55
energy_consumption,customer_observation,3920,CUSTOMER_3920,,commercial,Midwest,,45,2,,,,,71.39
energy_consumption,customer_observation,3921,CUSTOMER_3921,,commercial,Midwest,,24,2,,,,,53.35
energy_consumption,customer_observation,3922,CUSTOMER_3922,,residential,North,,17,2,,,,,95.61
energy_consumption,customer_observation,3923,CUSTOMER_3923,,commercial,Midwest,,24,1,,,,,92.55
energy_consumption,customer_observation,3924,CUSTOMER_3924,,residential,Southeast,,17,3,,,,,55.75
energy_consumption,customer_observation,3925,CUSTOMER_3925,,commercial,Northeast,,45,2,,,,,71.24
energy_consumption,customer_observation,3926,CUSTOMER_3926,,residential,Midwest,,24,3,,,,,101.55
energy_consumption,customer_observation,3927,CUSTOMER_3927,,residential,Midwest,,17,2,,,,,72.63
energy_consumption,customer_observation,3928,CUSTOMER_3928,,commercial,Northeast,,17,3,,,,,79.52
energy_consumption,customer_observation,3929,CUSTOMER_3929,,commercial,North,,52,3,,,,,70.74
energy_consumption,customer_observation,3930,CUSTOMER_3930,,residential,South,,45,3,,,,,83.11
energy_consumption,customer_observation,3931,CUSTOMER_3931,,commercial,Northeast,,24,2,,,,,102.73
energy_consumption,customer_observation,3932,CUSTOMER_3932,,residential,Northeast,,52,1,,,,,103.72
energy_consumption,customer_observation,3933,CUSTOMER_3933,,residential,Northeast,,17,3,,,,,92.28
energy_consumption,customer_observation,3934,CUSTOMER_3934,,residential,Midwest,,77,4,,,,,126.02
energy_consumption,customer_observation,3935,CUSTOMER_3935,,residential,Midwest,,45,4,,,,,130.96
energy_consumption,customer_observation,3936,CUSTOMER_3936,,residential,Midwest,,24,1,,,,,70.82
energy_consumption,customer_observation,3937,CUSTOMER_3937,,residential,North,,45,3,,,,,103.11
energy_consumption,customer_observation,3938,CUSTOMER_3938,,residential,Southeast,,45,1,,,,,88.84
energy_consumption,customer_observation,3939,CUSTOMER_3939,,residential,Northeast,,45,3,,,,,75.55
energy_consumption,customer_observation,3940,CUSTOMER_3940,,residential,Northeast,,52,1,,,,,53.12
energy_consumption,customer_observation,3941,CUSTOMER_3941,,commercial,Midwest,,24,3,,,,,79.23
energy_consumption,customer_observation,3942,CUSTOMER_3942,,commercial,Northeast,,24,3,,,,,103.02
energy_consumption,customer_observation,3943,CUSTOMER_3943,,residential,Southeast,,17,1,,,,,79.36
energy_consumption,customer_observation,3944,CUSTOMER_3944,,residential,South,,24,3,,,,,61.87
energy_consumption,customer_observation,3945,CUSTOMER_3945,,residential,Northeast,,24,2,,,,,53.63
energy_consumption,customer_observation,3946,CUSTOMER_3946,,residential,Southeast,,77,3,,,,,70.71
energy_consumption,customer_observation,3947,CUSTOMER_3947,,commercial,Midwest,,17,3,,,,,99.65
energy_consumption,customer_observation,3948,CUSTOMER_3948,,residential,South,,45,2,,,,,103.67
energy_consumption,customer_observation,3949,CUSTOMER_3949,,residential,Northeast,,45,2,,,,,101.04
energy_consumption,customer_observation,3950,CUSTOMER_3950,,residential,Midwest,,52,2,,,,,89.96
energy_consumption,customer_observation,3951,CUSTOMER_3951,,residential,Northeast,,77,1,,,,,81.16
energy_consumption,customer_observation,3952,CUSTOMER_3952,,commercial,Southeast,,45,2,,,,,82.83
energy_consumption,customer_observation,3953,CUSTOMER_3953,,commercial,North,,77,1,,,,,80.18
energy_consumption,customer_observation,3954,CUSTOMER_3954,,residential,Midwest,,45,2,,,,,88.81
energy_consumption,customer_observation,3955,CUSTOMER_3955,,residential,Northeast,,77,1,,,,,74.01
energy_consumption,customer_observation,3956,CUSTOMER_3956,,commercial,Northeast,,45,2,,,,,86.86
energy_consumption,customer_observation,3957,CUSTOMER_3957,,commercial,Midwest,,17,2,,,,,58.74
energy_consumption,customer_observation,3958,CUSTOMER_3958,,residential,Southeast,,45,3,,,,,66.14
energy_consumption,customer_observation,3959,CUSTOMER_3959,,residential,Midwest,,45,2,,,,,95.43
energy_consumption,customer_observation,3960,CUSTOMER_3960,,residential,Southeast,,24,3,,,,,98.91
energy_consumption,customer_observation,3961,CUSTOMER_3961,,residential,Northeast,,24,2,,,,,80.18
energy_consumption,customer_observation,3962,CUSTOMER_3962,,residential,Midwest,,45,2,,,,,54.12
energy_consumption,customer_observation,3963,CUSTOMER_3963,,residential,Midwest,,77,3,,,,,100.1
energy_consumption,customer_observation,3964,CUSTOMER_3964,,residential,North,,17,3,,,,,88.55
energy_consumption,customer_observation,3965,CUSTOMER_3965,,residential,Midwest,,45,1,,,,,73.76
energy_consumption,customer_observation,3966,CUSTOMER_3966,,commercial,Midwest,,45,4,,,,,136.66
energy_consumption,customer_observation,3967,CUSTOMER_3967,,residential,Midwest,,77,3,,,,,74.57
energy_consumption,customer_observation,3968,CUSTOMER_3968,,residential,Midwest,,77,1,,,,,76.4
energy_consumption,customer_observation,3969,CUSTOMER_3969,,residential,Midwest,,45,2,,,,,98.04
energy_consumption,customer_observation,3970,CUSTOMER_3970,,residential,North,,45,3,,,,,60.77
energy_consumption,customer_observation,3971,CUSTOMER_3971,,commercial,North,,24,3,,,,,57.82
energy_consumption,customer_observation,3972,CUSTOMER_3972,,residential,Midwest,,45,2,,,,,52.64
energy_consumption,customer_observation,3973,CUSTOMER_3973,,residential,Northeast,,45,2,,,,,68.62
energy_consumption,customer_observation,3974,CUSTOMER_3974,,commercial,North,,52,2,,,,,60.07
energy_consumption,customer_observation,3975,CUSTOMER_3975,,residential,Midwest,,45,2,,,,,63.8
energy_consumption,customer_observation,3976,CUSTOMER_3976,,commercial,Midwest,,24,3,,,,,53.08
energy_consumption,customer_observation,3977,CUSTOMER_3977,,residential,Northeast,,45,2,,,,,64.17
energy_consumption,customer_observation,3978,CUSTOMER_3978,,residential,Midwest,,24,2,,,,,69.58
energy_consumption,customer_observation,3979,CUSTOMER_3979,,residential,Midwest,,17,3,,,,,54.12
energy_consumption,customer_observation,3980,CUSTOMER_3980,,residential,Northeast,,24,1,,,,,83.72
energy_consumption,customer_observation,3981,CUSTOMER_3981,,commercial,Midwest,,17,3,,,,,81.71
energy_consumption,customer_observation,3982,CUSTOMER_3982,,commercial,Midwest,,52,1,,,,,57.48
energy_consumption,customer_observation,3983,CUSTOMER_3983,,residential,Midwest,,24,2,,,,,83.05
energy_consumption,customer_observation,3984,CUSTOMER_3984,,residential,Midwest,,24,3,,,,,103.78
energy_consumption,customer_observation,3985,CUSTOMER_3985,,commercial,North,,77,2,,,,,101.0
energy_consumption,customer_observation,3986,CUSTOMER_3986,,commercial,Midwest,,24,3,,,,,52.64
energy_consumption,customer_observation,3987,CUSTOMER_3987,,residential,Northeast,,17,1,,,,,93.34
energy_consumption,customer_observation,3988,CUSTOMER_3988,,residential,South,,24,3,,,,,70.66
energy_consumption,customer_observation,3989,CUSTOMER_3989,,residential,Southeast,,17,2,,,,,55.77
energy_consumption,customer_observation,3990,CUSTOMER_3990,,commercial,Midwest,,17,3,,,,,67.7
energy_consumption,customer_observation,3991,CUSTOMER_3991,,residential,Northeast,,17,2,,,,,69.02
energy_consumption,customer_observation,3992,CUSTOMER_3992,,residential,Northeast,,45,3,,,,,79.37
energy_consumption,customer_observation,3993,CUSTOMER_3993,,commercial,Northeast,,24,1,,,,,86.45
energy_consumption,customer_observation,3994,CUSTOMER_3994,,residential,Midwest,,24,3,,,,,90.96
energy_consumption,customer_observation,3995,CUSTOMER_3995,,residential,Northeast,,52,3,,,,,65.13
energy_consumption,customer_observation,3996,CUSTOMER_3996,,residential,Midwest,,45,3,,,,,69.02
energy_consumption,customer_observation,3997,CUSTOMER_3997,,residential,Northeast,,77,3,,,,,68.34
energy_consumption,customer_observation,3998,CUSTOMER_3998,,residential,South,,45,1,,,,,71.13
energy_consumption,customer_observation,3999,CUSTOMER_3999,,residential,North,,24,2,,,,,103.83
energy_consumption,customer_observation,4000,CUSTOMER_4000,,residential,South,,45,4,,,,,146.5
energy_consumption,customer_observation,4001,CUSTOMER_4001,,residential,South,,17,3,,,,,102.57
energy_consumption,customer_observation,4002,CUSTOMER_4002,,commercial,Midwest,,17,3,,,,,88.09
energy_consumption,customer_observation,4003,CUSTOMER_4003,,commercial,Midwest,,45,4,,,,,126.13
energy_consumption,customer_observation,4004,CUSTOMER_4004,,residential,Midwest,,45,3,,,,,72.51
energy_consumption,customer_observation,4005,CUSTOMER_4005,,residential,Midwest,,45,1,,,,,77.59
energy_consumption,customer_observation,4006,CUSTOMER_4006,,residential,Northeast,,77,2,,,,,73.91
energy_consumption,customer_observation,4007,CUSTOMER_4007,,residential,Northeast,,24,2,,,,,95.03
energy_consumption,customer_observation,4008,CUSTOMER_4008,,residential,Midwest,,45,3,,,,,76.38
energy_consumption,customer_observation,4009,CUSTOMER_4009,,commercial,Midwest,,45,3,,,,,67.68
energy_consumption,customer_observation,4010,CUSTOMER_4010,,residential,Midwest,,77,2,,,,,92.29
energy_consumption,customer_observation,4011,CUSTOMER_4011,,residential,Northeast,,52,4,,,,,150.69
energy_consumption,customer_observation,4012,CUSTOMER_4012,,residential,Northeast,,77,3,,,,,74.09
energy_consumption,customer_observation,4013,CUSTOMER_4013,,commercial,North,,24,3,,,,,86.79
energy_consumption,customer_observation,4014,CUSTOMER_4014,,residential,North,,45,3,,,,,55.52
energy_consumption,customer_observation,4015,CUSTOMER_4015,,residential,Northeast,,24,1,,,,,79.69
energy_consumption,customer_observation,4016,CUSTOMER_4016,,residential,North,,24,1,,,,,54.81
energy_consumption,customer_observation,4017,CUSTOMER_4017,,commercial,North,,77,2,,,,,54.0
energy_consumption,customer_observation,4018,CUSTOMER_4018,,commercial,Southeast,,17,1,,,,,83.97
energy_consumption,customer_observation,4019,CUSTOMER_4019,,residential,North,,77,1,,,,,68.08
energy_consumption,customer_observation,4020,CUSTOMER_4020,,residential,Midwest,,17,2,,,,,90.63
energy_consumption,customer_observation,4021,CUSTOMER_4021,,residential,Northeast,,52,4,,,,,152.97
energy_consumption,customer_observation,4022,CUSTOMER_4022,,residential,Southeast,,24,1,,,,,59.66
energy_consumption,customer_observation,4023,CUSTOMER_4023,,commercial,Midwest,,24,2,,,,,89.7
energy_consumption,customer_observation,4024,CUSTOMER_4024,,commercial,Northeast,,24,3,,,,,78.92
energy_consumption,customer_observation,4025,CUSTOMER_4025,,commercial,Midwest,,45,4,,,,,110.01
energy_consumption,customer_observation,4026,CUSTOMER_4026,,commercial,Northeast,,24,2,,,,,85.96
energy_consumption,customer_observation,4027,CUSTOMER_4027,,residential,Midwest,,45,4,,,,,137.26
energy_consumption,customer_observation,4028,CUSTOMER_4028,,residential,North,,17,2,,,,,78.98
energy_consumption,customer_observation,4029,CUSTOMER_4029,,commercial,South,,17,2,,,,,100.07
energy_consumption,customer_observation,4030,CUSTOMER_4030,,residential,Midwest,,17,3,,,,,79.26
energy_consumption,customer_observation,4031,CUSTOMER_4031,,commercial,Northeast,,45,4,,,,,158.15
energy_consumption,customer_observation,4032,CUSTOMER_4032,,residential,Midwest,,52,3,,,,,78.65
energy_consumption,customer_observation,4033,CUSTOMER_4033,,residential,Northeast,,52,3,,,,,58.45
energy_consumption,customer_observation,4034,CUSTOMER_4034,,commercial,Southeast,,24,2,,,,,76.66
energy_consumption,customer_observation,4035,CUSTOMER_4035,,residential,Midwest,,45,4,,,,,113.85
energy_consumption,customer_observation,4036,CUSTOMER_4036,,commercial,Midwest,,45,2,,,,,83.16
energy_consumption,customer_observation,4037,CUSTOMER_4037,,commercial,North,,24,2,,,,,88.09
energy_consumption,customer_observation,4038,CUSTOMER_4038,,commercial,Southeast,,45,2,,,,,76.55
energy_consumption,customer_observation,4039,CUSTOMER_4039,,commercial,Midwest,,45,2,,,,,57.52
energy_consumption,customer_observation,4040,CUSTOMER_4040,,residential,Northeast,,17,2,,,,,76.56
energy_consumption,customer_observation,4041,CUSTOMER_4041,,commercial,North,,17,2,,,,,56.68
energy_consumption,customer_observation,4042,CUSTOMER_4042,,residential,Northeast,,24,1,,,,,87.53
energy_consumption,customer_observation,4043,CUSTOMER_4043,,residential,South,,45,4,,,,,147.18
energy_consumption,customer_observation,4044,CUSTOMER_4044,,residential,Northeast,,17,3,,,,,101.92
energy_consumption,customer_observation,4045,CUSTOMER_4045,,residential,Midwest,,24,1,,,,,60.14
energy_consumption,customer_observation,4046,CUSTOMER_4046,,residential,North,,24,3,,,,,79.84
energy_consumption,customer_observation,4047,CUSTOMER_4047,,residential,Northeast,,17,2,,,,,81.64
energy_consumption,customer_observation,4048,CUSTOMER_4048,,residential,Midwest,,24,1,,,,,99.87
energy_consumption,customer_observation,4049,CUSTOMER_4049,,commercial,South,,77,2,,,,,84.71
energy_consumption,customer_observation,4050,CUSTOMER_4050,,residential,Midwest,,17,1,,,,,59.97
energy_consumption,customer_observation,4051,CUSTOMER_4051,,commercial,Southeast,,45,1,,,,,74.91
energy_consumption,customer_observation,4052,CUSTOMER_4052,,commercial,Midwest,,24,2,,,,,86.12
energy_consumption,customer_observation,4053,CUSTOMER_4053,,commercial,North,,45,1,,,,,88.46
energy_consumption,customer_observation,4054,CUSTOMER_4054,,residential,Northeast,,45,1,,,,,96.82
energy_consumption,customer_observation,4055,CUSTOMER_4055,,commercial,Midwest,,24,3,,,,,61.77
energy_consumption,customer_observation,4056,CUSTOMER_4056,,residential,South,,52,2,,,,,101.36
energy_consumption,customer_observation,4057,CUSTOMER_4057,,commercial,Southeast,,45,4,,,,,107.1
energy_consumption,customer_observation,4058,CUSTOMER_4058,,residential,Northeast,,52,4,,,,,157.78
energy_consumption,customer_observation,4059,CUSTOMER_4059,,commercial,Northeast,,45,2,,,,,96.55
energy_consumption,customer_observation,4060,CUSTOMER_4060,,commercial,Northeast,,77,1,,,,,86.41
energy_consumption,customer_observation,4061,CUSTOMER_4061,,residential,South,,45,2,,,,,90.24
energy_consumption,customer_observation,4062,CUSTOMER_4062,,residential,Southeast,,77,3,,,,,56.23
energy_consumption,customer_observation,4063,CUSTOMER_4063,,commercial,Midwest,,45,3,,,,,54.63
energy_consumption,customer_observation,4064,CUSTOMER_4064,,residential,Northeast,,45,2,,,,,57.73
energy_consumption,customer_observation,4065,CUSTOMER_4065,,commercial,Midwest,,45,4,,,,,108.65
energy_consumption,customer_observation,4066,CUSTOMER_4066,,residential,Midwest,,52,2,,,,,80.61
energy_consumption,customer_observation,4067,CUSTOMER_4067,,residential,Northeast,,77,3,,,,,63.56
energy_consumption,customer_observation,4068,CUSTOMER_4068,,commercial,Midwest,,24,2,,,,,96.67
energy_consumption,customer_observation,4069,CUSTOMER_4069,,commercial,North,,45,1,,,,,75.39
energy_consumption,customer_observation,4070,CUSTOMER_4070,,commercial,North,,24,2,,,,,88.21
energy_consumption,customer_observation,4071,CUSTOMER_4071,,residential,Southeast,,45,4,,,,,139.64
energy_consumption,customer_observation,4072,CUSTOMER_4072,,commercial,Midwest,,24,1,,,,,68.92
energy_consumption,customer_observation,4073,CUSTOMER_4073,,residential,Midwest,,24,3,,,,,64.99
energy_consumption,customer_observation,4074,CUSTOMER_4074,,residential,Midwest,,77,2,,,,,70.09
energy_consumption,customer_observation,4075,CUSTOMER_4075,,commercial,Northeast,,17,3,,,,,93.41
energy_consumption,customer_observation,4076,CUSTOMER_4076,,residential,Midwest,,45,2,,,,,82.61
energy_consumption,customer_observation,4077,CUSTOMER_4077,,residential,Midwest,,45,4,,,,,117.76
energy_consumption,customer_observation,4078,CUSTOMER_4078,,residential,Midwest,,17,1,,,,,94.5
energy_consumption,customer_observation,4079,CUSTOMER_4079,,commercial,Midwest,,24,2,,,,,55.31
energy_consumption,customer_observation,4080,CUSTOMER_4080,,residential,Northeast,,45,3,,,,,88.4
energy_consumption,customer_observation,4081,CUSTOMER_4081,,commercial,Northeast,,24,1,,,,,75.05
energy_consumption,customer_observation,4082,CUSTOMER_4082,,residential,Midwest,,52,2,,,,,90.05
energy_consumption,customer_observation,4083,CUSTOMER_4083,,residential,Northeast,,77,4,,,,,154.69
energy_consumption,customer_observation,4084,CUSTOMER_4084,,commercial,Midwest,,24,3,,,,,91.01
energy_consumption,customer_observation,4085,CUSTOMER_4085,,residential,Northeast,,24,3,,,,,75.19
energy_consumption,customer_observation,4086,CUSTOMER_4086,,residential,North,,45,2,,,,,60.25
energy_consumption,customer_observation,4087,CUSTOMER_4087,,residential,Northeast,,45,3,,,,,93.91
energy_consumption,customer_observation,4088,CUSTOMER_4088,,residential,South,,24,1,,,,,76.16
energy_consumption,customer_observation,4089,CUSTOMER_4089,,commercial,Northeast,,17,2,,,,,56.37
energy_consumption,customer_observation,4090,CUSTOMER_4090,,residential,Midwest,,45,1,,,,,89.42
energy_consumption,customer_observation,4091,CUSTOMER_4091,,commercial,Midwest,,77,3,,,,,67.49
energy_consumption,customer_observation,4092,CUSTOMER_4092,,residential,North,,24,3,,,,,55.01
energy_consumption,customer_observation,4093,CUSTOMER_4093,,residential,Midwest,,45,3,,,,,98.86
energy_consumption,customer_observation,4094,CUSTOMER_4094,,commercial,Midwest,,77,1,,,,,77.31
energy_consumption,customer_observation,4095,CUSTOMER_4095,,residential,Midwest,,45,3,,,,,66.93
energy_consumption,customer_observation,4096,CUSTOMER_4096,,residential,Southeast,,45,2,,,,,89.29
energy_consumption,customer_observation,4097,CUSTOMER_4097,,residential,Northeast,,45,4,,,,,152.42
energy_consumption,customer_observation,4098,CUSTOMER_4098,,residential,North,,77,2,,,,,52.52
energy_consumption,customer_observation,4099,CUSTOMER_4099,,residential,South,,45,4,,,,,141.56
energy_consumption,customer_observation,4100,CUSTOMER_4100,,residential,Northeast,,52,3,,,,,91.89
energy_consumption,customer_observation,4101,CUSTOMER_4101,,residential,Midwest,,45,2,,,,,63.28
energy_consumption,customer_observation,4102,CUSTOMER_4102,,residential,Midwest,,45,1,,,,,77.64
energy_consumption,customer_observation,4103,CUSTOMER_4103,,residential,Northeast,,24,1,,,,,57.08
energy_consumption,customer_observation,4104,CUSTOMER_4104,,residential,Midwest,,24,3,,,,,90.85
energy_consumption,customer_observation,4105,CUSTOMER_4105,,residential,North,,45,2,,,,,96.02
energy_consumption,customer_observation,4106,CUSTOMER_4106,,commercial,Northeast,,24,2,,,,,58.06
energy_consumption,customer_observation,4107,CUSTOMER_4107,,commercial,North,,45,4,,,,,148.61
energy_consumption,customer_observation,4108,CUSTOMER_4108,,residential,Southeast,,24,3,,,,,92.12
energy_consumption,customer_observation,4109,CUSTOMER_4109,,commercial,Northeast,,52,4,,,,,122.87
energy_consumption,customer_observation,4110,CUSTOMER_4110,,residential,Midwest,,17,1,,,,,87.95
energy_consumption,customer_observation,4111,CUSTOMER_4111,,residential,South,,52,4,,,,,103.86
energy_consumption,customer_observation,4112,CUSTOMER_4112,,residential,Midwest,,45,4,,,,,154.93
energy_consumption,customer_observation,4113,CUSTOMER_4113,,residential,Midwest,,24,3,,,,,80.76
energy_consumption,customer_observation,4114,CUSTOMER_4114,,residential,Midwest,,45,2,,,,,84.35
energy_consumption,customer_observation,4115,CUSTOMER_4115,,residential,Northeast,,24,2,,,,,86.63
energy_consumption,customer_observation,4116,CUSTOMER_4116,,residential,Midwest,,24,3,,,,,81.33
energy_consumption,customer_observation,4117,CUSTOMER_4117,,commercial,Midwest,,24,1,,,,,96.49
energy_consumption,customer_observation,4118,CUSTOMER_4118,,residential,South,,17,1,,,,,83.81
energy_consumption,customer_observation,4119,CUSTOMER_4119,,residential,South,,77,3,,,,,99.11
energy_consumption,customer_observation,4120,CUSTOMER_4120,,commercial,Southeast,,17,2,,,,,82.4
energy_consumption,customer_observation,4121,CUSTOMER_4121,,residential,Southeast,,45,1,,,,,61.29
energy_consumption,customer_observation,4122,CUSTOMER_4122,,residential,Midwest,,24,3,,,,,99.41
energy_consumption,customer_observation,4123,CUSTOMER_4123,,commercial,Midwest,,45,2,,,,,87.5
energy_consumption,customer_observation,4124,CUSTOMER_4124,,commercial,Southeast,,24,1,,,,,88.41
energy_consumption,customer_observation,4125,CUSTOMER_4125,,commercial,Northeast,,45,1,,,,,103.1
energy_consumption,customer_observation,4126,CUSTOMER_4126,,commercial,South,,45,3,,,,,56.36
energy_consumption,customer_observation,4127,CUSTOMER_4127,,commercial,Midwest,,45,2,,,,,74.51
energy_consumption,customer_observation,4128,CUSTOMER_4128,,commercial,Midwest,,17,1,,,,,64.78
energy_consumption,customer_observation,4129,CUSTOMER_4129,,residential,Midwest,,45,3,,,,,84.87
energy_consumption,customer_observation,4130,CUSTOMER_4130,,residential,South,,24,1,,,,,93.93
energy_consumption,customer_observation,4131,CUSTOMER_4131,,residential,Northeast,,17,2,,,,,102.12
energy_consumption,customer_observation,4132,CUSTOMER_4132,,residential,Midwest,,45,4,,,,,128.78
energy_consumption,customer_observation,4133,CUSTOMER_4133,,commercial,Midwest,,45,1,,,,,92.87
energy_consumption,customer_observation,4134,CUSTOMER_4134,,residential,Northeast,,45,2,,,,,99.59
energy_consumption,customer_observation,4135,CUSTOMER_4135,,residential,Midwest,,45,1,,,,,87.59
energy_consumption,customer_observation,4136,CUSTOMER_4136,,residential,Midwest,,24,1,,,,,64.96
energy_consumption,customer_observation,4137,CUSTOMER_4137,,commercial,Midwest,,24,3,,,,,83.71
energy_consumption,customer_observation,4138,CUSTOMER_4138,,residential,Northeast,,17,1,,,,,102.31
energy_consumption,customer_observation,4139,CUSTOMER_4139,,commercial,Midwest,,45,2,,,,,103.21
energy_consumption,customer_observation,4140,CUSTOMER_4140,,residential,Midwest,,45,3,,,,,85.49
energy_consumption,customer_observation,4141,CUSTOMER_4141,,residential,Midwest,,24,2,,,,,98.05
energy_consumption,customer_observation,4142,CUSTOMER_4142,,residential,Northeast,,45,2,,,,,62.79
energy_consumption,customer_observation,4143,CUSTOMER_4143,,residential,South,,45,3,,,,,65.14
energy_consumption,customer_observation,4144,CUSTOMER_4144,,commercial,Midwest,,45,4,,,,,156.09
energy_consumption,customer_observation,4145,CUSTOMER_4145,,commercial,Midwest,,45,2,,,,,59.44
energy_consumption,customer_observation,4146,CUSTOMER_4146,,residential,Midwest,,45,1,,,,,62.31
energy_consumption,customer_observation,4147,CUSTOMER_4147,,residential,Northeast,,45,4,,,,,126.91
energy_consumption,customer_observation,4148,CUSTOMER_4148,,residential,Midwest,,24,3,,,,,82.78
energy_consumption,customer_observation,4149,CUSTOMER_4149,,commercial,Midwest,,17,1,,,,,83.51
energy_consumption,customer_observation,4150,CUSTOMER_4150,,commercial,Midwest,,24,1,,,,,67.49
energy_consumption,customer_observation,4151,CUSTOMER_4151,,residential,Midwest,,45,4,,,,,154.32
energy_consumption,customer_observation,4152,CUSTOMER_4152,,residential,Midwest,,52,2,,,,,99.49
energy_consumption,customer_observation,4153,CUSTOMER_4153,,commercial,North,,45,2,,,,,72.63
energy_consumption,customer_observation,4154,CUSTOMER_4154,,residential,Midwest,,24,1,,,,,74.8
energy_consumption,customer_observation,4155,CUSTOMER_4155,,residential,Northeast,,45,4,,,,,142.36
energy_consumption,customer_observation,4156,CUSTOMER_4156,,residential,North,,52,4,,,,,140.2
energy_consumption,customer_observation,4157,CUSTOMER_4157,,residential,South,,52,4,,,,,124.81
energy_consumption,customer_observation,4158,CUSTOMER_4158,,commercial,Midwest,,45,3,,,,,73.77
energy_consumption,customer_observation,4159,CUSTOMER_4159,,commercial,Midwest,,52,1,,,,,70.37
energy_consumption,customer_observation,4160,CUSTOMER_4160,,residential,Midwest,,17,1,,,,,64.59
energy_consumption,customer_observation,4161,CUSTOMER_4161,,residential,South,,17,2,,,,,76.03
energy_consumption,customer_observation,4162,CUSTOMER_4162,,residential,Midwest,,17,2,,,,,87.75
energy_consumption,customer_observation,4163,CUSTOMER_4163,,residential,Midwest,,45,1,,,,,90.6
energy_consumption,customer_observation,4164,CUSTOMER_4164,,residential,Northeast,,17,1,,,,,92.5
energy_consumption,customer_observation,4165,CUSTOMER_4165,,residential,South,,45,2,,,,,71.74
energy_consumption,customer_observation,4166,CUSTOMER_4166,,residential,Southeast,,45,1,,,,,91.76
energy_consumption,customer_observation,4167,CUSTOMER_4167,,residential,Southeast,,24,2,,,,,52.83
energy_consumption,customer_observation,4168,CUSTOMER_4168,,residential,Northeast,,52,1,,,,,77.0
energy_consumption,customer_observation,4169,CUSTOMER_4169,,residential,Northeast,,24,3,,,,,93.27
energy_consumption,customer_observation,4170,CUSTOMER_4170,,residential,Northeast,,24,3,,,,,84.85
energy_consumption,customer_observation,4171,CUSTOMER_4171,,residential,Northeast,,45,4,,,,,129.84
energy_consumption,customer_observation,4172,CUSTOMER_4172,,commercial,Southeast,,17,1,,,,,85.6
energy_consumption,customer_observation,4173,CUSTOMER_4173,,residential,North,,45,2,,,,,99.07
energy_consumption,customer_observation,4174,CUSTOMER_4174,,residential,North,,52,1,,,,,81.58
energy_consumption,customer_observation,4175,CUSTOMER_4175,,commercial,Northeast,,77,1,,,,,93.57
energy_consumption,customer_observation,4176,CUSTOMER_4176,,commercial,Northeast,,52,4,,,,,157.61
energy_consumption,customer_observation,4177,CUSTOMER_4177,,residential,Northeast,,24,2,,,,,88.73
energy_consumption,customer_observation,4178,CUSTOMER_4178,,commercial,Midwest,,45,1,,,,,81.94
energy_consumption,customer_observation,4179,CUSTOMER_4179,,residential,Midwest,,17,2,,,,,54.42
energy_consumption,customer_observation,4180,CUSTOMER_4180,,residential,North,,24,1,,,,,71.73
energy_consumption,customer_observation,4181,CUSTOMER_4181,,residential,Midwest,,17,2,,,,,81.54
energy_consumption,customer_observation,4182,CUSTOMER_4182,,commercial,Midwest,,24,1,,,,,93.44
energy_consumption,customer_observation,4183,CUSTOMER_4183,,commercial,North,,52,3,,,,,75.0
energy_consumption,customer_observation,4184,CUSTOMER_4184,,residential,Midwest,,24,2,,,,,101.8
energy_consumption,customer_observation,4185,CUSTOMER_4185,,residential,Midwest,,45,4,,,,,118.76
energy_consumption,customer_observation,4186,CUSTOMER_4186,,residential,Midwest,,45,3,,,,,90.73
energy_consumption,customer_observation,4187,CUSTOMER_4187,,residential,Midwest,,45,2,,,,,74.02
energy_consumption,customer_observation,4188,CUSTOMER_4188,,residential,North,,77,2,,,,,77.46
energy_consumption,customer_observation,4189,CUSTOMER_4189,,commercial,South,,24,2,,,,,93.71
energy_consumption,customer_observation,4190,CUSTOMER_4190,,commercial,Southeast,,45,2,,,,,67.71
energy_consumption,customer_observation,4191,CUSTOMER_4191,,commercial,South,,45,1,,,,,57.47
energy_consumption,customer_observation,4192,CUSTOMER_4192,,commercial,North,,17,1,,,,,79.22
energy_consumption,customer_observation,4193,CUSTOMER_4193,,residential,South,,45,2,,,,,79.65
energy_consumption,customer_observation,4194,CUSTOMER_4194,,commercial,Southeast,,52,4,,,,,147.55
energy_consumption,customer_observation,4195,CUSTOMER_4195,,residential,Southeast,,17,1,,,,,102.22
energy_consumption,customer_observation,4196,CUSTOMER_4196,,residential,North,,17,2,,,,,55.34
energy_consumption,customer_observation,4197,CUSTOMER_4197,,residential,Midwest,,24,2,,,,,82.88
energy_consumption,customer_observation,4198,CUSTOMER_4198,,residential,South,,45,4,,,,,141.2
energy_consumption,customer_observation,4199,CUSTOMER_4199,,residential,Midwest,,45,4,,,,,157.89
energy_consumption,customer_observation,4200,CUSTOMER_4200,,residential,Midwest,,45,4,,,,,155.52
energy_consumption,customer_observation,4201,CUSTOMER_4201,,commercial,South,,45,3,,,,,89.08
energy_consumption,customer_observation,4202,CUSTOMER_4202,,residential,Midwest,,52,2,,,,,79.29
energy_consumption,customer_observation,4203,CUSTOMER_4203,,residential,Midwest,,45,4,,,,,112.71
energy_consumption,customer_observation,4204,CUSTOMER_4204,,commercial,Midwest,,52,2,,,,,72.23
energy_consumption,customer_observation,4205,CUSTOMER_4205,,residential,South,,52,1,,,,,82.55
energy_consumption,customer_observation,4206,CUSTOMER_4206,,residential,North,,45,2,,,,,89.74
energy_consumption,customer_observation,4207,CUSTOMER_4207,,residential,Midwest,,45,2,,,,,85.13
energy_consumption,customer_observation,4208,CUSTOMER_4208,,residential,Midwest,,52,3,,,,,89.17
energy_consumption,customer_observation,4209,CUSTOMER_4209,,residential,Midwest,,77,1,,,,,74.54
energy_consumption,customer_observation,4210,CUSTOMER_4210,,residential,Midwest,,17,1,,,,,89.86
energy_consumption,customer_observation,4211,CUSTOMER_4211,,residential,South,,17,3,,,,,59.88
energy_consumption,customer_observation,4212,CUSTOMER_4212,,residential,South,,77,4,,,,,112.77
energy_consumption,customer_observation,4213,CUSTOMER_4213,,residential,North,,24,2,,,,,60.86
energy_consumption,customer_observation,4214,CUSTOMER_4214,,residential,Midwest,,52,3,,,,,98.25
energy_consumption,customer_observation,4215,CUSTOMER_4215,,residential,North,,24,1,,,,,56.4
energy_consumption,customer_observation,4216,CUSTOMER_4216,,commercial,Northeast,,17,3,,,,,93.66
energy_consumption,customer_observation,4217,CUSTOMER_4217,,residential,Midwest,,17,1,,,,,64.49
energy_consumption,customer_observation,4218,CUSTOMER_4218,,residential,South,,24,3,,,,,76.55
energy_consumption,customer_observation,4219,CUSTOMER_4219,,commercial,Southeast,,24,2,,,,,99.53
energy_consumption,customer_observation,4220,CUSTOMER_4220,,residential,North,,45,2,,,,,82.59
energy_consumption,customer_observation,4221,CUSTOMER_4221,,residential,North,,45,1,,,,,63.29
energy_consumption,customer_observation,4222,CUSTOMER_4222,,residential,Midwest,,77,4,,,,,119.43
energy_consumption,customer_observation,4223,CUSTOMER_4223,,commercial,Midwest,,45,4,,,,,154.31
energy_consumption,customer_observation,4224,CUSTOMER_4224,,commercial,Northeast,,45,3,,,,,74.43
energy_consumption,customer_observation,4225,CUSTOMER_4225,,residential,Southeast,,45,1,,,,,82.64
energy_consumption,customer_observation,4226,CUSTOMER_4226,,commercial,South,,45,4,,,,,129.07
energy_consumption,customer_observation,4227,CUSTOMER_4227,,residential,Midwest,,45,2,,,,,71.93
energy_consumption,customer_observation,4228,CUSTOMER_4228,,residential,Southeast,,17,1,,,,,63.97
energy_consumption,customer_observation,4229,CUSTOMER_4229,,residential,Northeast,,17,2,,,,,87.74
energy_consumption,customer_observation,4230,CUSTOMER_4230,,residential,Midwest,,17,1,,,,,89.38
energy_consumption,customer_observation,4231,CUSTOMER_4231,,commercial,Midwest,,17,3,,,,,66.62
energy_consumption,customer_observation,4232,CUSTOMER_4232,,residential,North,,45,4,,,,,147.11
energy_consumption,customer_observation,4233,CUSTOMER_4233,,residential,South,,24,2,,,,,96.38
energy_consumption,customer_observation,4234,CUSTOMER_4234,,commercial,Midwest,,52,4,,,,,154.32
energy_consumption,customer_observation,4235,CUSTOMER_4235,,residential,Midwest,,77,1,,,,,60.78
energy_consumption,customer_observation,4236,CUSTOMER_4236,,residential,Northeast,,77,2,,,,,68.11
energy_consumption,customer_observation,4237,CUSTOMER_4237,,residential,North,,77,3,,,,,96.68
energy_consumption,customer_observation,4238,CUSTOMER_4238,,commercial,North,,24,2,,,,,62.7
energy_consumption,customer_observation,4239,CUSTOMER_4239,,commercial,Midwest,,45,3,,,,,52.68
energy_consumption,customer_observation,4240,CUSTOMER_4240,,residential,Midwest,,24,2,,,,,97.22
energy_consumption,customer_observation,4241,CUSTOMER_4241,,commercial,Northeast,,52,4,,,,,121.75
energy_consumption,customer_observation,4242,CUSTOMER_4242,,residential,Midwest,,52,3,,,,,73.78
energy_consumption,customer_observation,4243,CUSTOMER_4243,,commercial,Midwest,,52,4,,,,,128.32
energy_consumption,customer_observation,4244,CUSTOMER_4244,,residential,Midwest,,45,2,,,,,96.06
energy_consumption,customer_observation,4245,CUSTOMER_4245,,residential,Midwest,,45,3,,,,,69.85
energy_consumption,customer_observation,4246,CUSTOMER_4246,,commercial,South,,17,1,,,,,98.32
energy_consumption,customer_observation,4247,CUSTOMER_4247,,residential,Midwest,,17,1,,,,,84.18
energy_consumption,customer_observation,4248,CUSTOMER_4248,,residential,Midwest,,45,2,,,,,79.58
energy_consumption,customer_observation,4249,CUSTOMER_4249,,residential,Northeast,,45,3,,,,,69.22
energy_consumption,customer_observation,4250,CUSTOMER_4250,,commercial,Northeast,,77,1,,,,,65.01
energy_consumption,customer_observation,4251,CUSTOMER_4251,,residential,North,,17,2,,,,,84.55
energy_consumption,customer_observation,4252,CUSTOMER_4252,,residential,Midwest,,52,4,,,,,128.35
energy_consumption,customer_observation,4253,CUSTOMER_4253,,residential,Northeast,,45,4,,,,,153.77
energy_consumption,customer_observation,4254,CUSTOMER_4254,,residential,Northeast,,52,4,,,,,130.81
energy_consumption,customer_observation,4255,CUSTOMER_4255,,residential,Midwest,,52,1,,,,,78.78
energy_consumption,customer_observation,4256,CUSTOMER_4256,,commercial,Northeast,,77,3,,,,,73.9
energy_consumption,customer_observation,4257,CUSTOMER_4257,,commercial,Northeast,,24,2,,,,,93.03
energy_consumption,customer_observation,4258,CUSTOMER_4258,,residential,Northeast,,77,3,,,,,74.32
energy_consumption,customer_observation,4259,CUSTOMER_4259,,residential,Midwest,,24,3,,,,,66.33
energy_consumption,customer_observation,4260,CUSTOMER_4260,,residential,North,,17,3,,,,,96.77
energy_consumption,customer_observation,4261,CUSTOMER_4261,,residential,Midwest,,45,1,,,,,83.15
energy_consumption,customer_observation,4262,CUSTOMER_4262,,commercial,Midwest,,52,4,,,,,136.28
energy_consumption,customer_observation,4263,CUSTOMER_4263,,residential,Midwest,,45,2,,,,,83.87
energy_consumption,customer_observation,4264,CUSTOMER_4264,,residential,Midwest,,52,3,,,,,89.41
energy_consumption,customer_observation,4265,CUSTOMER_4265,,commercial,Southeast,,45,4,,,,,121.02
energy_consumption,customer_observation,4266,CUSTOMER_4266,,residential,North,,24,1,,,,,54.24
energy_consumption,customer_observation,4267,CUSTOMER_4267,,residential,Northeast,,77,3,,,,,94.12
energy_consumption,customer_observation,4268,CUSTOMER_4268,,residential,Northeast,,17,1,,,,,59.12
energy_consumption,customer_observation,4269,CUSTOMER_4269,,commercial,North,,52,4,,,,,143.42
energy_consumption,customer_observation,4270,CUSTOMER_4270,,commercial,Northeast,,24,2,,,,,56.73
energy_consumption,customer_observation,4271,CUSTOMER_4271,,residential,Northeast,,45,4,,,,,124.43
energy_consumption,customer_observation,4272,CUSTOMER_4272,,commercial,Midwest,,45,4,,,,,107.31
energy_consumption,customer_observation,4273,CUSTOMER_4273,,residential,Midwest,,24,2,,,,,79.32
energy_consumption,customer_observation,4274,CUSTOMER_4274,,residential,Northeast,,24,2,,,,,86.04
energy_consumption,customer_observation,4275,CUSTOMER_4275,,residential,Midwest,,24,2,,,,,61.3
energy_consumption,customer_observation,4276,CUSTOMER_4276,,residential,Northeast,,24,3,,,,,71.58
energy_consumption,customer_observation,4277,CUSTOMER_4277,,residential,Northeast,,24,1,,,,,100.27
energy_consumption,customer_observation,4278,CUSTOMER_4278,,residential,Midwest,,45,2,,,,,75.22
energy_consumption,customer_observation,4279,CUSTOMER_4279,,residential,North,,45,3,,,,,93.71
energy_consumption,customer_observation,4280,CUSTOMER_4280,,residential,North,,45,2,,,,,100.11
energy_consumption,customer_observation,4281,CUSTOMER_4281,,residential,Midwest,,52,2,,,,,102.53
energy_consumption,customer_observation,4282,CUSTOMER_4282,,commercial,South,,45,2,,,,,98.63
energy_consumption,customer_observation,4283,CUSTOMER_4283,,residential,Midwest,,45,1,,,,,68.8
energy_consumption,customer_observation,4284,CUSTOMER_4284,,residential,North,,45,1,,,,,101.93
energy_consumption,customer_observation,4285,CUSTOMER_4285,,residential,Southeast,,45,4,,,,,148.39
energy_consumption,customer_observation,4286,CUSTOMER_4286,,residential,Midwest,,45,1,,,,,95.49
energy_consumption,customer_observation,4287,CUSTOMER_4287,,commercial,Midwest,,17,2,,,,,53.28
energy_consumption,customer_observation,4288,CUSTOMER_4288,,residential,Southeast,,52,3,,,,,101.5
energy_consumption,customer_observation,4289,CUSTOMER_4289,,residential,Midwest,,45,3,,,,,92.45
energy_consumption,customer_observation,4290,CUSTOMER_4290,,commercial,Northeast,,24,3,,,,,91.94
energy_consumption,customer_observation,4291,CUSTOMER_4291,,residential,Midwest,,45,2,,,,,56.69
energy_consumption,customer_observation,4292,CUSTOMER_4292,,residential,Midwest,,17,1,,,,,64.44
energy_consumption,customer_observation,4293,CUSTOMER_4293,,residential,Midwest,,24,3,,,,,101.91
energy_consumption,customer_observation,4294,CUSTOMER_4294,,commercial,Midwest,,17,2,,,,,78.21
energy_consumption,customer_observation,4295,CUSTOMER_4295,,residential,South,,45,2,,,,,72.93
energy_consumption,customer_observation,4296,CUSTOMER_4296,,residential,South,,45,3,,,,,95.63
energy_consumption,customer_observation,4297,CUSTOMER_4297,,residential,Southeast,,52,3,,,,,56.98
energy_consumption,customer_observation,4298,CUSTOMER_4298,,residential,Southeast,,17,2,,,,,73.91
energy_consumption,customer_observation,4299,CUSTOMER_4299,,residential,South,,45,4,,,,,124.45
energy_consumption,customer_observation,4300,CUSTOMER_4300,,residential,North,,45,4,,,,,123.04
energy_consumption,customer_observation,4301,CUSTOMER_4301,,residential,Northeast,,24,3,,,,,68.3
energy_consumption,customer_observation,4302,CUSTOMER_4302,,commercial,Midwest,,45,4,,,,,115.37
energy_consumption,customer_observation,4303,CUSTOMER_4303,,commercial,Southeast,,17,2,,,,,61.38
energy_consumption,customer_observation,4304,CUSTOMER_4304,,residential,Midwest,,24,3,,,,,85.38
energy_consumption,customer_observation,4305,CUSTOMER_4305,,commercial,Midwest,,45,4,,,,,154.25
energy_consumption,customer_observation,4306,CUSTOMER_4306,,residential,North,,45,4,,,,,131.75
energy_consumption,customer_observation,4307,CUSTOMER_4307,,residential,Northeast,,17,1,,,,,67.8
energy_consumption,customer_observation,4308,CUSTOMER_4308,,residential,Midwest,,24,2,,,,,60.67
energy_consumption,customer_observation,4309,CUSTOMER_4309,,commercial,Northeast,,24,1,,,,,95.13
energy_consumption,customer_observation,4310,CUSTOMER_4310,,commercial,Northeast,,24,3,,,,,102.39
energy_consumption,customer_observation,4311,CUSTOMER_4311,,residential,Northeast,,24,2,,,,,70.43
energy_consumption,customer_observation,4312,CUSTOMER_4312,,commercial,Northeast,,24,3,,,,,67.44
energy_consumption,customer_observation,4313,CUSTOMER_4313,,residential,Midwest,,45,2,,,,,83.39
energy_consumption,customer_observation,4314,CUSTOMER_4314,,commercial,Northeast,,45,3,,,,,92.31
energy_consumption,customer_observation,4315,CUSTOMER_4315,,commercial,Midwest,,45,1,,,,,75.88
energy_consumption,customer_observation,4316,CUSTOMER_4316,,residential,North,,45,4,,,,,138.39
energy_consumption,customer_observation,4317,CUSTOMER_4317,,commercial,Southeast,,17,1,,,,,89.29
energy_consumption,customer_observation,4318,CUSTOMER_4318,,residential,Northeast,,17,3,,,,,101.83
energy_consumption,customer_observation,4319,CUSTOMER_4319,,residential,Midwest,,52,1,,,,,60.97
energy_consumption,customer_observation,4320,CUSTOMER_4320,,residential,Midwest,,17,1,,,,,103.72
energy_consumption,customer_observation,4321,CUSTOMER_4321,,residential,Northeast,,17,3,,,,,72.64
energy_consumption,customer_observation,4322,CUSTOMER_4322,,commercial,Southeast,,17,2,,,,,89.64
energy_consumption,customer_observation,4323,CUSTOMER_4323,,commercial,Midwest,,45,3,,,,,81.89
energy_consumption,customer_observation,4324,CUSTOMER_4324,,residential,Midwest,,45,4,,,,,130.53
energy_consumption,customer_observation,4325,CUSTOMER_4325,,commercial,Northeast,,77,2,,,,,88.35
energy_consumption,customer_observation,4326,CUSTOMER_4326,,commercial,South,,52,1,,,,,72.82
energy_consumption,customer_observation,4327,CUSTOMER_4327,,residential,Midwest,,45,1,,,,,58.98
energy_consumption,customer_observation,4328,CUSTOMER_4328,,commercial,Northeast,,24,1,,,,,77.6
energy_consumption,customer_observation,4329,CUSTOMER_4329,,residential,Northeast,,24,1,,,,,79.3
energy_consumption,customer_observation,4330,CUSTOMER_4330,,commercial,Southeast,,24,1,,,,,62.87
energy_consumption,customer_observation,4331,CUSTOMER_4331,,residential,Midwest,,17,2,,,,,100.54
energy_consumption,customer_observation,4332,CUSTOMER_4332,,residential,Midwest,,17,2,,,,,64.18
energy_consumption,customer_observation,4333,CUSTOMER_4333,,residential,Midwest,,17,2,,,,,73.51
energy_consumption,customer_observation,4334,CUSTOMER_4334,,residential,Midwest,,24,3,,,,,60.46
energy_consumption,customer_observation,4335,CUSTOMER_4335,,residential,Northeast,,24,1,,,,,80.01
energy_consumption,customer_observation,4336,CUSTOMER_4336,,residential,Northeast,,77,1,,,,,68.3
energy_consumption,customer_observation,4337,CUSTOMER_4337,,residential,Midwest,,45,4,,,,,130.68
energy_consumption,customer_observation,4338,CUSTOMER_4338,,commercial,South,,77,1,,,,,64.03
energy_consumption,customer_observation,4339,CUSTOMER_4339,,residential,Northeast,,24,3,,,,,55.26
energy_consumption,customer_observation,4340,CUSTOMER_4340,,residential,Midwest,,45,4,,,,,146.57
energy_consumption,customer_observation,4341,CUSTOMER_4341,,residential,Midwest,,24,3,,,,,85.42
energy_consumption,customer_observation,4342,CUSTOMER_4342,,residential,Midwest,,24,3,,,,,70.0
energy_consumption,customer_observation,4343,CUSTOMER_4343,,commercial,Southeast,,17,1,,,,,54.94
energy_consumption,customer_observation,4344,CUSTOMER_4344,,commercial,Midwest,,77,2,,,,,96.95
energy_consumption,customer_observation,4345,CUSTOMER_4345,,residential,North,,77,3,,,,,61.22
energy_consumption,customer_observation,4346,CUSTOMER_4346,,residential,South,,17,3,,,,,100.29
energy_consumption,customer_observation,4347,CUSTOMER_4347,,commercial,Midwest,,24,2,,,,,77.08
energy_consumption,customer_observation,4348,CUSTOMER_4348,,residential,Southeast,,45,3,,,,,69.98
energy_consumption,customer_observation,4349,CUSTOMER_4349,,commercial,Midwest,,24,2,,,,,90.59
energy_consumption,customer_observation,4350,CUSTOMER_4350,,residential,Southeast,,24,1,,,,,97.53
energy_consumption,customer_observation,4351,CUSTOMER_4351,,commercial,North,,17,2,,,,,71.54
energy_consumption,customer_observation,4352,CUSTOMER_4352,,residential,Northeast,,45,4,,,,,126.19
energy_consumption,customer_observation,4353,CUSTOMER_4353,,residential,Southeast,,24,2,,,,,74.74
energy_consumption,customer_observation,4354,CUSTOMER_4354,,commercial,Northeast,,24,1,,,,,99.86
energy_consumption,customer_observation,4355,CUSTOMER_4355,,residential,North,,17,3,,,,,88.06
energy_consumption,customer_observation,4356,CUSTOMER_4356,,residential,Midwest,,45,1,,,,,65.22
energy_consumption,customer_observation,4357,CUSTOMER_4357,,residential,Southeast,,77,3,,,,,62.0
energy_consumption,customer_observation,4358,CUSTOMER_4358,,residential,Northeast,,24,3,,,,,64.33
energy_consumption,customer_observation,4359,CUSTOMER_4359,,residential,Southeast,,52,2,,,,,66.03
energy_consumption,customer_observation,4360,CUSTOMER_4360,,residential,Midwest,,52,1,,,,,64.32
energy_consumption,customer_observation,4361,CUSTOMER_4361,,residential,Midwest,,77,2,,,,,86.31
energy_consumption,customer_observation,4362,CUSTOMER_4362,,residential,Southeast,,45,4,,,,,110.21
energy_consumption,customer_observation,4363,CUSTOMER_4363,,commercial,Midwest,,45,1,,,,,72.39
energy_consumption,customer_observation,4364,CUSTOMER_4364,,residential,Northeast,,52,1,,,,,84.6
energy_consumption,customer_observation,4365,CUSTOMER_4365,,residential,Northeast,,17,2,,,,,67.44
energy_consumption,customer_observation,4366,CUSTOMER_4366,,commercial,Midwest,,45,3,,,,,55.85
energy_consumption,customer_observation,4367,CUSTOMER_4367,,residential,Midwest,,77,3,,,,,56.7
energy_consumption,customer_observation,4368,CUSTOMER_4368,,residential,Southeast,,45,1,,,,,58.97
energy_consumption,customer_observation,4369,CUSTOMER_4369,,residential,Midwest,,77,3,,,,,95.42
energy_consumption,customer_observation,4370,CUSTOMER_4370,,residential,Midwest,,45,4,,,,,139.92
energy_consumption,customer_observation,4371,CUSTOMER_4371,,residential,Midwest,,52,2,,,,,55.81
energy_consumption,customer_observation,4372,CUSTOMER_4372,,residential,Northeast,,45,2,,,,,72.58
energy_consumption,customer_observation,4373,CUSTOMER_4373,,residential,North,,45,2,,,,,66.81
energy_consumption,customer_observation,4374,CUSTOMER_4374,,residential,Southeast,,45,1,,,,,82.18
energy_consumption,customer_observation,4375,CUSTOMER_4375,,residential,North,,77,1,,,,,79.35
energy_consumption,customer_observation,4376,CUSTOMER_4376,,residential,Northeast,,52,3,,,,,77.21
energy_consumption,customer_observation,4377,CUSTOMER_4377,,residential,Midwest,,52,2,,,,,68.65
energy_consumption,customer_observation,4378,CUSTOMER_4378,,commercial,Midwest,,45,4,,,,,111.41
energy_consumption,customer_observation,4379,CUSTOMER_4379,,residential,Southeast,,24,2,,,,,90.62
energy_consumption,customer_observation,4380,CUSTOMER_4380,,residential,Northeast,,17,1,,,,,97.68
energy_consumption,customer_observation,4381,CUSTOMER_4381,,residential,North,,77,1,,,,,100.98
energy_consumption,customer_observation,4382,CUSTOMER_4382,,residential,Northeast,,45,1,,,,,55.51
energy_consumption,customer_observation,4383,CUSTOMER_4383,,residential,Midwest,,24,2,,,,,90.49
energy_consumption,customer_observation,4384,CUSTOMER_4384,,residential,Northeast,,17,2,,,,,89.81
energy_consumption,customer_observation,4385,CUSTOMER_4385,,commercial,Midwest,,52,4,,,,,155.77
energy_consumption,customer_observation,4386,CUSTOMER_4386,,residential,Southeast,,52,4,,,,,117.72
energy_consumption,customer_observation,4387,CUSTOMER_4387,,commercial,South,,52,3,,,,,90.61
energy_consumption,customer_observation,4388,CUSTOMER_4388,,residential,Northeast,,45,4,,,,,106.85
energy_consumption,customer_observation,4389,CUSTOMER_4389,,residential,Midwest,,24,2,,,,,84.91
energy_consumption,customer_observation,4390,CUSTOMER_4390,,residential,Midwest,,24,3,,,,,70.52
energy_consumption,customer_observation,4391,CUSTOMER_4391,,residential,South,,17,3,,,,,91.98
energy_consumption,customer_observation,4392,CUSTOMER_4392,,residential,South,,52,2,,,,,96.83
energy_consumption,customer_observation,4393,CUSTOMER_4393,,residential,Northeast,,17,3,,,,,71.23
energy_consumption,customer_observation,4394,CUSTOMER_4394,,residential,Midwest,,45,3,,,,,79.49
energy_consumption,customer_observation,4395,CUSTOMER_4395,,commercial,Northeast,,45,1,,,,,58.53
energy_consumption,customer_observation,4396,CUSTOMER_4396,,commercial,North,,45,2,,,,,73.91
energy_consumption,customer_observation,4397,CUSTOMER_4397,,residential,North,,77,3,,,,,71.03
energy_consumption,customer_observation,4398,CUSTOMER_4398,,residential,Midwest,,17,3,,,,,61.9
energy_consumption,customer_observation,4399,CUSTOMER_4399,,residential,Midwest,,45,3,,,,,98.43
energy_consumption,customer_observation,4400,CUSTOMER_4400,,residential,North,,17,2,,,,,60.1
energy_consumption,customer_observation,4401,CUSTOMER_4401,,residential,Midwest,,17,1,,,,,85.15
energy_consumption,customer_observation,4402,CUSTOMER_4402,,residential,Northeast,,45,4,,,,,152.65
energy_consumption,customer_observation,4403,CUSTOMER_4403,,residential,Midwest,,17,1,,,,,99.33
energy_consumption,customer_observation,4404,CUSTOMER_4404,,residential,Northeast,,45,2,,,,,93.23
energy_consumption,customer_observation,4405,CUSTOMER_4405,,commercial,Northeast,,45,2,,,,,61.54
energy_consumption,customer_observation,4406,CUSTOMER_4406,,commercial,Midwest,,17,2,,,,,94.48
energy_consumption,customer_observation,4407,CUSTOMER_4407,,commercial,Northeast,,17,2,,,,,66.7
energy_consumption,customer_observation,4408,CUSTOMER_4408,,residential,Midwest,,45,1,,,,,99.87
energy_consumption,customer_observation,4409,CUSTOMER_4409,,residential,Northeast,,52,3,,,,,88.91
energy_consumption,customer_observation,4410,CUSTOMER_4410,,residential,Midwest,,45,3,,,,,92.82
energy_consumption,customer_observation,4411,CUSTOMER_4411,,residential,Northeast,,45,2,,,,,56.87
energy_consumption,customer_observation,4412,CUSTOMER_4412,,residential,Midwest,,45,2,,,,,82.42
energy_consumption,customer_observation,4413,CUSTOMER_4413,,commercial,Midwest,,45,4,,,,,148.87
energy_consumption,customer_observation,4414,CUSTOMER_4414,,residential,North,,24,3,,,,,96.74
energy_consumption,customer_observation,4415,CUSTOMER_4415,,residential,Midwest,,45,4,,,,,105.43
energy_consumption,customer_observation,4416,CUSTOMER_4416,,residential,North,,45,4,,,,,155.34
energy_consumption,customer_observation,4417,CUSTOMER_4417,,residential,Midwest,,45,4,,,,,106.24
energy_consumption,customer_observation,4418,CUSTOMER_4418,,residential,Northeast,,45,4,,,,,137.54
energy_consumption,customer_observation,4419,CUSTOMER_4419,,residential,Midwest,,77,1,,,,,88.11
energy_consumption,customer_observation,4420,CUSTOMER_4420,,residential,Midwest,,24,2,,,,,58.01
energy_consumption,customer_observation,4421,CUSTOMER_4421,,residential,South,,77,2,,,,,54.97
energy_consumption,customer_observation,4422,CUSTOMER_4422,,commercial,Midwest,,45,4,,,,,146.88
energy_consumption,customer_observation,4423,CUSTOMER_4423,,residential,Midwest,,45,4,,,,,124.94
energy_consumption,customer_observation,4424,CUSTOMER_4424,,commercial,Midwest,,17,1,,,,,58.0
energy_consumption,customer_observation,4425,CUSTOMER_4425,,residential,South,,24,1,,,,,91.66
energy_consumption,customer_observation,4426,CUSTOMER_4426,,residential,Midwest,,45,1,,,,,96.1
energy_consumption,customer_observation,4427,CUSTOMER_4427,,residential,Northeast,,45,4,,,,,136.05
energy_consumption,customer_observation,4428,CUSTOMER_4428,,residential,Southeast,,17,2,,,,,60.78
energy_consumption,customer_observation,4429,CUSTOMER_4429,,residential,Midwest,,45,1,,,,,53.28
energy_consumption,customer_observation,4430,CUSTOMER_4430,,commercial,Southeast,,17,2,,,,,88.49
energy_consumption,customer_observation,4431,CUSTOMER_4431,,commercial,Southeast,,77,2,,,,,80.75
energy_consumption,customer_observation,4432,CUSTOMER_4432,,residential,Northeast,,52,1,,,,,85.92
energy_consumption,customer_observation,4433,CUSTOMER_4433,,residential,Midwest,,17,3,,,,,94.26
energy_consumption,customer_observation,4434,CUSTOMER_4434,,commercial,Northeast,,52,1,,,,,74.8
energy_consumption,customer_observation,4435,CUSTOMER_4435,,residential,Northeast,,77,3,,,,,58.89
energy_consumption,customer_observation,4436,CUSTOMER_4436,,residential,Northeast,,24,1,,,,,100.77
energy_consumption,customer_observation,4437,CUSTOMER_4437,,residential,Midwest,,45,1,,,,,80.5
energy_consumption,customer_observation,4438,CUSTOMER_4438,,commercial,Northeast,,45,2,,,,,84.1
energy_consumption,customer_observation,4439,CUSTOMER_4439,,commercial,North,,45,2,,,,,100.43
energy_consumption,customer_observation,4440,CUSTOMER_4440,,residential,Midwest,,24,2,,,,,100.34
energy_consumption,customer_observation,4441,CUSTOMER_4441,,commercial,Northeast,,24,2,,,,,81.88
energy_consumption,customer_observation,4442,CUSTOMER_4442,,commercial,North,,45,2,,,,,67.78
energy_consumption,customer_observation,4443,CUSTOMER_4443,,residential,Northeast,,17,2,,,,,103.7
energy_consumption,customer_observation,4444,CUSTOMER_4444,,residential,Northeast,,52,4,,,,,141.18
energy_consumption,customer_observation,4445,CUSTOMER_4445,,residential,Midwest,,24,2,,,,,73.47
energy_consumption,customer_observation,4446,CUSTOMER_4446,,commercial,North,,45,3,,,,,81.25
energy_consumption,customer_observation,4447,CUSTOMER_4447,,residential,South,,52,3,,,,,73.85
energy_consumption,customer_observation,4448,CUSTOMER_4448,,commercial,Midwest,,45,4,,,,,152.55
energy_consumption,customer_observation,4449,CUSTOMER_4449,,residential,Northeast,,45,2,,,,,77.28
energy_consumption,customer_observation,4450,CUSTOMER_4450,,commercial,Northeast,,77,3,,,,,94.79
energy_consumption,customer_observation,4451,CUSTOMER_4451,,residential,Midwest,,52,1,,,,,95.64
energy_consumption,customer_observation,4452,CUSTOMER_4452,,residential,Midwest,,24,3,,,,,94.83
energy_consumption,customer_observation,4453,CUSTOMER_4453,,commercial,North,,45,2,,,,,89.58
energy_consumption,customer_observation,4454,CUSTOMER_4454,,commercial,Northeast,,77,3,,,,,96.4
energy_consumption,customer_observation,4455,CUSTOMER_4455,,commercial,Southeast,,24,1,,,,,72.38
energy_consumption,customer_observation,4456,CUSTOMER_4456,,residential,Northeast,,24,3,,,,,58.39
energy_consumption,customer_observation,4457,CUSTOMER_4457,,commercial,Northeast,,24,2,,,,,95.76
energy_consumption,customer_observation,4458,CUSTOMER_4458,,residential,Southeast,,17,1,,,,,78.08
energy_consumption,customer_observation,4459,CUSTOMER_4459,,residential,Midwest,,45,4,,,,,110.84
energy_consumption,customer_observation,4460,CUSTOMER_4460,,residential,Northeast,,45,1,,,,,58.42
energy_consumption,customer_observation,4461,CUSTOMER_4461,,residential,Midwest,,77,3,,,,,60.68
energy_consumption,customer_observation,4462,CUSTOMER_4462,,residential,North,,45,4,,,,,145.02
energy_consumption,customer_observation,4463,CUSTOMER_4463,,commercial,Midwest,,24,1,,,,,89.0
energy_consumption,customer_observation,4464,CUSTOMER_4464,,residential,Midwest,,17,1,,,,,62.97
energy_consumption,customer_observation,4465,CUSTOMER_4465,,commercial,Southeast,,77,1,,,,,95.99
energy_consumption,customer_observation,4466,CUSTOMER_4466,,residential,South,,24,2,,,,,66.94
energy_consumption,customer_observation,4467,CUSTOMER_4467,,residential,South,,24,1,,,,,93.22
energy_consumption,customer_observation,4468,CUSTOMER_4468,,residential,South,,77,4,,,,,130.65
energy_consumption,customer_observation,4469,CUSTOMER_4469,,commercial,Midwest,,45,3,,,,,90.07
energy_consumption,customer_observation,4470,CUSTOMER_4470,,commercial,Northeast,,24,3,,,,,72.08
energy_consumption,customer_observation,4471,CUSTOMER_4471,,commercial,Midwest,,52,1,,,,,70.33
energy_consumption,customer_observation,4472,CUSTOMER_4472,,commercial,Midwest,,77,3,,,,,95.7
energy_consumption,customer_observation,4473,CUSTOMER_4473,,residential,Southeast,,17,1,,,,,54.31
energy_consumption,customer_observation,4474,CUSTOMER_4474,,residential,Northeast,,52,3,,,,,102.55
energy_consumption,customer_observation,4475,CUSTOMER_4475,,commercial,South,,24,1,,,,,85.78
energy_consumption,customer_observation,4476,CUSTOMER_4476,,residential,Southeast,,45,1,,,,,74.71
energy_consumption,customer_observation,4477,CUSTOMER_4477,,residential,South,,77,4,,,,,138.28
energy_consumption,customer_observation,4478,CUSTOMER_4478,,residential,Southeast,,77,4,,,,,110.59
energy_consumption,customer_observation,4479,CUSTOMER_4479,,residential,Northeast,,24,1,,,,,78.9
energy_consumption,customer_observation,4480,CUSTOMER_4480,,residential,North,,24,2,,,,,103.08
energy_consumption,customer_observation,4481,CUSTOMER_4481,,residential,North,,17,3,,,,,64.58
energy_consumption,customer_observation,4482,CUSTOMER_4482,,residential,Northeast,,45,4,,,,,143.45
energy_consumption,customer_observation,4483,CUSTOMER_4483,,residential,Midwest,,17,1,,,,,74.84
energy_consumption,customer_observation,4484,CUSTOMER_4484,,residential,Southeast,,45,2,,,,,86.0
energy_consumption,customer_observation,4485,CUSTOMER_4485,,residential,Southeast,,17,2,,,,,63.02
energy_consumption,customer_observation,4486,CUSTOMER_4486,,commercial,Midwest,,45,4,,,,,129.65
energy_consumption,customer_observation,4487,CUSTOMER_4487,,residential,North,,17,1,,,,,102.83
energy_consumption,customer_observation,4488,CUSTOMER_4488,,residential,Northeast,,52,1,,,,,62.53
energy_consumption,customer_observation,4489,CUSTOMER_4489,,commercial,North,,24,1,,,,,85.18
energy_consumption,customer_observation,4490,CUSTOMER_4490,,residential,Northeast,,24,1,,,,,82.06
energy_consumption,customer_observation,4491,CUSTOMER_4491,,residential,Midwest,,52,1,,,,,81.52
energy_consumption,customer_observation,4492,CUSTOMER_4492,,commercial,North,,45,3,,,,,84.09
energy_consumption,customer_observation,4493,CUSTOMER_4493,,residential,Northeast,,24,1,,,,,78.29
energy_consumption,customer_observation,4494,CUSTOMER_4494,,commercial,Northeast,,17,1,,,,,53.37
energy_consumption,customer_observation,4495,CUSTOMER_4495,,commercial,Midwest,,45,3,,,,,98.72
energy_consumption,customer_observation,4496,CUSTOMER_4496,,residential,Midwest,,24,2,,,,,94.97
energy_consumption,customer_observation,4497,CUSTOMER_4497,,residential,Midwest,,45,3,,,,,61.44
energy_consumption,customer_observation,4498,CUSTOMER_4498,,residential,Midwest,,45,2,,,,,73.72
energy_consumption,customer_observation,4499,CUSTOMER_4499,,residential,South,,24,2,,,,,92.07
energy_consumption,customer_observation,4500,CUSTOMER_4500,,residential,Northeast,,45,3,,,,,102.83
energy_consumption,customer_observation,4501,CUSTOMER_4501,,residential,Midwest,,45,1,,,,,101.34
energy_consumption,customer_observation,4502,CUSTOMER_4502,,residential,Midwest,,77,2,,,,,98.68
energy_consumption,customer_observation,4503,CUSTOMER_4503,,residential,Midwest,,17,1,,,,,60.63
energy_consumption,customer_observation,4504,CUSTOMER_4504,,residential,South,,45,4,,,,,153.98
energy_consumption,customer_observation,4505,CUSTOMER_4505,,residential,Northeast,,17,3,,,,,97.61
energy_consumption,customer_observation,4506,CUSTOMER_4506,,residential,Midwest,,45,2,,,,,71.86
energy_consumption,customer_observation,4507,CUSTOMER_4507,,commercial,North,,52,1,,,,,72.76
energy_consumption,customer_observation,4508,CUSTOMER_4508,,residential,Midwest,,24,2,,,,,76.12
energy_consumption,customer_observation,4509,CUSTOMER_4509,,residential,Northeast,,77,4,,,,,139.82
energy_consumption,customer_observation,4510,CUSTOMER_4510,,commercial,Northeast,,45,4,,,,,118.16
energy_consumption,customer_observation,4511,CUSTOMER_4511,,residential,Midwest,,77,2,,,,,53.68
energy_consumption,customer_observation,4512,CUSTOMER_4512,,residential,Midwest,,45,3,,,,,59.75
energy_consumption,customer_observation,4513,CUSTOMER_4513,,residential,North,,17,1,,,,,75.1
energy_consumption,customer_observation,4514,CUSTOMER_4514,,residential,Midwest,,24,1,,,,,66.98
energy_consumption,customer_observation,4515,CUSTOMER_4515,,residential,Midwest,,24,2,,,,,91.76
energy_consumption,customer_observation,4516,CUSTOMER_4516,,residential,Northeast,,24,1,,,,,57.98
energy_consumption,customer_observation,4517,CUSTOMER_4517,,residential,Midwest,,45,2,,,,,99.61
energy_consumption,customer_observation,4518,CUSTOMER_4518,,commercial,Midwest,,45,4,,,,,152.93
energy_consumption,customer_observation,4519,CUSTOMER_4519,,residential,Midwest,,77,3,,,,,99.16
energy_consumption,customer_observation,4520,CUSTOMER_4520,,residential,Northeast,,45,4,,,,,144.4
energy_consumption,customer_observation,4521,CUSTOMER_4521,,commercial,Northeast,,45,4,,,,,109.72
energy_consumption,customer_observation,4522,CUSTOMER_4522,,residential,Midwest,,77,4,,,,,127.87
energy_consumption,customer_observation,4523,CUSTOMER_4523,,commercial,South,,52,4,,,,,111.06
energy_consumption,customer_observation,4524,CUSTOMER_4524,,residential,Midwest,,24,3,,,,,103.22
energy_consumption,customer_observation,4525,CUSTOMER_4525,,commercial,North,,45,4,,,,,122.11
energy_consumption,customer_observation,4526,CUSTOMER_4526,,residential,Midwest,,24,1,,,,,82.56
energy_consumption,customer_observation,4527,CUSTOMER_4527,,commercial,Southeast,,24,3,,,,,92.52
energy_consumption,customer_observation,4528,CUSTOMER_4528,,commercial,North,,24,3,,,,,99.77
energy_consumption,customer_observation,4529,CUSTOMER_4529,,residential,South,,52,1,,,,,91.3
energy_consumption,customer_observation,4530,CUSTOMER_4530,,residential,South,,45,2,,,,,87.14
energy_consumption,customer_observation,4531,CUSTOMER_4531,,residential,North,,45,4,,,,,129.4
energy_consumption,customer_observation,4532,CUSTOMER_4532,,residential,South,,77,3,,,,,83.59
energy_consumption,customer_observation,4533,CUSTOMER_4533,,residential,Northeast,,17,1,,,,,57.34
energy_consumption,customer_observation,4534,CUSTOMER_4534,,residential,Southeast,,45,1,,,,,97.89
energy_consumption,customer_observation,4535,CUSTOMER_4535,,residential,Midwest,,45,1,,,,,80.42
energy_consumption,customer_observation,4536,CUSTOMER_4536,,residential,Midwest,,24,3,,,,,54.56
energy_consumption,customer_observation,4537,CUSTOMER_4537,,residential,Midwest,,45,3,,,,,99.74
energy_consumption,customer_observation,4538,CUSTOMER_4538,,residential,Midwest,,24,2,,,,,77.63
energy_consumption,customer_observation,4539,CUSTOMER_4539,,residential,North,,52,4,,,,,151.47
energy_consumption,customer_observation,4540,CUSTOMER_4540,,residential,Midwest,,24,2,,,,,96.5
energy_consumption,customer_observation,4541,CUSTOMER_4541,,residential,Northeast,,24,2,,,,,94.39
energy_consumption,customer_observation,4542,CUSTOMER_4542,,residential,Northeast,,45,2,,,,,55.65
energy_consumption,customer_observation,4543,CUSTOMER_4543,,residential,Northeast,,24,2,,,,,65.19
energy_consumption,customer_observation,4544,CUSTOMER_4544,,residential,Midwest,,24,2,,,,,97.46
energy_consumption,customer_observation,4545,CUSTOMER_4545,,residential,Northeast,,45,4,,,,,153.13
energy_consumption,customer_observation,4546,CUSTOMER_4546,,commercial,North,,24,1,,,,,76.02
energy_consumption,customer_observation,4547,CUSTOMER_4547,,residential,North,,45,2,,,,,75.1
energy_consumption,customer_observation,4548,CUSTOMER_4548,,residential,North,,45,3,,,,,61.49
energy_consumption,customer_observation,4549,CUSTOMER_4549,,commercial,Midwest,,45,4,,,,,156.94
energy_consumption,customer_observation,4550,CUSTOMER_4550,,commercial,South,,45,2,,,,,63.44
energy_consumption,customer_observation,4551,CUSTOMER_4551,,commercial,North,,24,3,,,,,62.3
energy_consumption,customer_observation,4552,CUSTOMER_4552,,residential,South,,17,2,,,,,86.43
energy_consumption,customer_observation,4553,CUSTOMER_4553,,residential,Midwest,,45,1,,,,,64.97
energy_consumption,customer_observation,4554,CUSTOMER_4554,,commercial,Midwest,,52,4,,,,,155.31
energy_consumption,customer_observation,4555,CUSTOMER_4555,,residential,Midwest,,24,1,,,,,53.06
energy_consumption,customer_observation,4556,CUSTOMER_4556,,residential,Southeast,,45,3,,,,,52.8
energy_consumption,customer_observation,4557,CUSTOMER_4557,,commercial,North,,45,2,,,,,78.43
energy_consumption,customer_observation,4558,CUSTOMER_4558,,commercial,Midwest,,45,1,,,,,77.56
energy_consumption,customer_observation,4559,CUSTOMER_4559,,commercial,Midwest,,45,1,,,,,60.89
energy_consumption,customer_observation,4560,CUSTOMER_4560,,commercial,Midwest,,17,2,,,,,77.89
energy_consumption,customer_observation,4561,CUSTOMER_4561,,commercial,Southeast,,45,4,,,,,126.42
energy_consumption,customer_observation,4562,CUSTOMER_4562,,residential,North,,17,3,,,,,98.22
energy_consumption,customer_observation,4563,CUSTOMER_4563,,commercial,Midwest,,45,4,,,,,104.37
energy_consumption,customer_observation,4564,CUSTOMER_4564,,residential,Midwest,,52,3,,,,,102.63
energy_consumption,customer_observation,4565,CUSTOMER_4565,,residential,Northeast,,45,3,,,,,84.56
energy_consumption,customer_observation,4566,CUSTOMER_4566,,commercial,Northeast,,17,1,,,,,60.3
energy_consumption,customer_observation,4567,CUSTOMER_4567,,residential,Midwest,,77,2,,,,,54.9
energy_consumption,customer_observation,4568,CUSTOMER_4568,,residential,Southeast,,52,4,,,,,133.35
energy_consumption,customer_observation,4569,CUSTOMER_4569,,residential,Midwest,,45,1,,,,,64.56
energy_consumption,customer_observation,4570,CUSTOMER_4570,,commercial,Southeast,,45,1,,,,,67.96
energy_consumption,customer_observation,4571,CUSTOMER_4571,,residential,Midwest,,24,1,,,,,65.09
energy_consumption,customer_observation,4572,CUSTOMER_4572,,commercial,North,,77,4,,,,,139.5
energy_consumption,customer_observation,4573,CUSTOMER_4573,,residential,North,,45,1,,,,,80.92
energy_consumption,customer_observation,4574,CUSTOMER_4574,,commercial,North,,52,2,,,,,56.5
energy_consumption,customer_observation,4575,CUSTOMER_4575,,commercial,Northeast,,24,1,,,,,79.54
energy_consumption,customer_observation,4576,CUSTOMER_4576,,residential,Northeast,,24,1,,,,,93.13
energy_consumption,customer_observation,4577,CUSTOMER_4577,,residential,Midwest,,77,3,,,,,56.67
energy_consumption,customer_observation,4578,CUSTOMER_4578,,residential,Midwest,,45,1,,,,,98.19
energy_consumption,customer_observation,4579,CUSTOMER_4579,,commercial,North,,17,2,,,,,82.2
energy_consumption,customer_observation,4580,CUSTOMER_4580,,residential,Northeast,,24,1,,,,,101.31
energy_consumption,customer_observation,4581,CUSTOMER_4581,,commercial,Northeast,,45,2,,,,,60.11
energy_consumption,customer_observation,4582,CUSTOMER_4582,,residential,Midwest,,17,2,,,,,103.52
energy_consumption,customer_observation,4583,CUSTOMER_4583,,commercial,North,,45,2,,,,,85.58
energy_consumption,customer_observation,4584,CUSTOMER_4584,,commercial,North,,45,3,,,,,81.64
energy_consumption,customer_observation,4585,CUSTOMER_4585,,commercial,South,,45,3,,,,,78.96
energy_consumption,customer_observation,4586,CUSTOMER_4586,,commercial,Southeast,,24,1,,,,,53.71
energy_consumption,customer_observation,4587,CUSTOMER_4587,,residential,Northeast,,77,4,,,,,155.36
energy_consumption,customer_observation,4588,CUSTOMER_4588,,residential,Midwest,,24,1,,,,,85.57
energy_consumption,customer_observation,4589,CUSTOMER_4589,,commercial,Northeast,,45,1,,,,,57.21
energy_consumption,customer_observation,4590,CUSTOMER_4590,,commercial,Midwest,,17,2,,,,,53.58
energy_consumption,customer_observation,4591,CUSTOMER_4591,,residential,Midwest,,45,2,,,,,55.11
energy_consumption,customer_observation,4592,CUSTOMER_4592,,residential,North,,77,2,,,,,83.79
energy_consumption,customer_observation,4593,CUSTOMER_4593,,residential,Midwest,,52,1,,,,,84.03
energy_consumption,customer_observation,4594,CUSTOMER_4594,,residential,Northeast,,45,4,,,,,131.25
energy_consumption,customer_observation,4595,CUSTOMER_4595,,residential,Northeast,,45,1,,,,,68.25
energy_consumption,customer_observation,4596,CUSTOMER_4596,,residential,Northeast,,52,1,,,,,79.8
energy_consumption,customer_observation,4597,CUSTOMER_4597,,commercial,Midwest,,77,1,,,,,79.01
energy_consumption,customer_observation,4598,CUSTOMER_4598,,residential,Northeast,,77,3,,,,,53.5
energy_consumption,customer_observation,4599,CUSTOMER_4599,,residential,Northeast,,24,3,,,,,67.0
energy_consumption,customer_observation,4600,CUSTOMER_4600,,residential,Northeast,,77,4,,,,,106.78
energy_consumption,customer_observation,4601,CUSTOMER_4601,,residential,North,,24,3,,,,,98.72
energy_consumption,customer_observation,4602,CUSTOMER_4602,,commercial,Midwest,,24,1,,,,,89.74
energy_consumption,customer_observation,4603,CUSTOMER_4603,,commercial,Northeast,,17,3,,,,,103.65
energy_consumption,customer_observation,4604,CUSTOMER_4604,,residential,North,,24,3,,,,,68.02
energy_consumption,customer_observation,4605,CUSTOMER_4605,,commercial,Midwest,,45,1,,,,,97.61
energy_consumption,customer_observation,4606,CUSTOMER_4606,,commercial,Midwest,,52,4,,,,,136.91
energy_consumption,customer_observation,4607,CUSTOMER_4607,,commercial,Southeast,,45,3,,,,,75.77
energy_consumption,customer_observation,4608,CUSTOMER_4608,,residential,Midwest,,45,1,,,,,63.93
energy_consumption,customer_observation,4609,CUSTOMER_4609,,commercial,Northeast,,45,1,,,,,90.42
energy_consumption,customer_observation,4610,CUSTOMER_4610,,residential,Midwest,,45,1,,,,,98.93
energy_consumption,customer_observation,4611,CUSTOMER_4611,,residential,Midwest,,24,2,,,,,64.58
energy_consumption,customer_observation,4612,CUSTOMER_4612,,residential,Northeast,,52,1,,,,,61.51
energy_consumption,customer_observation,4613,CUSTOMER_4613,,residential,South,,45,3,,,,,88.25
energy_consumption,customer_observation,4614,CUSTOMER_4614,,residential,North,,45,3,,,,,102.67
energy_consumption,customer_observation,4615,CUSTOMER_4615,,residential,South,,45,1,,,,,91.01
energy_consumption,customer_observation,4616,CUSTOMER_4616,,residential,Southeast,,52,2,,,,,67.11
energy_consumption,customer_observation,4617,CUSTOMER_4617,,commercial,Midwest,,24,2,,,,,74.06
energy_consumption,customer_observation,4618,CUSTOMER_4618,,commercial,South,,24,2,,,,,72.23
energy_consumption,customer_observation,4619,CUSTOMER_4619,,residential,Midwest,,45,3,,,,,96.26
energy_consumption,customer_observation,4620,CUSTOMER_4620,,commercial,Northeast,,45,2,,,,,92.11
energy_consumption,customer_observation,4621,CUSTOMER_4621,,commercial,Midwest,,52,4,,,,,136.14
energy_consumption,customer_observation,4622,CUSTOMER_4622,,commercial,North,,24,2,,,,,66.62
energy_consumption,customer_observation,4623,CUSTOMER_4623,,residential,Northeast,,24,1,,,,,100.67
energy_consumption,customer_observation,4624,CUSTOMER_4624,,commercial,Midwest,,52,2,,,,,86.05
energy_consumption,customer_observation,4625,CUSTOMER_4625,,commercial,Northeast,,45,2,,,,,102.33
energy_consumption,customer_observation,4626,CUSTOMER_4626,,commercial,Northeast,,45,2,,,,,82.29
energy_consumption,customer_observation,4627,CUSTOMER_4627,,residential,Midwest,,24,1,,,,,94.67
energy_consumption,customer_observation,4628,CUSTOMER_4628,,residential,Southeast,,24,1,,,,,94.25
energy_consumption,customer_observation,4629,CUSTOMER_4629,,residential,North,,45,2,,,,,69.82
energy_consumption,customer_observation,4630,CUSTOMER_4630,,residential,Northeast,,17,3,,,,,102.0
energy_consumption,customer_observation,4631,CUSTOMER_4631,,residential,Northeast,,52,3,,,,,53.63
energy_consumption,customer_observation,4632,CUSTOMER_4632,,residential,Midwest,,45,4,,,,,145.99
energy_consumption,customer_observation,4633,CUSTOMER_4633,,commercial,North,,24,1,,,,,102.08
energy_consumption,customer_observation,4634,CUSTOMER_4634,,commercial,Midwest,,45,4,,,,,122.44
energy_consumption,customer_observation,4635,CUSTOMER_4635,,residential,Northeast,,45,4,,,,,139.38
energy_consumption,customer_observation,4636,CUSTOMER_4636,,commercial,Northeast,,24,2,,,,,81.37
energy_consumption,customer_observation,4637,CUSTOMER_4637,,residential,South,,24,3,,,,,91.6
energy_consumption,customer_observation,4638,CUSTOMER_4638,,commercial,North,,45,4,,,,,151.34
energy_consumption,customer_observation,4639,CUSTOMER_4639,,commercial,Midwest,,45,2,,,,,83.47
energy_consumption,customer_observation,4640,CUSTOMER_4640,,commercial,North,,45,1,,,,,94.4
energy_consumption,customer_observation,4641,CUSTOMER_4641,,commercial,Midwest,,45,4,,,,,120.98
energy_consumption,customer_observation,4642,CUSTOMER_4642,,residential,Midwest,,45,3,,,,,64.24
energy_consumption,customer_observation,4643,CUSTOMER_4643,,commercial,Northeast,,45,1,,,,,74.61
energy_consumption,customer_observation,4644,CUSTOMER_4644,,residential,North,,45,2,,,,,87.3
energy_consumption,customer_observation,4645,CUSTOMER_4645,,commercial,Northeast,,45,1,,,,,62.12
energy_consumption,customer_observation,4646,CUSTOMER_4646,,commercial,Midwest,,24,1,,,,,87.44
energy_consumption,customer_observation,4647,CUSTOMER_4647,,commercial,Midwest,,52,1,,,,,72.74
energy_consumption,customer_observation,4648,CUSTOMER_4648,,residential,Midwest,,45,1,,,,,93.35
energy_consumption,customer_observation,4649,CUSTOMER_4649,,commercial,Midwest,,52,3,,,,,54.39
energy_consumption,customer_observation,4650,CUSTOMER_4650,,residential,Northeast,,45,4,,,,,140.47
energy_consumption,customer_observation,4651,CUSTOMER_4651,,residential,Northeast,,24,2,,,,,85.87
energy_consumption,customer_observation,4652,CUSTOMER_4652,,commercial,Northeast,,45,3,,,,,100.82
energy_consumption,customer_observation,4653,CUSTOMER_4653,,residential,Northeast,,24,2,,,,,89.13
energy_consumption,customer_observation,4654,CUSTOMER_4654,,commercial,Northeast,,45,2,,,,,93.39
energy_consumption,customer_observation,4655,CUSTOMER_4655,,residential,Midwest,,45,2,,,,,98.95
energy_consumption,customer_observation,4656,CUSTOMER_4656,,residential,Midwest,,52,4,,,,,140.86
energy_consumption,customer_observation,4657,CUSTOMER_4657,,commercial,South,,45,2,,,,,67.4
energy_consumption,customer_observation,4658,CUSTOMER_4658,,residential,Northeast,,45,2,,,,,97.16
energy_consumption,customer_observation,4659,CUSTOMER_4659,,residential,Midwest,,24,3,,,,,90.89
energy_consumption,customer_observation,4660,CUSTOMER_4660,,commercial,Southeast,,77,2,,,,,74.29
energy_consumption,customer_observation,4661,CUSTOMER_4661,,residential,Midwest,,52,1,,,,,88.99
energy_consumption,customer_observation,4662,CUSTOMER_4662,,residential,Northeast,,45,3,,,,,97.06
energy_consumption,customer_observation,4663,CUSTOMER_4663,,residential,Northeast,,24,3,,,,,102.6
energy_consumption,customer_observation,4664,CUSTOMER_4664,,commercial,North,,45,4,,,,,156.06
energy_consumption,customer_observation,4665,CUSTOMER_4665,,commercial,Northeast,,17,2,,,,,69.21
energy_consumption,customer_observation,4666,CUSTOMER_4666,,commercial,Midwest,,45,1,,,,,74.15
energy_consumption,customer_observation,4667,CUSTOMER_4667,,residential,North,,17,1,,,,,58.12
energy_consumption,customer_observation,4668,CUSTOMER_4668,,commercial,Northeast,,45,2,,,,,65.21
energy_consumption,customer_observation,4669,CUSTOMER_4669,,commercial,Midwest,,45,2,,,,,97.81
energy_consumption,customer_observation,4670,CUSTOMER_4670,,commercial,Midwest,,24,1,,,,,71.03
energy_consumption,customer_observation,4671,CUSTOMER_4671,,residential,Midwest,,45,3,,,,,84.37
energy_consumption,customer_observation,4672,CUSTOMER_4672,,commercial,Midwest,,52,4,,,,,140.36
energy_consumption,customer_observation,4673,CUSTOMER_4673,,commercial,Northeast,,17,3,,,,,92.65
energy_consumption,customer_observation,4674,CUSTOMER_4674,,residential,Northeast,,45,4,,,,,113.88
energy_consumption,customer_observation,4675,CUSTOMER_4675,,residential,Northeast,,24,2,,,,,68.15
energy_consumption,customer_observation,4676,CUSTOMER_4676,,commercial,Midwest,,17,3,,,,,75.52
energy_consumption,customer_observation,4677,CUSTOMER_4677,,residential,South,,24,3,,,,,71.23
energy_consumption,customer_observation,4678,CUSTOMER_4678,,commercial,North,,45,1,,,,,102.97
energy_consumption,customer_observation,4679,CUSTOMER_4679,,commercial,Midwest,,45,3,,,,,95.37
energy_consumption,customer_observation,4680,CUSTOMER_4680,,residential,Northeast,,52,4,,,,,130.15
energy_consumption,customer_observation,4681,CUSTOMER_4681,,residential,Midwest,,45,1,,,,,97.65
energy_consumption,customer_observation,4682,CUSTOMER_4682,,residential,North,,17,2,,,,,70.35
energy_consumption,customer_observation,4683,CUSTOMER_4683,,commercial,Northeast,,45,2,,,,,92.85
energy_consumption,customer_observation,4684,CUSTOMER_4684,,residential,Southeast,,17,1,,,,,63.99
energy_consumption,customer_observation,4685,CUSTOMER_4685,,commercial,Midwest,,45,1,,,,,92.16
energy_consumption,customer_observation,4686,CUSTOMER_4686,,residential,Midwest,,24,2,,,,,75.94
energy_consumption,customer_observation,4687,CUSTOMER_4687,,residential,Northeast,,24,1,,,,,58.02
energy_consumption,customer_observation,4688,CUSTOMER_4688,,residential,Northeast,,45,2,,,,,66.53
energy_consumption,customer_observation,4689,CUSTOMER_4689,,residential,Northeast,,77,2,,,,,73.16
energy_consumption,customer_observation,4690,CUSTOMER_4690,,commercial,Southeast,,24,2,,,,,90.98
energy_consumption,customer_observation,4691,CUSTOMER_4691,,residential,South,,52,4,,,,,107.86
energy_consumption,customer_observation,4692,CUSTOMER_4692,,residential,Midwest,,24,2,,,,,86.37
energy_consumption,customer_observation,4693,CUSTOMER_4693,,residential,Northeast,,52,2,,,,,89.27
energy_consumption,customer_observation,4694,CUSTOMER_4694,,residential,Southeast,,45,2,,,,,86.08
energy_consumption,customer_observation,4695,CUSTOMER_4695,,residential,Midwest,,24,3,,,,,91.56
energy_consumption,customer_observation,4696,CUSTOMER_4696,,commercial,Midwest,,24,3,,,,,61.65
energy_consumption,customer_observation,4697,CUSTOMER_4697,,residential,Northeast,,17,2,,,,,82.65
energy_consumption,customer_observation,4698,CUSTOMER_4698,,residential,Midwest,,24,3,,,,,100.83
energy_consumption,customer_observation,4699,CUSTOMER_4699,,residential,Midwest,,24,1,,,,,83.86
energy_consumption,customer_observation,4700,CUSTOMER_4700,,commercial,Southeast,,45,1,,,,,83.89
energy_consumption,customer_observation,4701,CUSTOMER_4701,,residential,Midwest,,77,2,,,,,90.32
energy_consumption,customer_observation,4702,CUSTOMER_4702,,residential,Northeast,,17,3,,,,,69.61
energy_consumption,customer_observation,4703,CUSTOMER_4703,,commercial,Midwest,,45,1,,,,,88.47
energy_consumption,customer_observation,4704,CUSTOMER_4704,,residential,Southeast,,45,4,,,,,154.08
energy_consumption,customer_observation,4705,CUSTOMER_4705,,residential,Northeast,,77,1,,,,,53.06
energy_consumption,customer_observation,4706,CUSTOMER_4706,,residential,Northeast,,45,4,,,,,151.55
energy_consumption,customer_observation,4707,CUSTOMER_4707,,commercial,North,,45,1,,,,,63.73
energy_consumption,customer_observation,4708,CUSTOMER_4708,,residential,Midwest,,45,1,,,,,75.91
energy_consumption,customer_observation,4709,CUSTOMER_4709,,commercial,Northeast,,24,3,,,,,96.27
energy_consumption,customer_observation,4710,CUSTOMER_4710,,residential,Midwest,,17,1,,,,,94.81
energy_consumption,customer_observation,4711,CUSTOMER_4711,,residential,Northeast,,45,1,,,,,98.3
energy_consumption,customer_observation,4712,CUSTOMER_4712,,residential,Southeast,,17,1,,,,,100.79
energy_consumption,customer_observation,4713,CUSTOMER_4713,,residential,Northeast,,45,2,,,,,75.46
energy_consumption,customer_observation,4714,CUSTOMER_4714,,commercial,Northeast,,24,1,,,,,86.2
energy_consumption,customer_observation,4715,CUSTOMER_4715,,residential,Midwest,,45,1,,,,,72.55
energy_consumption,customer_observation,4716,CUSTOMER_4716,,residential,Midwest,,17,3,,,,,70.51
energy_consumption,customer_observation,4717,CUSTOMER_4717,,residential,Northeast,,77,1,,,,,74.66
energy_consumption,customer_observation,4718,CUSTOMER_4718,,commercial,Northeast,,52,1,,,,,90.66
energy_consumption,customer_observation,4719,CUSTOMER_4719,,residential,Northeast,,24,1,,,,,78.25
energy_consumption,customer_observation,4720,CUSTOMER_4720,,commercial,Midwest,,24,2,,,,,94.3
energy_consumption,customer_observation,4721,CUSTOMER_4721,,residential,Midwest,,45,3,,,,,90.77
energy_consumption,customer_observation,4722,CUSTOMER_4722,,residential,Midwest,,17,3,,,,,53.55
energy_consumption,customer_observation,4723,CUSTOMER_4723,,residential,Midwest,,24,2,,,,,84.86
energy_consumption,customer_observation,4724,CUSTOMER_4724,,residential,Midwest,,24,2,,,,,74.92
energy_consumption,customer_observation,4725,CUSTOMER_4725,,residential,North,,77,3,,,,,75.95
energy_consumption,customer_observation,4726,CUSTOMER_4726,,residential,South,,52,1,,,,,94.52
energy_consumption,customer_observation,4727,CUSTOMER_4727,,commercial,Southeast,,45,3,,,,,80.62
energy_consumption,customer_observation,4728,CUSTOMER_4728,,commercial,Northeast,,45,2,,,,,97.98
energy_consumption,customer_observation,4729,CUSTOMER_4729,,commercial,Northeast,,77,1,,,,,89.1
energy_consumption,customer_observation,4730,CUSTOMER_4730,,residential,North,,77,3,,,,,80.89
energy_consumption,customer_observation,4731,CUSTOMER_4731,,residential,North,,77,1,,,,,91.25
energy_consumption,customer_observation,4732,CUSTOMER_4732,,residential,Midwest,,17,1,,,,,54.47
energy_consumption,customer_observation,4733,CUSTOMER_4733,,commercial,Midwest,,24,2,,,,,53.89
energy_consumption,customer_observation,4734,CUSTOMER_4734,,commercial,Midwest,,45,4,,,,,108.43
energy_consumption,customer_observation,4735,CUSTOMER_4735,,residential,Midwest,,45,3,,,,,74.97
energy_consumption,customer_observation,4736,CUSTOMER_4736,,residential,Midwest,,17,2,,,,,64.59
energy_consumption,customer_observation,4737,CUSTOMER_4737,,residential,Midwest,,17,3,,,,,103.04
energy_consumption,customer_observation,4738,CUSTOMER_4738,,residential,North,,52,4,,,,,133.58
energy_consumption,customer_observation,4739,CUSTOMER_4739,,residential,Northeast,,52,4,,,,,140.17
energy_consumption,customer_observation,4740,CUSTOMER_4740,,residential,Midwest,,24,3,,,,,66.82
energy_consumption,customer_observation,4741,CUSTOMER_4741,,commercial,North,,52,1,,,,,69.02
energy_consumption,customer_observation,4742,CUSTOMER_4742,,residential,North,,45,1,,,,,69.73
energy_consumption,customer_observation,4743,CUSTOMER_4743,,residential,Southeast,,52,4,,,,,142.16
energy_consumption,customer_observation,4744,CUSTOMER_4744,,commercial,Midwest,,45,4,,,,,129.82
energy_consumption,customer_observation,4745,CUSTOMER_4745,,residential,Northeast,,17,1,,,,,79.08
energy_consumption,customer_observation,4746,CUSTOMER_4746,,residential,Midwest,,45,2,,,,,82.9
energy_consumption,customer_observation,4747,CUSTOMER_4747,,residential,Midwest,,45,4,,,,,146.0
energy_consumption,customer_observation,4748,CUSTOMER_4748,,residential,Northeast,,45,1,,,,,57.14
energy_consumption,customer_observation,4749,CUSTOMER_4749,,residential,North,,17,2,,,,,92.39
energy_consumption,customer_observation,4750,CUSTOMER_4750,,commercial,South,,77,1,,,,,81.42
energy_consumption,customer_observation,4751,CUSTOMER_4751,,residential,Northeast,,24,2,,,,,86.86
energy_consumption,customer_observation,4752,CUSTOMER_4752,,residential,North,,24,3,,,,,69.32
energy_consumption,customer_observation,4753,CUSTOMER_4753,,commercial,Midwest,,45,2,,,,,73.52
energy_consumption,customer_observation,4754,CUSTOMER_4754,,residential,Midwest,,45,4,,,,,116.53
energy_consumption,customer_observation,4755,CUSTOMER_4755,,commercial,Northeast,,45,2,,,,,102.79
energy_consumption,customer_observation,4756,CUSTOMER_4756,,commercial,Northeast,,45,2,,,,,78.02
energy_consumption,customer_observation,4757,CUSTOMER_4757,,residential,Northeast,,45,4,,,,,158.45
energy_consumption,customer_observation,4758,CUSTOMER_4758,,commercial,South,,45,3,,,,,77.65
energy_consumption,customer_observation,4759,CUSTOMER_4759,,residential,Northeast,,45,2,,,,,63.78
energy_consumption,customer_observation,4760,CUSTOMER_4760,,commercial,Midwest,,17,3,,,,,78.56
energy_consumption,customer_observation,4761,CUSTOMER_4761,,residential,South,,45,1,,,,,54.53
energy_consumption,customer_observation,4762,CUSTOMER_4762,,commercial,North,,52,1,,,,,98.96
energy_consumption,customer_observation,4763,CUSTOMER_4763,,commercial,South,,17,3,,,,,94.53
energy_consumption,customer_observation,4764,CUSTOMER_4764,,residential,South,,45,4,,,,,143.64
energy_consumption,customer_observation,4765,CUSTOMER_4765,,residential,Southeast,,77,4,,,,,137.28
energy_consumption,customer_observation,4766,CUSTOMER_4766,,commercial,Northeast,,24,2,,,,,82.27
energy_consumption,customer_observation,4767,CUSTOMER_4767,,commercial,Midwest,,45,1,,,,,103.68
energy_consumption,customer_observation,4768,CUSTOMER_4768,,residential,Midwest,,77,4,,,,,119.1
energy_consumption,customer_observation,4769,CUSTOMER_4769,,commercial,South,,24,2,,,,,92.54
energy_consumption,customer_observation,4770,CUSTOMER_4770,,residential,Northeast,,17,2,,,,,82.36
energy_consumption,customer_observation,4771,CUSTOMER_4771,,residential,Midwest,,52,3,,,,,102.61
energy_consumption,customer_observation,4772,CUSTOMER_4772,,residential,Northeast,,52,1,,,,,95.01
energy_consumption,customer_observation,4773,CUSTOMER_4773,,residential,Northeast,,45,3,,,,,103.77
energy_consumption,customer_observation,4774,CUSTOMER_4774,,commercial,Midwest,,45,3,,,,,82.71
energy_consumption,customer_observation,4775,CUSTOMER_4775,,residential,Midwest,,52,4,,,,,115.07
energy_consumption,customer_observation,4776,CUSTOMER_4776,,commercial,Midwest,,45,3,,,,,78.36
energy_consumption,customer_observation,4777,CUSTOMER_4777,,residential,Midwest,,24,3,,,,,89.02
energy_consumption,customer_observation,4778,CUSTOMER_4778,,residential,South,,17,2,,,,,92.26
energy_consumption,customer_observation,4779,CUSTOMER_4779,,residential,Northeast,,45,1,,,,,52.53
energy_consumption,customer_observation,4780,CUSTOMER_4780,,residential,Midwest,,52,1,,,,,78.43
energy_consumption,customer_observation,4781,CUSTOMER_4781,,residential,Northeast,,52,1,,,,,64.58
energy_consumption,customer_observation,4782,CUSTOMER_4782,,residential,Northeast,,77,2,,,,,97.43
energy_consumption,customer_observation,4783,CUSTOMER_4783,,residential,Midwest,,52,2,,,,,60.35
energy_consumption,customer_observation,4784,CUSTOMER_4784,,residential,South,,45,3,,,,,86.72
energy_consumption,customer_observation,4785,CUSTOMER_4785,,residential,Midwest,,45,3,,,,,66.16
energy_consumption,customer_observation,4786,CUSTOMER_4786,,residential,Midwest,,45,3,,,,,70.81
energy_consumption,customer_observation,4787,CUSTOMER_4787,,commercial,North,,45,3,,,,,100.8
energy_consumption,customer_observation,4788,CUSTOMER_4788,,commercial,Northeast,,45,1,,,,,64.85
energy_consumption,customer_observation,4789,CUSTOMER_4789,,residential,Midwest,,17,3,,,,,57.38
energy_consumption,customer_observation,4790,CUSTOMER_4790,,residential,North,,77,2,,,,,56.06
energy_consumption,customer_observation,4791,CUSTOMER_4791,,residential,Northeast,,45,2,,,,,78.41
energy_consumption,customer_observation,4792,CUSTOMER_4792,,commercial,Midwest,,24,2,,,,,85.45
energy_consumption,customer_observation,4793,CUSTOMER_4793,,residential,North,,45,4,,,,,121.8
energy_consumption,customer_observation,4794,CUSTOMER_4794,,residential,Northeast,,45,4,,,,,141.69
energy_consumption,customer_observation,4795,CUSTOMER_4795,,residential,Midwest,,24,3,,,,,55.63
energy_consumption,customer_observation,4796,CUSTOMER_4796,,residential,Midwest,,52,1,,,,,96.52
energy_consumption,customer_observation,4797,CUSTOMER_4797,,residential,South,,24,1,,,,,94.43
energy_consumption,customer_observation,4798,CUSTOMER_4798,,commercial,Midwest,,24,3,,,,,103.11
energy_consumption,customer_observation,4799,CUSTOMER_4799,,residential,Midwest,,45,3,,,,,100.59
energy_consumption,customer_observation,4800,CUSTOMER_4800,,residential,South,,45,4,,,,,123.38
energy_consumption,customer_observation,4801,CUSTOMER_4801,,residential,Midwest,,77,2,,,,,73.0
energy_consumption,customer_observation,4802,CUSTOMER_4802,,residential,Northeast,,52,2,,,,,90.81
energy_consumption,customer_observation,4803,CUSTOMER_4803,,commercial,North,,77,4,,,,,111.21
energy_consumption,customer_observation,4804,CUSTOMER_4804,,residential,Midwest,,17,1,,,,,68.62
energy_consumption,customer_observation,4805,CUSTOMER_4805,,commercial,Midwest,,17,2,,,,,58.59
energy_consumption,customer_observation,4806,CUSTOMER_4806,,residential,Midwest,,45,2,,,,,75.86
energy_consumption,customer_observation,4807,CUSTOMER_4807,,residential,Midwest,,24,3,,,,,80.85
energy_consumption,customer_observation,4808,CUSTOMER_4808,,commercial,Midwest,,52,1,,,,,63.34
energy_consumption,customer_observation,4809,CUSTOMER_4809,,residential,South,,45,3,,,,,53.87
energy_consumption,customer_observation,4810,CUSTOMER_4810,,commercial,Midwest,,77,1,,,,,89.44
energy_consumption,customer_observation,4811,CUSTOMER_4811,,residential,North,,24,3,,,,,53.53
energy_consumption,customer_observation,4812,CUSTOMER_4812,,commercial,Southeast,,45,1,,,,,102.48
energy_consumption,customer_observation,4813,CUSTOMER_4813,,residential,Northeast,,45,4,,,,,116.01
energy_consumption,customer_observation,4814,CUSTOMER_4814,,residential,Midwest,,24,2,,,,,86.59
energy_consumption,customer_observation,4815,CUSTOMER_4815,,commercial,South,,45,4,,,,,127.69
energy_consumption,customer_observation,4816,CUSTOMER_4816,,commercial,Midwest,,45,1,,,,,55.56
energy_consumption,customer_observation,4817,CUSTOMER_4817,,commercial,Midwest,,45,1,,,,,76.75
energy_consumption,customer_observation,4818,CUSTOMER_4818,,commercial,Midwest,,24,3,,,,,79.04
energy_consumption,customer_observation,4819,CUSTOMER_4819,,commercial,Northeast,,17,1,,,,,96.39
energy_consumption,customer_observation,4820,CUSTOMER_4820,,residential,Northeast,,45,4,,,,,144.0
energy_consumption,customer_observation,4821,CUSTOMER_4821,,residential,Midwest,,24,1,,,,,56.57
energy_consumption,customer_observation,4822,CUSTOMER_4822,,residential,Midwest,,17,1,,,,,63.24
energy_consumption,customer_observation,4823,CUSTOMER_4823,,residential,Midwest,,24,3,,,,,68.52
energy_consumption,customer_observation,4824,CUSTOMER_4824,,residential,Northeast,,24,1,,,,,58.48
energy_consumption,customer_observation,4825,CUSTOMER_4825,,residential,Midwest,,24,3,,,,,75.96
energy_consumption,customer_observation,4826,CUSTOMER_4826,,residential,Midwest,,17,2,,,,,103.04
energy_consumption,customer_observation,4827,CUSTOMER_4827,,commercial,Midwest,,45,3,,,,,78.93
energy_consumption,customer_observation,4828,CUSTOMER_4828,,residential,Midwest,,45,1,,,,,90.6
energy_consumption,customer_observation,4829,CUSTOMER_4829,,residential,Midwest,,45,2,,,,,87.57
energy_consumption,customer_observation,4830,CUSTOMER_4830,,residential,Midwest,,52,1,,,,,96.14
energy_consumption,customer_observation,4831,CUSTOMER_4831,,commercial,Midwest,,45,3,,,,,63.58
energy_consumption,customer_observation,4832,CUSTOMER_4832,,commercial,Southeast,,45,4,,,,,145.18
energy_consumption,customer_observation,4833,CUSTOMER_4833,,residential,Northeast,,52,2,,,,,97.76
energy_consumption,customer_observation,4834,CUSTOMER_4834,,residential,South,,45,4,,,,,113.26
energy_consumption,customer_observation,4835,CUSTOMER_4835,,residential,North,,45,4,,,,,122.87
energy_consumption,customer_observation,4836,CUSTOMER_4836,,residential,North,,45,2,,,,,102.31
energy_consumption,customer_observation,4837,CUSTOMER_4837,,residential,Southeast,,45,4,,,,,146.65
energy_consumption,customer_observation,4838,CUSTOMER_4838,,residential,Northeast,,45,4,,,,,119.35
energy_consumption,customer_observation,4839,CUSTOMER_4839,,residential,Midwest,,24,2,,,,,81.46
energy_consumption,customer_observation,4840,CUSTOMER_4840,,residential,Southeast,,24,1,,,,,73.26
energy_consumption,customer_observation,4841,CUSTOMER_4841,,commercial,Southeast,,24,2,,,,,77.66
energy_consumption,customer_observation,4842,CUSTOMER_4842,,commercial,South,,24,2,,,,,70.74
energy_consumption,customer_observation,4843,CUSTOMER_4843,,residential,Northeast,,24,2,,,,,66.84
energy_consumption,customer_observation,4844,CUSTOMER_4844,,residential,Midwest,,45,2,,,,,87.15
energy_consumption,customer_observation,4845,CUSTOMER_4845,,residential,North,,45,3,,,,,92.48
energy_consumption,customer_observation,4846,CUSTOMER_4846,,residential,Midwest,,45,1,,,,,97.38
energy_consumption,customer_observation,4847,CUSTOMER_4847,,commercial,Southeast,,24,1,,,,,60.48
energy_consumption,customer_observation,4848,CUSTOMER_4848,,residential,Northeast,,77,4,,,,,148.96
energy_consumption,customer_observation,4849,CUSTOMER_4849,,commercial,Midwest,,45,2,,,,,65.58
energy_consumption,customer_observation,4850,CUSTOMER_4850,,residential,Midwest,,24,3,,,,,74.44
energy_consumption,customer_observation,4851,CUSTOMER_4851,,commercial,Midwest,,52,2,,,,,98.79
energy_consumption,customer_observation,4852,CUSTOMER_4852,,residential,South,,45,4,,,,,128.77
energy_consumption,customer_observation,4853,CUSTOMER_4853,,commercial,North,,45,1,,,,,62.62
energy_consumption,customer_observation,4854,CUSTOMER_4854,,residential,Midwest,,24,1,,,,,60.71
energy_consumption,customer_observation,4855,CUSTOMER_4855,,residential,Southeast,,45,1,,,,,76.79
energy_consumption,customer_observation,4856,CUSTOMER_4856,,residential,Midwest,,52,2,,,,,91.66
energy_consumption,customer_observation,4857,CUSTOMER_4857,,residential,North,,45,2,,,,,103.71
energy_consumption,customer_observation,4858,CUSTOMER_4858,,commercial,Midwest,,45,3,,,,,92.93
energy_consumption,customer_observation,4859,CUSTOMER_4859,,commercial,Northeast,,45,3,,,,,97.53
energy_consumption,customer_observation,4860,CUSTOMER_4860,,commercial,Northeast,,52,1,,,,,90.9
energy_consumption,customer_observation,4861,CUSTOMER_4861,,residential,Southeast,,24,1,,,,,98.48
energy_consumption,customer_observation,4862,CUSTOMER_4862,,commercial,Midwest,,45,3,,,,,56.42
energy_consumption,customer_observation,4863,CUSTOMER_4863,,residential,South,,17,1,,,,,100.25
energy_consumption,customer_observation,4864,CUSTOMER_4864,,residential,Southeast,,45,3,,,,,72.86
energy_consumption,customer_observation,4865,CUSTOMER_4865,,residential,Midwest,,45,2,,,,,99.82
energy_consumption,customer_observation,4866,CUSTOMER_4866,,residential,North,,17,1,,,,,56.39
energy_consumption,customer_observation,4867,CUSTOMER_4867,,residential,Midwest,,45,1,,,,,89.23
energy_consumption,customer_observation,4868,CUSTOMER_4868,,residential,Northeast,,45,3,,,,,90.28
energy_consumption,customer_observation,4869,CUSTOMER_4869,,residential,South,,17,2,,,,,103.69
energy_consumption,customer_observation,4870,CUSTOMER_4870,,commercial,Northeast,,45,1,,,,,91.98
energy_consumption,customer_observation,4871,CUSTOMER_4871,,residential,Northeast,,24,1,,,,,72.15
energy_consumption,customer_observation,4872,CUSTOMER_4872,,residential,Midwest,,45,3,,,,,81.11
energy_consumption,customer_observation,4873,CUSTOMER_4873,,residential,Northeast,,24,2,,,,,71.32
energy_consumption,customer_observation,4874,CUSTOMER_4874,,residential,Northeast,,45,4,,,,,114.6
energy_consumption,customer_observation,4875,CUSTOMER_4875,,residential,Midwest,,45,4,,,,,117.48
energy_consumption,customer_observation,4876,CUSTOMER_4876,,residential,North,,45,4,,,,,116.03
energy_consumption,customer_observation,4877,CUSTOMER_4877,,residential,North,,17,3,,,,,80.68
energy_consumption,customer_observation,4878,CUSTOMER_4878,,commercial,Northeast,,77,4,,,,,153.53
energy_consumption,customer_observation,4879,CUSTOMER_4879,,residential,Midwest,,45,2,,,,,99.37
energy_consumption,customer_observation,4880,CUSTOMER_4880,,commercial,Midwest,,17,2,,,,,55.31
energy_consumption,customer_observation,4881,CUSTOMER_4881,,residential,Midwest,,52,3,,,,,56.6
energy_consumption,customer_observation,4882,CUSTOMER_4882,,residential,Midwest,,24,3,,,,,65.09
energy_consumption,customer_observation,4883,CUSTOMER_4883,,commercial,Northeast,,45,2,,,,,65.6
energy_consumption,customer_observation,4884,CUSTOMER_4884,,residential,South,,45,3,,,,,57.37
energy_consumption,customer_observation,4885,CUSTOMER_4885,,residential,North,,45,1,,,,,72.45
energy_consumption,customer_observation,4886,CUSTOMER_4886,,commercial,Midwest,,52,1,,,,,82.68
energy_consumption,customer_observation,4887,CUSTOMER_4887,,residential,Southeast,,45,1,,,,,82.19
energy_consumption,customer_observation,4888,CUSTOMER_4888,,commercial,Southeast,,17,1,,,,,80.41
energy_consumption,customer_observation,4889,CUSTOMER_4889,,residential,Northeast,,77,1,,,,,69.89
energy_consumption,customer_observation,4890,CUSTOMER_4890,,commercial,Northeast,,77,3,,,,,88.78
energy_consumption,customer_observation,4891,CUSTOMER_4891,,residential,Midwest,,45,2,,,,,94.94
energy_consumption,customer_observation,4892,CUSTOMER_4892,,residential,North,,45,3,,,,,70.28
energy_consumption,customer_observation,4893,CUSTOMER_4893,,residential,Southeast,,17,1,,,,,56.89
energy_consumption,customer_observation,4894,CUSTOMER_4894,,residential,Midwest,,45,1,,,,,67.72
energy_consumption,customer_observation,4895,CUSTOMER_4895,,residential,Midwest,,17,3,,,,,59.55
energy_consumption,customer_observation,4896,CUSTOMER_4896,,residential,North,,17,3,,,,,76.5
energy_consumption,customer_observation,4897,CUSTOMER_4897,,residential,Midwest,,45,2,,,,,60.51
energy_consumption,customer_observation,4898,CUSTOMER_4898,,residential,Midwest,,24,1,,,,,76.27
energy_consumption,customer_observation,4899,CUSTOMER_4899,,residential,Southeast,,17,3,,,,,63.85
energy_consumption,customer_observation,4900,CUSTOMER_4900,,commercial,North,,45,2,,,,,90.43
energy_consumption,customer_observation,4901,CUSTOMER_4901,,residential,North,,17,1,,,,,53.92
energy_consumption,customer_observation,4902,CUSTOMER_4902,,residential,Northeast,,24,1,,,,,80.99
energy_consumption,customer_observation,4903,CUSTOMER_4903,,residential,North,,17,1,,,,,61.2
energy_consumption,customer_observation,4904,CUSTOMER_4904,,residential,Midwest,,24,3,,,,,52.55
energy_consumption,customer_observation,4905,CUSTOMER_4905,,commercial,South,,45,1,,,,,97.13
energy_consumption,customer_observation,4906,CUSTOMER_4906,,residential,Northeast,,52,1,,,,,86.98
energy_consumption,customer_observation,4907,CUSTOMER_4907,,commercial,Southeast,,45,2,,,,,57.58
energy_consumption,customer_observation,4908,CUSTOMER_4908,,residential,North,,45,3,,,,,86.6
energy_consumption,customer_observation,4909,CUSTOMER_4909,,commercial,Northeast,,17,2,,,,,83.91
energy_consumption,customer_observation,4910,CUSTOMER_4910,,residential,North,,17,3,,,,,76.81
energy_consumption,customer_observation,4911,CUSTOMER_4911,,commercial,Northeast,,24,1,,,,,74.03
energy_consumption,customer_observation,4912,CUSTOMER_4912,,residential,South,,45,4,,,,,152.48
energy_consumption,customer_observation,4913,CUSTOMER_4913,,residential,North,,45,2,,,,,65.09
energy_consumption,customer_observation,4914,CUSTOMER_4914,,residential,Midwest,,45,4,,,,,125.69
energy_consumption,customer_observation,4915,CUSTOMER_4915,,residential,Midwest,,24,3,,,,,69.4
energy_consumption,customer_observation,4916,CUSTOMER_4916,,commercial,South,,17,3,,,,,92.1
energy_consumption,customer_observation,4917,CUSTOMER_4917,,residential,North,,45,4,,,,,154.09
energy_consumption,customer_observation,4918,CUSTOMER_4918,,residential,Northeast,,24,1,,,,,96.14
energy_consumption,customer_observation,4919,CUSTOMER_4919,,commercial,North,,45,1,,,,,93.46
energy_consumption,customer_observation,4920,CUSTOMER_4920,,residential,Midwest,,45,4,,,,,157.95
energy_consumption,customer_observation,4921,CUSTOMER_4921,,commercial,Northeast,,45,2,,,,,88.3
energy_consumption,customer_observation,4922,CUSTOMER_4922,,commercial,Southeast,,77,2,,,,,91.07
energy_consumption,customer_observation,4923,CUSTOMER_4923,,residential,Midwest,,77,3,,,,,102.97
energy_consumption,customer_observation,4924,CUSTOMER_4924,,commercial,Midwest,,45,2,,,,,52.86
energy_consumption,customer_observation,4925,CUSTOMER_4925,,residential,Midwest,,45,1,,,,,85.06
energy_consumption,customer_observation,4926,CUSTOMER_4926,,residential,North,,24,2,,,,,90.45
energy_consumption,customer_observation,4927,CUSTOMER_4927,,residential,Midwest,,77,4,,,,,154.17
energy_consumption,customer_observation,4928,CUSTOMER_4928,,residential,South,,45,2,,,,,97.89
energy_consumption,customer_observation,4929,CUSTOMER_4929,,commercial,Southeast,,17,3,,,,,95.73
energy_consumption,customer_observation,4930,CUSTOMER_4930,,commercial,Southeast,,45,1,,,,,101.07
energy_consumption,customer_observation,4931,CUSTOMER_4931,,residential,Southeast,,17,3,,,,,80.09
energy_consumption,customer_observation,4932,CUSTOMER_4932,,residential,North,,45,4,,,,,104.24
energy_consumption,customer_observation,4933,CUSTOMER_4933,,commercial,Northeast,,45,1,,,,,53.07
energy_consumption,customer_observation,4934,CUSTOMER_4934,,residential,North,,24,1,,,,,80.47
energy_consumption,customer_observation,4935,CUSTOMER_4935,,residential,Northeast,,17,3,,,,,74.85
energy_consumption,customer_observation,4936,CUSTOMER_4936,,residential,North,,77,2,,,,,75.67
energy_consumption,customer_observation,4937,CUSTOMER_4937,,commercial,Midwest,,45,3,,,,,73.06
energy_consumption,customer_observation,4938,CUSTOMER_4938,,residential,Midwest,,52,4,,,,,154.16
energy_consumption,customer_observation,4939,CUSTOMER_4939,,commercial,Southeast,,24,2,,,,,70.94
energy_consumption,customer_observation,4940,CUSTOMER_4940,,commercial,Midwest,,45,3,,,,,96.47
energy_consumption,customer_observation,4941,CUSTOMER_4941,,residential,South,,45,3,,,,,98.86
energy_consumption,customer_observation,4942,CUSTOMER_4942,,residential,North,,24,2,,,,,78.15
energy_consumption,customer_observation,4943,CUSTOMER_4943,,commercial,North,,17,2,,,,,75.45
energy_consumption,customer_observation,4944,CUSTOMER_4944,,residential,Midwest,,24,2,,,,,91.58
energy_consumption,customer_observation,4945,CUSTOMER_4945,,commercial,Northeast,,17,3,,,,,88.85
energy_consumption,customer_observation,4946,CUSTOMER_4946,,commercial,Northeast,,77,2,,,,,69.37
energy_consumption,customer_observation,4947,CUSTOMER_4947,,residential,Northeast,,17,2,,,,,57.77
energy_consumption,customer_observation,4948,CUSTOMER_4948,,commercial,Northeast,,45,2,,,,,66.1
energy_consumption,customer_observation,4949,CUSTOMER_4949,,commercial,Midwest,,45,1,,,,,59.23
energy_consumption,customer_observation,4950,CUSTOMER_4950,,commercial,Midwest,,24,2,,,,,67.63
energy_consumption,customer_observation,4951,CUSTOMER_4951,,residential,Midwest,,45,4,,,,,118.21
energy_consumption,customer_observation,4952,CUSTOMER_4952,,residential,Midwest,,17,2,,,,,85.25
energy_consumption,customer_observation,4953,CUSTOMER_4953,,residential,Northeast,,45,2,,,,,101.51
energy_consumption,customer_observation,4954,CUSTOMER_4954,,commercial,Northeast,,24,1,,,,,87.71
energy_consumption,customer_observation,4955,CUSTOMER_4955,,residential,Northeast,,45,1,,,,,100.08
energy_consumption,customer_observation,4956,CUSTOMER_4956,,commercial,Northeast,,45,2,,,,,92.77
energy_consumption,customer_observation,4957,CUSTOMER_4957,,residential,Midwest,,52,2,,,,,89.88
energy_consumption,customer_observation,4958,CUSTOMER_4958,,residential,Midwest,,52,2,,,,,73.76
energy_consumption,customer_observation,4959,CUSTOMER_4959,,residential,Midwest,,45,4,,,,,121.66
energy_consumption,customer_observation,4960,CUSTOMER_4960,,commercial,Northeast,,24,2,,,,,95.96
energy_consumption,customer_observation,4961,CUSTOMER_4961,,residential,Midwest,,45,4,,,,,153.48
energy_consumption,customer_observation,4962,CUSTOMER_4962,,residential,Midwest,,45,1,,,,,75.7
energy_consumption,customer_observation,4963,CUSTOMER_4963,,residential,Midwest,,52,4,,,,,104.36
energy_consumption,customer_observation,4964,CUSTOMER_4964,,commercial,Midwest,,17,2,,,,,93.2
energy_consumption,customer_observation,4965,CUSTOMER_4965,,residential,Midwest,,24,1,,,,,67.14
energy_consumption,customer_observation,4966,CUSTOMER_4966,,residential,Midwest,,45,3,,,,,53.01
energy_consumption,customer_observation,4967,CUSTOMER_4967,,commercial,Midwest,,45,1,,,,,93.84
energy_consumption,customer_observation,4968,CUSTOMER_4968,,commercial,North,,24,3,,,,,79.07
energy_consumption,customer_observation,4969,CUSTOMER_4969,,commercial,Midwest,,45,4,,,,,141.42
energy_consumption,customer_observation,4970,CUSTOMER_4970,,residential,North,,45,1,,,,,99.47
energy_consumption,customer_observation,4971,CUSTOMER_4971,,residential,North,,77,1,,,,,80.29
energy_consumption,customer_observation,4972,CUSTOMER_4972,,commercial,South,,45,1,,,,,78.34
energy_consumption,customer_observation,4973,CUSTOMER_4973,,residential,South,,24,2,,,,,67.43
energy_consumption,customer_observation,4974,CUSTOMER_4974,,commercial,North,,24,1,,,,,68.17
energy_consumption,customer_observation,4975,CUSTOMER_4975,,residential,Midwest,,17,2,,,,,93.4
energy_consumption,customer_observation,4976,CUSTOMER_4976,,residential,Northeast,,45,1,,,,,75.56
energy_consumption,customer_observation,4977,CUSTOMER_4977,,residential,Midwest,,45,1,,,,,60.9
energy_consumption,customer_observation,4978,CUSTOMER_4978,,residential,Southeast,,24,3,,,,,57.35
energy_consumption,customer_observation,4979,CUSTOMER_4979,,residential,South,,45,1,,,,,76.78
energy_consumption,customer_observation,4980,CUSTOMER_4980,,residential,Midwest,,45,4,,,,,129.34
energy_consumption,customer_observation,4981,CUSTOMER_4981,,commercial,Northeast,,24,2,,,,,86.06
energy_consumption,customer_observation,4982,CUSTOMER_4982,,residential,Midwest,,24,3,,,,,76.69
energy_consumption,customer_observation,4983,CUSTOMER_4983,,commercial,Northeast,,77,3,,,,,59.87
energy_consumption,customer_observation,4984,CUSTOMER_4984,,commercial,South,,24,1,,,,,78.58
energy_consumption,customer_observation,4985,CUSTOMER_4985,,residential,Southeast,,45,1,,,,,99.06
energy_consumption,customer_observation,4986,CUSTOMER_4986,,residential,Midwest,,45,3,,,,,60.69
energy_consumption,customer_observation,4987,CUSTOMER_4987,,commercial,Northeast,,45,2,,,,,87.92
energy_consumption,customer_observation,4988,CUSTOMER_4988,,residential,Northeast,,45,4,,,,,136.41
energy_consumption,customer_observation,4989,CUSTOMER_4989,,commercial,North,,45,1,,,,,90.94
energy_consumption,customer_observation,4990,CUSTOMER_4990,,commercial,Southeast,,52,3,,,,,60.23
energy_consumption,customer_observation,4991,CUSTOMER_4991,,commercial,Midwest,,77,2,,,,,100.85
energy_consumption,customer_observation,4992,CUSTOMER_4992,,residential,Northeast,,45,4,,,,,137.9
energy_consumption,customer_observation,4993,CUSTOMER_4993,,residential,Midwest,,24,1,,,,,96.0
energy_consumption,customer_observation,4994,CUSTOMER_4994,,residential,Southeast,,24,3,,,,,65.16
energy_consumption,customer_observation,4995,CUSTOMER_4995,,residential,North,,45,3,,,,,90.47
energy_consumption,customer_observation,4996,CUSTOMER_4996,,commercial,Southeast,,45,4,,,,,146.67
energy_consumption,customer_observation,4997,CUSTOMER_4997,,residential,Southeast,,24,1,,,,,72.91
energy_consumption,customer_observation,4998,CUSTOMER_4998,,residential,South,,17,2,,,,,72.22
energy_consumption,customer_observation,4999,CUSTOMER_4999,,commercial,Northeast,,45,2,,,,,86.28
energy_consumption,customer_observation,5000,CUSTOMER_5000,,residential,Northeast,,24,3,,,,,57.3
